[2026-09-18 08:07:34] [Pipeline] Starting | pid=3067 | scenario=cross_session | workers=1
[2026-09-18 08:07:34] [Pipeline] Params | main/feature_grid/params/cross_session/params_bci2a.py
[2026-09-18 08:07:34] [Preprocessing] Starting...
[2026-09-18 08:07:34] [Preprocessing] Done | elapsed=0s
[2026-09-18 08:07:34] [Scenarios] Starting...
[2026-09-18 08:07:34] [Scenarios] Done | elapsed=0s
[2026-09-18 08:07:34] [Representation] Starting...
[2026-09-18 08:07:34] [Representation] Tasks=216 | workers=1
[2026-09-18 08:07:34] [Representation task] Starting | pid=3067 | split=cross_session_1b876c6750c6 | group=bci2a_cross_session_broad_1_38 | representation=statistical__all_standard
[2026-09-18 08:07:34] [Representation task] Done | pid=3067 | split=cross_session_1b876c6750c6 | group=bci2a_cross_session_broad_1_38 | representation=statistical__all_standard | elapsed=0s
[2026-09-18 08:07:34] [Representation] Progress 1/216 | remaining=215 | elapsed=0s | eta≈0s
[2026-09-18 08:07:34] [Representation task] Starting | pid=3067 | split=cross_session_1b876c6750c6 | group=bci2a_cross_session_broad_1_38 | representation=temporal__all_standard
[2026-09-18 08:07:34] [Representation task] Done | pid=3067 | split=cross_session_1b876c6750c6 | group=bci2a_cross_session_broad_1_38 | representation=temporal__all_standard | elapsed=0s
[2026-09-18 08:07:34] [Representation] Progress 2/216 | remaining=214 | elapsed=0s | eta≈0s
[2026-09-18 08:07:34] [Representation task] Starting | pid=3067 | split=cross_session_1b876c6750c6 | group=bci2a_cross_session_broad_1_38 | representation=csp_6__all_standard
[2026-09-18 08:07:34] [Representation task] Done | pid=3067 | split=cross_session_1b876c6750c6 | group=bci2a_cross_session_broad_1_38 | representation=csp_6__all_standard | elapsed=0s
[2026-09-18 08:07:34] [Representation] Progress 3/216 | remaining=213 | elapsed=0s | eta≈0s
[2026-09-18 08:07:34] [Representation task] Starting | pid=3067 | split=cross_session_1b876c6750c6 | group=bci2a_cross_session_broad_1_38 | representation=standardized_signal
[2026-09-18 08:07:34] [Representation task] Done | pid=3067 | split=cross_session_1b876c6750c6 | group=bci2a_cross_session_broad_1_38 | representation=standardized_signal | elapsed=0s
[2026-09-18 08:07:34] [Representation] Progress 4/216 | remaining=212 | elapsed=0s | eta≈0s
[2026-09-18 08:07:34] [Representation task] Starting | pid=3067 | split=cross_session_b244bedb6ccf | group=bci2a_cross_session_broad_1_38 | representation=statistical__all_standard
[2026-09-18 08:07:34] [Representation task] Done | pid=3067 | split=cross_session_b244bedb6ccf | group=bci2a_cross_session_broad_1_38 | representation=statistical__all_standard | elapsed=0s
[2026-09-18 08:07:34] [Representation] Progress 5/216 | remaining=211 | elapsed=0s | eta≈0s
[2026-09-18 08:07:34] [Representation task] Starting | pid=3067 | split=cross_session_b244bedb6ccf | group=bci2a_cross_session_broad_1_38 | representation=temporal__all_standard
[2026-09-18 08:07:35] [Representation task] Done | pid=3067 | split=cross_session_b244bedb6ccf | group=bci2a_cross_session_broad_1_38 | representation=temporal__all_standard | elapsed=1s
[2026-09-18 08:07:35] [Representation] Progress 6/216 | remaining=210 | elapsed=1s | eta≈50s
[2026-09-18 08:07:35] [Representation task] Starting | pid=3067 | split=cross_session_b244bedb6ccf | group=bci2a_cross_session_broad_1_38 | representation=csp_6__all_standard
[2026-09-18 08:07:35] [Representation task] Done | pid=3067 | split=cross_session_b244bedb6ccf | group=bci2a_cross_session_broad_1_38 | representation=csp_6__all_standard | elapsed=0s
[2026-09-18 08:07:35] [Representation] Progress 7/216 | remaining=209 | elapsed=1s | eta≈43s
[2026-09-18 08:07:35] [Representation task] Starting | pid=3067 | split=cross_session_b244bedb6ccf | group=bci2a_cross_session_broad_1_38 | representation=standardized_signal
[2026-09-18 08:07:35] [Representation task] Done | pid=3067 | split=cross_session_b244bedb6ccf | group=bci2a_cross_session_broad_1_38 | representation=standardized_signal | elapsed=0s
[2026-09-18 08:07:35] [Representation] Progress 8/216 | remaining=208 | elapsed=1s | eta≈37s
[2026-09-18 08:07:35] [Representation task] Starting | pid=3067 | split=cross_session_7d0c3c21e647 | group=bci2a_cross_session_broad_1_38 | representation=statistical__all_standard
[2026-09-18 08:07:35] [Representation task] Done | pid=3067 | split=cross_session_7d0c3c21e647 | group=bci2a_cross_session_broad_1_38 | representation=statistical__all_standard | elapsed=0s
[2026-09-18 08:07:35] [Representation] Progress 9/216 | remaining=207 | elapsed=1s | eta≈33s
[2026-09-18 08:07:35] [Representation task] Starting | pid=3067 | split=cross_session_7d0c3c21e647 | group=bci2a_cross_session_broad_1_38 | representation=temporal__all_standard
[2026-09-18 08:07:35] [Representation task] Done | pid=3067 | split=cross_session_7d0c3c21e647 | group=bci2a_cross_session_broad_1_38 | representation=temporal__all_standard | elapsed=0s
[2026-09-18 08:07:35] [Representation] Progress 10/216 | remaining=206 | elapsed=1s | eta≈30s
[2026-09-18 08:07:35] [Representation task] Starting | pid=3067 | split=cross_session_7d0c3c21e647 | group=bci2a_cross_session_broad_1_38 | representation=csp_6__all_standard
[2026-09-18 08:07:35] [Representation task] Done | pid=3067 | split=cross_session_7d0c3c21e647 | group=bci2a_cross_session_broad_1_38 | representation=csp_6__all_standard | elapsed=0s
[2026-09-18 08:07:35] [Representation] Progress 11/216 | remaining=205 | elapsed=1s | eta≈27s
[2026-09-18 08:07:35] [Representation task] Starting | pid=3067 | split=cross_session_7d0c3c21e647 | group=bci2a_cross_session_broad_1_38 | representation=standardized_signal
[2026-09-18 08:07:35] [Representation task] Done | pid=3067 | split=cross_session_7d0c3c21e647 | group=bci2a_cross_session_broad_1_38 | representation=standardized_signal | elapsed=0s
[2026-09-18 08:07:35] [Representation] Progress 12/216 | remaining=204 | elapsed=1s | eta≈24s
[2026-09-18 08:07:35] [Representation task] Starting | pid=3067 | split=cross_session_54cbc56ae5af | group=bci2a_cross_session_broad_1_38 | representation=statistical__all_standard
[2026-09-18 08:07:35] [Representation task] Done | pid=3067 | split=cross_session_54cbc56ae5af | group=bci2a_cross_session_broad_1_38 | representation=statistical__all_standard | elapsed=0s
[2026-09-18 08:07:35] [Representation] Progress 13/216 | remaining=203 | elapsed=1s | eta≈22s
[2026-09-18 08:07:35] [Representation task] Starting | pid=3067 | split=cross_session_54cbc56ae5af | group=bci2a_cross_session_broad_1_38 | representation=temporal__all_standard
[2026-09-18 08:07:35] [Representation task] Done | pid=3067 | split=cross_session_54cbc56ae5af | group=bci2a_cross_session_broad_1_38 | representation=temporal__all_standard | elapsed=0s
[2026-09-18 08:07:35] [Representation] Progress 14/216 | remaining=202 | elapsed=1s | eta≈21s
[2026-09-18 08:07:35] [Representation task] Starting | pid=3067 | split=cross_session_54cbc56ae5af | group=bci2a_cross_session_broad_1_38 | representation=csp_6__all_standard
[2026-09-18 08:07:35] [Representation task] Done | pid=3067 | split=cross_session_54cbc56ae5af | group=bci2a_cross_session_broad_1_38 | representation=csp_6__all_standard | elapsed=0s
[2026-09-18 08:07:35] [Representation] Progress 15/216 | remaining=201 | elapsed=1s | eta≈19s
[2026-09-18 08:07:35] [Representation task] Starting | pid=3067 | split=cross_session_54cbc56ae5af | group=bci2a_cross_session_broad_1_38 | representation=standardized_signal
[2026-09-18 08:07:35] [Representation task] Done | pid=3067 | split=cross_session_54cbc56ae5af | group=bci2a_cross_session_broad_1_38 | representation=standardized_signal | elapsed=0s
[2026-09-18 08:07:35] [Representation] Progress 16/216 | remaining=200 | elapsed=1s | eta≈18s
[2026-09-18 08:07:35] [Representation task] Starting | pid=3067 | split=cross_session_604d3d53674b | group=bci2a_cross_session_broad_1_38 | representation=statistical__all_standard
[2026-09-18 08:07:35] [Representation task] Done | pid=3067 | split=cross_session_604d3d53674b | group=bci2a_cross_session_broad_1_38 | representation=statistical__all_standard | elapsed=0s
[2026-09-18 08:07:35] [Representation] Progress 17/216 | remaining=199 | elapsed=1s | eta≈17s
[2026-09-18 08:07:35] [Representation task] Starting | pid=3067 | split=cross_session_604d3d53674b | group=bci2a_cross_session_broad_1_38 | representation=temporal__all_standard
[2026-09-18 08:07:35] [Representation task] Done | pid=3067 | split=cross_session_604d3d53674b | group=bci2a_cross_session_broad_1_38 | representation=temporal__all_standard | elapsed=0s
[2026-09-18 08:07:35] [Representation] Progress 18/216 | remaining=198 | elapsed=1s | eta≈16s
[2026-09-18 08:07:35] [Representation task] Starting | pid=3067 | split=cross_session_604d3d53674b | group=bci2a_cross_session_broad_1_38 | representation=csp_6__all_standard
[2026-09-18 08:07:35] [Representation task] Done | pid=3067 | split=cross_session_604d3d53674b | group=bci2a_cross_session_broad_1_38 | representation=csp_6__all_standard | elapsed=0s
[2026-09-18 08:07:35] [Representation] Progress 19/216 | remaining=197 | elapsed=1s | eta≈15s
[2026-09-18 08:07:35] [Representation task] Starting | pid=3067 | split=cross_session_604d3d53674b | group=bci2a_cross_session_broad_1_38 | representation=standardized_signal
[2026-09-18 08:07:35] [Representation task] Done | pid=3067 | split=cross_session_604d3d53674b | group=bci2a_cross_session_broad_1_38 | representation=standardized_signal | elapsed=0s
[2026-09-18 08:07:35] [Representation] Progress 20/216 | remaining=196 | elapsed=1s | eta≈14s
[2026-09-18 08:07:35] [Representation task] Starting | pid=3067 | split=cross_session_d470a4c875d7 | group=bci2a_cross_session_broad_1_38 | representation=statistical__all_standard
[2026-09-18 08:07:35] [Representation task] Done | pid=3067 | split=cross_session_d470a4c875d7 | group=bci2a_cross_session_broad_1_38 | representation=statistical__all_standard | elapsed=0s
[2026-09-18 08:07:35] [Representation] Progress 21/216 | remaining=195 | elapsed=1s | eta≈13s
[2026-09-18 08:07:35] [Representation task] Starting | pid=3067 | split=cross_session_d470a4c875d7 | group=bci2a_cross_session_broad_1_38 | representation=temporal__all_standard
[2026-09-18 08:07:35] [Representation task] Done | pid=3067 | split=cross_session_d470a4c875d7 | group=bci2a_cross_session_broad_1_38 | representation=temporal__all_standard | elapsed=0s
[2026-09-18 08:07:35] [Representation] Progress 22/216 | remaining=194 | elapsed=1s | eta≈13s
[2026-09-18 08:07:35] [Representation task] Starting | pid=3067 | split=cross_session_d470a4c875d7 | group=bci2a_cross_session_broad_1_38 | representation=csp_6__all_standard
[2026-09-18 08:07:35] [Representation task] Done | pid=3067 | split=cross_session_d470a4c875d7 | group=bci2a_cross_session_broad_1_38 | representation=csp_6__all_standard | elapsed=0s
[2026-09-18 08:07:35] [Representation] Progress 23/216 | remaining=193 | elapsed=1s | eta≈12s
[2026-09-18 08:07:35] [Representation task] Starting | pid=3067 | split=cross_session_d470a4c875d7 | group=bci2a_cross_session_broad_1_38 | representation=standardized_signal
[2026-09-18 08:07:35] [Representation task] Done | pid=3067 | split=cross_session_d470a4c875d7 | group=bci2a_cross_session_broad_1_38 | representation=standardized_signal | elapsed=0s
[2026-09-18 08:07:35] [Representation] Progress 24/216 | remaining=192 | elapsed=1s | eta≈12s
[2026-09-18 08:07:35] [Representation task] Starting | pid=3067 | split=cross_session_9f6162b3e24c | group=bci2a_cross_session_broad_1_38 | representation=statistical__all_standard
[2026-09-18 08:07:35] [Representation task] Done | pid=3067 | split=cross_session_9f6162b3e24c | group=bci2a_cross_session_broad_1_38 | representation=statistical__all_standard | elapsed=0s
[2026-09-18 08:07:35] [Representation] Progress 25/216 | remaining=191 | elapsed=1s | eta≈11s
[2026-09-18 08:07:35] [Representation task] Starting | pid=3067 | split=cross_session_9f6162b3e24c | group=bci2a_cross_session_broad_1_38 | representation=temporal__all_standard
[2026-09-18 08:07:37] [Representation task] Done | pid=3067 | split=cross_session_9f6162b3e24c | group=bci2a_cross_session_broad_1_38 | representation=temporal__all_standard | elapsed=2s
[2026-09-18 08:07:37] [Representation] Progress 26/216 | remaining=190 | elapsed=3s | eta≈23s
[2026-09-18 08:07:37] [Representation task] Starting | pid=3067 | split=cross_session_9f6162b3e24c | group=bci2a_cross_session_broad_1_38 | representation=csp_6__all_standard
[2026-09-18 08:07:37] [Representation task] Done | pid=3067 | split=cross_session_9f6162b3e24c | group=bci2a_cross_session_broad_1_38 | representation=csp_6__all_standard | elapsed=0s
[2026-09-18 08:07:37] [Representation] Progress 27/216 | remaining=189 | elapsed=3s | eta≈22s
[2026-09-18 08:07:37] [Representation task] Starting | pid=3067 | split=cross_session_9f6162b3e24c | group=bci2a_cross_session_broad_1_38 | representation=standardized_signal
[2026-09-18 08:07:37] [Representation task] Done | pid=3067 | split=cross_session_9f6162b3e24c | group=bci2a_cross_session_broad_1_38 | representation=standardized_signal | elapsed=0s
[2026-09-18 08:07:37] [Representation] Progress 28/216 | remaining=188 | elapsed=3s | eta≈21s
[2026-09-18 08:07:37] [Representation task] Starting | pid=3067 | split=cross_session_a6d19810d2cf | group=bci2a_cross_session_broad_1_38 | representation=statistical__all_standard
[2026-09-18 08:07:37] [Representation task] Done | pid=3067 | split=cross_session_a6d19810d2cf | group=bci2a_cross_session_broad_1_38 | representation=statistical__all_standard | elapsed=0s
[2026-09-18 08:07:37] [Representation] Progress 29/216 | remaining=187 | elapsed=3s | eta≈20s
[2026-09-18 08:07:37] [Representation task] Starting | pid=3067 | split=cross_session_a6d19810d2cf | group=bci2a_cross_session_broad_1_38 | representation=temporal__all_standard
[2026-09-18 08:07:37] [Representation task] Done | pid=3067 | split=cross_session_a6d19810d2cf | group=bci2a_cross_session_broad_1_38 | representation=temporal__all_standard | elapsed=0s
[2026-09-18 08:07:37] [Representation] Progress 30/216 | remaining=186 | elapsed=3s | eta≈19s
[2026-09-18 08:07:37] [Representation task] Starting | pid=3067 | split=cross_session_a6d19810d2cf | group=bci2a_cross_session_broad_1_38 | representation=csp_6__all_standard
[2026-09-18 08:07:39] [Representation task] Done | pid=3067 | split=cross_session_a6d19810d2cf | group=bci2a_cross_session_broad_1_38 | representation=csp_6__all_standard | elapsed=2s
[2026-09-18 08:07:39] [Representation] Progress 31/216 | remaining=185 | elapsed=5s | eta≈32s
[2026-09-18 08:07:39] [Representation task] Starting | pid=3067 | split=cross_session_a6d19810d2cf | group=bci2a_cross_session_broad_1_38 | representation=standardized_signal
[2026-09-18 08:07:39] [Representation task] Done | pid=3067 | split=cross_session_a6d19810d2cf | group=bci2a_cross_session_broad_1_38 | representation=standardized_signal | elapsed=0s
[2026-09-18 08:07:39] [Representation] Progress 32/216 | remaining=184 | elapsed=5s | eta≈31s
[2026-09-18 08:07:39] [Representation task] Starting | pid=3067 | split=cross_session_101bba2ac83d | group=bci2a_cross_session_broad_1_38 | representation=statistical__all_standard
[2026-09-18 08:07:39] [Representation task] Done | pid=3067 | split=cross_session_101bba2ac83d | group=bci2a_cross_session_broad_1_38 | representation=statistical__all_standard | elapsed=0s
[2026-09-18 08:07:39] [Representation] Progress 33/216 | remaining=183 | elapsed=5s | eta≈30s
[2026-09-18 08:07:39] [Representation task] Starting | pid=3067 | split=cross_session_101bba2ac83d | group=bci2a_cross_session_broad_1_38 | representation=temporal__all_standard
[2026-09-18 08:07:39] [Representation task] Done | pid=3067 | split=cross_session_101bba2ac83d | group=bci2a_cross_session_broad_1_38 | representation=temporal__all_standard | elapsed=0s
[2026-09-18 08:07:39] [Representation] Progress 34/216 | remaining=182 | elapsed=5s | eta≈29s
[2026-09-18 08:07:39] [Representation task] Starting | pid=3067 | split=cross_session_101bba2ac83d | group=bci2a_cross_session_broad_1_38 | representation=csp_6__all_standard
[2026-09-18 08:07:39] [Representation task] Done | pid=3067 | split=cross_session_101bba2ac83d | group=bci2a_cross_session_broad_1_38 | representation=csp_6__all_standard | elapsed=0s
[2026-09-18 08:07:39] [Representation] Progress 35/216 | remaining=181 | elapsed=5s | eta≈28s
[2026-09-18 08:07:39] [Representation task] Starting | pid=3067 | split=cross_session_101bba2ac83d | group=bci2a_cross_session_broad_1_38 | representation=standardized_signal
[2026-09-18 08:07:39] [Representation task] Done | pid=3067 | split=cross_session_101bba2ac83d | group=bci2a_cross_session_broad_1_38 | representation=standardized_signal | elapsed=0s
[2026-09-18 08:07:39] [Representation] Progress 36/216 | remaining=180 | elapsed=5s | eta≈27s
[2026-09-18 08:07:39] [Representation task] Starting | pid=3067 | split=cross_session_4c0541c9688c | group=bci2a_cross_session_broad_1_38 | representation=statistical__all_standard
[2026-09-18 08:07:39] [Representation task] Done | pid=3067 | split=cross_session_4c0541c9688c | group=bci2a_cross_session_broad_1_38 | representation=statistical__all_standard | elapsed=0s
[2026-09-18 08:07:39] [Representation] Progress 37/216 | remaining=179 | elapsed=5s | eta≈26s
[2026-09-18 08:07:39] [Representation task] Starting | pid=3067 | split=cross_session_4c0541c9688c | group=bci2a_cross_session_broad_1_38 | representation=temporal__all_standard
[2026-09-18 08:07:39] [Representation task] Done | pid=3067 | split=cross_session_4c0541c9688c | group=bci2a_cross_session_broad_1_38 | representation=temporal__all_standard | elapsed=0s
[2026-09-18 08:07:39] [Representation] Progress 38/216 | remaining=178 | elapsed=5s | eta≈25s
[2026-09-18 08:07:39] [Representation task] Starting | pid=3067 | split=cross_session_4c0541c9688c | group=bci2a_cross_session_broad_1_38 | representation=csp_6__all_standard
[2026-09-18 08:07:39] [Representation task] Done | pid=3067 | split=cross_session_4c0541c9688c | group=bci2a_cross_session_broad_1_38 | representation=csp_6__all_standard | elapsed=0s
[2026-09-18 08:07:39] [Representation] Progress 39/216 | remaining=177 | elapsed=5s | eta≈24s
[2026-09-18 08:07:39] [Representation task] Starting | pid=3067 | split=cross_session_4c0541c9688c | group=bci2a_cross_session_broad_1_38 | representation=standardized_signal
[2026-09-18 08:07:39] [Representation task] Done | pid=3067 | split=cross_session_4c0541c9688c | group=bci2a_cross_session_broad_1_38 | representation=standardized_signal | elapsed=0s
[2026-09-18 08:07:39] [Representation] Progress 40/216 | remaining=176 | elapsed=5s | eta≈24s
[2026-09-18 08:07:39] [Representation task] Starting | pid=3067 | split=cross_session_325ebffcfcb2 | group=bci2a_cross_session_broad_1_38 | representation=statistical__all_standard
[2026-09-18 08:07:39] [Representation task] Done | pid=3067 | split=cross_session_325ebffcfcb2 | group=bci2a_cross_session_broad_1_38 | representation=statistical__all_standard | elapsed=0s
[2026-09-18 08:07:39] [Representation] Progress 41/216 | remaining=175 | elapsed=5s | eta≈23s
[2026-09-18 08:07:39] [Representation task] Starting | pid=3067 | split=cross_session_325ebffcfcb2 | group=bci2a_cross_session_broad_1_38 | representation=temporal__all_standard
[2026-09-18 08:07:39] [Representation task] Done | pid=3067 | split=cross_session_325ebffcfcb2 | group=bci2a_cross_session_broad_1_38 | representation=temporal__all_standard | elapsed=0s
[2026-09-18 08:07:39] [Representation] Progress 42/216 | remaining=174 | elapsed=5s | eta≈22s
[2026-09-18 08:07:39] [Representation task] Starting | pid=3067 | split=cross_session_325ebffcfcb2 | group=bci2a_cross_session_broad_1_38 | representation=csp_6__all_standard
[2026-09-18 08:07:39] [Representation task] Done | pid=3067 | split=cross_session_325ebffcfcb2 | group=bci2a_cross_session_broad_1_38 | representation=csp_6__all_standard | elapsed=0s
[2026-09-18 08:07:39] [Representation] Progress 43/216 | remaining=173 | elapsed=5s | eta≈22s
[2026-09-18 08:07:39] [Representation task] Starting | pid=3067 | split=cross_session_325ebffcfcb2 | group=bci2a_cross_session_broad_1_38 | representation=standardized_signal
[2026-09-18 08:07:39] [Representation task] Done | pid=3067 | split=cross_session_325ebffcfcb2 | group=bci2a_cross_session_broad_1_38 | representation=standardized_signal | elapsed=0s
[2026-09-18 08:07:39] [Representation] Progress 44/216 | remaining=172 | elapsed=5s | eta≈21s
[2026-09-18 08:07:39] [Representation task] Starting | pid=3067 | split=cross_session_f9911b9cb057 | group=bci2a_cross_session_broad_1_38 | representation=statistical__all_standard
[2026-09-18 08:07:39] [Representation task] Done | pid=3067 | split=cross_session_f9911b9cb057 | group=bci2a_cross_session_broad_1_38 | representation=statistical__all_standard | elapsed=0s
[2026-09-18 08:07:39] [Representation] Progress 45/216 | remaining=171 | elapsed=5s | eta≈20s
[2026-09-18 08:07:39] [Representation task] Starting | pid=3067 | split=cross_session_f9911b9cb057 | group=bci2a_cross_session_broad_1_38 | representation=temporal__all_standard
[2026-09-18 08:07:39] [Representation task] Done | pid=3067 | split=cross_session_f9911b9cb057 | group=bci2a_cross_session_broad_1_38 | representation=temporal__all_standard | elapsed=0s
[2026-09-18 08:07:39] [Representation] Progress 46/216 | remaining=170 | elapsed=5s | eta≈20s
[2026-09-18 08:07:39] [Representation task] Starting | pid=3067 | split=cross_session_f9911b9cb057 | group=bci2a_cross_session_broad_1_38 | representation=csp_6__all_standard
[2026-09-18 08:07:39] [Representation task] Done | pid=3067 | split=cross_session_f9911b9cb057 | group=bci2a_cross_session_broad_1_38 | representation=csp_6__all_standard | elapsed=0s
[2026-09-18 08:07:39] [Representation] Progress 47/216 | remaining=169 | elapsed=5s | eta≈19s
[2026-09-18 08:07:39] [Representation task] Starting | pid=3067 | split=cross_session_f9911b9cb057 | group=bci2a_cross_session_broad_1_38 | representation=standardized_signal
[2026-09-18 08:07:39] [Representation task] Done | pid=3067 | split=cross_session_f9911b9cb057 | group=bci2a_cross_session_broad_1_38 | representation=standardized_signal | elapsed=0s
[2026-09-18 08:07:39] [Representation] Progress 48/216 | remaining=168 | elapsed=5s | eta≈19s
[2026-09-18 08:07:39] [Representation task] Starting | pid=3067 | split=cross_session_5520fb22cf29 | group=bci2a_cross_session_broad_1_38 | representation=statistical__all_standard
[2026-09-18 08:07:39] [Representation task] Done | pid=3067 | split=cross_session_5520fb22cf29 | group=bci2a_cross_session_broad_1_38 | representation=statistical__all_standard | elapsed=0s
[2026-09-18 08:07:39] [Representation] Progress 49/216 | remaining=167 | elapsed=5s | eta≈18s
[2026-09-18 08:07:39] [Representation task] Starting | pid=3067 | split=cross_session_5520fb22cf29 | group=bci2a_cross_session_broad_1_38 | representation=temporal__all_standard
[2026-09-18 08:07:39] [Representation task] Done | pid=3067 | split=cross_session_5520fb22cf29 | group=bci2a_cross_session_broad_1_38 | representation=temporal__all_standard | elapsed=0s
[2026-09-18 08:07:39] [Representation] Progress 50/216 | remaining=166 | elapsed=5s | eta≈18s
[2026-09-18 08:07:39] [Representation task] Starting | pid=3067 | split=cross_session_5520fb22cf29 | group=bci2a_cross_session_broad_1_38 | representation=csp_6__all_standard
[2026-09-18 08:07:39] [Representation task] Done | pid=3067 | split=cross_session_5520fb22cf29 | group=bci2a_cross_session_broad_1_38 | representation=csp_6__all_standard | elapsed=0s
[2026-09-18 08:07:39] [Representation] Progress 51/216 | remaining=165 | elapsed=5s | eta≈17s
[2026-09-18 08:07:39] [Representation task] Starting | pid=3067 | split=cross_session_5520fb22cf29 | group=bci2a_cross_session_broad_1_38 | representation=standardized_signal
[2026-09-18 08:07:39] [Representation task] Done | pid=3067 | split=cross_session_5520fb22cf29 | group=bci2a_cross_session_broad_1_38 | representation=standardized_signal | elapsed=0s
[2026-09-18 08:07:39] [Representation] Progress 52/216 | remaining=164 | elapsed=5s | eta≈17s
[2026-09-18 08:07:39] [Representation task] Starting | pid=3067 | split=cross_session_0f01d69d3fbf | group=bci2a_cross_session_broad_1_38 | representation=statistical__all_standard
[2026-09-18 08:07:39] [Representation task] Done | pid=3067 | split=cross_session_0f01d69d3fbf | group=bci2a_cross_session_broad_1_38 | representation=statistical__all_standard | elapsed=0s
[2026-09-18 08:07:39] [Representation] Progress 53/216 | remaining=163 | elapsed=5s | eta≈17s
[2026-09-18 08:07:39] [Representation task] Starting | pid=3067 | split=cross_session_0f01d69d3fbf | group=bci2a_cross_session_broad_1_38 | representation=temporal__all_standard
[2026-09-18 08:07:39] [Representation task] Done | pid=3067 | split=cross_session_0f01d69d3fbf | group=bci2a_cross_session_broad_1_38 | representation=temporal__all_standard | elapsed=0s
[2026-09-18 08:07:39] [Representation] Progress 54/216 | remaining=162 | elapsed=5s | eta≈16s
[2026-09-18 08:07:39] [Representation task] Starting | pid=3067 | split=cross_session_0f01d69d3fbf | group=bci2a_cross_session_broad_1_38 | representation=csp_6__all_standard
[2026-09-18 08:07:39] [Representation task] Done | pid=3067 | split=cross_session_0f01d69d3fbf | group=bci2a_cross_session_broad_1_38 | representation=csp_6__all_standard | elapsed=0s
[2026-09-18 08:07:39] [Representation] Progress 55/216 | remaining=161 | elapsed=5s | eta≈16s
[2026-09-18 08:07:39] [Representation task] Starting | pid=3067 | split=cross_session_0f01d69d3fbf | group=bci2a_cross_session_broad_1_38 | representation=standardized_signal
[2026-09-18 08:07:39] [Representation task] Done | pid=3067 | split=cross_session_0f01d69d3fbf | group=bci2a_cross_session_broad_1_38 | representation=standardized_signal | elapsed=0s
[2026-09-18 08:07:39] [Representation] Progress 56/216 | remaining=160 | elapsed=5s | eta≈15s
[2026-09-18 08:07:39] [Representation task] Starting | pid=3067 | split=cross_session_36c157397a02 | group=bci2a_cross_session_broad_1_38 | representation=statistical__all_standard
[2026-09-18 08:07:39] [Representation task] Done | pid=3067 | split=cross_session_36c157397a02 | group=bci2a_cross_session_broad_1_38 | representation=statistical__all_standard | elapsed=0s
[2026-09-18 08:07:39] [Representation] Progress 57/216 | remaining=159 | elapsed=5s | eta≈15s
[2026-09-18 08:07:39] [Representation task] Starting | pid=3067 | split=cross_session_36c157397a02 | group=bci2a_cross_session_broad_1_38 | representation=temporal__all_standard
[2026-09-18 08:07:39] [Representation task] Done | pid=3067 | split=cross_session_36c157397a02 | group=bci2a_cross_session_broad_1_38 | representation=temporal__all_standard | elapsed=0s
[2026-09-18 08:07:39] [Representation] Progress 58/216 | remaining=158 | elapsed=5s | eta≈15s
[2026-09-18 08:07:39] [Representation task] Starting | pid=3067 | split=cross_session_36c157397a02 | group=bci2a_cross_session_broad_1_38 | representation=csp_6__all_standard
[2026-09-18 08:07:39] [Representation task] Done | pid=3067 | split=cross_session_36c157397a02 | group=bci2a_cross_session_broad_1_38 | representation=csp_6__all_standard | elapsed=0s
[2026-09-18 08:07:39] [Representation] Progress 59/216 | remaining=157 | elapsed=5s | eta≈14s
[2026-09-18 08:07:39] [Representation task] Starting | pid=3067 | split=cross_session_36c157397a02 | group=bci2a_cross_session_broad_1_38 | representation=standardized_signal
[2026-09-18 08:07:39] [Representation task] Done | pid=3067 | split=cross_session_36c157397a02 | group=bci2a_cross_session_broad_1_38 | representation=standardized_signal | elapsed=0s
[2026-09-18 08:07:39] [Representation] Progress 60/216 | remaining=156 | elapsed=5s | eta≈14s
[2026-09-18 08:07:39] [Representation task] Starting | pid=3067 | split=cross_session_d8f4f115dd09 | group=bci2a_cross_session_broad_1_38 | representation=statistical__all_standard
[2026-09-18 08:07:39] [Representation task] Done | pid=3067 | split=cross_session_d8f4f115dd09 | group=bci2a_cross_session_broad_1_38 | representation=statistical__all_standard | elapsed=0s
[2026-09-18 08:07:39] [Representation] Progress 61/216 | remaining=155 | elapsed=5s | eta≈14s
[2026-09-18 08:07:39] [Representation task] Starting | pid=3067 | split=cross_session_d8f4f115dd09 | group=bci2a_cross_session_broad_1_38 | representation=temporal__all_standard
[2026-09-18 08:07:39] [Representation task] Done | pid=3067 | split=cross_session_d8f4f115dd09 | group=bci2a_cross_session_broad_1_38 | representation=temporal__all_standard | elapsed=0s
[2026-09-18 08:07:39] [Representation] Progress 62/216 | remaining=154 | elapsed=5s | eta≈13s
[2026-09-18 08:07:39] [Representation task] Starting | pid=3067 | split=cross_session_d8f4f115dd09 | group=bci2a_cross_session_broad_1_38 | representation=csp_6__all_standard
[2026-09-18 08:07:39] [Representation task] Done | pid=3067 | split=cross_session_d8f4f115dd09 | group=bci2a_cross_session_broad_1_38 | representation=csp_6__all_standard | elapsed=0s
[2026-09-18 08:07:39] [Representation] Progress 63/216 | remaining=153 | elapsed=5s | eta≈13s
[2026-09-18 08:07:39] [Representation task] Starting | pid=3067 | split=cross_session_d8f4f115dd09 | group=bci2a_cross_session_broad_1_38 | representation=standardized_signal
[2026-09-18 08:07:39] [Representation task] Done | pid=3067 | split=cross_session_d8f4f115dd09 | group=bci2a_cross_session_broad_1_38 | representation=standardized_signal | elapsed=0s
[2026-09-18 08:07:39] [Representation] Progress 64/216 | remaining=152 | elapsed=5s | eta≈13s
[2026-09-18 08:07:39] [Representation task] Starting | pid=3067 | split=cross_session_e0fced86ada0 | group=bci2a_cross_session_broad_1_38 | representation=statistical__all_standard
[2026-09-18 08:07:39] [Representation task] Done | pid=3067 | split=cross_session_e0fced86ada0 | group=bci2a_cross_session_broad_1_38 | representation=statistical__all_standard | elapsed=0s
[2026-09-18 08:07:39] [Representation] Progress 65/216 | remaining=151 | elapsed=5s | eta≈13s
[2026-09-18 08:07:39] [Representation task] Starting | pid=3067 | split=cross_session_e0fced86ada0 | group=bci2a_cross_session_broad_1_38 | representation=temporal__all_standard
[2026-09-18 08:07:39] [Representation task] Done | pid=3067 | split=cross_session_e0fced86ada0 | group=bci2a_cross_session_broad_1_38 | representation=temporal__all_standard | elapsed=0s
[2026-09-18 08:07:39] [Representation] Progress 66/216 | remaining=150 | elapsed=5s | eta≈12s
[2026-09-18 08:07:39] [Representation task] Starting | pid=3067 | split=cross_session_e0fced86ada0 | group=bci2a_cross_session_broad_1_38 | representation=csp_6__all_standard
[2026-09-18 08:07:39] [Representation task] Done | pid=3067 | split=cross_session_e0fced86ada0 | group=bci2a_cross_session_broad_1_38 | representation=csp_6__all_standard | elapsed=0s
[2026-09-18 08:07:39] [Representation] Progress 67/216 | remaining=149 | elapsed=5s | eta≈12s
[2026-09-18 08:07:39] [Representation task] Starting | pid=3067 | split=cross_session_e0fced86ada0 | group=bci2a_cross_session_broad_1_38 | representation=standardized_signal
[2026-09-18 08:07:39] [Representation task] Done | pid=3067 | split=cross_session_e0fced86ada0 | group=bci2a_cross_session_broad_1_38 | representation=standardized_signal | elapsed=0s
[2026-09-18 08:07:39] [Representation] Progress 68/216 | remaining=148 | elapsed=5s | eta≈12s
[2026-09-18 08:07:39] [Representation task] Starting | pid=3067 | split=cross_session_a4a512d44495 | group=bci2a_cross_session_broad_1_38 | representation=statistical__all_standard
[2026-09-18 08:07:39] [Representation task] Done | pid=3067 | split=cross_session_a4a512d44495 | group=bci2a_cross_session_broad_1_38 | representation=statistical__all_standard | elapsed=0s
[2026-09-18 08:07:39] [Representation] Progress 69/216 | remaining=147 | elapsed=5s | eta≈12s
[2026-09-18 08:07:39] [Representation task] Starting | pid=3067 | split=cross_session_a4a512d44495 | group=bci2a_cross_session_broad_1_38 | representation=temporal__all_standard
[2026-09-18 08:07:39] [Representation task] Done | pid=3067 | split=cross_session_a4a512d44495 | group=bci2a_cross_session_broad_1_38 | representation=temporal__all_standard | elapsed=0s
[2026-09-18 08:07:39] [Representation] Progress 70/216 | remaining=146 | elapsed=5s | eta≈11s
[2026-09-18 08:07:39] [Representation task] Starting | pid=3067 | split=cross_session_a4a512d44495 | group=bci2a_cross_session_broad_1_38 | representation=csp_6__all_standard
[2026-09-18 08:07:39] [Representation task] Done | pid=3067 | split=cross_session_a4a512d44495 | group=bci2a_cross_session_broad_1_38 | representation=csp_6__all_standard | elapsed=0s
[2026-09-18 08:07:39] [Representation] Progress 71/216 | remaining=145 | elapsed=5s | eta≈11s
[2026-09-18 08:07:39] [Representation task] Starting | pid=3067 | split=cross_session_a4a512d44495 | group=bci2a_cross_session_broad_1_38 | representation=standardized_signal
[2026-09-18 08:07:39] [Representation task] Done | pid=3067 | split=cross_session_a4a512d44495 | group=bci2a_cross_session_broad_1_38 | representation=standardized_signal | elapsed=0s
[2026-09-18 08:07:39] [Representation] Progress 72/216 | remaining=144 | elapsed=5s | eta≈11s
[2026-09-18 08:07:39] [Representation task] Starting | pid=3067 | split=cross_session_1b876c6750c6 | group=bci2a_cross_session_delta_1_4 | representation=statistical__all_standard
[2026-09-18 08:07:41] [Representation task] Done | pid=3067 | split=cross_session_1b876c6750c6 | group=bci2a_cross_session_delta_1_4 | representation=statistical__all_standard | elapsed=2s
[2026-09-18 08:07:41] [Representation] Progress 73/216 | remaining=143 | elapsed=7s | eta≈15s
[2026-09-18 08:07:41] [Representation task] Starting | pid=3067 | split=cross_session_1b876c6750c6 | group=bci2a_cross_session_delta_1_4 | representation=temporal__all_standard
[2026-09-18 08:07:43] [Representation task] Done | pid=3067 | split=cross_session_1b876c6750c6 | group=bci2a_cross_session_delta_1_4 | representation=temporal__all_standard | elapsed=2s
[2026-09-18 08:07:43] [Representation] Progress 74/216 | remaining=142 | elapsed=9s | eta≈17s
[2026-09-18 08:07:43] [Representation task] Starting | pid=3067 | split=cross_session_1b876c6750c6 | group=bci2a_cross_session_delta_1_4 | representation=csp_6__all_standard
[2026-09-18 08:07:43] [Representation task] Done | pid=3067 | split=cross_session_1b876c6750c6 | group=bci2a_cross_session_delta_1_4 | representation=csp_6__all_standard | elapsed=0s
[2026-09-18 08:07:43] [Representation] Progress 75/216 | remaining=141 | elapsed=9s | eta≈17s
[2026-09-18 08:07:43] [Representation task] Starting | pid=3067 | split=cross_session_1b876c6750c6 | group=bci2a_cross_session_delta_1_4 | representation=standardized_signal
[2026-09-18 08:07:43] [Representation task] Done | pid=3067 | split=cross_session_1b876c6750c6 | group=bci2a_cross_session_delta_1_4 | representation=standardized_signal | elapsed=0s
[2026-09-18 08:07:43] [Representation] Progress 76/216 | remaining=140 | elapsed=9s | eta≈17s
[2026-09-18 08:07:43] [Representation task] Starting | pid=3067 | split=cross_session_b244bedb6ccf | group=bci2a_cross_session_delta_1_4 | representation=statistical__all_standard
[2026-09-18 08:07:43] [Representation task] Done | pid=3067 | split=cross_session_b244bedb6ccf | group=bci2a_cross_session_delta_1_4 | representation=statistical__all_standard | elapsed=0s
[2026-09-18 08:07:43] [Representation] Progress 77/216 | remaining=139 | elapsed=9s | eta≈16s
[2026-09-18 08:07:43] [Representation task] Starting | pid=3067 | split=cross_session_b244bedb6ccf | group=bci2a_cross_session_delta_1_4 | representation=temporal__all_standard
[2026-09-18 08:07:43] [Representation task] Done | pid=3067 | split=cross_session_b244bedb6ccf | group=bci2a_cross_session_delta_1_4 | representation=temporal__all_standard | elapsed=0s
[2026-09-18 08:07:43] [Representation] Progress 78/216 | remaining=138 | elapsed=9s | eta≈16s
[2026-09-18 08:07:43] [Representation task] Starting | pid=3067 | split=cross_session_b244bedb6ccf | group=bci2a_cross_session_delta_1_4 | representation=csp_6__all_standard
[2026-09-18 08:07:43] [Representation task] Done | pid=3067 | split=cross_session_b244bedb6ccf | group=bci2a_cross_session_delta_1_4 | representation=csp_6__all_standard | elapsed=0s
[2026-09-18 08:07:43] [Representation] Progress 79/216 | remaining=137 | elapsed=9s | eta≈16s
[2026-09-18 08:07:43] [Representation task] Starting | pid=3067 | split=cross_session_b244bedb6ccf | group=bci2a_cross_session_delta_1_4 | representation=standardized_signal
[2026-09-18 08:07:43] [Representation task] Done | pid=3067 | split=cross_session_b244bedb6ccf | group=bci2a_cross_session_delta_1_4 | representation=standardized_signal | elapsed=0s
[2026-09-18 08:07:43] [Representation] Progress 80/216 | remaining=136 | elapsed=9s | eta≈15s
[2026-09-18 08:07:43] [Representation task] Starting | pid=3067 | split=cross_session_7d0c3c21e647 | group=bci2a_cross_session_delta_1_4 | representation=statistical__all_standard
[2026-09-18 08:07:43] [Representation task] Done | pid=3067 | split=cross_session_7d0c3c21e647 | group=bci2a_cross_session_delta_1_4 | representation=statistical__all_standard | elapsed=0s
[2026-09-18 08:07:43] [Representation] Progress 81/216 | remaining=135 | elapsed=9s | eta≈15s
[2026-09-18 08:07:43] [Representation task] Starting | pid=3067 | split=cross_session_7d0c3c21e647 | group=bci2a_cross_session_delta_1_4 | representation=temporal__all_standard
[2026-09-18 08:07:43] [Representation task] Done | pid=3067 | split=cross_session_7d0c3c21e647 | group=bci2a_cross_session_delta_1_4 | representation=temporal__all_standard | elapsed=0s
[2026-09-18 08:07:43] [Representation] Progress 82/216 | remaining=134 | elapsed=9s | eta≈15s
[2026-09-18 08:07:43] [Representation task] Starting | pid=3067 | split=cross_session_7d0c3c21e647 | group=bci2a_cross_session_delta_1_4 | representation=csp_6__all_standard
[2026-09-18 08:07:45] [Representation task] Done | pid=3067 | split=cross_session_7d0c3c21e647 | group=bci2a_cross_session_delta_1_4 | representation=csp_6__all_standard | elapsed=2s
[2026-09-18 08:07:45] [Representation] Progress 83/216 | remaining=133 | elapsed=11s | eta≈17s
[2026-09-18 08:07:45] [Representation task] Starting | pid=3067 | split=cross_session_7d0c3c21e647 | group=bci2a_cross_session_delta_1_4 | representation=standardized_signal
[2026-09-18 08:07:45] [Representation task] Done | pid=3067 | split=cross_session_7d0c3c21e647 | group=bci2a_cross_session_delta_1_4 | representation=standardized_signal | elapsed=0s
[2026-09-18 08:07:45] [Representation] Progress 84/216 | remaining=132 | elapsed=11s | eta≈17s
[2026-09-18 08:07:45] [Representation task] Starting | pid=3067 | split=cross_session_54cbc56ae5af | group=bci2a_cross_session_delta_1_4 | representation=statistical__all_standard
[2026-09-18 08:07:45] [Representation task] Done | pid=3067 | split=cross_session_54cbc56ae5af | group=bci2a_cross_session_delta_1_4 | representation=statistical__all_standard | elapsed=0s
[2026-09-18 08:07:45] [Representation] Progress 85/216 | remaining=131 | elapsed=11s | eta≈17s
[2026-09-18 08:07:45] [Representation task] Starting | pid=3067 | split=cross_session_54cbc56ae5af | group=bci2a_cross_session_delta_1_4 | representation=temporal__all_standard
[2026-09-18 08:07:45] [Representation task] Done | pid=3067 | split=cross_session_54cbc56ae5af | group=bci2a_cross_session_delta_1_4 | representation=temporal__all_standard | elapsed=0s
[2026-09-18 08:07:45] [Representation] Progress 86/216 | remaining=130 | elapsed=11s | eta≈16s
[2026-09-18 08:07:45] [Representation task] Starting | pid=3067 | split=cross_session_54cbc56ae5af | group=bci2a_cross_session_delta_1_4 | representation=csp_6__all_standard
[2026-09-18 08:07:45] [Representation task] Done | pid=3067 | split=cross_session_54cbc56ae5af | group=bci2a_cross_session_delta_1_4 | representation=csp_6__all_standard | elapsed=0s
[2026-09-18 08:07:45] [Representation] Progress 87/216 | remaining=129 | elapsed=11s | eta≈16s
[2026-09-18 08:07:45] [Representation task] Starting | pid=3067 | split=cross_session_54cbc56ae5af | group=bci2a_cross_session_delta_1_4 | representation=standardized_signal
[2026-09-18 08:07:45] [Representation task] Done | pid=3067 | split=cross_session_54cbc56ae5af | group=bci2a_cross_session_delta_1_4 | representation=standardized_signal | elapsed=0s
[2026-09-18 08:07:45] [Representation] Progress 88/216 | remaining=128 | elapsed=11s | eta≈16s
[2026-09-18 08:07:45] [Representation task] Starting | pid=3067 | split=cross_session_604d3d53674b | group=bci2a_cross_session_delta_1_4 | representation=statistical__all_standard
[2026-09-18 08:07:45] [Representation task] Done | pid=3067 | split=cross_session_604d3d53674b | group=bci2a_cross_session_delta_1_4 | representation=statistical__all_standard | elapsed=0s
[2026-09-18 08:07:45] [Representation] Progress 89/216 | remaining=127 | elapsed=11s | eta≈15s
[2026-09-18 08:07:45] [Representation task] Starting | pid=3067 | split=cross_session_604d3d53674b | group=bci2a_cross_session_delta_1_4 | representation=temporal__all_standard
[2026-09-18 08:07:45] [Representation task] Done | pid=3067 | split=cross_session_604d3d53674b | group=bci2a_cross_session_delta_1_4 | representation=temporal__all_standard | elapsed=0s
[2026-09-18 08:07:45] [Representation] Progress 90/216 | remaining=126 | elapsed=11s | eta≈15s
[2026-09-18 08:07:45] [Representation task] Starting | pid=3067 | split=cross_session_604d3d53674b | group=bci2a_cross_session_delta_1_4 | representation=csp_6__all_standard
[2026-09-18 08:07:45] [Representation task] Done | pid=3067 | split=cross_session_604d3d53674b | group=bci2a_cross_session_delta_1_4 | representation=csp_6__all_standard | elapsed=0s
[2026-09-18 08:07:45] [Representation] Progress 91/216 | remaining=125 | elapsed=11s | eta≈15s
[2026-09-18 08:07:45] [Representation task] Starting | pid=3067 | split=cross_session_604d3d53674b | group=bci2a_cross_session_delta_1_4 | representation=standardized_signal
[2026-09-18 08:07:46] [Representation task] Done | pid=3067 | split=cross_session_604d3d53674b | group=bci2a_cross_session_delta_1_4 | representation=standardized_signal | elapsed=1s
[2026-09-18 08:07:46] [Representation] Progress 92/216 | remaining=124 | elapsed=12s | eta≈16s
[2026-09-18 08:07:46] [Representation task] Starting | pid=3067 | split=cross_session_d470a4c875d7 | group=bci2a_cross_session_delta_1_4 | representation=statistical__all_standard
[2026-09-18 08:07:46] [Representation task] Done | pid=3067 | split=cross_session_d470a4c875d7 | group=bci2a_cross_session_delta_1_4 | representation=statistical__all_standard | elapsed=0s
[2026-09-18 08:07:46] [Representation] Progress 93/216 | remaining=123 | elapsed=12s | eta≈16s
[2026-09-18 08:07:46] [Representation task] Starting | pid=3067 | split=cross_session_d470a4c875d7 | group=bci2a_cross_session_delta_1_4 | representation=temporal__all_standard
[2026-09-18 08:07:46] [Representation task] Done | pid=3067 | split=cross_session_d470a4c875d7 | group=bci2a_cross_session_delta_1_4 | representation=temporal__all_standard | elapsed=0s
[2026-09-18 08:07:46] [Representation] Progress 94/216 | remaining=122 | elapsed=12s | eta≈15s
[2026-09-18 08:07:46] [Representation task] Starting | pid=3067 | split=cross_session_d470a4c875d7 | group=bci2a_cross_session_delta_1_4 | representation=csp_6__all_standard
[2026-09-18 08:07:46] [Representation task] Done | pid=3067 | split=cross_session_d470a4c875d7 | group=bci2a_cross_session_delta_1_4 | representation=csp_6__all_standard | elapsed=0s
[2026-09-18 08:07:46] [Representation] Progress 95/216 | remaining=121 | elapsed=12s | eta≈15s
[2026-09-18 08:07:46] [Representation task] Starting | pid=3067 | split=cross_session_d470a4c875d7 | group=bci2a_cross_session_delta_1_4 | representation=standardized_signal
[2026-09-18 08:07:46] [Representation task] Done | pid=3067 | split=cross_session_d470a4c875d7 | group=bci2a_cross_session_delta_1_4 | representation=standardized_signal | elapsed=0s
[2026-09-18 08:07:46] [Representation] Progress 96/216 | remaining=120 | elapsed=12s | eta≈15s
[2026-09-18 08:07:46] [Representation task] Starting | pid=3067 | split=cross_session_9f6162b3e24c | group=bci2a_cross_session_delta_1_4 | representation=statistical__all_standard
[2026-09-18 08:07:46] [Representation task] Done | pid=3067 | split=cross_session_9f6162b3e24c | group=bci2a_cross_session_delta_1_4 | representation=statistical__all_standard | elapsed=0s
[2026-09-18 08:07:46] [Representation] Progress 97/216 | remaining=119 | elapsed=12s | eta≈14s
[2026-09-18 08:07:46] [Representation task] Starting | pid=3067 | split=cross_session_9f6162b3e24c | group=bci2a_cross_session_delta_1_4 | representation=temporal__all_standard
[2026-09-18 08:07:46] [Representation task] Done | pid=3067 | split=cross_session_9f6162b3e24c | group=bci2a_cross_session_delta_1_4 | representation=temporal__all_standard | elapsed=0s
[2026-09-18 08:07:46] [Representation] Progress 98/216 | remaining=118 | elapsed=12s | eta≈14s
[2026-09-18 08:07:46] [Representation task] Starting | pid=3067 | split=cross_session_9f6162b3e24c | group=bci2a_cross_session_delta_1_4 | representation=csp_6__all_standard
[2026-09-18 08:07:46] [Representation task] Done | pid=3067 | split=cross_session_9f6162b3e24c | group=bci2a_cross_session_delta_1_4 | representation=csp_6__all_standard | elapsed=0s
[2026-09-18 08:07:46] [Representation] Progress 99/216 | remaining=117 | elapsed=12s | eta≈14s
[2026-09-18 08:07:46] [Representation task] Starting | pid=3067 | split=cross_session_9f6162b3e24c | group=bci2a_cross_session_delta_1_4 | representation=standardized_signal
[2026-09-18 08:07:46] [Representation task] Done | pid=3067 | split=cross_session_9f6162b3e24c | group=bci2a_cross_session_delta_1_4 | representation=standardized_signal | elapsed=0s
[2026-09-18 08:07:46] [Representation] Progress 100/216 | remaining=116 | elapsed=12s | eta≈14s
[2026-09-18 08:07:46] [Representation task] Starting | pid=3067 | split=cross_session_a6d19810d2cf | group=bci2a_cross_session_delta_1_4 | representation=statistical__all_standard
[2026-09-18 08:07:46] [Representation task] Done | pid=3067 | split=cross_session_a6d19810d2cf | group=bci2a_cross_session_delta_1_4 | representation=statistical__all_standard | elapsed=0s
[2026-09-18 08:07:46] [Representation] Progress 101/216 | remaining=115 | elapsed=12s | eta≈13s
[2026-09-18 08:07:46] [Representation task] Starting | pid=3067 | split=cross_session_a6d19810d2cf | group=bci2a_cross_session_delta_1_4 | representation=temporal__all_standard
[2026-09-18 08:07:47] [Representation task] Done | pid=3067 | split=cross_session_a6d19810d2cf | group=bci2a_cross_session_delta_1_4 | representation=temporal__all_standard | elapsed=1s
[2026-09-18 08:07:47] [Representation] Progress 102/216 | remaining=114 | elapsed=13s | eta≈14s
[2026-09-18 08:07:47] [Representation task] Starting | pid=3067 | split=cross_session_a6d19810d2cf | group=bci2a_cross_session_delta_1_4 | representation=csp_6__all_standard
[2026-09-18 08:07:47] [Representation task] Done | pid=3067 | split=cross_session_a6d19810d2cf | group=bci2a_cross_session_delta_1_4 | representation=csp_6__all_standard | elapsed=0s
[2026-09-18 08:07:47] [Representation] Progress 103/216 | remaining=113 | elapsed=13s | eta≈14s
[2026-09-18 08:07:47] [Representation task] Starting | pid=3067 | split=cross_session_a6d19810d2cf | group=bci2a_cross_session_delta_1_4 | representation=standardized_signal
[2026-09-18 08:07:47] [Representation task] Done | pid=3067 | split=cross_session_a6d19810d2cf | group=bci2a_cross_session_delta_1_4 | representation=standardized_signal | elapsed=0s
[2026-09-18 08:07:47] [Representation] Progress 104/216 | remaining=112 | elapsed=13s | eta≈14s
[2026-09-18 08:07:47] [Representation task] Starting | pid=3067 | split=cross_session_101bba2ac83d | group=bci2a_cross_session_delta_1_4 | representation=statistical__all_standard
[2026-09-18 08:07:47] [Representation task] Done | pid=3067 | split=cross_session_101bba2ac83d | group=bci2a_cross_session_delta_1_4 | representation=statistical__all_standard | elapsed=0s
[2026-09-18 08:07:47] [Representation] Progress 105/216 | remaining=111 | elapsed=13s | eta≈13s
[2026-09-18 08:07:47] [Representation task] Starting | pid=3067 | split=cross_session_101bba2ac83d | group=bci2a_cross_session_delta_1_4 | representation=temporal__all_standard
[2026-09-18 08:07:47] [Representation task] Done | pid=3067 | split=cross_session_101bba2ac83d | group=bci2a_cross_session_delta_1_4 | representation=temporal__all_standard | elapsed=0s
[2026-09-18 08:07:47] [Representation] Progress 106/216 | remaining=110 | elapsed=13s | eta≈13s
[2026-09-18 08:07:47] [Representation task] Starting | pid=3067 | split=cross_session_101bba2ac83d | group=bci2a_cross_session_delta_1_4 | representation=csp_6__all_standard
[2026-09-18 08:07:47] [Representation task] Done | pid=3067 | split=cross_session_101bba2ac83d | group=bci2a_cross_session_delta_1_4 | representation=csp_6__all_standard | elapsed=0s
[2026-09-18 08:07:47] [Representation] Progress 107/216 | remaining=109 | elapsed=13s | eta≈13s
[2026-09-18 08:07:47] [Representation task] Starting | pid=3067 | split=cross_session_101bba2ac83d | group=bci2a_cross_session_delta_1_4 | representation=standardized_signal
[2026-09-18 08:07:47] [Representation task] Done | pid=3067 | split=cross_session_101bba2ac83d | group=bci2a_cross_session_delta_1_4 | representation=standardized_signal | elapsed=0s
[2026-09-18 08:07:47] [Representation] Progress 108/216 | remaining=108 | elapsed=13s | eta≈13s
[2026-09-18 08:07:47] [Representation task] Starting | pid=3067 | split=cross_session_4c0541c9688c | group=bci2a_cross_session_delta_1_4 | representation=statistical__all_standard
[2026-09-18 08:07:47] [Representation task] Done | pid=3067 | split=cross_session_4c0541c9688c | group=bci2a_cross_session_delta_1_4 | representation=statistical__all_standard | elapsed=0s
[2026-09-18 08:07:47] [Representation] Progress 109/216 | remaining=107 | elapsed=13s | eta≈12s
[2026-09-18 08:07:47] [Representation task] Starting | pid=3067 | split=cross_session_4c0541c9688c | group=bci2a_cross_session_delta_1_4 | representation=temporal__all_standard
[2026-09-18 08:07:47] [Representation task] Done | pid=3067 | split=cross_session_4c0541c9688c | group=bci2a_cross_session_delta_1_4 | representation=temporal__all_standard | elapsed=0s
[2026-09-18 08:07:47] [Representation] Progress 110/216 | remaining=106 | elapsed=13s | eta≈12s
[2026-09-18 08:07:47] [Representation task] Starting | pid=3067 | split=cross_session_4c0541c9688c | group=bci2a_cross_session_delta_1_4 | representation=csp_6__all_standard
[2026-09-18 08:07:47] [Representation task] Done | pid=3067 | split=cross_session_4c0541c9688c | group=bci2a_cross_session_delta_1_4 | representation=csp_6__all_standard | elapsed=0s
[2026-09-18 08:07:47] [Representation] Progress 111/216 | remaining=105 | elapsed=13s | eta≈12s
[2026-09-18 08:07:47] [Representation task] Starting | pid=3067 | split=cross_session_4c0541c9688c | group=bci2a_cross_session_delta_1_4 | representation=standardized_signal
[2026-09-18 08:07:47] [Representation task] Done | pid=3067 | split=cross_session_4c0541c9688c | group=bci2a_cross_session_delta_1_4 | representation=standardized_signal | elapsed=0s
[2026-09-18 08:07:47] [Representation] Progress 112/216 | remaining=104 | elapsed=13s | eta≈12s
[2026-09-18 08:07:47] [Representation task] Starting | pid=3067 | split=cross_session_325ebffcfcb2 | group=bci2a_cross_session_delta_1_4 | representation=statistical__all_standard
[2026-09-18 08:07:47] [Representation task] Done | pid=3067 | split=cross_session_325ebffcfcb2 | group=bci2a_cross_session_delta_1_4 | representation=statistical__all_standard | elapsed=0s
[2026-09-18 08:07:47] [Representation] Progress 113/216 | remaining=103 | elapsed=13s | eta≈11s
[2026-09-18 08:07:47] [Representation task] Starting | pid=3067 | split=cross_session_325ebffcfcb2 | group=bci2a_cross_session_delta_1_4 | representation=temporal__all_standard
[2026-09-18 08:07:48] [Representation task] Done | pid=3067 | split=cross_session_325ebffcfcb2 | group=bci2a_cross_session_delta_1_4 | representation=temporal__all_standard | elapsed=1s
[2026-09-18 08:07:48] [Representation] Progress 114/216 | remaining=102 | elapsed=14s | eta≈12s
[2026-09-18 08:07:48] [Representation task] Starting | pid=3067 | split=cross_session_325ebffcfcb2 | group=bci2a_cross_session_delta_1_4 | representation=csp_6__all_standard
[2026-09-18 08:07:48] [Representation task] Done | pid=3067 | split=cross_session_325ebffcfcb2 | group=bci2a_cross_session_delta_1_4 | representation=csp_6__all_standard | elapsed=0s
[2026-09-18 08:07:48] [Representation] Progress 115/216 | remaining=101 | elapsed=14s | eta≈12s
[2026-09-18 08:07:48] [Representation task] Starting | pid=3067 | split=cross_session_325ebffcfcb2 | group=bci2a_cross_session_delta_1_4 | representation=standardized_signal
[2026-09-18 08:07:48] [Representation task] Done | pid=3067 | split=cross_session_325ebffcfcb2 | group=bci2a_cross_session_delta_1_4 | representation=standardized_signal | elapsed=0s
[2026-09-18 08:07:48] [Representation] Progress 116/216 | remaining=100 | elapsed=14s | eta≈12s
[2026-09-18 08:07:48] [Representation task] Starting | pid=3067 | split=cross_session_f9911b9cb057 | group=bci2a_cross_session_delta_1_4 | representation=statistical__all_standard
[2026-09-18 08:07:48] [Representation task] Done | pid=3067 | split=cross_session_f9911b9cb057 | group=bci2a_cross_session_delta_1_4 | representation=statistical__all_standard | elapsed=0s
[2026-09-18 08:07:48] [Representation] Progress 117/216 | remaining=99 | elapsed=14s | eta≈12s
[2026-09-18 08:07:48] [Representation task] Starting | pid=3067 | split=cross_session_f9911b9cb057 | group=bci2a_cross_session_delta_1_4 | representation=temporal__all_standard
[2026-09-18 08:07:48] [Representation task] Done | pid=3067 | split=cross_session_f9911b9cb057 | group=bci2a_cross_session_delta_1_4 | representation=temporal__all_standard | elapsed=0s
[2026-09-18 08:07:48] [Representation] Progress 118/216 | remaining=98 | elapsed=14s | eta≈12s
[2026-09-18 08:07:48] [Representation task] Starting | pid=3067 | split=cross_session_f9911b9cb057 | group=bci2a_cross_session_delta_1_4 | representation=csp_6__all_standard
[2026-09-18 08:07:48] [Representation task] Done | pid=3067 | split=cross_session_f9911b9cb057 | group=bci2a_cross_session_delta_1_4 | representation=csp_6__all_standard | elapsed=0s
[2026-09-18 08:07:48] [Representation] Progress 119/216 | remaining=97 | elapsed=14s | eta≈11s
[2026-09-18 08:07:48] [Representation task] Starting | pid=3067 | split=cross_session_f9911b9cb057 | group=bci2a_cross_session_delta_1_4 | representation=standardized_signal
[2026-09-18 08:07:48] [Representation task] Done | pid=3067 | split=cross_session_f9911b9cb057 | group=bci2a_cross_session_delta_1_4 | representation=standardized_signal | elapsed=0s
[2026-09-18 08:07:48] [Representation] Progress 120/216 | remaining=96 | elapsed=14s | eta≈11s
[2026-09-18 08:07:48] [Representation task] Starting | pid=3067 | split=cross_session_5520fb22cf29 | group=bci2a_cross_session_delta_1_4 | representation=statistical__all_standard
[2026-09-18 08:07:48] [Representation task] Done | pid=3067 | split=cross_session_5520fb22cf29 | group=bci2a_cross_session_delta_1_4 | representation=statistical__all_standard | elapsed=0s
[2026-09-18 08:07:48] [Representation] Progress 121/216 | remaining=95 | elapsed=14s | eta≈11s
[2026-09-18 08:07:48] [Representation task] Starting | pid=3067 | split=cross_session_5520fb22cf29 | group=bci2a_cross_session_delta_1_4 | representation=temporal__all_standard
[2026-09-18 08:07:48] [Representation task] Done | pid=3067 | split=cross_session_5520fb22cf29 | group=bci2a_cross_session_delta_1_4 | representation=temporal__all_standard | elapsed=0s
[2026-09-18 08:07:48] [Representation] Progress 122/216 | remaining=94 | elapsed=14s | eta≈11s
[2026-09-18 08:07:48] [Representation task] Starting | pid=3067 | split=cross_session_5520fb22cf29 | group=bci2a_cross_session_delta_1_4 | representation=csp_6__all_standard
[2026-09-18 08:07:48] [Representation task] Done | pid=3067 | split=cross_session_5520fb22cf29 | group=bci2a_cross_session_delta_1_4 | representation=csp_6__all_standard | elapsed=0s
[2026-09-18 08:07:48] [Representation] Progress 123/216 | remaining=93 | elapsed=14s | eta≈11s
[2026-09-18 08:07:48] [Representation task] Starting | pid=3067 | split=cross_session_5520fb22cf29 | group=bci2a_cross_session_delta_1_4 | representation=standardized_signal
[2026-09-18 08:07:48] [Representation task] Done | pid=3067 | split=cross_session_5520fb22cf29 | group=bci2a_cross_session_delta_1_4 | representation=standardized_signal | elapsed=0s
[2026-09-18 08:07:48] [Representation] Progress 124/216 | remaining=92 | elapsed=14s | eta≈10s
[2026-09-18 08:07:48] [Representation task] Starting | pid=3067 | split=cross_session_0f01d69d3fbf | group=bci2a_cross_session_delta_1_4 | representation=statistical__all_standard
[2026-09-18 08:07:48] [Representation task] Done | pid=3067 | split=cross_session_0f01d69d3fbf | group=bci2a_cross_session_delta_1_4 | representation=statistical__all_standard | elapsed=0s
[2026-09-18 08:07:48] [Representation] Progress 125/216 | remaining=91 | elapsed=14s | eta≈10s
[2026-09-18 08:07:48] [Representation task] Starting | pid=3067 | split=cross_session_0f01d69d3fbf | group=bci2a_cross_session_delta_1_4 | representation=temporal__all_standard
[2026-09-18 08:07:48] [Representation task] Done | pid=3067 | split=cross_session_0f01d69d3fbf | group=bci2a_cross_session_delta_1_4 | representation=temporal__all_standard | elapsed=0s
[2026-09-18 08:07:48] [Representation] Progress 126/216 | remaining=90 | elapsed=14s | eta≈10s
[2026-09-18 08:07:48] [Representation task] Starting | pid=3067 | split=cross_session_0f01d69d3fbf | group=bci2a_cross_session_delta_1_4 | representation=csp_6__all_standard
[2026-09-18 08:07:48] [Representation task] Done | pid=3067 | split=cross_session_0f01d69d3fbf | group=bci2a_cross_session_delta_1_4 | representation=csp_6__all_standard | elapsed=0s
[2026-09-18 08:07:48] [Representation] Progress 127/216 | remaining=89 | elapsed=14s | eta≈10s
[2026-09-18 08:07:48] [Representation task] Starting | pid=3067 | split=cross_session_0f01d69d3fbf | group=bci2a_cross_session_delta_1_4 | representation=standardized_signal
[2026-09-18 08:07:48] [Representation task] Done | pid=3067 | split=cross_session_0f01d69d3fbf | group=bci2a_cross_session_delta_1_4 | representation=standardized_signal | elapsed=0s
[2026-09-18 08:07:48] [Representation] Progress 128/216 | remaining=88 | elapsed=14s | eta≈10s
[2026-09-18 08:07:48] [Representation task] Starting | pid=3067 | split=cross_session_36c157397a02 | group=bci2a_cross_session_delta_1_4 | representation=statistical__all_standard
[2026-09-18 08:07:48] [Representation task] Done | pid=3067 | split=cross_session_36c157397a02 | group=bci2a_cross_session_delta_1_4 | representation=statistical__all_standard | elapsed=0s
[2026-09-18 08:07:48] [Representation] Progress 129/216 | remaining=87 | elapsed=14s | eta≈9s
[2026-09-18 08:07:48] [Representation task] Starting | pid=3067 | split=cross_session_36c157397a02 | group=bci2a_cross_session_delta_1_4 | representation=temporal__all_standard
[2026-09-18 08:07:50] [Representation task] Done | pid=3067 | split=cross_session_36c157397a02 | group=bci2a_cross_session_delta_1_4 | representation=temporal__all_standard | elapsed=2s
[2026-09-18 08:07:50] [Representation] Progress 130/216 | remaining=86 | elapsed=16s | eta≈10s
[2026-09-18 08:07:50] [Representation task] Starting | pid=3067 | split=cross_session_36c157397a02 | group=bci2a_cross_session_delta_1_4 | representation=csp_6__all_standard
[2026-09-18 08:07:50] [Representation task] Done | pid=3067 | split=cross_session_36c157397a02 | group=bci2a_cross_session_delta_1_4 | representation=csp_6__all_standard | elapsed=1s
[2026-09-18 08:07:50] [Representation] Progress 131/216 | remaining=85 | elapsed=16s | eta≈11s
[2026-09-18 08:07:50] [Representation task] Starting | pid=3067 | split=cross_session_36c157397a02 | group=bci2a_cross_session_delta_1_4 | representation=standardized_signal
[2026-09-18 08:07:50] [Representation task] Done | pid=3067 | split=cross_session_36c157397a02 | group=bci2a_cross_session_delta_1_4 | representation=standardized_signal | elapsed=0s
[2026-09-18 08:07:50] [Representation] Progress 132/216 | remaining=84 | elapsed=16s | eta≈10s
[2026-09-18 08:07:50] [Representation task] Starting | pid=3067 | split=cross_session_d8f4f115dd09 | group=bci2a_cross_session_delta_1_4 | representation=statistical__all_standard
[2026-09-18 08:07:53] [Representation task] Done | pid=3067 | split=cross_session_d8f4f115dd09 | group=bci2a_cross_session_delta_1_4 | representation=statistical__all_standard | elapsed=2s
[2026-09-18 08:07:53] [Representation] Progress 133/216 | remaining=83 | elapsed=19s | eta≈12s
[2026-09-18 08:07:53] [Representation task] Starting | pid=3067 | split=cross_session_d8f4f115dd09 | group=bci2a_cross_session_delta_1_4 | representation=temporal__all_standard
[2026-09-18 08:07:56] [Representation task] Done | pid=3067 | split=cross_session_d8f4f115dd09 | group=bci2a_cross_session_delta_1_4 | representation=temporal__all_standard | elapsed=3s
[2026-09-18 08:07:56] [Representation] Progress 134/216 | remaining=82 | elapsed=22s | eta≈13s
[2026-09-18 08:07:56] [Representation task] Starting | pid=3067 | split=cross_session_d8f4f115dd09 | group=bci2a_cross_session_delta_1_4 | representation=csp_6__all_standard
[2026-09-18 08:07:56] [Representation task] Done | pid=3067 | split=cross_session_d8f4f115dd09 | group=bci2a_cross_session_delta_1_4 | representation=csp_6__all_standard | elapsed=0s
[2026-09-18 08:07:56] [Representation] Progress 135/216 | remaining=81 | elapsed=22s | eta≈13s
[2026-09-18 08:07:56] [Representation task] Starting | pid=3067 | split=cross_session_d8f4f115dd09 | group=bci2a_cross_session_delta_1_4 | representation=standardized_signal
[2026-09-18 08:07:56] [Representation task] Done | pid=3067 | split=cross_session_d8f4f115dd09 | group=bci2a_cross_session_delta_1_4 | representation=standardized_signal | elapsed=0s
[2026-09-18 08:07:56] [Representation] Progress 136/216 | remaining=80 | elapsed=22s | eta≈13s
[2026-09-18 08:07:56] [Representation task] Starting | pid=3067 | split=cross_session_e0fced86ada0 | group=bci2a_cross_session_delta_1_4 | representation=statistical__all_standard
[2026-09-18 08:07:56] [Representation task] Done | pid=3067 | split=cross_session_e0fced86ada0 | group=bci2a_cross_session_delta_1_4 | representation=statistical__all_standard | elapsed=0s
[2026-09-18 08:07:56] [Representation] Progress 137/216 | remaining=79 | elapsed=22s | eta≈13s
[2026-09-18 08:07:56] [Representation task] Starting | pid=3067 | split=cross_session_e0fced86ada0 | group=bci2a_cross_session_delta_1_4 | representation=temporal__all_standard
[2026-09-18 08:07:56] [Representation task] Done | pid=3067 | split=cross_session_e0fced86ada0 | group=bci2a_cross_session_delta_1_4 | representation=temporal__all_standard | elapsed=0s
[2026-09-18 08:07:56] [Representation] Progress 138/216 | remaining=78 | elapsed=22s | eta≈12s
[2026-09-18 08:07:56] [Representation task] Starting | pid=3067 | split=cross_session_e0fced86ada0 | group=bci2a_cross_session_delta_1_4 | representation=csp_6__all_standard
[2026-09-18 08:07:56] [Representation task] Done | pid=3067 | split=cross_session_e0fced86ada0 | group=bci2a_cross_session_delta_1_4 | representation=csp_6__all_standard | elapsed=0s
[2026-09-18 08:07:56] [Representation] Progress 139/216 | remaining=77 | elapsed=22s | eta≈12s
[2026-09-18 08:07:56] [Representation task] Starting | pid=3067 | split=cross_session_e0fced86ada0 | group=bci2a_cross_session_delta_1_4 | representation=standardized_signal
[2026-09-18 08:07:56] [Representation task] Done | pid=3067 | split=cross_session_e0fced86ada0 | group=bci2a_cross_session_delta_1_4 | representation=standardized_signal | elapsed=0s
[2026-09-18 08:07:56] [Representation] Progress 140/216 | remaining=76 | elapsed=22s | eta≈12s
[2026-09-18 08:07:56] [Representation task] Starting | pid=3067 | split=cross_session_a4a512d44495 | group=bci2a_cross_session_delta_1_4 | representation=statistical__all_standard
[2026-09-18 08:07:58] [Representation task] Done | pid=3067 | split=cross_session_a4a512d44495 | group=bci2a_cross_session_delta_1_4 | representation=statistical__all_standard | elapsed=2s
[2026-09-18 08:07:58] [Representation] Progress 141/216 | remaining=75 | elapsed=24s | eta≈13s
[2026-09-18 08:07:58] [Representation task] Starting | pid=3067 | split=cross_session_a4a512d44495 | group=bci2a_cross_session_delta_1_4 | representation=temporal__all_standard
[2026-09-18 08:07:59] [Representation task] Done | pid=3067 | split=cross_session_a4a512d44495 | group=bci2a_cross_session_delta_1_4 | representation=temporal__all_standard | elapsed=1s
[2026-09-18 08:07:59] [Representation] Progress 142/216 | remaining=74 | elapsed=25s | eta≈13s
[2026-09-18 08:07:59] [Representation task] Starting | pid=3067 | split=cross_session_a4a512d44495 | group=bci2a_cross_session_delta_1_4 | representation=csp_6__all_standard
[2026-09-18 08:07:59] [Representation task] Done | pid=3067 | split=cross_session_a4a512d44495 | group=bci2a_cross_session_delta_1_4 | representation=csp_6__all_standard | elapsed=0s
[2026-09-18 08:07:59] [Representation] Progress 143/216 | remaining=73 | elapsed=25s | eta≈13s
[2026-09-18 08:07:59] [Representation task] Starting | pid=3067 | split=cross_session_a4a512d44495 | group=bci2a_cross_session_delta_1_4 | representation=standardized_signal
[2026-09-18 08:07:59] [Representation task] Done | pid=3067 | split=cross_session_a4a512d44495 | group=bci2a_cross_session_delta_1_4 | representation=standardized_signal | elapsed=0s
[2026-09-18 08:07:59] [Representation] Progress 144/216 | remaining=72 | elapsed=25s | eta≈13s
[2026-09-18 08:07:59] [Representation task] Starting | pid=3067 | split=cross_session_1b876c6750c6 | group=bci2a_cross_session_theta_4_8 | representation=statistical__all_standard
[2026-09-18 08:07:59] [Representation task] Done | pid=3067 | split=cross_session_1b876c6750c6 | group=bci2a_cross_session_theta_4_8 | representation=statistical__all_standard | elapsed=0s
[2026-09-18 08:07:59] [Representation] Progress 145/216 | remaining=71 | elapsed=25s | eta≈12s
[2026-09-18 08:07:59] [Representation task] Starting | pid=3067 | split=cross_session_1b876c6750c6 | group=bci2a_cross_session_theta_4_8 | representation=temporal__all_standard
[2026-09-18 08:07:59] [Representation task] Done | pid=3067 | split=cross_session_1b876c6750c6 | group=bci2a_cross_session_theta_4_8 | representation=temporal__all_standard | elapsed=0s
[2026-09-18 08:07:59] [Representation] Progress 146/216 | remaining=70 | elapsed=25s | eta≈12s
[2026-09-18 08:07:59] [Representation task] Starting | pid=3067 | split=cross_session_1b876c6750c6 | group=bci2a_cross_session_theta_4_8 | representation=csp_6__all_standard
[2026-09-18 08:07:59] [Representation task] Done | pid=3067 | split=cross_session_1b876c6750c6 | group=bci2a_cross_session_theta_4_8 | representation=csp_6__all_standard | elapsed=0s
[2026-09-18 08:07:59] [Representation] Progress 147/216 | remaining=69 | elapsed=25s | eta≈12s
[2026-09-18 08:07:59] [Representation task] Starting | pid=3067 | split=cross_session_1b876c6750c6 | group=bci2a_cross_session_theta_4_8 | representation=standardized_signal
[2026-09-18 08:07:59] [Representation task] Done | pid=3067 | split=cross_session_1b876c6750c6 | group=bci2a_cross_session_theta_4_8 | representation=standardized_signal | elapsed=0s
[2026-09-18 08:07:59] [Representation] Progress 148/216 | remaining=68 | elapsed=25s | eta≈12s
[2026-09-18 08:07:59] [Representation task] Starting | pid=3067 | split=cross_session_b244bedb6ccf | group=bci2a_cross_session_theta_4_8 | representation=statistical__all_standard
[2026-09-18 08:07:59] [Representation task] Done | pid=3067 | split=cross_session_b244bedb6ccf | group=bci2a_cross_session_theta_4_8 | representation=statistical__all_standard | elapsed=0s
[2026-09-18 08:07:59] [Representation] Progress 149/216 | remaining=67 | elapsed=25s | eta≈11s
[2026-09-18 08:07:59] [Representation task] Starting | pid=3067 | split=cross_session_b244bedb6ccf | group=bci2a_cross_session_theta_4_8 | representation=temporal__all_standard
[2026-09-18 08:07:59] [Representation task] Done | pid=3067 | split=cross_session_b244bedb6ccf | group=bci2a_cross_session_theta_4_8 | representation=temporal__all_standard | elapsed=0s
[2026-09-18 08:07:59] [Representation] Progress 150/216 | remaining=66 | elapsed=25s | eta≈11s
[2026-09-18 08:07:59] [Representation task] Starting | pid=3067 | split=cross_session_b244bedb6ccf | group=bci2a_cross_session_theta_4_8 | representation=csp_6__all_standard
[2026-09-18 08:07:59] [Representation task] Done | pid=3067 | split=cross_session_b244bedb6ccf | group=bci2a_cross_session_theta_4_8 | representation=csp_6__all_standard | elapsed=0s
[2026-09-18 08:07:59] [Representation] Progress 151/216 | remaining=65 | elapsed=25s | eta≈11s
[2026-09-18 08:07:59] [Representation task] Starting | pid=3067 | split=cross_session_b244bedb6ccf | group=bci2a_cross_session_theta_4_8 | representation=standardized_signal
[2026-09-18 08:07:59] [Representation task] Done | pid=3067 | split=cross_session_b244bedb6ccf | group=bci2a_cross_session_theta_4_8 | representation=standardized_signal | elapsed=0s
[2026-09-18 08:07:59] [Representation] Progress 152/216 | remaining=64 | elapsed=25s | eta≈11s
[2026-09-18 08:07:59] [Representation task] Starting | pid=3067 | split=cross_session_7d0c3c21e647 | group=bci2a_cross_session_theta_4_8 | representation=statistical__all_standard
[2026-09-18 08:07:59] [Representation task] Done | pid=3067 | split=cross_session_7d0c3c21e647 | group=bci2a_cross_session_theta_4_8 | representation=statistical__all_standard | elapsed=0s
[2026-09-18 08:07:59] [Representation] Progress 153/216 | remaining=63 | elapsed=25s | eta≈10s
[2026-09-18 08:07:59] [Representation task] Starting | pid=3067 | split=cross_session_7d0c3c21e647 | group=bci2a_cross_session_theta_4_8 | representation=temporal__all_standard
[2026-09-18 08:07:59] [Representation task] Done | pid=3067 | split=cross_session_7d0c3c21e647 | group=bci2a_cross_session_theta_4_8 | representation=temporal__all_standard | elapsed=0s
[2026-09-18 08:07:59] [Representation] Progress 154/216 | remaining=62 | elapsed=25s | eta≈10s
[2026-09-18 08:07:59] [Representation task] Starting | pid=3067 | split=cross_session_7d0c3c21e647 | group=bci2a_cross_session_theta_4_8 | representation=csp_6__all_standard
[2026-09-18 08:07:59] [Representation task] Done | pid=3067 | split=cross_session_7d0c3c21e647 | group=bci2a_cross_session_theta_4_8 | representation=csp_6__all_standard | elapsed=0s
[2026-09-18 08:07:59] [Representation] Progress 155/216 | remaining=61 | elapsed=25s | eta≈10s
[2026-09-18 08:07:59] [Representation task] Starting | pid=3067 | split=cross_session_7d0c3c21e647 | group=bci2a_cross_session_theta_4_8 | representation=standardized_signal
[2026-09-18 08:07:59] [Representation task] Done | pid=3067 | split=cross_session_7d0c3c21e647 | group=bci2a_cross_session_theta_4_8 | representation=standardized_signal | elapsed=0s
[2026-09-18 08:07:59] [Representation] Progress 156/216 | remaining=60 | elapsed=25s | eta≈10s
[2026-09-18 08:07:59] [Representation task] Starting | pid=3067 | split=cross_session_54cbc56ae5af | group=bci2a_cross_session_theta_4_8 | representation=statistical__all_standard
[2026-09-18 08:07:59] [Representation task] Done | pid=3067 | split=cross_session_54cbc56ae5af | group=bci2a_cross_session_theta_4_8 | representation=statistical__all_standard | elapsed=0s
[2026-09-18 08:07:59] [Representation] Progress 157/216 | remaining=59 | elapsed=25s | eta≈10s
[2026-09-18 08:07:59] [Representation task] Starting | pid=3067 | split=cross_session_54cbc56ae5af | group=bci2a_cross_session_theta_4_8 | representation=temporal__all_standard
[2026-09-18 08:07:59] [Representation task] Done | pid=3067 | split=cross_session_54cbc56ae5af | group=bci2a_cross_session_theta_4_8 | representation=temporal__all_standard | elapsed=0s
[2026-09-18 08:07:59] [Representation] Progress 158/216 | remaining=58 | elapsed=25s | eta≈9s
[2026-09-18 08:07:59] [Representation task] Starting | pid=3067 | split=cross_session_54cbc56ae5af | group=bci2a_cross_session_theta_4_8 | representation=csp_6__all_standard
[2026-09-18 08:07:59] [Representation task] Done | pid=3067 | split=cross_session_54cbc56ae5af | group=bci2a_cross_session_theta_4_8 | representation=csp_6__all_standard | elapsed=0s
[2026-09-18 08:07:59] [Representation] Progress 159/216 | remaining=57 | elapsed=25s | eta≈9s
[2026-09-18 08:07:59] [Representation task] Starting | pid=3067 | split=cross_session_54cbc56ae5af | group=bci2a_cross_session_theta_4_8 | representation=standardized_signal
[2026-09-18 08:07:59] [Representation task] Done | pid=3067 | split=cross_session_54cbc56ae5af | group=bci2a_cross_session_theta_4_8 | representation=standardized_signal | elapsed=0s
[2026-09-18 08:07:59] [Representation] Progress 160/216 | remaining=56 | elapsed=25s | eta≈9s
[2026-09-18 08:07:59] [Representation task] Starting | pid=3067 | split=cross_session_604d3d53674b | group=bci2a_cross_session_theta_4_8 | representation=statistical__all_standard
[2026-09-18 08:07:59] [Representation task] Done | pid=3067 | split=cross_session_604d3d53674b | group=bci2a_cross_session_theta_4_8 | representation=statistical__all_standard | elapsed=0s
[2026-09-18 08:07:59] [Representation] Progress 161/216 | remaining=55 | elapsed=25s | eta≈9s
[2026-09-18 08:07:59] [Representation task] Starting | pid=3067 | split=cross_session_604d3d53674b | group=bci2a_cross_session_theta_4_8 | representation=temporal__all_standard
[2026-09-18 08:07:59] [Representation task] Done | pid=3067 | split=cross_session_604d3d53674b | group=bci2a_cross_session_theta_4_8 | representation=temporal__all_standard | elapsed=0s
[2026-09-18 08:07:59] [Representation] Progress 162/216 | remaining=54 | elapsed=25s | eta≈8s
[2026-09-18 08:07:59] [Representation task] Starting | pid=3067 | split=cross_session_604d3d53674b | group=bci2a_cross_session_theta_4_8 | representation=csp_6__all_standard
[2026-09-18 08:08:01] [Representation task] Done | pid=3067 | split=cross_session_604d3d53674b | group=bci2a_cross_session_theta_4_8 | representation=csp_6__all_standard | elapsed=2s
[2026-09-18 08:08:01] [Representation] Progress 163/216 | remaining=53 | elapsed=27s | eta≈9s
[2026-09-18 08:08:01] [Representation task] Starting | pid=3067 | split=cross_session_604d3d53674b | group=bci2a_cross_session_theta_4_8 | representation=standardized_signal
[2026-09-18 08:08:02] [Representation task] Done | pid=3067 | split=cross_session_604d3d53674b | group=bci2a_cross_session_theta_4_8 | representation=standardized_signal | elapsed=2s
[2026-09-18 08:08:02] [Representation] Progress 164/216 | remaining=52 | elapsed=28s | eta≈9s
[2026-09-18 08:08:02] [Representation task] Starting | pid=3067 | split=cross_session_d470a4c875d7 | group=bci2a_cross_session_theta_4_8 | representation=statistical__all_standard
[2026-09-18 08:08:02] [Representation task] Done | pid=3067 | split=cross_session_d470a4c875d7 | group=bci2a_cross_session_theta_4_8 | representation=statistical__all_standard | elapsed=0s
[2026-09-18 08:08:02] [Representation] Progress 165/216 | remaining=51 | elapsed=28s | eta≈9s
[2026-09-18 08:08:02] [Representation task] Starting | pid=3067 | split=cross_session_d470a4c875d7 | group=bci2a_cross_session_theta_4_8 | representation=temporal__all_standard
[2026-09-18 08:08:02] [Representation task] Done | pid=3067 | split=cross_session_d470a4c875d7 | group=bci2a_cross_session_theta_4_8 | representation=temporal__all_standard | elapsed=0s
[2026-09-18 08:08:02] [Representation] Progress 166/216 | remaining=50 | elapsed=28s | eta≈9s
[2026-09-18 08:08:02] [Representation task] Starting | pid=3067 | split=cross_session_d470a4c875d7 | group=bci2a_cross_session_theta_4_8 | representation=csp_6__all_standard
[2026-09-18 08:08:02] [Representation task] Done | pid=3067 | split=cross_session_d470a4c875d7 | group=bci2a_cross_session_theta_4_8 | representation=csp_6__all_standard | elapsed=0s
[2026-09-18 08:08:02] [Representation] Progress 167/216 | remaining=49 | elapsed=28s | eta≈8s
[2026-09-18 08:08:02] [Representation task] Starting | pid=3067 | split=cross_session_d470a4c875d7 | group=bci2a_cross_session_theta_4_8 | representation=standardized_signal
[2026-09-18 08:08:02] [Representation task] Done | pid=3067 | split=cross_session_d470a4c875d7 | group=bci2a_cross_session_theta_4_8 | representation=standardized_signal | elapsed=0s
[2026-09-18 08:08:02] [Representation] Progress 168/216 | remaining=48 | elapsed=28s | eta≈8s
[2026-09-18 08:08:02] [Representation task] Starting | pid=3067 | split=cross_session_9f6162b3e24c | group=bci2a_cross_session_theta_4_8 | representation=statistical__all_standard
[2026-09-18 08:08:02] [Representation task] Done | pid=3067 | split=cross_session_9f6162b3e24c | group=bci2a_cross_session_theta_4_8 | representation=statistical__all_standard | elapsed=0s
[2026-09-18 08:08:02] [Representation] Progress 169/216 | remaining=47 | elapsed=28s | eta≈8s
[2026-09-18 08:08:02] [Representation task] Starting | pid=3067 | split=cross_session_9f6162b3e24c | group=bci2a_cross_session_theta_4_8 | representation=temporal__all_standard
[2026-09-18 08:08:02] [Representation task] Done | pid=3067 | split=cross_session_9f6162b3e24c | group=bci2a_cross_session_theta_4_8 | representation=temporal__all_standard | elapsed=0s
[2026-09-18 08:08:02] [Representation] Progress 170/216 | remaining=46 | elapsed=28s | eta≈8s
[2026-09-18 08:08:02] [Representation task] Starting | pid=3067 | split=cross_session_9f6162b3e24c | group=bci2a_cross_session_theta_4_8 | representation=csp_6__all_standard
[2026-09-18 08:08:02] [Representation task] Done | pid=3067 | split=cross_session_9f6162b3e24c | group=bci2a_cross_session_theta_4_8 | representation=csp_6__all_standard | elapsed=0s
[2026-09-18 08:08:02] [Representation] Progress 171/216 | remaining=45 | elapsed=28s | eta≈7s
[2026-09-18 08:08:02] [Representation task] Starting | pid=3067 | split=cross_session_9f6162b3e24c | group=bci2a_cross_session_theta_4_8 | representation=standardized_signal
[2026-09-18 08:08:02] [Representation task] Done | pid=3067 | split=cross_session_9f6162b3e24c | group=bci2a_cross_session_theta_4_8 | representation=standardized_signal | elapsed=0s
[2026-09-18 08:08:02] [Representation] Progress 172/216 | remaining=44 | elapsed=28s | eta≈7s
[2026-09-18 08:08:02] [Representation task] Starting | pid=3067 | split=cross_session_a6d19810d2cf | group=bci2a_cross_session_theta_4_8 | representation=statistical__all_standard
[2026-09-18 08:08:02] [Representation task] Done | pid=3067 | split=cross_session_a6d19810d2cf | group=bci2a_cross_session_theta_4_8 | representation=statistical__all_standard | elapsed=0s
[2026-09-18 08:08:02] [Representation] Progress 173/216 | remaining=43 | elapsed=28s | eta≈7s
[2026-09-18 08:08:02] [Representation task] Starting | pid=3067 | split=cross_session_a6d19810d2cf | group=bci2a_cross_session_theta_4_8 | representation=temporal__all_standard
[2026-09-18 08:08:02] [Representation task] Done | pid=3067 | split=cross_session_a6d19810d2cf | group=bci2a_cross_session_theta_4_8 | representation=temporal__all_standard | elapsed=0s
[2026-09-18 08:08:02] [Representation] Progress 174/216 | remaining=42 | elapsed=28s | eta≈7s
[2026-09-18 08:08:02] [Representation task] Starting | pid=3067 | split=cross_session_a6d19810d2cf | group=bci2a_cross_session_theta_4_8 | representation=csp_6__all_standard
[2026-09-18 08:08:02] [Representation task] Done | pid=3067 | split=cross_session_a6d19810d2cf | group=bci2a_cross_session_theta_4_8 | representation=csp_6__all_standard | elapsed=0s
[2026-09-18 08:08:02] [Representation] Progress 175/216 | remaining=41 | elapsed=28s | eta≈7s
[2026-09-18 08:08:02] [Representation task] Starting | pid=3067 | split=cross_session_a6d19810d2cf | group=bci2a_cross_session_theta_4_8 | representation=standardized_signal
[2026-09-18 08:08:02] [Representation task] Done | pid=3067 | split=cross_session_a6d19810d2cf | group=bci2a_cross_session_theta_4_8 | representation=standardized_signal | elapsed=0s
[2026-09-18 08:08:02] [Representation] Progress 176/216 | remaining=40 | elapsed=28s | eta≈6s
[2026-09-18 08:08:02] [Representation task] Starting | pid=3067 | split=cross_session_101bba2ac83d | group=bci2a_cross_session_theta_4_8 | representation=statistical__all_standard
[2026-09-18 08:08:02] [Representation task] Done | pid=3067 | split=cross_session_101bba2ac83d | group=bci2a_cross_session_theta_4_8 | representation=statistical__all_standard | elapsed=0s
[2026-09-18 08:08:02] [Representation] Progress 177/216 | remaining=39 | elapsed=28s | eta≈6s
[2026-09-18 08:08:02] [Representation task] Starting | pid=3067 | split=cross_session_101bba2ac83d | group=bci2a_cross_session_theta_4_8 | representation=temporal__all_standard
[2026-09-18 08:08:02] [Representation task] Done | pid=3067 | split=cross_session_101bba2ac83d | group=bci2a_cross_session_theta_4_8 | representation=temporal__all_standard | elapsed=0s
[2026-09-18 08:08:02] [Representation] Progress 178/216 | remaining=38 | elapsed=28s | eta≈6s
[2026-09-18 08:08:02] [Representation task] Starting | pid=3067 | split=cross_session_101bba2ac83d | group=bci2a_cross_session_theta_4_8 | representation=csp_6__all_standard
[2026-09-18 08:08:02] [Representation task] Done | pid=3067 | split=cross_session_101bba2ac83d | group=bci2a_cross_session_theta_4_8 | representation=csp_6__all_standard | elapsed=0s
[2026-09-18 08:08:02] [Representation] Progress 179/216 | remaining=37 | elapsed=28s | eta≈6s
[2026-09-18 08:08:02] [Representation task] Starting | pid=3067 | split=cross_session_101bba2ac83d | group=bci2a_cross_session_theta_4_8 | representation=standardized_signal
[2026-09-18 08:08:02] [Representation task] Done | pid=3067 | split=cross_session_101bba2ac83d | group=bci2a_cross_session_theta_4_8 | representation=standardized_signal | elapsed=0s
[2026-09-18 08:08:02] [Representation] Progress 180/216 | remaining=36 | elapsed=28s | eta≈6s
[2026-09-18 08:08:02] [Representation task] Starting | pid=3067 | split=cross_session_4c0541c9688c | group=bci2a_cross_session_theta_4_8 | representation=statistical__all_standard
[2026-09-18 08:08:02] [Representation task] Done | pid=3067 | split=cross_session_4c0541c9688c | group=bci2a_cross_session_theta_4_8 | representation=statistical__all_standard | elapsed=0s
[2026-09-18 08:08:02] [Representation] Progress 181/216 | remaining=35 | elapsed=28s | eta≈5s
[2026-09-18 08:08:02] [Representation task] Starting | pid=3067 | split=cross_session_4c0541c9688c | group=bci2a_cross_session_theta_4_8 | representation=temporal__all_standard
[2026-09-18 08:08:02] [Representation task] Done | pid=3067 | split=cross_session_4c0541c9688c | group=bci2a_cross_session_theta_4_8 | representation=temporal__all_standard | elapsed=0s
[2026-09-18 08:08:02] [Representation] Progress 182/216 | remaining=34 | elapsed=28s | eta≈5s
[2026-09-18 08:08:02] [Representation task] Starting | pid=3067 | split=cross_session_4c0541c9688c | group=bci2a_cross_session_theta_4_8 | representation=csp_6__all_standard
[2026-09-18 08:08:02] [Representation task] Done | pid=3067 | split=cross_session_4c0541c9688c | group=bci2a_cross_session_theta_4_8 | representation=csp_6__all_standard | elapsed=0s
[2026-09-18 08:08:02] [Representation] Progress 183/216 | remaining=33 | elapsed=28s | eta≈5s
[2026-09-18 08:08:02] [Representation task] Starting | pid=3067 | split=cross_session_4c0541c9688c | group=bci2a_cross_session_theta_4_8 | representation=standardized_signal
[2026-09-18 08:08:02] [Representation task] Done | pid=3067 | split=cross_session_4c0541c9688c | group=bci2a_cross_session_theta_4_8 | representation=standardized_signal | elapsed=0s
[2026-09-18 08:08:02] [Representation] Progress 184/216 | remaining=32 | elapsed=28s | eta≈5s
[2026-09-18 08:08:02] [Representation task] Starting | pid=3067 | split=cross_session_325ebffcfcb2 | group=bci2a_cross_session_theta_4_8 | representation=statistical__all_standard
[2026-09-18 08:08:02] [Representation task] Done | pid=3067 | split=cross_session_325ebffcfcb2 | group=bci2a_cross_session_theta_4_8 | representation=statistical__all_standard | elapsed=0s
[2026-09-18 08:08:02] [Representation] Progress 185/216 | remaining=31 | elapsed=28s | eta≈5s
[2026-09-18 08:08:02] [Representation task] Starting | pid=3067 | split=cross_session_325ebffcfcb2 | group=bci2a_cross_session_theta_4_8 | representation=temporal__all_standard
[2026-09-18 08:08:02] [Representation task] Done | pid=3067 | split=cross_session_325ebffcfcb2 | group=bci2a_cross_session_theta_4_8 | representation=temporal__all_standard | elapsed=0s
[2026-09-18 08:08:02] [Representation] Progress 186/216 | remaining=30 | elapsed=28s | eta≈5s
[2026-09-18 08:08:02] [Representation task] Starting | pid=3067 | split=cross_session_325ebffcfcb2 | group=bci2a_cross_session_theta_4_8 | representation=csp_6__all_standard
[2026-09-18 08:08:02] [Representation task] Done | pid=3067 | split=cross_session_325ebffcfcb2 | group=bci2a_cross_session_theta_4_8 | representation=csp_6__all_standard | elapsed=0s
[2026-09-18 08:08:02] [Representation] Progress 187/216 | remaining=29 | elapsed=28s | eta≈4s
[2026-09-18 08:08:02] [Representation task] Starting | pid=3067 | split=cross_session_325ebffcfcb2 | group=bci2a_cross_session_theta_4_8 | representation=standardized_signal
[2026-09-18 08:08:02] [Representation task] Done | pid=3067 | split=cross_session_325ebffcfcb2 | group=bci2a_cross_session_theta_4_8 | representation=standardized_signal | elapsed=0s
[2026-09-18 08:08:02] [Representation] Progress 188/216 | remaining=28 | elapsed=28s | eta≈4s
[2026-09-18 08:08:02] [Representation task] Starting | pid=3067 | split=cross_session_f9911b9cb057 | group=bci2a_cross_session_theta_4_8 | representation=statistical__all_standard
[2026-09-18 08:08:02] [Representation task] Done | pid=3067 | split=cross_session_f9911b9cb057 | group=bci2a_cross_session_theta_4_8 | representation=statistical__all_standard | elapsed=0s
[2026-09-18 08:08:02] [Representation] Progress 189/216 | remaining=27 | elapsed=28s | eta≈4s
[2026-09-18 08:08:02] [Representation task] Starting | pid=3067 | split=cross_session_f9911b9cb057 | group=bci2a_cross_session_theta_4_8 | representation=temporal__all_standard
[2026-09-18 08:08:02] [Representation task] Done | pid=3067 | split=cross_session_f9911b9cb057 | group=bci2a_cross_session_theta_4_8 | representation=temporal__all_standard | elapsed=0s
[2026-09-18 08:08:02] [Representation] Progress 190/216 | remaining=26 | elapsed=28s | eta≈4s
[2026-09-18 08:08:02] [Representation task] Starting | pid=3067 | split=cross_session_f9911b9cb057 | group=bci2a_cross_session_theta_4_8 | representation=csp_6__all_standard
[2026-09-18 08:08:02] [Representation task] Done | pid=3067 | split=cross_session_f9911b9cb057 | group=bci2a_cross_session_theta_4_8 | representation=csp_6__all_standard | elapsed=0s
[2026-09-18 08:08:02] [Representation] Progress 191/216 | remaining=25 | elapsed=28s | eta≈4s
[2026-09-18 08:08:02] [Representation task] Starting | pid=3067 | split=cross_session_f9911b9cb057 | group=bci2a_cross_session_theta_4_8 | representation=standardized_signal
[2026-09-18 08:08:02] [Representation task] Done | pid=3067 | split=cross_session_f9911b9cb057 | group=bci2a_cross_session_theta_4_8 | representation=standardized_signal | elapsed=0s
[2026-09-18 08:08:02] [Representation] Progress 192/216 | remaining=24 | elapsed=28s | eta≈4s
[2026-09-18 08:08:02] [Representation task] Starting | pid=3067 | split=cross_session_5520fb22cf29 | group=bci2a_cross_session_theta_4_8 | representation=statistical__all_standard
[2026-09-18 08:08:02] [Representation task] Done | pid=3067 | split=cross_session_5520fb22cf29 | group=bci2a_cross_session_theta_4_8 | representation=statistical__all_standard | elapsed=0s
[2026-09-18 08:08:02] [Representation] Progress 193/216 | remaining=23 | elapsed=28s | eta≈3s
[2026-09-18 08:08:02] [Representation task] Starting | pid=3067 | split=cross_session_5520fb22cf29 | group=bci2a_cross_session_theta_4_8 | representation=temporal__all_standard
[2026-09-18 08:08:02] [Representation task] Done | pid=3067 | split=cross_session_5520fb22cf29 | group=bci2a_cross_session_theta_4_8 | representation=temporal__all_standard | elapsed=0s
[2026-09-18 08:08:02] [Representation] Progress 194/216 | remaining=22 | elapsed=28s | eta≈3s
[2026-09-18 08:08:02] [Representation task] Starting | pid=3067 | split=cross_session_5520fb22cf29 | group=bci2a_cross_session_theta_4_8 | representation=csp_6__all_standard
[2026-09-18 08:08:02] [Representation task] Done | pid=3067 | split=cross_session_5520fb22cf29 | group=bci2a_cross_session_theta_4_8 | representation=csp_6__all_standard | elapsed=0s
[2026-09-18 08:08:02] [Representation] Progress 195/216 | remaining=21 | elapsed=28s | eta≈3s
[2026-09-18 08:08:02] [Representation task] Starting | pid=3067 | split=cross_session_5520fb22cf29 | group=bci2a_cross_session_theta_4_8 | representation=standardized_signal
[2026-09-18 08:08:02] [Representation task] Done | pid=3067 | split=cross_session_5520fb22cf29 | group=bci2a_cross_session_theta_4_8 | representation=standardized_signal | elapsed=0s
[2026-09-18 08:08:02] [Representation] Progress 196/216 | remaining=20 | elapsed=28s | eta≈3s
[2026-09-18 08:08:02] [Representation task] Starting | pid=3067 | split=cross_session_0f01d69d3fbf | group=bci2a_cross_session_theta_4_8 | representation=statistical__all_standard
[2026-09-18 08:08:02] [Representation task] Done | pid=3067 | split=cross_session_0f01d69d3fbf | group=bci2a_cross_session_theta_4_8 | representation=statistical__all_standard | elapsed=0s
[2026-09-18 08:08:02] [Representation] Progress 197/216 | remaining=19 | elapsed=28s | eta≈3s
[2026-09-18 08:08:02] [Representation task] Starting | pid=3067 | split=cross_session_0f01d69d3fbf | group=bci2a_cross_session_theta_4_8 | representation=temporal__all_standard
[2026-09-18 08:08:02] [Representation task] Done | pid=3067 | split=cross_session_0f01d69d3fbf | group=bci2a_cross_session_theta_4_8 | representation=temporal__all_standard | elapsed=0s
[2026-09-18 08:08:02] [Representation] Progress 198/216 | remaining=18 | elapsed=28s | eta≈3s
[2026-09-18 08:08:02] [Representation task] Starting | pid=3067 | split=cross_session_0f01d69d3fbf | group=bci2a_cross_session_theta_4_8 | representation=csp_6__all_standard
[2026-09-18 08:08:02] [Representation task] Done | pid=3067 | split=cross_session_0f01d69d3fbf | group=bci2a_cross_session_theta_4_8 | representation=csp_6__all_standard | elapsed=0s
[2026-09-18 08:08:02] [Representation] Progress 199/216 | remaining=17 | elapsed=28s | eta≈2s
[2026-09-18 08:08:02] [Representation task] Starting | pid=3067 | split=cross_session_0f01d69d3fbf | group=bci2a_cross_session_theta_4_8 | representation=standardized_signal
[2026-09-18 08:08:02] [Representation task] Done | pid=3067 | split=cross_session_0f01d69d3fbf | group=bci2a_cross_session_theta_4_8 | representation=standardized_signal | elapsed=0s
[2026-09-18 08:08:02] [Representation] Progress 200/216 | remaining=16 | elapsed=28s | eta≈2s
[2026-09-18 08:08:02] [Representation task] Starting | pid=3067 | split=cross_session_36c157397a02 | group=bci2a_cross_session_theta_4_8 | representation=statistical__all_standard
[2026-09-18 08:08:02] [Representation task] Done | pid=3067 | split=cross_session_36c157397a02 | group=bci2a_cross_session_theta_4_8 | representation=statistical__all_standard | elapsed=0s
[2026-09-18 08:08:02] [Representation] Progress 201/216 | remaining=15 | elapsed=28s | eta≈2s
[2026-09-18 08:08:02] [Representation task] Starting | pid=3067 | split=cross_session_36c157397a02 | group=bci2a_cross_session_theta_4_8 | representation=temporal__all_standard
[2026-09-18 08:08:02] [Representation task] Done | pid=3067 | split=cross_session_36c157397a02 | group=bci2a_cross_session_theta_4_8 | representation=temporal__all_standard | elapsed=0s
[2026-09-18 08:08:02] [Representation] Progress 202/216 | remaining=14 | elapsed=28s | eta≈2s
[2026-09-18 08:08:02] [Representation task] Starting | pid=3067 | split=cross_session_36c157397a02 | group=bci2a_cross_session_theta_4_8 | representation=csp_6__all_standard
[2026-09-18 08:08:02] [Representation task] Done | pid=3067 | split=cross_session_36c157397a02 | group=bci2a_cross_session_theta_4_8 | representation=csp_6__all_standard | elapsed=0s
[2026-09-18 08:08:02] [Representation] Progress 203/216 | remaining=13 | elapsed=28s | eta≈2s
[2026-09-18 08:08:02] [Representation task] Starting | pid=3067 | split=cross_session_36c157397a02 | group=bci2a_cross_session_theta_4_8 | representation=standardized_signal
[2026-09-18 08:08:02] [Representation task] Done | pid=3067 | split=cross_session_36c157397a02 | group=bci2a_cross_session_theta_4_8 | representation=standardized_signal | elapsed=0s
[2026-09-18 08:08:02] [Representation] Progress 204/216 | remaining=12 | elapsed=28s | eta≈2s
[2026-09-18 08:08:02] [Representation task] Starting | pid=3067 | split=cross_session_d8f4f115dd09 | group=bci2a_cross_session_theta_4_8 | representation=statistical__all_standard
[2026-09-18 08:08:02] [Representation task] Done | pid=3067 | split=cross_session_d8f4f115dd09 | group=bci2a_cross_session_theta_4_8 | representation=statistical__all_standard | elapsed=0s
[2026-09-18 08:08:02] [Representation] Progress 205/216 | remaining=11 | elapsed=28s | eta≈2s
[2026-09-18 08:08:02] [Representation task] Starting | pid=3067 | split=cross_session_d8f4f115dd09 | group=bci2a_cross_session_theta_4_8 | representation=temporal__all_standard
[2026-09-18 08:08:02] [Representation task] Done | pid=3067 | split=cross_session_d8f4f115dd09 | group=bci2a_cross_session_theta_4_8 | representation=temporal__all_standard | elapsed=0s
[2026-09-18 08:08:02] [Representation] Progress 206/216 | remaining=10 | elapsed=28s | eta≈1s
[2026-09-18 08:08:02] [Representation task] Starting | pid=3067 | split=cross_session_d8f4f115dd09 | group=bci2a_cross_session_theta_4_8 | representation=csp_6__all_standard
[2026-09-18 08:08:02] [Representation task] Done | pid=3067 | split=cross_session_d8f4f115dd09 | group=bci2a_cross_session_theta_4_8 | representation=csp_6__all_standard | elapsed=0s
[2026-09-18 08:08:02] [Representation] Progress 207/216 | remaining=9 | elapsed=28s | eta≈1s
[2026-09-18 08:08:02] [Representation task] Starting | pid=3067 | split=cross_session_d8f4f115dd09 | group=bci2a_cross_session_theta_4_8 | representation=standardized_signal
[2026-09-18 08:08:02] [Representation task] Done | pid=3067 | split=cross_session_d8f4f115dd09 | group=bci2a_cross_session_theta_4_8 | representation=standardized_signal | elapsed=0s
[2026-09-18 08:08:02] [Representation] Progress 208/216 | remaining=8 | elapsed=28s | eta≈1s
[2026-09-18 08:08:02] [Representation task] Starting | pid=3067 | split=cross_session_e0fced86ada0 | group=bci2a_cross_session_theta_4_8 | representation=statistical__all_standard
[2026-09-18 08:08:02] [Representation task] Done | pid=3067 | split=cross_session_e0fced86ada0 | group=bci2a_cross_session_theta_4_8 | representation=statistical__all_standard | elapsed=0s
[2026-09-18 08:08:02] [Representation] Progress 209/216 | remaining=7 | elapsed=28s | eta≈1s
[2026-09-18 08:08:02] [Representation task] Starting | pid=3067 | split=cross_session_e0fced86ada0 | group=bci2a_cross_session_theta_4_8 | representation=temporal__all_standard
[2026-09-18 08:08:02] [Representation task] Done | pid=3067 | split=cross_session_e0fced86ada0 | group=bci2a_cross_session_theta_4_8 | representation=temporal__all_standard | elapsed=0s
[2026-09-18 08:08:02] [Representation] Progress 210/216 | remaining=6 | elapsed=28s | eta≈1s
[2026-09-18 08:08:02] [Representation task] Starting | pid=3067 | split=cross_session_e0fced86ada0 | group=bci2a_cross_session_theta_4_8 | representation=csp_6__all_standard
[2026-09-18 08:08:02] [Representation task] Done | pid=3067 | split=cross_session_e0fced86ada0 | group=bci2a_cross_session_theta_4_8 | representation=csp_6__all_standard | elapsed=0s
[2026-09-18 08:08:02] [Representation] Progress 211/216 | remaining=5 | elapsed=28s | eta≈1s
[2026-09-18 08:08:02] [Representation task] Starting | pid=3067 | split=cross_session_e0fced86ada0 | group=bci2a_cross_session_theta_4_8 | representation=standardized_signal
[2026-09-18 08:08:02] [Representation task] Done | pid=3067 | split=cross_session_e0fced86ada0 | group=bci2a_cross_session_theta_4_8 | representation=standardized_signal | elapsed=0s
[2026-09-18 08:08:02] [Representation] Progress 212/216 | remaining=4 | elapsed=28s | eta≈1s
[2026-09-18 08:08:02] [Representation task] Starting | pid=3067 | split=cross_session_a4a512d44495 | group=bci2a_cross_session_theta_4_8 | representation=statistical__all_standard
[2026-09-18 08:08:04] [Representation task] Done | pid=3067 | split=cross_session_a4a512d44495 | group=bci2a_cross_session_theta_4_8 | representation=statistical__all_standard | elapsed=1s
[2026-09-18 08:08:04] [Representation] Progress 213/216 | remaining=3 | elapsed=30s | eta≈0s
[2026-09-18 08:08:04] [Representation task] Starting | pid=3067 | split=cross_session_a4a512d44495 | group=bci2a_cross_session_theta_4_8 | representation=temporal__all_standard
[2026-09-18 08:08:04] [Representation task] Done | pid=3067 | split=cross_session_a4a512d44495 | group=bci2a_cross_session_theta_4_8 | representation=temporal__all_standard | elapsed=0s
[2026-09-18 08:08:04] [Representation] Progress 214/216 | remaining=2 | elapsed=30s | eta≈0s
[2026-09-18 08:08:04] [Representation task] Starting | pid=3067 | split=cross_session_a4a512d44495 | group=bci2a_cross_session_theta_4_8 | representation=csp_6__all_standard
[2026-09-18 08:08:04] [Representation task] Done | pid=3067 | split=cross_session_a4a512d44495 | group=bci2a_cross_session_theta_4_8 | representation=csp_6__all_standard | elapsed=0s
[2026-09-18 08:08:04] [Representation] Progress 215/216 | remaining=1 | elapsed=30s | eta≈0s
[2026-09-18 08:08:04] [Representation task] Starting | pid=3067 | split=cross_session_a4a512d44495 | group=bci2a_cross_session_theta_4_8 | representation=standardized_signal
[2026-09-18 08:08:04] [Representation task] Done | pid=3067 | split=cross_session_a4a512d44495 | group=bci2a_cross_session_theta_4_8 | representation=standardized_signal | elapsed=0s
[2026-09-18 08:08:04] [Representation] Progress 216/216 | remaining=0 | elapsed=30s | eta≈0s
[2026-09-18 08:08:04] [Representation] Done | elapsed=30s
[2026-09-18 08:08:04] [Training] Starting...
[2026-09-18 08:08:04] [Training] Tasks=216 | workers=1
[2026-09-18 08:08:04] [Training task] Starting | pid=3067 | item=1 | split=cross_session_1b876c6750c6 | representation=statistical__all_standard | model=logistic_regression
[2026-09-18 08:08:04] [Training task] Done | pid=3067 | item=1 | split=cross_session_1b876c6750c6 | representation=statistical__all_standard | model=logistic_regression | elapsed=0s
[2026-09-18 08:08:04] [Training] Progress 1/216 | remaining=215 | elapsed=0s | eta≈2s
[2026-09-18 08:08:04] [Training task] Starting | pid=3067 | item=2 | split=cross_session_1b876c6750c6 | representation=temporal__all_standard | model=logistic_regression
[2026-09-18 08:08:06] [Training task] Done | pid=3067 | item=2 | split=cross_session_1b876c6750c6 | representation=temporal__all_standard | model=logistic_regression | elapsed=2s
[2026-09-18 08:08:06] [Training] Progress 2/216 | remaining=214 | elapsed=2s | eta≈3.1m
[2026-09-18 08:08:06] [Training task] Starting | pid=3067 | item=3 | split=cross_session_1b876c6750c6 | representation=csp_6__all_standard | model=logistic_regression
[2026-09-18 08:08:06] [Training task] Done | pid=3067 | item=3 | split=cross_session_1b876c6750c6 | representation=csp_6__all_standard | model=logistic_regression | elapsed=0s
[2026-09-18 08:08:06] [Training] Progress 3/216 | remaining=213 | elapsed=2s | eta≈2.0m
[2026-09-18 08:08:06] [Training task] Starting | pid=3067 | item=4 | split=cross_session_1b876c6750c6 | representation=standardized_signal | model=eegnet
[2026-09-18 08:08:06] [Training task] Done | pid=3067 | item=4 | split=cross_session_1b876c6750c6 | representation=standardized_signal | model=eegnet | elapsed=0s
[2026-09-18 08:08:06] [Training] Progress 4/216 | remaining=212 | elapsed=2s | eta≈1.5m
[2026-09-18 08:08:06] [Training task] Starting | pid=3067 | item=5 | split=cross_session_b244bedb6ccf | representation=statistical__all_standard | model=logistic_regression
[2026-09-18 08:08:06] [Training task] Done | pid=3067 | item=5 | split=cross_session_b244bedb6ccf | representation=statistical__all_standard | model=logistic_regression | elapsed=0s
[2026-09-18 08:08:06] [Training] Progress 5/216 | remaining=211 | elapsed=2s | eta≈1.2m
[2026-09-18 08:08:06] [Training task] Starting | pid=3067 | item=6 | split=cross_session_b244bedb6ccf | representation=temporal__all_standard | model=logistic_regression
[2026-09-18 08:08:07] [Training task] Done | pid=3067 | item=6 | split=cross_session_b244bedb6ccf | representation=temporal__all_standard | model=logistic_regression | elapsed=1s
[2026-09-18 08:08:07] [Training] Progress 6/216 | remaining=210 | elapsed=3s | eta≈1.8m
[2026-09-18 08:08:07] [Training task] Starting | pid=3067 | item=7 | split=cross_session_b244bedb6ccf | representation=csp_6__all_standard | model=logistic_regression
[2026-09-18 08:08:07] [Training task] Done | pid=3067 | item=7 | split=cross_session_b244bedb6ccf | representation=csp_6__all_standard | model=logistic_regression | elapsed=0s
[2026-09-18 08:08:07] [Training] Progress 7/216 | remaining=209 | elapsed=3s | eta≈1.6m
[2026-09-18 08:08:07] [Training task] Starting | pid=3067 | item=8 | split=cross_session_b244bedb6ccf | representation=standardized_signal | model=eegnet
[2026-09-18 08:08:07] [Training task] Done | pid=3067 | item=8 | split=cross_session_b244bedb6ccf | representation=standardized_signal | model=eegnet | elapsed=0s
[2026-09-18 08:08:07] [Training] Progress 8/216 | remaining=208 | elapsed=3s | eta≈1.4m
[2026-09-18 08:08:07] [Training task] Starting | pid=3067 | item=9 | split=cross_session_7d0c3c21e647 | representation=statistical__all_standard | model=logistic_regression
[2026-09-18 08:08:07] [Training task] Done | pid=3067 | item=9 | split=cross_session_7d0c3c21e647 | representation=statistical__all_standard | model=logistic_regression | elapsed=0s
[2026-09-18 08:08:07] [Training] Progress 9/216 | remaining=207 | elapsed=3s | eta≈1.2m
[2026-09-18 08:08:07] [Training task] Starting | pid=3067 | item=10 | split=cross_session_7d0c3c21e647 | representation=temporal__all_standard | model=logistic_regression
[2026-09-18 08:08:07] [Training task] Done | pid=3067 | item=10 | split=cross_session_7d0c3c21e647 | representation=temporal__all_standard | model=logistic_regression | elapsed=0s
[2026-09-18 08:08:07] [Training] Progress 10/216 | remaining=206 | elapsed=3s | eta≈1.1m
[2026-09-18 08:08:07] [Training task] Starting | pid=3067 | item=11 | split=cross_session_7d0c3c21e647 | representation=csp_6__all_standard | model=logistic_regression
[2026-09-18 08:08:07] [Training task] Done | pid=3067 | item=11 | split=cross_session_7d0c3c21e647 | representation=csp_6__all_standard | model=logistic_regression | elapsed=0s
[2026-09-18 08:08:07] [Training] Progress 11/216 | remaining=205 | elapsed=3s | eta≈59s
[2026-09-18 08:08:07] [Training task] Starting | pid=3067 | item=12 | split=cross_session_7d0c3c21e647 | representation=standardized_signal | model=eegnet
[2026-09-18 08:08:07] [Training task] Done | pid=3067 | item=12 | split=cross_session_7d0c3c21e647 | representation=standardized_signal | model=eegnet | elapsed=0s
[2026-09-18 08:08:07] [Training] Progress 12/216 | remaining=204 | elapsed=3s | eta≈54s
[2026-09-18 08:08:07] [Training task] Starting | pid=3067 | item=13 | split=cross_session_54cbc56ae5af | representation=statistical__all_standard | model=logistic_regression
[2026-09-18 08:08:07] [Training task] Done | pid=3067 | item=13 | split=cross_session_54cbc56ae5af | representation=statistical__all_standard | model=logistic_regression | elapsed=0s
[2026-09-18 08:08:07] [Training] Progress 13/216 | remaining=203 | elapsed=3s | eta≈50s
[2026-09-18 08:08:07] [Training task] Starting | pid=3067 | item=14 | split=cross_session_54cbc56ae5af | representation=temporal__all_standard | model=logistic_regression
[2026-09-18 08:08:10] [Training task] Done | pid=3067 | item=14 | split=cross_session_54cbc56ae5af | representation=temporal__all_standard | model=logistic_regression | elapsed=3s
[2026-09-18 08:08:10] [Training] Progress 14/216 | remaining=202 | elapsed=6s | eta≈1.4m
[2026-09-18 08:08:10] [Training task] Starting | pid=3067 | item=15 | split=cross_session_54cbc56ae5af | representation=csp_6__all_standard | model=logistic_regression
[2026-09-18 08:08:10] [Training task] Done | pid=3067 | item=15 | split=cross_session_54cbc56ae5af | representation=csp_6__all_standard | model=logistic_regression | elapsed=0s
[2026-09-18 08:08:10] [Training] Progress 15/216 | remaining=201 | elapsed=6s | eta≈1.3m
[2026-09-18 08:08:10] [Training task] Starting | pid=3067 | item=16 | split=cross_session_54cbc56ae5af | representation=standardized_signal | model=eegnet
[2026-09-18 08:08:10] [Training task] Done | pid=3067 | item=16 | split=cross_session_54cbc56ae5af | representation=standardized_signal | model=eegnet | elapsed=0s
[2026-09-18 08:08:10] [Training] Progress 16/216 | remaining=200 | elapsed=6s | eta≈1.2m
[2026-09-18 08:08:10] [Training task] Starting | pid=3067 | item=17 | split=cross_session_604d3d53674b | representation=statistical__all_standard | model=logistic_regression
[2026-09-18 08:08:10] [Training task] Done | pid=3067 | item=17 | split=cross_session_604d3d53674b | representation=statistical__all_standard | model=logistic_regression | elapsed=0s
[2026-09-18 08:08:10] [Training] Progress 17/216 | remaining=199 | elapsed=6s | eta≈1.1m
[2026-09-18 08:08:10] [Training task] Starting | pid=3067 | item=18 | split=cross_session_604d3d53674b | representation=temporal__all_standard | model=logistic_regression
[2026-09-18 08:08:10] [Training task] Done | pid=3067 | item=18 | split=cross_session_604d3d53674b | representation=temporal__all_standard | model=logistic_regression | elapsed=0s
[2026-09-18 08:08:10] [Training] Progress 18/216 | remaining=198 | elapsed=6s | eta≈1.1m
[2026-09-18 08:08:10] [Training task] Starting | pid=3067 | item=19 | split=cross_session_604d3d53674b | representation=csp_6__all_standard | model=logistic_regression
[2026-09-18 08:08:10] [Training task] Done | pid=3067 | item=19 | split=cross_session_604d3d53674b | representation=csp_6__all_standard | model=logistic_regression | elapsed=0s
[2026-09-18 08:08:10] [Training] Progress 19/216 | remaining=197 | elapsed=6s | eta≈60s
[2026-09-18 08:08:10] [Training task] Starting | pid=3067 | item=20 | split=cross_session_604d3d53674b | representation=standardized_signal | model=eegnet
[2026-09-18 08:08:10] [Training task] Done | pid=3067 | item=20 | split=cross_session_604d3d53674b | representation=standardized_signal | model=eegnet | elapsed=0s
[2026-09-18 08:08:10] [Training] Progress 20/216 | remaining=196 | elapsed=6s | eta≈56s
[2026-09-18 08:08:10] [Training task] Starting | pid=3067 | item=21 | split=cross_session_d470a4c875d7 | representation=statistical__all_standard | model=logistic_regression
[2026-09-18 08:08:10] [Training task] Done | pid=3067 | item=21 | split=cross_session_d470a4c875d7 | representation=statistical__all_standard | model=logistic_regression | elapsed=0s
[2026-09-18 08:08:10] [Training] Progress 21/216 | remaining=195 | elapsed=6s | eta≈53s
[2026-09-18 08:08:10] [Training task] Starting | pid=3067 | item=22 | split=cross_session_d470a4c875d7 | representation=temporal__all_standard | model=logistic_regression
[2026-09-18 08:08:10] [Training task] Done | pid=3067 | item=22 | split=cross_session_d470a4c875d7 | representation=temporal__all_standard | model=logistic_regression | elapsed=0s
[2026-09-18 08:08:10] [Training] Progress 22/216 | remaining=194 | elapsed=6s | eta≈51s
[2026-09-18 08:08:10] [Training task] Starting | pid=3067 | item=23 | split=cross_session_d470a4c875d7 | representation=csp_6__all_standard | model=logistic_regression
[2026-09-18 08:08:10] [Training task] Done | pid=3067 | item=23 | split=cross_session_d470a4c875d7 | representation=csp_6__all_standard | model=logistic_regression | elapsed=0s
[2026-09-18 08:08:10] [Training] Progress 23/216 | remaining=193 | elapsed=6s | eta≈48s
[2026-09-18 08:08:10] [Training task] Starting | pid=3067 | item=24 | split=cross_session_d470a4c875d7 | representation=standardized_signal | model=eegnet
[2026-09-18 08:08:10] [Training task] Done | pid=3067 | item=24 | split=cross_session_d470a4c875d7 | representation=standardized_signal | model=eegnet | elapsed=0s
[2026-09-18 08:08:10] [Training] Progress 24/216 | remaining=192 | elapsed=6s | eta≈46s
[2026-09-18 08:08:10] [Training task] Starting | pid=3067 | item=25 | split=cross_session_9f6162b3e24c | representation=statistical__all_standard | model=logistic_regression
[2026-09-18 08:08:10] [Training task] Done | pid=3067 | item=25 | split=cross_session_9f6162b3e24c | representation=statistical__all_standard | model=logistic_regression | elapsed=0s
[2026-09-18 08:08:10] [Training] Progress 25/216 | remaining=191 | elapsed=6s | eta≈44s
[2026-09-18 08:08:10] [Training task] Starting | pid=3067 | item=26 | split=cross_session_9f6162b3e24c | representation=temporal__all_standard | model=logistic_regression
[2026-09-18 08:08:10] [Training task] Done | pid=3067 | item=26 | split=cross_session_9f6162b3e24c | representation=temporal__all_standard | model=logistic_regression | elapsed=0s
[2026-09-18 08:08:10] [Training] Progress 26/216 | remaining=190 | elapsed=6s | eta≈42s
[2026-09-18 08:08:10] [Training task] Starting | pid=3067 | item=27 | split=cross_session_9f6162b3e24c | representation=csp_6__all_standard | model=logistic_regression
[2026-09-18 08:08:10] [Training task] Done | pid=3067 | item=27 | split=cross_session_9f6162b3e24c | representation=csp_6__all_standard | model=logistic_regression | elapsed=0s
[2026-09-18 08:08:10] [Training] Progress 27/216 | remaining=189 | elapsed=6s | eta≈40s
[2026-09-18 08:08:10] [Training task] Starting | pid=3067 | item=28 | split=cross_session_9f6162b3e24c | representation=standardized_signal | model=eegnet
[2026-09-18 08:08:10] [Training task] Done | pid=3067 | item=28 | split=cross_session_9f6162b3e24c | representation=standardized_signal | model=eegnet | elapsed=0s
[2026-09-18 08:08:10] [Training] Progress 28/216 | remaining=188 | elapsed=6s | eta≈39s
[2026-09-18 08:08:10] [Training task] Starting | pid=3067 | item=29 | split=cross_session_a6d19810d2cf | representation=statistical__all_standard | model=logistic_regression
[2026-09-18 08:08:10] [Training task] Done | pid=3067 | item=29 | split=cross_session_a6d19810d2cf | representation=statistical__all_standard | model=logistic_regression | elapsed=0s
[2026-09-18 08:08:10] [Training] Progress 29/216 | remaining=187 | elapsed=6s | eta≈37s
[2026-09-18 08:08:10] [Training task] Starting | pid=3067 | item=30 | split=cross_session_a6d19810d2cf | representation=temporal__all_standard | model=logistic_regression
[2026-09-18 08:08:10] [Training task] Done | pid=3067 | item=30 | split=cross_session_a6d19810d2cf | representation=temporal__all_standard | model=logistic_regression | elapsed=0s
[2026-09-18 08:08:10] [Training] Progress 30/216 | remaining=186 | elapsed=6s | eta≈36s
[2026-09-18 08:08:10] [Training task] Starting | pid=3067 | item=31 | split=cross_session_a6d19810d2cf | representation=csp_6__all_standard | model=logistic_regression
[2026-09-18 08:08:10] [Training task] Done | pid=3067 | item=31 | split=cross_session_a6d19810d2cf | representation=csp_6__all_standard | model=logistic_regression | elapsed=0s
[2026-09-18 08:08:10] [Training] Progress 31/216 | remaining=185 | elapsed=6s | eta≈34s
[2026-09-18 08:08:10] [Training task] Starting | pid=3067 | item=32 | split=cross_session_a6d19810d2cf | representation=standardized_signal | model=eegnet
[2026-09-18 08:08:10] [Training task] Done | pid=3067 | item=32 | split=cross_session_a6d19810d2cf | representation=standardized_signal | model=eegnet | elapsed=0s
[2026-09-18 08:08:10] [Training] Progress 32/216 | remaining=184 | elapsed=6s | eta≈33s
[2026-09-18 08:08:10] [Training task] Starting | pid=3067 | item=33 | split=cross_session_101bba2ac83d | representation=statistical__all_standard | model=logistic_regression
[2026-09-18 08:08:10] [Training task] Done | pid=3067 | item=33 | split=cross_session_101bba2ac83d | representation=statistical__all_standard | model=logistic_regression | elapsed=0s
[2026-09-18 08:08:10] [Training] Progress 33/216 | remaining=183 | elapsed=6s | eta≈32s
[2026-09-18 08:08:10] [Training task] Starting | pid=3067 | item=34 | split=cross_session_101bba2ac83d | representation=temporal__all_standard | model=logistic_regression
[2026-09-18 08:08:10] [Training task] Done | pid=3067 | item=34 | split=cross_session_101bba2ac83d | representation=temporal__all_standard | model=logistic_regression | elapsed=0s
[2026-09-18 08:08:10] [Training] Progress 34/216 | remaining=182 | elapsed=6s | eta≈31s
[2026-09-18 08:08:10] [Training task] Starting | pid=3067 | item=35 | split=cross_session_101bba2ac83d | representation=csp_6__all_standard | model=logistic_regression
[2026-09-18 08:08:10] [Training task] Done | pid=3067 | item=35 | split=cross_session_101bba2ac83d | representation=csp_6__all_standard | model=logistic_regression | elapsed=0s
[2026-09-18 08:08:10] [Training] Progress 35/216 | remaining=181 | elapsed=6s | eta≈30s
[2026-09-18 08:08:10] [Training task] Starting | pid=3067 | item=36 | split=cross_session_101bba2ac83d | representation=standardized_signal | model=eegnet
[2026-09-18 08:08:10] [Training task] Done | pid=3067 | item=36 | split=cross_session_101bba2ac83d | representation=standardized_signal | model=eegnet | elapsed=0s
[2026-09-18 08:08:10] [Training] Progress 36/216 | remaining=180 | elapsed=6s | eta≈29s
[2026-09-18 08:08:10] [Training task] Starting | pid=3067 | item=37 | split=cross_session_4c0541c9688c | representation=statistical__all_standard | model=logistic_regression
[2026-09-18 08:08:10] [Training task] Done | pid=3067 | item=37 | split=cross_session_4c0541c9688c | representation=statistical__all_standard | model=logistic_regression | elapsed=0s
[2026-09-18 08:08:10] [Training] Progress 37/216 | remaining=179 | elapsed=6s | eta≈28s
[2026-09-18 08:08:10] [Training task] Starting | pid=3067 | item=38 | split=cross_session_4c0541c9688c | representation=temporal__all_standard | model=logistic_regression
[2026-09-18 08:08:10] [Training task] Done | pid=3067 | item=38 | split=cross_session_4c0541c9688c | representation=temporal__all_standard | model=logistic_regression | elapsed=0s
[2026-09-18 08:08:10] [Training] Progress 38/216 | remaining=178 | elapsed=6s | eta≈27s
[2026-09-18 08:08:10] [Training task] Starting | pid=3067 | item=39 | split=cross_session_4c0541c9688c | representation=csp_6__all_standard | model=logistic_regression
[2026-09-18 08:08:11] [Training task] Done | pid=3067 | item=39 | split=cross_session_4c0541c9688c | representation=csp_6__all_standard | model=logistic_regression | elapsed=1s
[2026-09-18 08:08:11] [Training] Progress 39/216 | remaining=177 | elapsed=7s | eta≈33s
[2026-09-18 08:08:11] [Training task] Starting | pid=3067 | item=40 | split=cross_session_4c0541c9688c | representation=standardized_signal | model=eegnet
[2026-09-18 08:08:11] [Training task] Done | pid=3067 | item=40 | split=cross_session_4c0541c9688c | representation=standardized_signal | model=eegnet | elapsed=0s
[2026-09-18 08:08:11] [Training] Progress 40/216 | remaining=176 | elapsed=7s | eta≈32s
[2026-09-18 08:08:11] [Training task] Starting | pid=3067 | item=41 | split=cross_session_325ebffcfcb2 | representation=statistical__all_standard | model=logistic_regression
[2026-09-18 08:08:11] [Training task] Done | pid=3067 | item=41 | split=cross_session_325ebffcfcb2 | representation=statistical__all_standard | model=logistic_regression | elapsed=0s
[2026-09-18 08:08:11] [Training] Progress 41/216 | remaining=175 | elapsed=7s | eta≈31s
[2026-09-18 08:08:11] [Training task] Starting | pid=3067 | item=42 | split=cross_session_325ebffcfcb2 | representation=temporal__all_standard | model=logistic_regression
[2026-09-18 08:08:11] [Training task] Done | pid=3067 | item=42 | split=cross_session_325ebffcfcb2 | representation=temporal__all_standard | model=logistic_regression | elapsed=0s
[2026-09-18 08:08:11] [Training] Progress 42/216 | remaining=174 | elapsed=7s | eta≈30s
[2026-09-18 08:08:11] [Training task] Starting | pid=3067 | item=43 | split=cross_session_325ebffcfcb2 | representation=csp_6__all_standard | model=logistic_regression
[2026-09-18 08:08:11] [Training task] Done | pid=3067 | item=43 | split=cross_session_325ebffcfcb2 | representation=csp_6__all_standard | model=logistic_regression | elapsed=0s
[2026-09-18 08:08:11] [Training] Progress 43/216 | remaining=173 | elapsed=7s | eta≈29s
[2026-09-18 08:08:11] [Training task] Starting | pid=3067 | item=44 | split=cross_session_325ebffcfcb2 | representation=standardized_signal | model=eegnet
[2026-09-18 08:08:13] [Training task] Done | pid=3067 | item=44 | split=cross_session_325ebffcfcb2 | representation=standardized_signal | model=eegnet | elapsed=2s
[2026-09-18 08:08:13] [Training] Progress 44/216 | remaining=172 | elapsed=9s | eta≈34s
[2026-09-18 08:08:13] [Training task] Starting | pid=3067 | item=45 | split=cross_session_f9911b9cb057 | representation=statistical__all_standard | model=logistic_regression
[2026-09-18 08:08:13] [Training task] Done | pid=3067 | item=45 | split=cross_session_f9911b9cb057 | representation=statistical__all_standard | model=logistic_regression | elapsed=0s
[2026-09-18 08:08:13] [Training] Progress 45/216 | remaining=171 | elapsed=9s | eta≈33s
[2026-09-18 08:08:13] [Training task] Starting | pid=3067 | item=46 | split=cross_session_f9911b9cb057 | representation=temporal__all_standard | model=logistic_regression
[2026-09-18 08:08:13] [Training task] Done | pid=3067 | item=46 | split=cross_session_f9911b9cb057 | representation=temporal__all_standard | model=logistic_regression | elapsed=0s
[2026-09-18 08:08:13] [Training] Progress 46/216 | remaining=170 | elapsed=9s | eta≈33s
[2026-09-18 08:08:13] [Training task] Starting | pid=3067 | item=47 | split=cross_session_f9911b9cb057 | representation=csp_6__all_standard | model=logistic_regression
[2026-09-18 08:08:13] [Training task] Done | pid=3067 | item=47 | split=cross_session_f9911b9cb057 | representation=csp_6__all_standard | model=logistic_regression | elapsed=0s
[2026-09-18 08:08:13] [Training] Progress 47/216 | remaining=169 | elapsed=9s | eta≈32s
[2026-09-18 08:08:13] [Training task] Starting | pid=3067 | item=48 | split=cross_session_f9911b9cb057 | representation=standardized_signal | model=eegnet
[2026-09-18 08:08:13] [Training task] Done | pid=3067 | item=48 | split=cross_session_f9911b9cb057 | representation=standardized_signal | model=eegnet | elapsed=0s
[2026-09-18 08:08:13] [Training] Progress 48/216 | remaining=168 | elapsed=9s | eta≈31s
[2026-09-18 08:08:13] [Training task] Starting | pid=3067 | item=49 | split=cross_session_5520fb22cf29 | representation=statistical__all_standard | model=logistic_regression
[2026-09-18 08:08:13] [Training task] Done | pid=3067 | item=49 | split=cross_session_5520fb22cf29 | representation=statistical__all_standard | model=logistic_regression | elapsed=0s
[2026-09-18 08:08:13] [Training] Progress 49/216 | remaining=167 | elapsed=9s | eta≈30s
[2026-09-18 08:08:13] [Training task] Starting | pid=3067 | item=50 | split=cross_session_5520fb22cf29 | representation=temporal__all_standard | model=logistic_regression
[2026-09-18 08:08:13] [Training task] Done | pid=3067 | item=50 | split=cross_session_5520fb22cf29 | representation=temporal__all_standard | model=logistic_regression | elapsed=0s
[2026-09-18 08:08:13] [Training] Progress 50/216 | remaining=166 | elapsed=9s | eta≈29s
[2026-09-18 08:08:13] [Training task] Starting | pid=3067 | item=51 | split=cross_session_5520fb22cf29 | representation=csp_6__all_standard | model=logistic_regression
[2026-09-18 08:08:13] [Training task] Done | pid=3067 | item=51 | split=cross_session_5520fb22cf29 | representation=csp_6__all_standard | model=logistic_regression | elapsed=0s
[2026-09-18 08:08:13] [Training] Progress 51/216 | remaining=165 | elapsed=9s | eta≈28s
[2026-09-18 08:08:13] [Training task] Starting | pid=3067 | item=52 | split=cross_session_5520fb22cf29 | representation=standardized_signal | model=eegnet
[2026-09-18 08:08:13] [Training task] Done | pid=3067 | item=52 | split=cross_session_5520fb22cf29 | representation=standardized_signal | model=eegnet | elapsed=0s
[2026-09-18 08:08:13] [Training] Progress 52/216 | remaining=164 | elapsed=9s | eta≈28s
[2026-09-18 08:08:13] [Training task] Starting | pid=3067 | item=53 | split=cross_session_0f01d69d3fbf | representation=statistical__all_standard | model=logistic_regression
[2026-09-18 08:08:13] [Training task] Done | pid=3067 | item=53 | split=cross_session_0f01d69d3fbf | representation=statistical__all_standard | model=logistic_regression | elapsed=0s
[2026-09-18 08:08:13] [Training] Progress 53/216 | remaining=163 | elapsed=9s | eta≈27s
[2026-09-18 08:08:13] [Training task] Starting | pid=3067 | item=54 | split=cross_session_0f01d69d3fbf | representation=temporal__all_standard | model=logistic_regression
[2026-09-18 08:08:13] [Training task] Done | pid=3067 | item=54 | split=cross_session_0f01d69d3fbf | representation=temporal__all_standard | model=logistic_regression | elapsed=0s
[2026-09-18 08:08:13] [Training] Progress 54/216 | remaining=162 | elapsed=9s | eta≈26s
[2026-09-18 08:08:13] [Training task] Starting | pid=3067 | item=55 | split=cross_session_0f01d69d3fbf | representation=csp_6__all_standard | model=logistic_regression
[2026-09-18 08:08:13] [Training task] Done | pid=3067 | item=55 | split=cross_session_0f01d69d3fbf | representation=csp_6__all_standard | model=logistic_regression | elapsed=0s
[2026-09-18 08:08:13] [Training] Progress 55/216 | remaining=161 | elapsed=9s | eta≈26s
[2026-09-18 08:08:13] [Training task] Starting | pid=3067 | item=56 | split=cross_session_0f01d69d3fbf | representation=standardized_signal | model=eegnet
[2026-09-18 08:08:13] [Training task] Done | pid=3067 | item=56 | split=cross_session_0f01d69d3fbf | representation=standardized_signal | model=eegnet | elapsed=0s
[2026-09-18 08:08:13] [Training] Progress 56/216 | remaining=160 | elapsed=9s | eta≈25s
[2026-09-18 08:08:13] [Training task] Starting | pid=3067 | item=57 | split=cross_session_36c157397a02 | representation=statistical__all_standard | model=logistic_regression
[2026-09-18 08:08:13] [Training task] Done | pid=3067 | item=57 | split=cross_session_36c157397a02 | representation=statistical__all_standard | model=logistic_regression | elapsed=0s
[2026-09-18 08:08:13] [Training] Progress 57/216 | remaining=159 | elapsed=9s | eta≈25s
[2026-09-18 08:08:13] [Training task] Starting | pid=3067 | item=58 | split=cross_session_36c157397a02 | representation=temporal__all_standard | model=logistic_regression
[2026-09-18 08:08:13] [Training task] Done | pid=3067 | item=58 | split=cross_session_36c157397a02 | representation=temporal__all_standard | model=logistic_regression | elapsed=0s
[2026-09-18 08:08:13] [Training] Progress 58/216 | remaining=158 | elapsed=9s | eta≈24s
[2026-09-18 08:08:13] [Training task] Starting | pid=3067 | item=59 | split=cross_session_36c157397a02 | representation=csp_6__all_standard | model=logistic_regression
[2026-09-18 08:08:13] [Training task] Done | pid=3067 | item=59 | split=cross_session_36c157397a02 | representation=csp_6__all_standard | model=logistic_regression | elapsed=0s
[2026-09-18 08:08:13] [Training] Progress 59/216 | remaining=157 | elapsed=9s | eta≈23s
[2026-09-18 08:08:13] [Training task] Starting | pid=3067 | item=60 | split=cross_session_36c157397a02 | representation=standardized_signal | model=eegnet
[2026-09-18 08:08:13] [Training task] Done | pid=3067 | item=60 | split=cross_session_36c157397a02 | representation=standardized_signal | model=eegnet | elapsed=0s
[2026-09-18 08:08:13] [Training] Progress 60/216 | remaining=156 | elapsed=9s | eta≈23s
[2026-09-18 08:08:13] [Training task] Starting | pid=3067 | item=61 | split=cross_session_d8f4f115dd09 | representation=statistical__all_standard | model=logistic_regression
[2026-09-18 08:08:13] [Training task] Done | pid=3067 | item=61 | split=cross_session_d8f4f115dd09 | representation=statistical__all_standard | model=logistic_regression | elapsed=0s
[2026-09-18 08:08:13] [Training] Progress 61/216 | remaining=155 | elapsed=9s | eta≈22s
[2026-09-18 08:08:13] [Training task] Starting | pid=3067 | item=62 | split=cross_session_d8f4f115dd09 | representation=temporal__all_standard | model=logistic_regression
[2026-09-18 08:08:13] [Training task] Done | pid=3067 | item=62 | split=cross_session_d8f4f115dd09 | representation=temporal__all_standard | model=logistic_regression | elapsed=0s
[2026-09-18 08:08:13] [Training] Progress 62/216 | remaining=154 | elapsed=9s | eta≈22s
[2026-09-18 08:08:13] [Training task] Starting | pid=3067 | item=63 | split=cross_session_d8f4f115dd09 | representation=csp_6__all_standard | model=logistic_regression
[2026-09-18 08:08:13] [Training task] Done | pid=3067 | item=63 | split=cross_session_d8f4f115dd09 | representation=csp_6__all_standard | model=logistic_regression | elapsed=0s
[2026-09-18 08:08:13] [Training] Progress 63/216 | remaining=153 | elapsed=9s | eta≈21s
[2026-09-18 08:08:13] [Training task] Starting | pid=3067 | item=64 | split=cross_session_d8f4f115dd09 | representation=standardized_signal | model=eegnet
[2026-09-18 08:08:13] [Training task] Done | pid=3067 | item=64 | split=cross_session_d8f4f115dd09 | representation=standardized_signal | model=eegnet | elapsed=0s
[2026-09-18 08:08:13] [Training] Progress 64/216 | remaining=152 | elapsed=9s | eta≈21s
[2026-09-18 08:08:13] [Training task] Starting | pid=3067 | item=65 | split=cross_session_e0fced86ada0 | representation=statistical__all_standard | model=logistic_regression
[2026-09-18 08:08:13] [Training task] Done | pid=3067 | item=65 | split=cross_session_e0fced86ada0 | representation=statistical__all_standard | model=logistic_regression | elapsed=0s
[2026-09-18 08:08:13] [Training] Progress 65/216 | remaining=151 | elapsed=9s | eta≈20s
[2026-09-18 08:08:13] [Training task] Starting | pid=3067 | item=66 | split=cross_session_e0fced86ada0 | representation=temporal__all_standard | model=logistic_regression
[2026-09-18 08:08:13] [Training task] Done | pid=3067 | item=66 | split=cross_session_e0fced86ada0 | representation=temporal__all_standard | model=logistic_regression | elapsed=0s
[2026-09-18 08:08:13] [Training] Progress 66/216 | remaining=150 | elapsed=9s | eta≈20s
[2026-09-18 08:08:13] [Training task] Starting | pid=3067 | item=67 | split=cross_session_e0fced86ada0 | representation=csp_6__all_standard | model=logistic_regression
[2026-09-18 08:08:13] [Training task] Done | pid=3067 | item=67 | split=cross_session_e0fced86ada0 | representation=csp_6__all_standard | model=logistic_regression | elapsed=0s
[2026-09-18 08:08:13] [Training] Progress 67/216 | remaining=149 | elapsed=9s | eta≈20s
[2026-09-18 08:08:13] [Training task] Starting | pid=3067 | item=68 | split=cross_session_e0fced86ada0 | representation=standardized_signal | model=eegnet
[2026-09-18 08:08:13] [Training task] Done | pid=3067 | item=68 | split=cross_session_e0fced86ada0 | representation=standardized_signal | model=eegnet | elapsed=0s
[2026-09-18 08:08:13] [Training] Progress 68/216 | remaining=148 | elapsed=9s | eta≈19s
[2026-09-18 08:08:13] [Training task] Starting | pid=3067 | item=69 | split=cross_session_a4a512d44495 | representation=statistical__all_standard | model=logistic_regression
[2026-09-18 08:08:13] [Training task] Done | pid=3067 | item=69 | split=cross_session_a4a512d44495 | representation=statistical__all_standard | model=logistic_regression | elapsed=0s
[2026-09-18 08:08:13] [Training] Progress 69/216 | remaining=147 | elapsed=9s | eta≈19s
[2026-09-18 08:08:13] [Training task] Starting | pid=3067 | item=70 | split=cross_session_a4a512d44495 | representation=temporal__all_standard | model=logistic_regression
[2026-09-18 08:08:13] [Training task] Done | pid=3067 | item=70 | split=cross_session_a4a512d44495 | representation=temporal__all_standard | model=logistic_regression | elapsed=0s
[2026-09-18 08:08:13] [Training] Progress 70/216 | remaining=146 | elapsed=9s | eta≈18s
[2026-09-18 08:08:13] [Training task] Starting | pid=3067 | item=71 | split=cross_session_a4a512d44495 | representation=csp_6__all_standard | model=logistic_regression
[2026-09-18 08:08:13] [Training task] Done | pid=3067 | item=71 | split=cross_session_a4a512d44495 | representation=csp_6__all_standard | model=logistic_regression | elapsed=0s
[2026-09-18 08:08:13] [Training] Progress 71/216 | remaining=145 | elapsed=9s | eta≈18s
[2026-09-18 08:08:13] [Training task] Starting | pid=3067 | item=72 | split=cross_session_a4a512d44495 | representation=standardized_signal | model=eegnet
[2026-09-18 08:08:13] [Training task] Done | pid=3067 | item=72 | split=cross_session_a4a512d44495 | representation=standardized_signal | model=eegnet | elapsed=0s
[2026-09-18 08:08:13] [Training] Progress 72/216 | remaining=144 | elapsed=9s | eta≈18s
[2026-09-18 08:08:13] [Training task] Starting | pid=3067 | item=73 | split=cross_session_1b876c6750c6 | representation=statistical__all_standard | model=logistic_regression
[2026-09-18 08:08:13] [Training task] Done | pid=3067 | item=73 | split=cross_session_1b876c6750c6 | representation=statistical__all_standard | model=logistic_regression | elapsed=0s
[2026-09-18 08:08:13] [Training] Progress 73/216 | remaining=143 | elapsed=9s | eta≈17s
[2026-09-18 08:08:13] [Training task] Starting | pid=3067 | item=74 | split=cross_session_1b876c6750c6 | representation=temporal__all_standard | model=logistic_regression
[2026-09-18 08:08:13] [Training task] Done | pid=3067 | item=74 | split=cross_session_1b876c6750c6 | representation=temporal__all_standard | model=logistic_regression | elapsed=0s
[2026-09-18 08:08:13] [Training] Progress 74/216 | remaining=142 | elapsed=9s | eta≈17s
[2026-09-18 08:08:13] [Training task] Starting | pid=3067 | item=75 | split=cross_session_1b876c6750c6 | representation=csp_6__all_standard | model=logistic_regression
[2026-09-18 08:08:13] [Training task] Done | pid=3067 | item=75 | split=cross_session_1b876c6750c6 | representation=csp_6__all_standard | model=logistic_regression | elapsed=0s
[2026-09-18 08:08:13] [Training] Progress 75/216 | remaining=141 | elapsed=9s | eta≈17s
[2026-09-18 08:08:13] [Training task] Starting | pid=3067 | item=76 | split=cross_session_1b876c6750c6 | representation=standardized_signal | model=eegnet
[2026-09-18 08:08:13] [Training task] Done | pid=3067 | item=76 | split=cross_session_1b876c6750c6 | representation=standardized_signal | model=eegnet | elapsed=0s
[2026-09-18 08:08:13] [Training] Progress 76/216 | remaining=140 | elapsed=9s | eta≈16s
[2026-09-18 08:08:13] [Training task] Starting | pid=3067 | item=77 | split=cross_session_b244bedb6ccf | representation=statistical__all_standard | model=logistic_regression
[2026-09-18 08:08:13] [Training task] Done | pid=3067 | item=77 | split=cross_session_b244bedb6ccf | representation=statistical__all_standard | model=logistic_regression | elapsed=0s
[2026-09-18 08:08:13] [Training] Progress 77/216 | remaining=139 | elapsed=9s | eta≈16s
[2026-09-18 08:08:13] [Training task] Starting | pid=3067 | item=78 | split=cross_session_b244bedb6ccf | representation=temporal__all_standard | model=logistic_regression
[2026-09-18 08:08:13] [Training task] Done | pid=3067 | item=78 | split=cross_session_b244bedb6ccf | representation=temporal__all_standard | model=logistic_regression | elapsed=0s
[2026-09-18 08:08:13] [Training] Progress 78/216 | remaining=138 | elapsed=9s | eta≈16s
[2026-09-18 08:08:13] [Training task] Starting | pid=3067 | item=79 | split=cross_session_b244bedb6ccf | representation=csp_6__all_standard | model=logistic_regression
[2026-09-18 08:08:13] [Training task] Done | pid=3067 | item=79 | split=cross_session_b244bedb6ccf | representation=csp_6__all_standard | model=logistic_regression | elapsed=0s
[2026-09-18 08:08:13] [Training] Progress 79/216 | remaining=137 | elapsed=9s | eta≈15s
[2026-09-18 08:08:13] [Training task] Starting | pid=3067 | item=80 | split=cross_session_b244bedb6ccf | representation=standardized_signal | model=eegnet
[2026-09-18 08:08:13] [Training task] Done | pid=3067 | item=80 | split=cross_session_b244bedb6ccf | representation=standardized_signal | model=eegnet | elapsed=0s
[2026-09-18 08:08:13] [Training] Progress 80/216 | remaining=136 | elapsed=9s | eta≈15s
[2026-09-18 08:08:13] [Training task] Starting | pid=3067 | item=81 | split=cross_session_7d0c3c21e647 | representation=statistical__all_standard | model=logistic_regression
[2026-09-18 08:08:13] [Training task] Done | pid=3067 | item=81 | split=cross_session_7d0c3c21e647 | representation=statistical__all_standard | model=logistic_regression | elapsed=0s
[2026-09-18 08:08:13] [Training] Progress 81/216 | remaining=135 | elapsed=9s | eta≈15s
[2026-09-18 08:08:13] [Training task] Starting | pid=3067 | item=82 | split=cross_session_7d0c3c21e647 | representation=temporal__all_standard | model=logistic_regression
[2026-09-18 08:08:13] [Training task] Done | pid=3067 | item=82 | split=cross_session_7d0c3c21e647 | representation=temporal__all_standard | model=logistic_regression | elapsed=0s
[2026-09-18 08:08:13] [Training] Progress 82/216 | remaining=134 | elapsed=9s | eta≈14s
[2026-09-18 08:08:13] [Training task] Starting | pid=3067 | item=83 | split=cross_session_7d0c3c21e647 | representation=csp_6__all_standard | model=logistic_regression
[2026-09-18 08:08:13] [Training task] Done | pid=3067 | item=83 | split=cross_session_7d0c3c21e647 | representation=csp_6__all_standard | model=logistic_regression | elapsed=0s
[2026-09-18 08:08:13] [Training] Progress 83/216 | remaining=133 | elapsed=9s | eta≈14s
[2026-09-18 08:08:13] [Training task] Starting | pid=3067 | item=84 | split=cross_session_7d0c3c21e647 | representation=standardized_signal | model=eegnet
[2026-09-18 08:08:13] [Training task] Done | pid=3067 | item=84 | split=cross_session_7d0c3c21e647 | representation=standardized_signal | model=eegnet | elapsed=0s
[2026-09-18 08:08:13] [Training] Progress 84/216 | remaining=132 | elapsed=9s | eta≈14s
[2026-09-18 08:08:13] [Training task] Starting | pid=3067 | item=85 | split=cross_session_54cbc56ae5af | representation=statistical__all_standard | model=logistic_regression
[2026-09-18 08:08:13] [Training task] Done | pid=3067 | item=85 | split=cross_session_54cbc56ae5af | representation=statistical__all_standard | model=logistic_regression | elapsed=0s
[2026-09-18 08:08:13] [Training] Progress 85/216 | remaining=131 | elapsed=9s | eta≈14s
[2026-09-18 08:08:13] [Training task] Starting | pid=3067 | item=86 | split=cross_session_54cbc56ae5af | representation=temporal__all_standard | model=logistic_regression
[2026-09-18 08:08:13] [Training task] Done | pid=3067 | item=86 | split=cross_session_54cbc56ae5af | representation=temporal__all_standard | model=logistic_regression | elapsed=0s
[2026-09-18 08:08:13] [Training] Progress 86/216 | remaining=130 | elapsed=9s | eta≈13s
[2026-09-18 08:08:13] [Training task] Starting | pid=3067 | item=87 | split=cross_session_54cbc56ae5af | representation=csp_6__all_standard | model=logistic_regression
[2026-09-18 08:08:13] [Training task] Done | pid=3067 | item=87 | split=cross_session_54cbc56ae5af | representation=csp_6__all_standard | model=logistic_regression | elapsed=0s
[2026-09-18 08:08:13] [Training] Progress 87/216 | remaining=129 | elapsed=9s | eta≈13s
[2026-09-18 08:08:13] [Training task] Starting | pid=3067 | item=88 | split=cross_session_54cbc56ae5af | representation=standardized_signal | model=eegnet
[2026-09-18 08:08:13] [Training task] Done | pid=3067 | item=88 | split=cross_session_54cbc56ae5af | representation=standardized_signal | model=eegnet | elapsed=0s
[2026-09-18 08:08:13] [Training] Progress 88/216 | remaining=128 | elapsed=9s | eta≈13s
[2026-09-18 08:08:13] [Training task] Starting | pid=3067 | item=89 | split=cross_session_604d3d53674b | representation=statistical__all_standard | model=logistic_regression
[2026-09-18 08:08:13] [Training task] Done | pid=3067 | item=89 | split=cross_session_604d3d53674b | representation=statistical__all_standard | model=logistic_regression | elapsed=0s
[2026-09-18 08:08:13] [Training] Progress 89/216 | remaining=127 | elapsed=9s | eta≈13s
[2026-09-18 08:08:13] [Training task] Starting | pid=3067 | item=90 | split=cross_session_604d3d53674b | representation=temporal__all_standard | model=logistic_regression
[2026-09-18 08:08:13] [Training task] Done | pid=3067 | item=90 | split=cross_session_604d3d53674b | representation=temporal__all_standard | model=logistic_regression | elapsed=0s
[2026-09-18 08:08:13] [Training] Progress 90/216 | remaining=126 | elapsed=9s | eta≈12s
[2026-09-18 08:08:13] [Training task] Starting | pid=3067 | item=91 | split=cross_session_604d3d53674b | representation=csp_6__all_standard | model=logistic_regression
[2026-09-18 08:08:13] [Training task] Done | pid=3067 | item=91 | split=cross_session_604d3d53674b | representation=csp_6__all_standard | model=logistic_regression | elapsed=0s
[2026-09-18 08:08:13] [Training] Progress 91/216 | remaining=125 | elapsed=9s | eta≈12s
[2026-09-18 08:08:13] [Training task] Starting | pid=3067 | item=92 | split=cross_session_604d3d53674b | representation=standardized_signal | model=eegnet
[2026-09-18 08:08:13] [Training task] Done | pid=3067 | item=92 | split=cross_session_604d3d53674b | representation=standardized_signal | model=eegnet | elapsed=0s
[2026-09-18 08:08:13] [Training] Progress 92/216 | remaining=124 | elapsed=9s | eta≈12s
[2026-09-18 08:08:13] [Training task] Starting | pid=3067 | item=93 | split=cross_session_d470a4c875d7 | representation=statistical__all_standard | model=logistic_regression
[2026-09-18 08:08:13] [Training task] Done | pid=3067 | item=93 | split=cross_session_d470a4c875d7 | representation=statistical__all_standard | model=logistic_regression | elapsed=0s
[2026-09-18 08:08:13] [Training] Progress 93/216 | remaining=123 | elapsed=9s | eta≈12s
[2026-09-18 08:08:13] [Training task] Starting | pid=3067 | item=94 | split=cross_session_d470a4c875d7 | representation=temporal__all_standard | model=logistic_regression
[2026-09-18 08:08:14] [Training task] Done | pid=3067 | item=94 | split=cross_session_d470a4c875d7 | representation=temporal__all_standard | model=logistic_regression | elapsed=1s
[2026-09-18 08:08:14] [Training] Progress 94/216 | remaining=122 | elapsed=10s | eta≈13s
[2026-09-18 08:08:14] [Training task] Starting | pid=3067 | item=95 | split=cross_session_d470a4c875d7 | representation=csp_6__all_standard | model=logistic_regression
[2026-09-18 08:08:14] [Training task] Done | pid=3067 | item=95 | split=cross_session_d470a4c875d7 | representation=csp_6__all_standard | model=logistic_regression | elapsed=0s
[2026-09-18 08:08:14] [Training] Progress 95/216 | remaining=121 | elapsed=10s | eta≈13s
[2026-09-18 08:08:14] [Training task] Starting | pid=3067 | item=96 | split=cross_session_d470a4c875d7 | representation=standardized_signal | model=eegnet
[2026-09-18 08:08:14] [Training task] Done | pid=3067 | item=96 | split=cross_session_d470a4c875d7 | representation=standardized_signal | model=eegnet | elapsed=0s
[2026-09-18 08:08:14] [Training] Progress 96/216 | remaining=120 | elapsed=10s | eta≈13s
[2026-09-18 08:08:14] [Training task] Starting | pid=3067 | item=97 | split=cross_session_9f6162b3e24c | representation=statistical__all_standard | model=logistic_regression
[2026-09-18 08:08:14] [Training task] Done | pid=3067 | item=97 | split=cross_session_9f6162b3e24c | representation=statistical__all_standard | model=logistic_regression | elapsed=0s
[2026-09-18 08:08:14] [Training] Progress 97/216 | remaining=119 | elapsed=10s | eta≈13s
[2026-09-18 08:08:14] [Training task] Starting | pid=3067 | item=98 | split=cross_session_9f6162b3e24c | representation=temporal__all_standard | model=logistic_regression
[2026-09-18 08:08:14] [Training task] Done | pid=3067 | item=98 | split=cross_session_9f6162b3e24c | representation=temporal__all_standard | model=logistic_regression | elapsed=0s
[2026-09-18 08:08:14] [Training] Progress 98/216 | remaining=118 | elapsed=10s | eta≈12s
[2026-09-18 08:08:14] [Training task] Starting | pid=3067 | item=99 | split=cross_session_9f6162b3e24c | representation=csp_6__all_standard | model=logistic_regression
[2026-09-18 08:08:14] [Training task] Done | pid=3067 | item=99 | split=cross_session_9f6162b3e24c | representation=csp_6__all_standard | model=logistic_regression | elapsed=0s
[2026-09-18 08:08:14] [Training] Progress 99/216 | remaining=117 | elapsed=10s | eta≈12s
[2026-09-18 08:08:14] [Training task] Starting | pid=3067 | item=100 | split=cross_session_9f6162b3e24c | representation=standardized_signal | model=eegnet
[2026-09-18 08:08:14] [Training task] Done | pid=3067 | item=100 | split=cross_session_9f6162b3e24c | representation=standardized_signal | model=eegnet | elapsed=0s
[2026-09-18 08:08:14] [Training] Progress 100/216 | remaining=116 | elapsed=10s | eta≈12s
[2026-09-18 08:08:14] [Training task] Starting | pid=3067 | item=101 | split=cross_session_a6d19810d2cf | representation=statistical__all_standard | model=logistic_regression
[2026-09-18 08:08:14] [Training task] Done | pid=3067 | item=101 | split=cross_session_a6d19810d2cf | representation=statistical__all_standard | model=logistic_regression | elapsed=0s
[2026-09-18 08:08:14] [Training] Progress 101/216 | remaining=115 | elapsed=10s | eta≈12s
[2026-09-18 08:08:14] [Training task] Starting | pid=3067 | item=102 | split=cross_session_a6d19810d2cf | representation=temporal__all_standard | model=logistic_regression
[2026-09-18 08:08:14] [Training task] Done | pid=3067 | item=102 | split=cross_session_a6d19810d2cf | representation=temporal__all_standard | model=logistic_regression | elapsed=0s
[2026-09-18 08:08:14] [Training] Progress 102/216 | remaining=114 | elapsed=10s | eta≈11s
[2026-09-18 08:08:14] [Training task] Starting | pid=3067 | item=103 | split=cross_session_a6d19810d2cf | representation=csp_6__all_standard | model=logistic_regression
[2026-09-18 08:08:14] [Training task] Done | pid=3067 | item=103 | split=cross_session_a6d19810d2cf | representation=csp_6__all_standard | model=logistic_regression | elapsed=0s
[2026-09-18 08:08:14] [Training] Progress 103/216 | remaining=113 | elapsed=10s | eta≈11s
[2026-09-18 08:08:14] [Training task] Starting | pid=3067 | item=104 | split=cross_session_a6d19810d2cf | representation=standardized_signal | model=eegnet
[2026-09-18 08:08:14] [Training task] Done | pid=3067 | item=104 | split=cross_session_a6d19810d2cf | representation=standardized_signal | model=eegnet | elapsed=0s
[2026-09-18 08:08:14] [Training] Progress 104/216 | remaining=112 | elapsed=10s | eta≈11s
[2026-09-18 08:08:14] [Training task] Starting | pid=3067 | item=105 | split=cross_session_101bba2ac83d | representation=statistical__all_standard | model=logistic_regression
[2026-09-18 08:08:14] [Training task] Done | pid=3067 | item=105 | split=cross_session_101bba2ac83d | representation=statistical__all_standard | model=logistic_regression | elapsed=0s
[2026-09-18 08:08:14] [Training] Progress 105/216 | remaining=111 | elapsed=10s | eta≈11s
[2026-09-18 08:08:14] [Training task] Starting | pid=3067 | item=106 | split=cross_session_101bba2ac83d | representation=temporal__all_standard | model=logistic_regression
[2026-09-18 08:08:14] [Training task] Done | pid=3067 | item=106 | split=cross_session_101bba2ac83d | representation=temporal__all_standard | model=logistic_regression | elapsed=0s
[2026-09-18 08:08:14] [Training] Progress 106/216 | remaining=110 | elapsed=10s | eta≈11s
[2026-09-18 08:08:14] [Training task] Starting | pid=3067 | item=107 | split=cross_session_101bba2ac83d | representation=csp_6__all_standard | model=logistic_regression
[2026-09-18 08:08:14] [Training task] Done | pid=3067 | item=107 | split=cross_session_101bba2ac83d | representation=csp_6__all_standard | model=logistic_regression | elapsed=0s
[2026-09-18 08:08:14] [Training] Progress 107/216 | remaining=109 | elapsed=10s | eta≈10s
[2026-09-18 08:08:14] [Training task] Starting | pid=3067 | item=108 | split=cross_session_101bba2ac83d | representation=standardized_signal | model=eegnet
[2026-09-18 08:08:14] [Training task] Done | pid=3067 | item=108 | split=cross_session_101bba2ac83d | representation=standardized_signal | model=eegnet | elapsed=0s
[2026-09-18 08:08:14] [Training] Progress 108/216 | remaining=108 | elapsed=10s | eta≈10s
[2026-09-18 08:08:14] [Training task] Starting | pid=3067 | item=109 | split=cross_session_4c0541c9688c | representation=statistical__all_standard | model=logistic_regression
[2026-09-18 08:08:14] [Training task] Done | pid=3067 | item=109 | split=cross_session_4c0541c9688c | representation=statistical__all_standard | model=logistic_regression | elapsed=0s
[2026-09-18 08:08:14] [Training] Progress 109/216 | remaining=107 | elapsed=10s | eta≈10s
[2026-09-18 08:08:14] [Training task] Starting | pid=3067 | item=110 | split=cross_session_4c0541c9688c | representation=temporal__all_standard | model=logistic_regression
[2026-09-18 08:08:14] [Training task] Done | pid=3067 | item=110 | split=cross_session_4c0541c9688c | representation=temporal__all_standard | model=logistic_regression | elapsed=0s
[2026-09-18 08:08:14] [Training] Progress 110/216 | remaining=106 | elapsed=10s | eta≈10s
[2026-09-18 08:08:14] [Training task] Starting | pid=3067 | item=111 | split=cross_session_4c0541c9688c | representation=csp_6__all_standard | model=logistic_regression
[2026-09-18 08:08:14] [Training task] Done | pid=3067 | item=111 | split=cross_session_4c0541c9688c | representation=csp_6__all_standard | model=logistic_regression | elapsed=0s
[2026-09-18 08:08:14] [Training] Progress 111/216 | remaining=105 | elapsed=10s | eta≈10s
[2026-09-18 08:08:14] [Training task] Starting | pid=3067 | item=112 | split=cross_session_4c0541c9688c | representation=standardized_signal | model=eegnet
[2026-09-18 08:08:14] [Training task] Done | pid=3067 | item=112 | split=cross_session_4c0541c9688c | representation=standardized_signal | model=eegnet | elapsed=0s
[2026-09-18 08:08:14] [Training] Progress 112/216 | remaining=104 | elapsed=10s | eta≈10s
[2026-09-18 08:08:14] [Training task] Starting | pid=3067 | item=113 | split=cross_session_325ebffcfcb2 | representation=statistical__all_standard | model=logistic_regression
[2026-09-18 08:08:14] [Training task] Done | pid=3067 | item=113 | split=cross_session_325ebffcfcb2 | representation=statistical__all_standard | model=logistic_regression | elapsed=0s
[2026-09-18 08:08:14] [Training] Progress 113/216 | remaining=103 | elapsed=10s | eta≈9s
[2026-09-18 08:08:14] [Training task] Starting | pid=3067 | item=114 | split=cross_session_325ebffcfcb2 | representation=temporal__all_standard | model=logistic_regression
[2026-09-18 08:08:14] [Training task] Done | pid=3067 | item=114 | split=cross_session_325ebffcfcb2 | representation=temporal__all_standard | model=logistic_regression | elapsed=0s
[2026-09-18 08:08:14] [Training] Progress 114/216 | remaining=102 | elapsed=10s | eta≈9s
[2026-09-18 08:08:14] [Training task] Starting | pid=3067 | item=115 | split=cross_session_325ebffcfcb2 | representation=csp_6__all_standard | model=logistic_regression
[2026-09-18 08:08:14] [Training task] Done | pid=3067 | item=115 | split=cross_session_325ebffcfcb2 | representation=csp_6__all_standard | model=logistic_regression | elapsed=0s
[2026-09-18 08:08:14] [Training] Progress 115/216 | remaining=101 | elapsed=10s | eta≈9s
[2026-09-18 08:08:14] [Training task] Starting | pid=3067 | item=116 | split=cross_session_325ebffcfcb2 | representation=standardized_signal | model=eegnet
[2026-09-18 08:08:15] [Training task] Done | pid=3067 | item=116 | split=cross_session_325ebffcfcb2 | representation=standardized_signal | model=eegnet | elapsed=1s
[2026-09-18 08:08:15] [Training] Progress 116/216 | remaining=100 | elapsed=12s | eta≈10s
[2026-09-18 08:08:15] [Training task] Starting | pid=3067 | item=117 | split=cross_session_f9911b9cb057 | representation=statistical__all_standard | model=logistic_regression
[2026-09-18 08:08:15] [Training task] Done | pid=3067 | item=117 | split=cross_session_f9911b9cb057 | representation=statistical__all_standard | model=logistic_regression | elapsed=0s
[2026-09-18 08:08:15] [Training] Progress 117/216 | remaining=99 | elapsed=12s | eta≈10s
[2026-09-18 08:08:15] [Training task] Starting | pid=3067 | item=118 | split=cross_session_f9911b9cb057 | representation=temporal__all_standard | model=logistic_regression
[2026-09-18 08:08:15] [Training task] Done | pid=3067 | item=118 | split=cross_session_f9911b9cb057 | representation=temporal__all_standard | model=logistic_regression | elapsed=0s
[2026-09-18 08:08:15] [Training] Progress 118/216 | remaining=98 | elapsed=12s | eta≈10s
[2026-09-18 08:08:15] [Training task] Starting | pid=3067 | item=119 | split=cross_session_f9911b9cb057 | representation=csp_6__all_standard | model=logistic_regression
[2026-09-18 08:08:15] [Training task] Done | pid=3067 | item=119 | split=cross_session_f9911b9cb057 | representation=csp_6__all_standard | model=logistic_regression | elapsed=0s
[2026-09-18 08:08:15] [Training] Progress 119/216 | remaining=97 | elapsed=12s | eta≈10s
[2026-09-18 08:08:15] [Training task] Starting | pid=3067 | item=120 | split=cross_session_f9911b9cb057 | representation=standardized_signal | model=eegnet
[2026-09-18 08:08:15] [Training task] Done | pid=3067 | item=120 | split=cross_session_f9911b9cb057 | representation=standardized_signal | model=eegnet | elapsed=0s
[2026-09-18 08:08:15] [Training] Progress 120/216 | remaining=96 | elapsed=12s | eta≈9s
[2026-09-18 08:08:15] [Training task] Starting | pid=3067 | item=121 | split=cross_session_5520fb22cf29 | representation=statistical__all_standard | model=logistic_regression
[2026-09-18 08:08:17] [Training task] Done | pid=3067 | item=121 | split=cross_session_5520fb22cf29 | representation=statistical__all_standard | model=logistic_regression | elapsed=1s
[2026-09-18 08:08:17] [Training] Progress 121/216 | remaining=95 | elapsed=13s | eta≈10s
[2026-09-18 08:08:17] [Training task] Starting | pid=3067 | item=122 | split=cross_session_5520fb22cf29 | representation=temporal__all_standard | model=logistic_regression
[2026-09-18 08:08:17] [Training task] Done | pid=3067 | item=122 | split=cross_session_5520fb22cf29 | representation=temporal__all_standard | model=logistic_regression | elapsed=0s
[2026-09-18 08:08:17] [Training] Progress 122/216 | remaining=94 | elapsed=13s | eta≈10s
[2026-09-18 08:08:17] [Training task] Starting | pid=3067 | item=123 | split=cross_session_5520fb22cf29 | representation=csp_6__all_standard | model=logistic_regression
[2026-09-18 08:08:17] [Training task] Done | pid=3067 | item=123 | split=cross_session_5520fb22cf29 | representation=csp_6__all_standard | model=logistic_regression | elapsed=0s
[2026-09-18 08:08:17] [Training] Progress 123/216 | remaining=93 | elapsed=13s | eta≈10s
[2026-09-18 08:08:17] [Training task] Starting | pid=3067 | item=124 | split=cross_session_5520fb22cf29 | representation=standardized_signal | model=eegnet
[2026-09-18 08:08:17] [Training task] Done | pid=3067 | item=124 | split=cross_session_5520fb22cf29 | representation=standardized_signal | model=eegnet | elapsed=0s
[2026-09-18 08:08:17] [Training] Progress 124/216 | remaining=92 | elapsed=13s | eta≈10s
[2026-09-18 08:08:17] [Training task] Starting | pid=3067 | item=125 | split=cross_session_0f01d69d3fbf | representation=statistical__all_standard | model=logistic_regression
[2026-09-18 08:08:18] [Training task] Done | pid=3067 | item=125 | split=cross_session_0f01d69d3fbf | representation=statistical__all_standard | model=logistic_regression | elapsed=1s
[2026-09-18 08:08:18] [Training] Progress 125/216 | remaining=91 | elapsed=14s | eta≈10s
[2026-09-18 08:08:18] [Training task] Starting | pid=3067 | item=126 | split=cross_session_0f01d69d3fbf | representation=temporal__all_standard | model=logistic_regression
[2026-09-18 08:08:20] [Training task] Done | pid=3067 | item=126 | split=cross_session_0f01d69d3fbf | representation=temporal__all_standard | model=logistic_regression | elapsed=1s
[2026-09-18 08:08:20] [Training] Progress 126/216 | remaining=90 | elapsed=16s | eta≈11s
[2026-09-18 08:08:20] [Training task] Starting | pid=3067 | item=127 | split=cross_session_0f01d69d3fbf | representation=csp_6__all_standard | model=logistic_regression
[2026-09-18 08:08:20] [Training task] Done | pid=3067 | item=127 | split=cross_session_0f01d69d3fbf | representation=csp_6__all_standard | model=logistic_regression | elapsed=0s
[2026-09-18 08:08:20] [Training] Progress 127/216 | remaining=89 | elapsed=16s | eta≈11s
[2026-09-18 08:08:20] [Training task] Starting | pid=3067 | item=128 | split=cross_session_0f01d69d3fbf | representation=standardized_signal | model=eegnet
[2026-09-18 08:08:20] [Training task] Done | pid=3067 | item=128 | split=cross_session_0f01d69d3fbf | representation=standardized_signal | model=eegnet | elapsed=0s
[2026-09-18 08:08:20] [Training] Progress 128/216 | remaining=88 | elapsed=16s | eta≈11s
[2026-09-18 08:08:20] [Training task] Starting | pid=3067 | item=129 | split=cross_session_36c157397a02 | representation=statistical__all_standard | model=logistic_regression
[2026-09-18 08:08:20] [Training task] Done | pid=3067 | item=129 | split=cross_session_36c157397a02 | representation=statistical__all_standard | model=logistic_regression | elapsed=0s
[2026-09-18 08:08:20] [Training] Progress 129/216 | remaining=87 | elapsed=16s | eta≈11s
[2026-09-18 08:08:20] [Training task] Starting | pid=3067 | item=130 | split=cross_session_36c157397a02 | representation=temporal__all_standard | model=logistic_regression
[2026-09-18 08:08:20] [Training task] Done | pid=3067 | item=130 | split=cross_session_36c157397a02 | representation=temporal__all_standard | model=logistic_regression | elapsed=0s
[2026-09-18 08:08:20] [Training] Progress 130/216 | remaining=86 | elapsed=16s | eta≈11s
[2026-09-18 08:08:20] [Training task] Starting | pid=3067 | item=131 | split=cross_session_36c157397a02 | representation=csp_6__all_standard | model=logistic_regression
[2026-09-18 08:08:21] [Training task] Done | pid=3067 | item=131 | split=cross_session_36c157397a02 | representation=csp_6__all_standard | model=logistic_regression | elapsed=1s
[2026-09-18 08:08:21] [Training] Progress 131/216 | remaining=85 | elapsed=17s | eta≈11s
[2026-09-18 08:08:21] [Training task] Starting | pid=3067 | item=132 | split=cross_session_36c157397a02 | representation=standardized_signal | model=eegnet
[2026-09-18 08:08:21] [Training task] Done | pid=3067 | item=132 | split=cross_session_36c157397a02 | representation=standardized_signal | model=eegnet | elapsed=0s
[2026-09-18 08:08:21] [Training] Progress 132/216 | remaining=84 | elapsed=17s | eta≈11s
[2026-09-18 08:08:21] [Training task] Starting | pid=3067 | item=133 | split=cross_session_d8f4f115dd09 | representation=statistical__all_standard | model=logistic_regression
[2026-09-18 08:08:21] [Training task] Done | pid=3067 | item=133 | split=cross_session_d8f4f115dd09 | representation=statistical__all_standard | model=logistic_regression | elapsed=0s
[2026-09-18 08:08:21] [Training] Progress 133/216 | remaining=83 | elapsed=17s | eta≈11s
[2026-09-18 08:08:21] [Training task] Starting | pid=3067 | item=134 | split=cross_session_d8f4f115dd09 | representation=temporal__all_standard | model=logistic_regression
[2026-09-18 08:08:21] [Training task] Done | pid=3067 | item=134 | split=cross_session_d8f4f115dd09 | representation=temporal__all_standard | model=logistic_regression | elapsed=0s
[2026-09-18 08:08:21] [Training] Progress 134/216 | remaining=82 | elapsed=17s | eta≈11s
[2026-09-18 08:08:21] [Training task] Starting | pid=3067 | item=135 | split=cross_session_d8f4f115dd09 | representation=csp_6__all_standard | model=logistic_regression
[2026-09-18 08:08:21] [Training task] Done | pid=3067 | item=135 | split=cross_session_d8f4f115dd09 | representation=csp_6__all_standard | model=logistic_regression | elapsed=0s
[2026-09-18 08:08:21] [Training] Progress 135/216 | remaining=81 | elapsed=17s | eta≈10s
[2026-09-18 08:08:21] [Training task] Starting | pid=3067 | item=136 | split=cross_session_d8f4f115dd09 | representation=standardized_signal | model=eegnet
[2026-09-18 08:08:21] [Training task] Done | pid=3067 | item=136 | split=cross_session_d8f4f115dd09 | representation=standardized_signal | model=eegnet | elapsed=0s
[2026-09-18 08:08:21] [Training] Progress 136/216 | remaining=80 | elapsed=17s | eta≈10s
[2026-09-18 08:08:21] [Training task] Starting | pid=3067 | item=137 | split=cross_session_e0fced86ada0 | representation=statistical__all_standard | model=logistic_regression
[2026-09-18 08:08:21] [Training task] Done | pid=3067 | item=137 | split=cross_session_e0fced86ada0 | representation=statistical__all_standard | model=logistic_regression | elapsed=0s
[2026-09-18 08:08:21] [Training] Progress 137/216 | remaining=79 | elapsed=17s | eta≈10s
[2026-09-18 08:08:21] [Training task] Starting | pid=3067 | item=138 | split=cross_session_e0fced86ada0 | representation=temporal__all_standard | model=logistic_regression
[2026-09-18 08:08:21] [Training task] Done | pid=3067 | item=138 | split=cross_session_e0fced86ada0 | representation=temporal__all_standard | model=logistic_regression | elapsed=0s
[2026-09-18 08:08:21] [Training] Progress 138/216 | remaining=78 | elapsed=17s | eta≈10s
[2026-09-18 08:08:21] [Training task] Starting | pid=3067 | item=139 | split=cross_session_e0fced86ada0 | representation=csp_6__all_standard | model=logistic_regression
[2026-09-18 08:08:21] [Training task] Done | pid=3067 | item=139 | split=cross_session_e0fced86ada0 | representation=csp_6__all_standard | model=logistic_regression | elapsed=0s
[2026-09-18 08:08:21] [Training] Progress 139/216 | remaining=77 | elapsed=17s | eta≈10s
[2026-09-18 08:08:21] [Training task] Starting | pid=3067 | item=140 | split=cross_session_e0fced86ada0 | representation=standardized_signal | model=eegnet
[2026-09-18 08:08:21] [Training task] Done | pid=3067 | item=140 | split=cross_session_e0fced86ada0 | representation=standardized_signal | model=eegnet | elapsed=0s
[2026-09-18 08:08:21] [Training] Progress 140/216 | remaining=76 | elapsed=17s | eta≈9s
[2026-09-18 08:08:21] [Training task] Starting | pid=3067 | item=141 | split=cross_session_a4a512d44495 | representation=statistical__all_standard | model=logistic_regression
[2026-09-18 08:08:23] [Training task] Done | pid=3067 | item=141 | split=cross_session_a4a512d44495 | representation=statistical__all_standard | model=logistic_regression | elapsed=1s
[2026-09-18 08:08:23] [Training] Progress 141/216 | remaining=75 | elapsed=19s | eta≈10s
[2026-09-18 08:08:23] [Training task] Starting | pid=3067 | item=142 | split=cross_session_a4a512d44495 | representation=temporal__all_standard | model=logistic_regression
[2026-09-18 08:08:23] [Training task] Done | pid=3067 | item=142 | split=cross_session_a4a512d44495 | representation=temporal__all_standard | model=logistic_regression | elapsed=0s
[2026-09-18 08:08:23] [Training] Progress 142/216 | remaining=74 | elapsed=19s | eta≈10s
[2026-09-18 08:08:23] [Training task] Starting | pid=3067 | item=143 | split=cross_session_a4a512d44495 | representation=csp_6__all_standard | model=logistic_regression
[2026-09-18 08:08:23] [Training task] Done | pid=3067 | item=143 | split=cross_session_a4a512d44495 | representation=csp_6__all_standard | model=logistic_regression | elapsed=0s
[2026-09-18 08:08:23] [Training] Progress 143/216 | remaining=73 | elapsed=19s | eta≈10s
[2026-09-18 08:08:23] [Training task] Starting | pid=3067 | item=144 | split=cross_session_a4a512d44495 | representation=standardized_signal | model=eegnet
[2026-09-18 08:08:23] [Training task] Done | pid=3067 | item=144 | split=cross_session_a4a512d44495 | representation=standardized_signal | model=eegnet | elapsed=0s
[2026-09-18 08:08:23] [Training] Progress 144/216 | remaining=72 | elapsed=19s | eta≈9s
[2026-09-18 08:08:23] [Training task] Starting | pid=3067 | item=145 | split=cross_session_1b876c6750c6 | representation=statistical__all_standard | model=logistic_regression
[2026-09-18 08:08:23] [Training task] Done | pid=3067 | item=145 | split=cross_session_1b876c6750c6 | representation=statistical__all_standard | model=logistic_regression | elapsed=0s
[2026-09-18 08:08:23] [Training] Progress 145/216 | remaining=71 | elapsed=19s | eta≈9s
[2026-09-18 08:08:23] [Training task] Starting | pid=3067 | item=146 | split=cross_session_1b876c6750c6 | representation=temporal__all_standard | model=logistic_regression
[2026-09-18 08:08:23] [Training task] Done | pid=3067 | item=146 | split=cross_session_1b876c6750c6 | representation=temporal__all_standard | model=logistic_regression | elapsed=0s
[2026-09-18 08:08:23] [Training] Progress 146/216 | remaining=70 | elapsed=19s | eta≈9s
[2026-09-18 08:08:23] [Training task] Starting | pid=3067 | item=147 | split=cross_session_1b876c6750c6 | representation=csp_6__all_standard | model=logistic_regression
[2026-09-18 08:08:23] [Training task] Done | pid=3067 | item=147 | split=cross_session_1b876c6750c6 | representation=csp_6__all_standard | model=logistic_regression | elapsed=0s
[2026-09-18 08:08:23] [Training] Progress 147/216 | remaining=69 | elapsed=19s | eta≈9s
[2026-09-18 08:08:23] [Training task] Starting | pid=3067 | item=148 | split=cross_session_1b876c6750c6 | representation=standardized_signal | model=eegnet
[2026-09-18 08:08:23] [Training task] Done | pid=3067 | item=148 | split=cross_session_1b876c6750c6 | representation=standardized_signal | model=eegnet | elapsed=0s
[2026-09-18 08:08:23] [Training] Progress 148/216 | remaining=68 | elapsed=19s | eta≈9s
[2026-09-18 08:08:23] [Training task] Starting | pid=3067 | item=149 | split=cross_session_b244bedb6ccf | representation=statistical__all_standard | model=logistic_regression
[2026-09-18 08:08:24] [Training task] Done | pid=3067 | item=149 | split=cross_session_b244bedb6ccf | representation=statistical__all_standard | model=logistic_regression | elapsed=1s
[2026-09-18 08:08:24] [Training] Progress 149/216 | remaining=67 | elapsed=20s | eta≈9s
[2026-09-18 08:08:24] [Training task] Starting | pid=3067 | item=150 | split=cross_session_b244bedb6ccf | representation=temporal__all_standard | model=logistic_regression
[2026-09-18 08:08:24] [Training task] Done | pid=3067 | item=150 | split=cross_session_b244bedb6ccf | representation=temporal__all_standard | model=logistic_regression | elapsed=0s
[2026-09-18 08:08:24] [Training] Progress 150/216 | remaining=66 | elapsed=20s | eta≈9s
[2026-09-18 08:08:24] [Training task] Starting | pid=3067 | item=151 | split=cross_session_b244bedb6ccf | representation=csp_6__all_standard | model=logistic_regression
[2026-09-18 08:08:25] [Training task] Done | pid=3067 | item=151 | split=cross_session_b244bedb6ccf | representation=csp_6__all_standard | model=logistic_regression | elapsed=1s
[2026-09-18 08:08:25] [Training] Progress 151/216 | remaining=65 | elapsed=22s | eta≈9s
[2026-09-18 08:08:25] [Training task] Starting | pid=3067 | item=152 | split=cross_session_b244bedb6ccf | representation=standardized_signal | model=eegnet
[2026-09-18 08:08:25] [Training task] Done | pid=3067 | item=152 | split=cross_session_b244bedb6ccf | representation=standardized_signal | model=eegnet | elapsed=0s
[2026-09-18 08:08:25] [Training] Progress 152/216 | remaining=64 | elapsed=22s | eta≈9s
[2026-09-18 08:08:25] [Training task] Starting | pid=3067 | item=153 | split=cross_session_7d0c3c21e647 | representation=statistical__all_standard | model=logistic_regression
[2026-09-18 08:08:25] [Training task] Done | pid=3067 | item=153 | split=cross_session_7d0c3c21e647 | representation=statistical__all_standard | model=logistic_regression | elapsed=0s
[2026-09-18 08:08:25] [Training] Progress 153/216 | remaining=63 | elapsed=22s | eta≈9s
[2026-09-18 08:08:25] [Training task] Starting | pid=3067 | item=154 | split=cross_session_7d0c3c21e647 | representation=temporal__all_standard | model=logistic_regression
[2026-09-18 08:08:25] [Training task] Done | pid=3067 | item=154 | split=cross_session_7d0c3c21e647 | representation=temporal__all_standard | model=logistic_regression | elapsed=0s
[2026-09-18 08:08:25] [Training] Progress 154/216 | remaining=62 | elapsed=22s | eta≈9s
[2026-09-18 08:08:25] [Training task] Starting | pid=3067 | item=155 | split=cross_session_7d0c3c21e647 | representation=csp_6__all_standard | model=logistic_regression
[2026-09-18 08:08:25] [Training task] Done | pid=3067 | item=155 | split=cross_session_7d0c3c21e647 | representation=csp_6__all_standard | model=logistic_regression | elapsed=0s
[2026-09-18 08:08:25] [Training] Progress 155/216 | remaining=61 | elapsed=22s | eta≈9s
[2026-09-18 08:08:25] [Training task] Starting | pid=3067 | item=156 | split=cross_session_7d0c3c21e647 | representation=standardized_signal | model=eegnet
[2026-09-18 08:08:25] [Training task] Done | pid=3067 | item=156 | split=cross_session_7d0c3c21e647 | representation=standardized_signal | model=eegnet | elapsed=0s
[2026-09-18 08:08:25] [Training] Progress 156/216 | remaining=60 | elapsed=22s | eta≈8s
[2026-09-18 08:08:25] [Training task] Starting | pid=3067 | item=157 | split=cross_session_54cbc56ae5af | representation=statistical__all_standard | model=logistic_regression
[2026-09-18 08:08:25] [Training task] Done | pid=3067 | item=157 | split=cross_session_54cbc56ae5af | representation=statistical__all_standard | model=logistic_regression | elapsed=0s
[2026-09-18 08:08:25] [Training] Progress 157/216 | remaining=59 | elapsed=22s | eta≈8s
[2026-09-18 08:08:25] [Training task] Starting | pid=3067 | item=158 | split=cross_session_54cbc56ae5af | representation=temporal__all_standard | model=logistic_regression
[2026-09-18 08:08:25] [Training task] Done | pid=3067 | item=158 | split=cross_session_54cbc56ae5af | representation=temporal__all_standard | model=logistic_regression | elapsed=0s
[2026-09-18 08:08:25] [Training] Progress 158/216 | remaining=58 | elapsed=22s | eta≈8s
[2026-09-18 08:08:25] [Training task] Starting | pid=3067 | item=159 | split=cross_session_54cbc56ae5af | representation=csp_6__all_standard | model=logistic_regression
[2026-09-18 08:08:25] [Training task] Done | pid=3067 | item=159 | split=cross_session_54cbc56ae5af | representation=csp_6__all_standard | model=logistic_regression | elapsed=0s
[2026-09-18 08:08:25] [Training] Progress 159/216 | remaining=57 | elapsed=22s | eta≈8s
[2026-09-18 08:08:25] [Training task] Starting | pid=3067 | item=160 | split=cross_session_54cbc56ae5af | representation=standardized_signal | model=eegnet
[2026-09-18 08:08:25] [Training task] Done | pid=3067 | item=160 | split=cross_session_54cbc56ae5af | representation=standardized_signal | model=eegnet | elapsed=0s
[2026-09-18 08:08:25] [Training] Progress 160/216 | remaining=56 | elapsed=22s | eta≈8s
[2026-09-18 08:08:25] [Training task] Starting | pid=3067 | item=161 | split=cross_session_604d3d53674b | representation=statistical__all_standard | model=logistic_regression
[2026-09-18 08:08:25] [Training task] Done | pid=3067 | item=161 | split=cross_session_604d3d53674b | representation=statistical__all_standard | model=logistic_regression | elapsed=0s
[2026-09-18 08:08:25] [Training] Progress 161/216 | remaining=55 | elapsed=22s | eta≈7s
[2026-09-18 08:08:25] [Training task] Starting | pid=3067 | item=162 | split=cross_session_604d3d53674b | representation=temporal__all_standard | model=logistic_regression
[2026-09-18 08:08:25] [Training task] Done | pid=3067 | item=162 | split=cross_session_604d3d53674b | representation=temporal__all_standard | model=logistic_regression | elapsed=0s
[2026-09-18 08:08:25] [Training] Progress 162/216 | remaining=54 | elapsed=22s | eta≈7s
[2026-09-18 08:08:25] [Training task] Starting | pid=3067 | item=163 | split=cross_session_604d3d53674b | representation=csp_6__all_standard | model=logistic_regression
[2026-09-18 08:08:25] [Training task] Done | pid=3067 | item=163 | split=cross_session_604d3d53674b | representation=csp_6__all_standard | model=logistic_regression | elapsed=0s
[2026-09-18 08:08:25] [Training] Progress 163/216 | remaining=53 | elapsed=22s | eta≈7s
[2026-09-18 08:08:25] [Training task] Starting | pid=3067 | item=164 | split=cross_session_604d3d53674b | representation=standardized_signal | model=eegnet
[2026-09-18 08:08:25] [Training task] Done | pid=3067 | item=164 | split=cross_session_604d3d53674b | representation=standardized_signal | model=eegnet | elapsed=0s
[2026-09-18 08:08:25] [Training] Progress 164/216 | remaining=52 | elapsed=22s | eta≈7s
[2026-09-18 08:08:25] [Training task] Starting | pid=3067 | item=165 | split=cross_session_d470a4c875d7 | representation=statistical__all_standard | model=logistic_regression
[2026-09-18 08:08:25] [Training task] Done | pid=3067 | item=165 | split=cross_session_d470a4c875d7 | representation=statistical__all_standard | model=logistic_regression | elapsed=0s
[2026-09-18 08:08:25] [Training] Progress 165/216 | remaining=51 | elapsed=22s | eta≈7s
[2026-09-18 08:08:25] [Training task] Starting | pid=3067 | item=166 | split=cross_session_d470a4c875d7 | representation=temporal__all_standard | model=logistic_regression
[2026-09-18 08:08:27] [Training task] Done | pid=3067 | item=166 | split=cross_session_d470a4c875d7 | representation=temporal__all_standard | model=logistic_regression | elapsed=1s
[2026-09-18 08:08:27] [Training] Progress 166/216 | remaining=50 | elapsed=23s | eta≈7s
[2026-09-18 08:08:27] [Training task] Starting | pid=3067 | item=167 | split=cross_session_d470a4c875d7 | representation=csp_6__all_standard | model=logistic_regression
[2026-09-18 08:08:27] [Training task] Done | pid=3067 | item=167 | split=cross_session_d470a4c875d7 | representation=csp_6__all_standard | model=logistic_regression | elapsed=0s
[2026-09-18 08:08:27] [Training] Progress 167/216 | remaining=49 | elapsed=23s | eta≈7s
[2026-09-18 08:08:27] [Training task] Starting | pid=3067 | item=168 | split=cross_session_d470a4c875d7 | representation=standardized_signal | model=eegnet
[2026-09-18 08:08:27] [Training task] Done | pid=3067 | item=168 | split=cross_session_d470a4c875d7 | representation=standardized_signal | model=eegnet | elapsed=0s
[2026-09-18 08:08:27] [Training] Progress 168/216 | remaining=48 | elapsed=23s | eta≈7s
[2026-09-18 08:08:27] [Training task] Starting | pid=3067 | item=169 | split=cross_session_9f6162b3e24c | representation=statistical__all_standard | model=logistic_regression
[2026-09-18 08:08:27] [Training task] Done | pid=3067 | item=169 | split=cross_session_9f6162b3e24c | representation=statistical__all_standard | model=logistic_regression | elapsed=0s
[2026-09-18 08:08:27] [Training] Progress 169/216 | remaining=47 | elapsed=23s | eta≈6s
[2026-09-18 08:08:27] [Training task] Starting | pid=3067 | item=170 | split=cross_session_9f6162b3e24c | representation=temporal__all_standard | model=logistic_regression
[2026-09-18 08:08:27] [Training task] Done | pid=3067 | item=170 | split=cross_session_9f6162b3e24c | representation=temporal__all_standard | model=logistic_regression | elapsed=0s
[2026-09-18 08:08:27] [Training] Progress 170/216 | remaining=46 | elapsed=23s | eta≈6s
[2026-09-18 08:08:27] [Training task] Starting | pid=3067 | item=171 | split=cross_session_9f6162b3e24c | representation=csp_6__all_standard | model=logistic_regression
[2026-09-18 08:08:27] [Training task] Done | pid=3067 | item=171 | split=cross_session_9f6162b3e24c | representation=csp_6__all_standard | model=logistic_regression | elapsed=0s
[2026-09-18 08:08:27] [Training] Progress 171/216 | remaining=45 | elapsed=23s | eta≈6s
[2026-09-18 08:08:27] [Training task] Starting | pid=3067 | item=172 | split=cross_session_9f6162b3e24c | representation=standardized_signal | model=eegnet
[2026-09-18 08:08:27] [Training task] Done | pid=3067 | item=172 | split=cross_session_9f6162b3e24c | representation=standardized_signal | model=eegnet | elapsed=0s
[2026-09-18 08:08:27] [Training] Progress 172/216 | remaining=44 | elapsed=23s | eta≈6s
[2026-09-18 08:08:27] [Training task] Starting | pid=3067 | item=173 | split=cross_session_a6d19810d2cf | representation=statistical__all_standard | model=logistic_regression
[2026-09-18 08:08:27] [Training task] Done | pid=3067 | item=173 | split=cross_session_a6d19810d2cf | representation=statistical__all_standard | model=logistic_regression | elapsed=0s
[2026-09-18 08:08:27] [Training] Progress 173/216 | remaining=43 | elapsed=23s | eta≈6s
[2026-09-18 08:08:27] [Training task] Starting | pid=3067 | item=174 | split=cross_session_a6d19810d2cf | representation=temporal__all_standard | model=logistic_regression
[2026-09-18 08:08:27] [Training task] Done | pid=3067 | item=174 | split=cross_session_a6d19810d2cf | representation=temporal__all_standard | model=logistic_regression | elapsed=0s
[2026-09-18 08:08:27] [Training] Progress 174/216 | remaining=42 | elapsed=23s | eta≈6s
[2026-09-18 08:08:27] [Training task] Starting | pid=3067 | item=175 | split=cross_session_a6d19810d2cf | representation=csp_6__all_standard | model=logistic_regression
[2026-09-18 08:08:27] [Training task] Done | pid=3067 | item=175 | split=cross_session_a6d19810d2cf | representation=csp_6__all_standard | model=logistic_regression | elapsed=0s
[2026-09-18 08:08:27] [Training] Progress 175/216 | remaining=41 | elapsed=23s | eta≈5s
[2026-09-18 08:08:27] [Training task] Starting | pid=3067 | item=176 | split=cross_session_a6d19810d2cf | representation=standardized_signal | model=eegnet
[2026-09-18 08:08:27] [Training task] Done | pid=3067 | item=176 | split=cross_session_a6d19810d2cf | representation=standardized_signal | model=eegnet | elapsed=0s
[2026-09-18 08:08:27] [Training] Progress 176/216 | remaining=40 | elapsed=23s | eta≈5s
[2026-09-18 08:08:27] [Training task] Starting | pid=3067 | item=177 | split=cross_session_101bba2ac83d | representation=statistical__all_standard | model=logistic_regression
[2026-09-18 08:08:27] [Training task] Done | pid=3067 | item=177 | split=cross_session_101bba2ac83d | representation=statistical__all_standard | model=logistic_regression | elapsed=0s
[2026-09-18 08:08:27] [Training] Progress 177/216 | remaining=39 | elapsed=23s | eta≈5s
[2026-09-18 08:08:27] [Training task] Starting | pid=3067 | item=178 | split=cross_session_101bba2ac83d | representation=temporal__all_standard | model=logistic_regression
[2026-09-18 08:08:27] [Training task] Done | pid=3067 | item=178 | split=cross_session_101bba2ac83d | representation=temporal__all_standard | model=logistic_regression | elapsed=0s
[2026-09-18 08:08:27] [Training] Progress 178/216 | remaining=38 | elapsed=23s | eta≈5s
[2026-09-18 08:08:27] [Training task] Starting | pid=3067 | item=179 | split=cross_session_101bba2ac83d | representation=csp_6__all_standard | model=logistic_regression
[2026-09-18 08:08:27] [Training task] Done | pid=3067 | item=179 | split=cross_session_101bba2ac83d | representation=csp_6__all_standard | model=logistic_regression | elapsed=0s
[2026-09-18 08:08:27] [Training] Progress 179/216 | remaining=37 | elapsed=23s | eta≈5s
[2026-09-18 08:08:27] [Training task] Starting | pid=3067 | item=180 | split=cross_session_101bba2ac83d | representation=standardized_signal | model=eegnet
[2026-09-18 08:08:27] [Training task] Done | pid=3067 | item=180 | split=cross_session_101bba2ac83d | representation=standardized_signal | model=eegnet | elapsed=0s
[2026-09-18 08:08:27] [Training] Progress 180/216 | remaining=36 | elapsed=23s | eta≈5s
[2026-09-18 08:08:27] [Training task] Starting | pid=3067 | item=181 | split=cross_session_4c0541c9688c | representation=statistical__all_standard | model=logistic_regression
[2026-09-18 08:08:27] [Training task] Done | pid=3067 | item=181 | split=cross_session_4c0541c9688c | representation=statistical__all_standard | model=logistic_regression | elapsed=0s
[2026-09-18 08:08:27] [Training] Progress 181/216 | remaining=35 | elapsed=23s | eta≈4s
[2026-09-18 08:08:27] [Training task] Starting | pid=3067 | item=182 | split=cross_session_4c0541c9688c | representation=temporal__all_standard | model=logistic_regression
[2026-09-18 08:08:27] [Training task] Done | pid=3067 | item=182 | split=cross_session_4c0541c9688c | representation=temporal__all_standard | model=logistic_regression | elapsed=0s
[2026-09-18 08:08:27] [Training] Progress 182/216 | remaining=34 | elapsed=23s | eta≈4s
[2026-09-18 08:08:27] [Training task] Starting | pid=3067 | item=183 | split=cross_session_4c0541c9688c | representation=csp_6__all_standard | model=logistic_regression
[2026-09-18 08:08:27] [Training task] Done | pid=3067 | item=183 | split=cross_session_4c0541c9688c | representation=csp_6__all_standard | model=logistic_regression | elapsed=0s
[2026-09-18 08:08:27] [Training] Progress 183/216 | remaining=33 | elapsed=23s | eta≈4s
[2026-09-18 08:08:27] [Training task] Starting | pid=3067 | item=184 | split=cross_session_4c0541c9688c | representation=standardized_signal | model=eegnet
[2026-09-18 08:08:27] [Training task] Done | pid=3067 | item=184 | split=cross_session_4c0541c9688c | representation=standardized_signal | model=eegnet | elapsed=0s
[2026-09-18 08:08:27] [Training] Progress 184/216 | remaining=32 | elapsed=23s | eta≈4s
[2026-09-18 08:08:27] [Training task] Starting | pid=3067 | item=185 | split=cross_session_325ebffcfcb2 | representation=statistical__all_standard | model=logistic_regression
[2026-09-18 08:08:27] [Training task] Done | pid=3067 | item=185 | split=cross_session_325ebffcfcb2 | representation=statistical__all_standard | model=logistic_regression | elapsed=0s
[2026-09-18 08:08:27] [Training] Progress 185/216 | remaining=31 | elapsed=23s | eta≈4s
[2026-09-18 08:08:27] [Training task] Starting | pid=3067 | item=186 | split=cross_session_325ebffcfcb2 | representation=temporal__all_standard | model=logistic_regression
[2026-09-18 08:08:27] [Training task] Done | pid=3067 | item=186 | split=cross_session_325ebffcfcb2 | representation=temporal__all_standard | model=logistic_regression | elapsed=0s
[2026-09-18 08:08:27] [Training] Progress 186/216 | remaining=30 | elapsed=23s | eta≈4s
[2026-09-18 08:08:27] [Training task] Starting | pid=3067 | item=187 | split=cross_session_325ebffcfcb2 | representation=csp_6__all_standard | model=logistic_regression
[2026-09-18 08:08:27] [Training task] Done | pid=3067 | item=187 | split=cross_session_325ebffcfcb2 | representation=csp_6__all_standard | model=logistic_regression | elapsed=0s
[2026-09-18 08:08:27] [Training] Progress 187/216 | remaining=29 | elapsed=23s | eta≈4s
[2026-09-18 08:08:27] [Training task] Starting | pid=3067 | item=188 | split=cross_session_325ebffcfcb2 | representation=standardized_signal | model=eegnet
[2026-09-18 08:08:27] [Training task] Done | pid=3067 | item=188 | split=cross_session_325ebffcfcb2 | representation=standardized_signal | model=eegnet | elapsed=0s
[2026-09-18 08:08:27] [Training] Progress 188/216 | remaining=28 | elapsed=23s | eta≈3s
[2026-09-18 08:08:27] [Training task] Starting | pid=3067 | item=189 | split=cross_session_f9911b9cb057 | representation=statistical__all_standard | model=logistic_regression
[2026-09-18 08:08:28] [Training task] Done | pid=3067 | item=189 | split=cross_session_f9911b9cb057 | representation=statistical__all_standard | model=logistic_regression | elapsed=1s
[2026-09-18 08:08:28] [Training] Progress 189/216 | remaining=27 | elapsed=24s | eta≈3s
[2026-09-18 08:08:28] [Training task] Starting | pid=3067 | item=190 | split=cross_session_f9911b9cb057 | representation=temporal__all_standard | model=logistic_regression
[2026-09-18 08:08:28] [Training task] Done | pid=3067 | item=190 | split=cross_session_f9911b9cb057 | representation=temporal__all_standard | model=logistic_regression | elapsed=0s
[2026-09-18 08:08:28] [Training] Progress 190/216 | remaining=26 | elapsed=24s | eta≈3s
[2026-09-18 08:08:28] [Training task] Starting | pid=3067 | item=191 | split=cross_session_f9911b9cb057 | representation=csp_6__all_standard | model=logistic_regression
[2026-09-18 08:08:28] [Training task] Done | pid=3067 | item=191 | split=cross_session_f9911b9cb057 | representation=csp_6__all_standard | model=logistic_regression | elapsed=0s
[2026-09-18 08:08:28] [Training] Progress 191/216 | remaining=25 | elapsed=24s | eta≈3s
[2026-09-18 08:08:28] [Training task] Starting | pid=3067 | item=192 | split=cross_session_f9911b9cb057 | representation=standardized_signal | model=eegnet
[2026-09-18 08:08:28] [Training task] Done | pid=3067 | item=192 | split=cross_session_f9911b9cb057 | representation=standardized_signal | model=eegnet | elapsed=0s
[2026-09-18 08:08:28] [Training] Progress 192/216 | remaining=24 | elapsed=24s | eta≈3s
[2026-09-18 08:08:28] [Training task] Starting | pid=3067 | item=193 | split=cross_session_5520fb22cf29 | representation=statistical__all_standard | model=logistic_regression
[2026-09-18 08:08:28] [Training task] Done | pid=3067 | item=193 | split=cross_session_5520fb22cf29 | representation=statistical__all_standard | model=logistic_regression | elapsed=0s
[2026-09-18 08:08:28] [Training] Progress 193/216 | remaining=23 | elapsed=24s | eta≈3s
[2026-09-18 08:08:28] [Training task] Starting | pid=3067 | item=194 | split=cross_session_5520fb22cf29 | representation=temporal__all_standard | model=logistic_regression
[2026-09-18 08:08:28] [Training task] Done | pid=3067 | item=194 | split=cross_session_5520fb22cf29 | representation=temporal__all_standard | model=logistic_regression | elapsed=0s
[2026-09-18 08:08:28] [Training] Progress 194/216 | remaining=22 | elapsed=24s | eta≈3s
[2026-09-18 08:08:28] [Training task] Starting | pid=3067 | item=195 | split=cross_session_5520fb22cf29 | representation=csp_6__all_standard | model=logistic_regression
[2026-09-18 08:08:28] [Training task] Done | pid=3067 | item=195 | split=cross_session_5520fb22cf29 | representation=csp_6__all_standard | model=logistic_regression | elapsed=0s
[2026-09-18 08:08:28] [Training] Progress 195/216 | remaining=21 | elapsed=24s | eta≈3s
[2026-09-18 08:08:28] [Training task] Starting | pid=3067 | item=196 | split=cross_session_5520fb22cf29 | representation=standardized_signal | model=eegnet
[2026-09-18 08:08:28] [Training task] Done | pid=3067 | item=196 | split=cross_session_5520fb22cf29 | representation=standardized_signal | model=eegnet | elapsed=0s
[2026-09-18 08:08:28] [Training] Progress 196/216 | remaining=20 | elapsed=24s | eta≈2s
[2026-09-18 08:08:28] [Training task] Starting | pid=3067 | item=197 | split=cross_session_0f01d69d3fbf | representation=statistical__all_standard | model=logistic_regression
[2026-09-18 08:08:28] [Training task] Done | pid=3067 | item=197 | split=cross_session_0f01d69d3fbf | representation=statistical__all_standard | model=logistic_regression | elapsed=0s
[2026-09-18 08:08:28] [Training] Progress 197/216 | remaining=19 | elapsed=24s | eta≈2s
[2026-09-18 08:08:28] [Training task] Starting | pid=3067 | item=198 | split=cross_session_0f01d69d3fbf | representation=temporal__all_standard | model=logistic_regression
[2026-09-18 08:08:28] [Training task] Done | pid=3067 | item=198 | split=cross_session_0f01d69d3fbf | representation=temporal__all_standard | model=logistic_regression | elapsed=0s
[2026-09-18 08:08:28] [Training] Progress 198/216 | remaining=18 | elapsed=24s | eta≈2s
[2026-09-18 08:08:28] [Training task] Starting | pid=3067 | item=199 | split=cross_session_0f01d69d3fbf | representation=csp_6__all_standard | model=logistic_regression
[2026-09-18 08:08:28] [Training task] Done | pid=3067 | item=199 | split=cross_session_0f01d69d3fbf | representation=csp_6__all_standard | model=logistic_regression | elapsed=0s
[2026-09-18 08:08:28] [Training] Progress 199/216 | remaining=17 | elapsed=24s | eta≈2s
[2026-09-18 08:08:28] [Training task] Starting | pid=3067 | item=200 | split=cross_session_0f01d69d3fbf | representation=standardized_signal | model=eegnet
[2026-09-18 08:08:28] [Training task] Done | pid=3067 | item=200 | split=cross_session_0f01d69d3fbf | representation=standardized_signal | model=eegnet | elapsed=0s
[2026-09-18 08:08:28] [Training] Progress 200/216 | remaining=16 | elapsed=24s | eta≈2s
[2026-09-18 08:08:28] [Training task] Starting | pid=3067 | item=201 | split=cross_session_36c157397a02 | representation=statistical__all_standard | model=logistic_regression
[2026-09-18 08:08:28] [Training task] Done | pid=3067 | item=201 | split=cross_session_36c157397a02 | representation=statistical__all_standard | model=logistic_regression | elapsed=0s
[2026-09-18 08:08:28] [Training] Progress 201/216 | remaining=15 | elapsed=24s | eta≈2s
[2026-09-18 08:08:28] [Training task] Starting | pid=3067 | item=202 | split=cross_session_36c157397a02 | representation=temporal__all_standard | model=logistic_regression
[2026-09-18 08:08:28] [Training task] Done | pid=3067 | item=202 | split=cross_session_36c157397a02 | representation=temporal__all_standard | model=logistic_regression | elapsed=0s
[2026-09-18 08:08:28] [Training] Progress 202/216 | remaining=14 | elapsed=24s | eta≈2s
[2026-09-18 08:08:28] [Training task] Starting | pid=3067 | item=203 | split=cross_session_36c157397a02 | representation=csp_6__all_standard | model=logistic_regression
[2026-09-18 08:08:28] [Training task] Done | pid=3067 | item=203 | split=cross_session_36c157397a02 | representation=csp_6__all_standard | model=logistic_regression | elapsed=0s
[2026-09-18 08:08:28] [Training] Progress 203/216 | remaining=13 | elapsed=24s | eta≈2s
[2026-09-18 08:08:28] [Training task] Starting | pid=3067 | item=204 | split=cross_session_36c157397a02 | representation=standardized_signal | model=eegnet
[2026-09-18 08:08:28] [Training task] Done | pid=3067 | item=204 | split=cross_session_36c157397a02 | representation=standardized_signal | model=eegnet | elapsed=0s
[2026-09-18 08:08:28] [Training] Progress 204/216 | remaining=12 | elapsed=24s | eta≈1s
[2026-09-18 08:08:28] [Training task] Starting | pid=3067 | item=205 | split=cross_session_d8f4f115dd09 | representation=statistical__all_standard | model=logistic_regression
[2026-09-18 08:08:30] [Training task] Done | pid=3067 | item=205 | split=cross_session_d8f4f115dd09 | representation=statistical__all_standard | model=logistic_regression | elapsed=1s
[2026-09-18 08:08:30] [Training] Progress 205/216 | remaining=11 | elapsed=26s | eta≈1s
[2026-09-18 08:08:30] [Training task] Starting | pid=3067 | item=206 | split=cross_session_d8f4f115dd09 | representation=temporal__all_standard | model=logistic_regression
[2026-09-18 08:08:30] [Training task] Done | pid=3067 | item=206 | split=cross_session_d8f4f115dd09 | representation=temporal__all_standard | model=logistic_regression | elapsed=0s
[2026-09-18 08:08:30] [Training] Progress 206/216 | remaining=10 | elapsed=26s | eta≈1s
[2026-09-18 08:08:30] [Training task] Starting | pid=3067 | item=207 | split=cross_session_d8f4f115dd09 | representation=csp_6__all_standard | model=logistic_regression
[2026-09-18 08:08:30] [Training task] Done | pid=3067 | item=207 | split=cross_session_d8f4f115dd09 | representation=csp_6__all_standard | model=logistic_regression | elapsed=0s
[2026-09-18 08:08:30] [Training] Progress 207/216 | remaining=9 | elapsed=26s | eta≈1s
[2026-09-18 08:08:30] [Training task] Starting | pid=3067 | item=208 | split=cross_session_d8f4f115dd09 | representation=standardized_signal | model=eegnet
[2026-09-18 08:08:30] [Training task] Done | pid=3067 | item=208 | split=cross_session_d8f4f115dd09 | representation=standardized_signal | model=eegnet | elapsed=0s
[2026-09-18 08:08:30] [Training] Progress 208/216 | remaining=8 | elapsed=26s | eta≈1s
[2026-09-18 08:08:30] [Training task] Starting | pid=3067 | item=209 | split=cross_session_e0fced86ada0 | representation=statistical__all_standard | model=logistic_regression
[2026-09-18 08:08:30] [Training task] Done | pid=3067 | item=209 | split=cross_session_e0fced86ada0 | representation=statistical__all_standard | model=logistic_regression | elapsed=0s
[2026-09-18 08:08:30] [Training] Progress 209/216 | remaining=7 | elapsed=26s | eta≈1s
[2026-09-18 08:08:30] [Training task] Starting | pid=3067 | item=210 | split=cross_session_e0fced86ada0 | representation=temporal__all_standard | model=logistic_regression
[2026-09-18 08:08:30] [Training task] Done | pid=3067 | item=210 | split=cross_session_e0fced86ada0 | representation=temporal__all_standard | model=logistic_regression | elapsed=0s
[2026-09-18 08:08:30] [Training] Progress 210/216 | remaining=6 | elapsed=26s | eta≈1s
[2026-09-18 08:08:30] [Training task] Starting | pid=3067 | item=211 | split=cross_session_e0fced86ada0 | representation=csp_6__all_standard | model=logistic_regression
[2026-09-18 08:08:30] [Training task] Done | pid=3067 | item=211 | split=cross_session_e0fced86ada0 | representation=csp_6__all_standard | model=logistic_regression | elapsed=0s
[2026-09-18 08:08:30] [Training] Progress 211/216 | remaining=5 | elapsed=26s | eta≈1s
[2026-09-18 08:08:30] [Training task] Starting | pid=3067 | item=212 | split=cross_session_e0fced86ada0 | representation=standardized_signal | model=eegnet
[2026-09-18 08:08:30] [Training task] Done | pid=3067 | item=212 | split=cross_session_e0fced86ada0 | representation=standardized_signal | model=eegnet | elapsed=0s
[2026-09-18 08:08:30] [Training] Progress 212/216 | remaining=4 | elapsed=26s | eta≈0s
[2026-09-18 08:08:30] [Training task] Starting | pid=3067 | item=213 | split=cross_session_a4a512d44495 | representation=statistical__all_standard | model=logistic_regression
[2026-09-18 08:08:30] [Training task] Done | pid=3067 | item=213 | split=cross_session_a4a512d44495 | representation=statistical__all_standard | model=logistic_regression | elapsed=0s
[2026-09-18 08:08:30] [Training] Progress 213/216 | remaining=3 | elapsed=26s | eta≈0s
[2026-09-18 08:08:30] [Training task] Starting | pid=3067 | item=214 | split=cross_session_a4a512d44495 | representation=temporal__all_standard | model=logistic_regression
[2026-09-18 08:08:30] [Training task] Done | pid=3067 | item=214 | split=cross_session_a4a512d44495 | representation=temporal__all_standard | model=logistic_regression | elapsed=0s
[2026-09-18 08:08:30] [Training] Progress 214/216 | remaining=2 | elapsed=26s | eta≈0s
[2026-09-18 08:08:30] [Training task] Starting | pid=3067 | item=215 | split=cross_session_a4a512d44495 | representation=csp_6__all_standard | model=logistic_regression
[2026-09-18 08:08:30] [Training task] Done | pid=3067 | item=215 | split=cross_session_a4a512d44495 | representation=csp_6__all_standard | model=logistic_regression | elapsed=0s
[2026-09-18 08:08:30] [Training] Progress 215/216 | remaining=1 | elapsed=26s | eta≈0s
[2026-09-18 08:08:30] [Training task] Starting | pid=3067 | item=216 | split=cross_session_a4a512d44495 | representation=standardized_signal | model=eegnet
[2026-09-18 08:08:30] [Training task] Done | pid=3067 | item=216 | split=cross_session_a4a512d44495 | representation=standardized_signal | model=eegnet | elapsed=0s
[2026-09-18 08:08:30] [Training] Progress 216/216 | remaining=0 | elapsed=26s | eta≈0s
[2026-09-18 08:08:30] [Training] Done | elapsed=26s
[2026-09-18 08:08:30] [Evaluation] Starting...
[2026-09-18 08:08:30] [Evaluation] Done | elapsed=0s
[2026-09-18 08:08:30] [Benchmark] Starting...
[2026-09-18 08:08:30] [Benchmark] Done | elapsed=0s
[2026-09-18 08:08:30] [Paper 1 Analysis] Starting...
[Paper 1] Waiting for scenarios: cross_subject
[2026-09-18 08:08:30] [Paper 1 Analysis] Done | elapsed=0s
[2026-09-18 08:08:30] [Pipeline] Finished | total=56s
