[2026-09-18 08:08:34] [Pipeline] Starting | pid=3121 | scenario=cross_session | workers=1
[2026-09-18 08:08:34] [Pipeline] Params | main/feature_grid/params/cross_session/params_zhou.py
[2026-09-18 08:08:34] [Preprocessing] Starting...
[2026-09-18 08:08:34] [Preprocessing] Done | elapsed=0s
[2026-09-18 08:08:34] [Scenarios] Starting...
[2026-09-18 08:08:34] [Scenarios] Done | elapsed=0s
[2026-09-18 08:08:34] [Representation] Starting...
[2026-09-18 08:08:34] [Representation] Tasks=144 | workers=1
[2026-09-18 08:08:34] [Representation task] Starting | pid=3121 | split=cross_session_19d2548920ce | group=zhou_cross_session_broad_1_38 | representation=statistical__all_standard
[2026-09-18 08:08:36] [Representation task] Done | pid=3121 | split=cross_session_19d2548920ce | group=zhou_cross_session_broad_1_38 | representation=statistical__all_standard | elapsed=2s
[2026-09-18 08:08:36] [Representation] Progress 1/144 | remaining=143 | elapsed=2s | eta≈3.6m
[2026-09-18 08:08:36] [Representation task] Starting | pid=3121 | split=cross_session_19d2548920ce | group=zhou_cross_session_broad_1_38 | representation=temporal__all_standard
[2026-09-18 08:08:36] [Representation task] Done | pid=3121 | split=cross_session_19d2548920ce | group=zhou_cross_session_broad_1_38 | representation=temporal__all_standard | elapsed=0s
[2026-09-18 08:08:36] [Representation] Progress 2/144 | remaining=142 | elapsed=2s | eta≈1.8m
[2026-09-18 08:08:36] [Representation task] Starting | pid=3121 | split=cross_session_19d2548920ce | group=zhou_cross_session_broad_1_38 | representation=csp_6__all_standard
[2026-09-18 08:08:36] [Representation task] Done | pid=3121 | split=cross_session_19d2548920ce | group=zhou_cross_session_broad_1_38 | representation=csp_6__all_standard | elapsed=0s
[2026-09-18 08:08:36] [Representation] Progress 3/144 | remaining=141 | elapsed=2s | eta≈1.2m
[2026-09-18 08:08:36] [Representation task] Starting | pid=3121 | split=cross_session_19d2548920ce | group=zhou_cross_session_broad_1_38 | representation=standardized_signal
[2026-09-18 08:08:36] [Representation task] Done | pid=3121 | split=cross_session_19d2548920ce | group=zhou_cross_session_broad_1_38 | representation=standardized_signal | elapsed=0s
[2026-09-18 08:08:36] [Representation] Progress 4/144 | remaining=140 | elapsed=2s | eta≈53s
[2026-09-18 08:08:36] [Representation task] Starting | pid=3121 | split=cross_session_016111ec6d53 | group=zhou_cross_session_broad_1_38 | representation=statistical__all_standard
[2026-09-18 08:08:37] [Representation task] Done | pid=3121 | split=cross_session_016111ec6d53 | group=zhou_cross_session_broad_1_38 | representation=statistical__all_standard | elapsed=1s
[2026-09-18 08:08:37] [Representation] Progress 5/144 | remaining=139 | elapsed=3s | eta≈1.3m
[2026-09-18 08:08:37] [Representation task] Starting | pid=3121 | split=cross_session_016111ec6d53 | group=zhou_cross_session_broad_1_38 | representation=temporal__all_standard
[2026-09-18 08:08:37] [Representation task] Done | pid=3121 | split=cross_session_016111ec6d53 | group=zhou_cross_session_broad_1_38 | representation=temporal__all_standard | elapsed=0s
[2026-09-18 08:08:37] [Representation] Progress 6/144 | remaining=138 | elapsed=3s | eta≈1.1m
[2026-09-18 08:08:37] [Representation task] Starting | pid=3121 | split=cross_session_016111ec6d53 | group=zhou_cross_session_broad_1_38 | representation=csp_6__all_standard
[2026-09-18 08:08:37] [Representation task] Done | pid=3121 | split=cross_session_016111ec6d53 | group=zhou_cross_session_broad_1_38 | representation=csp_6__all_standard | elapsed=0s
[2026-09-18 08:08:37] [Representation] Progress 7/144 | remaining=137 | elapsed=3s | eta≈54s
[2026-09-18 08:08:37] [Representation task] Starting | pid=3121 | split=cross_session_016111ec6d53 | group=zhou_cross_session_broad_1_38 | representation=standardized_signal
[2026-09-18 08:08:37] [Representation task] Done | pid=3121 | split=cross_session_016111ec6d53 | group=zhou_cross_session_broad_1_38 | representation=standardized_signal | elapsed=0s
[2026-09-18 08:08:37] [Representation] Progress 8/144 | remaining=136 | elapsed=3s | eta≈47s
[2026-09-18 08:08:37] [Representation task] Starting | pid=3121 | split=cross_session_e21fc9e540fd | group=zhou_cross_session_broad_1_38 | representation=statistical__all_standard
[2026-09-18 08:08:37] [Representation task] Done | pid=3121 | split=cross_session_e21fc9e540fd | group=zhou_cross_session_broad_1_38 | representation=statistical__all_standard | elapsed=0s
[2026-09-18 08:08:37] [Representation] Progress 9/144 | remaining=135 | elapsed=3s | eta≈42s
[2026-09-18 08:08:37] [Representation task] Starting | pid=3121 | split=cross_session_e21fc9e540fd | group=zhou_cross_session_broad_1_38 | representation=temporal__all_standard
[2026-09-18 08:08:37] [Representation task] Done | pid=3121 | split=cross_session_e21fc9e540fd | group=zhou_cross_session_broad_1_38 | representation=temporal__all_standard | elapsed=0s
[2026-09-18 08:08:37] [Representation] Progress 10/144 | remaining=134 | elapsed=3s | eta≈37s
[2026-09-18 08:08:37] [Representation task] Starting | pid=3121 | split=cross_session_e21fc9e540fd | group=zhou_cross_session_broad_1_38 | representation=csp_6__all_standard
[2026-09-18 08:08:37] [Representation task] Done | pid=3121 | split=cross_session_e21fc9e540fd | group=zhou_cross_session_broad_1_38 | representation=csp_6__all_standard | elapsed=0s
[2026-09-18 08:08:37] [Representation] Progress 11/144 | remaining=133 | elapsed=3s | eta≈34s
[2026-09-18 08:08:37] [Representation task] Starting | pid=3121 | split=cross_session_e21fc9e540fd | group=zhou_cross_session_broad_1_38 | representation=standardized_signal
[2026-09-18 08:08:37] [Representation task] Done | pid=3121 | split=cross_session_e21fc9e540fd | group=zhou_cross_session_broad_1_38 | representation=standardized_signal | elapsed=0s
[2026-09-18 08:08:37] [Representation] Progress 12/144 | remaining=132 | elapsed=3s | eta≈30s
[2026-09-18 08:08:37] [Representation task] Starting | pid=3121 | split=cross_session_5fec25c5d9e3 | group=zhou_cross_session_broad_1_38 | representation=statistical__all_standard
[2026-09-18 08:08:37] [Representation task] Done | pid=3121 | split=cross_session_5fec25c5d9e3 | group=zhou_cross_session_broad_1_38 | representation=statistical__all_standard | elapsed=0s
[2026-09-18 08:08:37] [Representation] Progress 13/144 | remaining=131 | elapsed=3s | eta≈28s
[2026-09-18 08:08:37] [Representation task] Starting | pid=3121 | split=cross_session_5fec25c5d9e3 | group=zhou_cross_session_broad_1_38 | representation=temporal__all_standard
[2026-09-18 08:08:37] [Representation task] Done | pid=3121 | split=cross_session_5fec25c5d9e3 | group=zhou_cross_session_broad_1_38 | representation=temporal__all_standard | elapsed=0s
[2026-09-18 08:08:37] [Representation] Progress 14/144 | remaining=130 | elapsed=3s | eta≈26s
[2026-09-18 08:08:37] [Representation task] Starting | pid=3121 | split=cross_session_5fec25c5d9e3 | group=zhou_cross_session_broad_1_38 | representation=csp_6__all_standard
[2026-09-18 08:08:37] [Representation task] Done | pid=3121 | split=cross_session_5fec25c5d9e3 | group=zhou_cross_session_broad_1_38 | representation=csp_6__all_standard | elapsed=0s
[2026-09-18 08:08:37] [Representation] Progress 15/144 | remaining=129 | elapsed=3s | eta≈24s
[2026-09-18 08:08:37] [Representation task] Starting | pid=3121 | split=cross_session_5fec25c5d9e3 | group=zhou_cross_session_broad_1_38 | representation=standardized_signal
[2026-09-18 08:08:37] [Representation task] Done | pid=3121 | split=cross_session_5fec25c5d9e3 | group=zhou_cross_session_broad_1_38 | representation=standardized_signal | elapsed=0s
[2026-09-18 08:08:37] [Representation] Progress 16/144 | remaining=128 | elapsed=3s | eta≈22s
[2026-09-18 08:08:37] [Representation task] Starting | pid=3121 | split=cross_session_9287b0e7d963 | group=zhou_cross_session_broad_1_38 | representation=statistical__all_standard
[2026-09-18 08:08:37] [Representation task] Done | pid=3121 | split=cross_session_9287b0e7d963 | group=zhou_cross_session_broad_1_38 | representation=statistical__all_standard | elapsed=0s
[2026-09-18 08:08:37] [Representation] Progress 17/144 | remaining=127 | elapsed=3s | eta≈21s
[2026-09-18 08:08:37] [Representation task] Starting | pid=3121 | split=cross_session_9287b0e7d963 | group=zhou_cross_session_broad_1_38 | representation=temporal__all_standard
[2026-09-18 08:08:37] [Representation task] Done | pid=3121 | split=cross_session_9287b0e7d963 | group=zhou_cross_session_broad_1_38 | representation=temporal__all_standard | elapsed=0s
[2026-09-18 08:08:37] [Representation] Progress 18/144 | remaining=126 | elapsed=3s | eta≈19s
[2026-09-18 08:08:37] [Representation task] Starting | pid=3121 | split=cross_session_9287b0e7d963 | group=zhou_cross_session_broad_1_38 | representation=csp_6__all_standard
[2026-09-18 08:08:37] [Representation task] Done | pid=3121 | split=cross_session_9287b0e7d963 | group=zhou_cross_session_broad_1_38 | representation=csp_6__all_standard | elapsed=0s
[2026-09-18 08:08:37] [Representation] Progress 19/144 | remaining=125 | elapsed=3s | eta≈18s
[2026-09-18 08:08:37] [Representation task] Starting | pid=3121 | split=cross_session_9287b0e7d963 | group=zhou_cross_session_broad_1_38 | representation=standardized_signal
[2026-09-18 08:08:37] [Representation task] Done | pid=3121 | split=cross_session_9287b0e7d963 | group=zhou_cross_session_broad_1_38 | representation=standardized_signal | elapsed=0s
[2026-09-18 08:08:37] [Representation] Progress 20/144 | remaining=124 | elapsed=3s | eta≈17s
[2026-09-18 08:08:37] [Representation task] Starting | pid=3121 | split=cross_session_1319f0eca7a4 | group=zhou_cross_session_broad_1_38 | representation=statistical__all_standard
[2026-09-18 08:08:37] [Representation task] Done | pid=3121 | split=cross_session_1319f0eca7a4 | group=zhou_cross_session_broad_1_38 | representation=statistical__all_standard | elapsed=0s
[2026-09-18 08:08:37] [Representation] Progress 21/144 | remaining=123 | elapsed=3s | eta≈16s
[2026-09-18 08:08:37] [Representation task] Starting | pid=3121 | split=cross_session_1319f0eca7a4 | group=zhou_cross_session_broad_1_38 | representation=temporal__all_standard
[2026-09-18 08:08:37] [Representation task] Done | pid=3121 | split=cross_session_1319f0eca7a4 | group=zhou_cross_session_broad_1_38 | representation=temporal__all_standard | elapsed=0s
[2026-09-18 08:08:37] [Representation] Progress 22/144 | remaining=122 | elapsed=3s | eta≈15s
[2026-09-18 08:08:37] [Representation task] Starting | pid=3121 | split=cross_session_1319f0eca7a4 | group=zhou_cross_session_broad_1_38 | representation=csp_6__all_standard
[2026-09-18 08:08:37] [Representation task] Done | pid=3121 | split=cross_session_1319f0eca7a4 | group=zhou_cross_session_broad_1_38 | representation=csp_6__all_standard | elapsed=0s
[2026-09-18 08:08:37] [Representation] Progress 23/144 | remaining=121 | elapsed=3s | eta≈15s
[2026-09-18 08:08:37] [Representation task] Starting | pid=3121 | split=cross_session_1319f0eca7a4 | group=zhou_cross_session_broad_1_38 | representation=standardized_signal
[2026-09-18 08:08:37] [Representation task] Done | pid=3121 | split=cross_session_1319f0eca7a4 | group=zhou_cross_session_broad_1_38 | representation=standardized_signal | elapsed=0s
[2026-09-18 08:08:37] [Representation] Progress 24/144 | remaining=120 | elapsed=3s | eta≈14s
[2026-09-18 08:08:37] [Representation task] Starting | pid=3121 | split=cross_session_b2af4721298d | group=zhou_cross_session_broad_1_38 | representation=statistical__all_standard
[2026-09-18 08:08:37] [Representation task] Done | pid=3121 | split=cross_session_b2af4721298d | group=zhou_cross_session_broad_1_38 | representation=statistical__all_standard | elapsed=0s
[2026-09-18 08:08:37] [Representation] Progress 25/144 | remaining=119 | elapsed=3s | eta≈13s
[2026-09-18 08:08:37] [Representation task] Starting | pid=3121 | split=cross_session_b2af4721298d | group=zhou_cross_session_broad_1_38 | representation=temporal__all_standard
[2026-09-18 08:08:37] [Representation task] Done | pid=3121 | split=cross_session_b2af4721298d | group=zhou_cross_session_broad_1_38 | representation=temporal__all_standard | elapsed=0s
[2026-09-18 08:08:37] [Representation] Progress 26/144 | remaining=118 | elapsed=3s | eta≈13s
[2026-09-18 08:08:37] [Representation task] Starting | pid=3121 | split=cross_session_b2af4721298d | group=zhou_cross_session_broad_1_38 | representation=csp_6__all_standard
[2026-09-18 08:08:37] [Representation task] Done | pid=3121 | split=cross_session_b2af4721298d | group=zhou_cross_session_broad_1_38 | representation=csp_6__all_standard | elapsed=0s
[2026-09-18 08:08:37] [Representation] Progress 27/144 | remaining=117 | elapsed=3s | eta≈12s
[2026-09-18 08:08:37] [Representation task] Starting | pid=3121 | split=cross_session_b2af4721298d | group=zhou_cross_session_broad_1_38 | representation=standardized_signal
[2026-09-18 08:08:37] [Representation task] Done | pid=3121 | split=cross_session_b2af4721298d | group=zhou_cross_session_broad_1_38 | representation=standardized_signal | elapsed=0s
[2026-09-18 08:08:37] [Representation] Progress 28/144 | remaining=116 | elapsed=3s | eta≈12s
[2026-09-18 08:08:37] [Representation task] Starting | pid=3121 | split=cross_session_65539e158fb4 | group=zhou_cross_session_broad_1_38 | representation=statistical__all_standard
[2026-09-18 08:08:37] [Representation task] Done | pid=3121 | split=cross_session_65539e158fb4 | group=zhou_cross_session_broad_1_38 | representation=statistical__all_standard | elapsed=0s
[2026-09-18 08:08:37] [Representation] Progress 29/144 | remaining=115 | elapsed=3s | eta≈11s
[2026-09-18 08:08:37] [Representation task] Starting | pid=3121 | split=cross_session_65539e158fb4 | group=zhou_cross_session_broad_1_38 | representation=temporal__all_standard
[2026-09-18 08:08:37] [Representation task] Done | pid=3121 | split=cross_session_65539e158fb4 | group=zhou_cross_session_broad_1_38 | representation=temporal__all_standard | elapsed=0s
[2026-09-18 08:08:37] [Representation] Progress 30/144 | remaining=114 | elapsed=3s | eta≈11s
[2026-09-18 08:08:37] [Representation task] Starting | pid=3121 | split=cross_session_65539e158fb4 | group=zhou_cross_session_broad_1_38 | representation=csp_6__all_standard
[2026-09-18 08:08:37] [Representation task] Done | pid=3121 | split=cross_session_65539e158fb4 | group=zhou_cross_session_broad_1_38 | representation=csp_6__all_standard | elapsed=0s
[2026-09-18 08:08:37] [Representation] Progress 31/144 | remaining=113 | elapsed=3s | eta≈10s
[2026-09-18 08:08:37] [Representation task] Starting | pid=3121 | split=cross_session_65539e158fb4 | group=zhou_cross_session_broad_1_38 | representation=standardized_signal
[2026-09-18 08:08:37] [Representation task] Done | pid=3121 | split=cross_session_65539e158fb4 | group=zhou_cross_session_broad_1_38 | representation=standardized_signal | elapsed=0s
[2026-09-18 08:08:37] [Representation] Progress 32/144 | remaining=112 | elapsed=3s | eta≈10s
[2026-09-18 08:08:37] [Representation task] Starting | pid=3121 | split=cross_session_03dabef0ce5a | group=zhou_cross_session_broad_1_38 | representation=statistical__all_standard
[2026-09-18 08:08:37] [Representation task] Done | pid=3121 | split=cross_session_03dabef0ce5a | group=zhou_cross_session_broad_1_38 | representation=statistical__all_standard | elapsed=0s
[2026-09-18 08:08:37] [Representation] Progress 33/144 | remaining=111 | elapsed=3s | eta≈9s
[2026-09-18 08:08:37] [Representation task] Starting | pid=3121 | split=cross_session_03dabef0ce5a | group=zhou_cross_session_broad_1_38 | representation=temporal__all_standard
[2026-09-18 08:08:37] [Representation task] Done | pid=3121 | split=cross_session_03dabef0ce5a | group=zhou_cross_session_broad_1_38 | representation=temporal__all_standard | elapsed=0s
[2026-09-18 08:08:37] [Representation] Progress 34/144 | remaining=110 | elapsed=3s | eta≈9s
[2026-09-18 08:08:37] [Representation task] Starting | pid=3121 | split=cross_session_03dabef0ce5a | group=zhou_cross_session_broad_1_38 | representation=csp_6__all_standard
[2026-09-18 08:08:37] [Representation task] Done | pid=3121 | split=cross_session_03dabef0ce5a | group=zhou_cross_session_broad_1_38 | representation=csp_6__all_standard | elapsed=0s
[2026-09-18 08:08:37] [Representation] Progress 35/144 | remaining=109 | elapsed=3s | eta≈9s
[2026-09-18 08:08:37] [Representation task] Starting | pid=3121 | split=cross_session_03dabef0ce5a | group=zhou_cross_session_broad_1_38 | representation=standardized_signal
[2026-09-18 08:08:37] [Representation task] Done | pid=3121 | split=cross_session_03dabef0ce5a | group=zhou_cross_session_broad_1_38 | representation=standardized_signal | elapsed=0s
[2026-09-18 08:08:37] [Representation] Progress 36/144 | remaining=108 | elapsed=3s | eta≈8s
[2026-09-18 08:08:37] [Representation task] Starting | pid=3121 | split=cross_session_f26c340bf90c | group=zhou_cross_session_broad_1_38 | representation=statistical__all_standard
[2026-09-18 08:08:37] [Representation task] Done | pid=3121 | split=cross_session_f26c340bf90c | group=zhou_cross_session_broad_1_38 | representation=statistical__all_standard | elapsed=0s
[2026-09-18 08:08:37] [Representation] Progress 37/144 | remaining=107 | elapsed=3s | eta≈8s
[2026-09-18 08:08:37] [Representation task] Starting | pid=3121 | split=cross_session_f26c340bf90c | group=zhou_cross_session_broad_1_38 | representation=temporal__all_standard
[2026-09-18 08:08:37] [Representation task] Done | pid=3121 | split=cross_session_f26c340bf90c | group=zhou_cross_session_broad_1_38 | representation=temporal__all_standard | elapsed=0s
[2026-09-18 08:08:37] [Representation] Progress 38/144 | remaining=106 | elapsed=3s | eta≈8s
[2026-09-18 08:08:37] [Representation task] Starting | pid=3121 | split=cross_session_f26c340bf90c | group=zhou_cross_session_broad_1_38 | representation=csp_6__all_standard
[2026-09-18 08:08:37] [Representation task] Done | pid=3121 | split=cross_session_f26c340bf90c | group=zhou_cross_session_broad_1_38 | representation=csp_6__all_standard | elapsed=0s
[2026-09-18 08:08:37] [Representation] Progress 39/144 | remaining=105 | elapsed=3s | eta≈7s
[2026-09-18 08:08:37] [Representation task] Starting | pid=3121 | split=cross_session_f26c340bf90c | group=zhou_cross_session_broad_1_38 | representation=standardized_signal
[2026-09-18 08:08:37] [Representation task] Done | pid=3121 | split=cross_session_f26c340bf90c | group=zhou_cross_session_broad_1_38 | representation=standardized_signal | elapsed=0s
[2026-09-18 08:08:37] [Representation] Progress 40/144 | remaining=104 | elapsed=3s | eta≈7s
[2026-09-18 08:08:37] [Representation task] Starting | pid=3121 | split=cross_session_6e742fe790fa | group=zhou_cross_session_broad_1_38 | representation=statistical__all_standard
[2026-09-18 08:08:37] [Representation task] Done | pid=3121 | split=cross_session_6e742fe790fa | group=zhou_cross_session_broad_1_38 | representation=statistical__all_standard | elapsed=0s
[2026-09-18 08:08:37] [Representation] Progress 41/144 | remaining=103 | elapsed=3s | eta≈7s
[2026-09-18 08:08:37] [Representation task] Starting | pid=3121 | split=cross_session_6e742fe790fa | group=zhou_cross_session_broad_1_38 | representation=temporal__all_standard
[2026-09-18 08:08:37] [Representation task] Done | pid=3121 | split=cross_session_6e742fe790fa | group=zhou_cross_session_broad_1_38 | representation=temporal__all_standard | elapsed=0s
[2026-09-18 08:08:37] [Representation] Progress 42/144 | remaining=102 | elapsed=3s | eta≈7s
[2026-09-18 08:08:37] [Representation task] Starting | pid=3121 | split=cross_session_6e742fe790fa | group=zhou_cross_session_broad_1_38 | representation=csp_6__all_standard
[2026-09-18 08:08:37] [Representation task] Done | pid=3121 | split=cross_session_6e742fe790fa | group=zhou_cross_session_broad_1_38 | representation=csp_6__all_standard | elapsed=0s
[2026-09-18 08:08:37] [Representation] Progress 43/144 | remaining=101 | elapsed=3s | eta≈7s
[2026-09-18 08:08:37] [Representation task] Starting | pid=3121 | split=cross_session_6e742fe790fa | group=zhou_cross_session_broad_1_38 | representation=standardized_signal
[2026-09-18 08:08:37] [Representation task] Done | pid=3121 | split=cross_session_6e742fe790fa | group=zhou_cross_session_broad_1_38 | representation=standardized_signal | elapsed=0s
[2026-09-18 08:08:37] [Representation] Progress 44/144 | remaining=100 | elapsed=3s | eta≈6s
[2026-09-18 08:08:37] [Representation task] Starting | pid=3121 | split=cross_session_3a77bf661561 | group=zhou_cross_session_broad_1_38 | representation=statistical__all_standard
[2026-09-18 08:08:37] [Representation task] Done | pid=3121 | split=cross_session_3a77bf661561 | group=zhou_cross_session_broad_1_38 | representation=statistical__all_standard | elapsed=0s
[2026-09-18 08:08:37] [Representation] Progress 45/144 | remaining=99 | elapsed=3s | eta≈6s
[2026-09-18 08:08:37] [Representation task] Starting | pid=3121 | split=cross_session_3a77bf661561 | group=zhou_cross_session_broad_1_38 | representation=temporal__all_standard
[2026-09-18 08:08:37] [Representation task] Done | pid=3121 | split=cross_session_3a77bf661561 | group=zhou_cross_session_broad_1_38 | representation=temporal__all_standard | elapsed=0s
[2026-09-18 08:08:37] [Representation] Progress 46/144 | remaining=98 | elapsed=3s | eta≈6s
[2026-09-18 08:08:37] [Representation task] Starting | pid=3121 | split=cross_session_3a77bf661561 | group=zhou_cross_session_broad_1_38 | representation=csp_6__all_standard
[2026-09-18 08:08:37] [Representation task] Done | pid=3121 | split=cross_session_3a77bf661561 | group=zhou_cross_session_broad_1_38 | representation=csp_6__all_standard | elapsed=0s
[2026-09-18 08:08:37] [Representation] Progress 47/144 | remaining=97 | elapsed=3s | eta≈6s
[2026-09-18 08:08:37] [Representation task] Starting | pid=3121 | split=cross_session_3a77bf661561 | group=zhou_cross_session_broad_1_38 | representation=standardized_signal
[2026-09-18 08:08:37] [Representation task] Done | pid=3121 | split=cross_session_3a77bf661561 | group=zhou_cross_session_broad_1_38 | representation=standardized_signal | elapsed=0s
[2026-09-18 08:08:37] [Representation] Progress 48/144 | remaining=96 | elapsed=3s | eta≈6s
[2026-09-18 08:08:37] [Representation task] Starting | pid=3121 | split=cross_session_19d2548920ce | group=zhou_cross_session_delta_1_4 | representation=statistical__all_standard
[2026-09-18 08:08:37] [Representation task] Done | pid=3121 | split=cross_session_19d2548920ce | group=zhou_cross_session_delta_1_4 | representation=statistical__all_standard | elapsed=0s
[2026-09-18 08:08:37] [Representation] Progress 49/144 | remaining=95 | elapsed=3s | eta≈5s
[2026-09-18 08:08:37] [Representation task] Starting | pid=3121 | split=cross_session_19d2548920ce | group=zhou_cross_session_delta_1_4 | representation=temporal__all_standard
[2026-09-18 08:08:37] [Representation task] Done | pid=3121 | split=cross_session_19d2548920ce | group=zhou_cross_session_delta_1_4 | representation=temporal__all_standard | elapsed=0s
[2026-09-18 08:08:37] [Representation] Progress 50/144 | remaining=94 | elapsed=3s | eta≈5s
[2026-09-18 08:08:37] [Representation task] Starting | pid=3121 | split=cross_session_19d2548920ce | group=zhou_cross_session_delta_1_4 | representation=csp_6__all_standard
[2026-09-18 08:08:37] [Representation task] Done | pid=3121 | split=cross_session_19d2548920ce | group=zhou_cross_session_delta_1_4 | representation=csp_6__all_standard | elapsed=0s
[2026-09-18 08:08:37] [Representation] Progress 51/144 | remaining=93 | elapsed=3s | eta≈5s
[2026-09-18 08:08:37] [Representation task] Starting | pid=3121 | split=cross_session_19d2548920ce | group=zhou_cross_session_delta_1_4 | representation=standardized_signal
[2026-09-18 08:08:37] [Representation task] Done | pid=3121 | split=cross_session_19d2548920ce | group=zhou_cross_session_delta_1_4 | representation=standardized_signal | elapsed=0s
[2026-09-18 08:08:37] [Representation] Progress 52/144 | remaining=92 | elapsed=3s | eta≈5s
[2026-09-18 08:08:37] [Representation task] Starting | pid=3121 | split=cross_session_016111ec6d53 | group=zhou_cross_session_delta_1_4 | representation=statistical__all_standard
[2026-09-18 08:08:37] [Representation task] Done | pid=3121 | split=cross_session_016111ec6d53 | group=zhou_cross_session_delta_1_4 | representation=statistical__all_standard | elapsed=0s
[2026-09-18 08:08:37] [Representation] Progress 53/144 | remaining=91 | elapsed=3s | eta≈5s
[2026-09-18 08:08:37] [Representation task] Starting | pid=3121 | split=cross_session_016111ec6d53 | group=zhou_cross_session_delta_1_4 | representation=temporal__all_standard
[2026-09-18 08:08:37] [Representation task] Done | pid=3121 | split=cross_session_016111ec6d53 | group=zhou_cross_session_delta_1_4 | representation=temporal__all_standard | elapsed=0s
[2026-09-18 08:08:37] [Representation] Progress 54/144 | remaining=90 | elapsed=3s | eta≈5s
[2026-09-18 08:08:37] [Representation task] Starting | pid=3121 | split=cross_session_016111ec6d53 | group=zhou_cross_session_delta_1_4 | representation=csp_6__all_standard
[2026-09-18 08:08:37] [Representation task] Done | pid=3121 | split=cross_session_016111ec6d53 | group=zhou_cross_session_delta_1_4 | representation=csp_6__all_standard | elapsed=0s
[2026-09-18 08:08:37] [Representation] Progress 55/144 | remaining=89 | elapsed=3s | eta≈5s
[2026-09-18 08:08:37] [Representation task] Starting | pid=3121 | split=cross_session_016111ec6d53 | group=zhou_cross_session_delta_1_4 | representation=standardized_signal
[2026-09-18 08:08:37] [Representation task] Done | pid=3121 | split=cross_session_016111ec6d53 | group=zhou_cross_session_delta_1_4 | representation=standardized_signal | elapsed=0s
[2026-09-18 08:08:37] [Representation] Progress 56/144 | remaining=88 | elapsed=3s | eta≈4s
[2026-09-18 08:08:37] [Representation task] Starting | pid=3121 | split=cross_session_e21fc9e540fd | group=zhou_cross_session_delta_1_4 | representation=statistical__all_standard
[2026-09-18 08:08:37] [Representation task] Done | pid=3121 | split=cross_session_e21fc9e540fd | group=zhou_cross_session_delta_1_4 | representation=statistical__all_standard | elapsed=0s
[2026-09-18 08:08:37] [Representation] Progress 57/144 | remaining=87 | elapsed=3s | eta≈4s
[2026-09-18 08:08:37] [Representation task] Starting | pid=3121 | split=cross_session_e21fc9e540fd | group=zhou_cross_session_delta_1_4 | representation=temporal__all_standard
[2026-09-18 08:08:37] [Representation task] Done | pid=3121 | split=cross_session_e21fc9e540fd | group=zhou_cross_session_delta_1_4 | representation=temporal__all_standard | elapsed=0s
[2026-09-18 08:08:37] [Representation] Progress 58/144 | remaining=86 | elapsed=3s | eta≈4s
[2026-09-18 08:08:37] [Representation task] Starting | pid=3121 | split=cross_session_e21fc9e540fd | group=zhou_cross_session_delta_1_4 | representation=csp_6__all_standard
[2026-09-18 08:08:37] [Representation task] Done | pid=3121 | split=cross_session_e21fc9e540fd | group=zhou_cross_session_delta_1_4 | representation=csp_6__all_standard | elapsed=0s
[2026-09-18 08:08:37] [Representation] Progress 59/144 | remaining=85 | elapsed=3s | eta≈4s
[2026-09-18 08:08:37] [Representation task] Starting | pid=3121 | split=cross_session_e21fc9e540fd | group=zhou_cross_session_delta_1_4 | representation=standardized_signal
[2026-09-18 08:08:37] [Representation task] Done | pid=3121 | split=cross_session_e21fc9e540fd | group=zhou_cross_session_delta_1_4 | representation=standardized_signal | elapsed=0s
[2026-09-18 08:08:37] [Representation] Progress 60/144 | remaining=84 | elapsed=3s | eta≈4s
[2026-09-18 08:08:37] [Representation task] Starting | pid=3121 | split=cross_session_5fec25c5d9e3 | group=zhou_cross_session_delta_1_4 | representation=statistical__all_standard
[2026-09-18 08:08:37] [Representation task] Done | pid=3121 | split=cross_session_5fec25c5d9e3 | group=zhou_cross_session_delta_1_4 | representation=statistical__all_standard | elapsed=0s
[2026-09-18 08:08:37] [Representation] Progress 61/144 | remaining=83 | elapsed=3s | eta≈4s
[2026-09-18 08:08:37] [Representation task] Starting | pid=3121 | split=cross_session_5fec25c5d9e3 | group=zhou_cross_session_delta_1_4 | representation=temporal__all_standard
[2026-09-18 08:08:37] [Representation task] Done | pid=3121 | split=cross_session_5fec25c5d9e3 | group=zhou_cross_session_delta_1_4 | representation=temporal__all_standard | elapsed=0s
[2026-09-18 08:08:37] [Representation] Progress 62/144 | remaining=82 | elapsed=3s | eta≈4s
[2026-09-18 08:08:37] [Representation task] Starting | pid=3121 | split=cross_session_5fec25c5d9e3 | group=zhou_cross_session_delta_1_4 | representation=csp_6__all_standard
[2026-09-18 08:08:37] [Representation task] Done | pid=3121 | split=cross_session_5fec25c5d9e3 | group=zhou_cross_session_delta_1_4 | representation=csp_6__all_standard | elapsed=0s
[2026-09-18 08:08:37] [Representation] Progress 63/144 | remaining=81 | elapsed=3s | eta≈4s
[2026-09-18 08:08:37] [Representation task] Starting | pid=3121 | split=cross_session_5fec25c5d9e3 | group=zhou_cross_session_delta_1_4 | representation=standardized_signal
[2026-09-18 08:08:37] [Representation task] Done | pid=3121 | split=cross_session_5fec25c5d9e3 | group=zhou_cross_session_delta_1_4 | representation=standardized_signal | elapsed=0s
[2026-09-18 08:08:37] [Representation] Progress 64/144 | remaining=80 | elapsed=3s | eta≈3s
[2026-09-18 08:08:37] [Representation task] Starting | pid=3121 | split=cross_session_9287b0e7d963 | group=zhou_cross_session_delta_1_4 | representation=statistical__all_standard
[2026-09-18 08:08:37] [Representation task] Done | pid=3121 | split=cross_session_9287b0e7d963 | group=zhou_cross_session_delta_1_4 | representation=statistical__all_standard | elapsed=0s
[2026-09-18 08:08:37] [Representation] Progress 65/144 | remaining=79 | elapsed=3s | eta≈3s
[2026-09-18 08:08:37] [Representation task] Starting | pid=3121 | split=cross_session_9287b0e7d963 | group=zhou_cross_session_delta_1_4 | representation=temporal__all_standard
[2026-09-18 08:08:38] [Representation task] Done | pid=3121 | split=cross_session_9287b0e7d963 | group=zhou_cross_session_delta_1_4 | representation=temporal__all_standard | elapsed=1s
[2026-09-18 08:08:38] [Representation] Progress 66/144 | remaining=78 | elapsed=4s | eta≈5s
[2026-09-18 08:08:38] [Representation task] Starting | pid=3121 | split=cross_session_9287b0e7d963 | group=zhou_cross_session_delta_1_4 | representation=csp_6__all_standard
[2026-09-18 08:08:38] [Representation task] Done | pid=3121 | split=cross_session_9287b0e7d963 | group=zhou_cross_session_delta_1_4 | representation=csp_6__all_standard | elapsed=0s
[2026-09-18 08:08:38] [Representation] Progress 67/144 | remaining=77 | elapsed=4s | eta≈4s
[2026-09-18 08:08:38] [Representation task] Starting | pid=3121 | split=cross_session_9287b0e7d963 | group=zhou_cross_session_delta_1_4 | representation=standardized_signal
[2026-09-18 08:08:38] [Representation task] Done | pid=3121 | split=cross_session_9287b0e7d963 | group=zhou_cross_session_delta_1_4 | representation=standardized_signal | elapsed=0s
[2026-09-18 08:08:38] [Representation] Progress 68/144 | remaining=76 | elapsed=4s | eta≈4s
[2026-09-18 08:08:38] [Representation task] Starting | pid=3121 | split=cross_session_1319f0eca7a4 | group=zhou_cross_session_delta_1_4 | representation=statistical__all_standard
[2026-09-18 08:08:38] [Representation task] Done | pid=3121 | split=cross_session_1319f0eca7a4 | group=zhou_cross_session_delta_1_4 | representation=statistical__all_standard | elapsed=0s
[2026-09-18 08:08:38] [Representation] Progress 69/144 | remaining=75 | elapsed=4s | eta≈4s
[2026-09-18 08:08:38] [Representation task] Starting | pid=3121 | split=cross_session_1319f0eca7a4 | group=zhou_cross_session_delta_1_4 | representation=temporal__all_standard
[2026-09-18 08:08:38] [Representation task] Done | pid=3121 | split=cross_session_1319f0eca7a4 | group=zhou_cross_session_delta_1_4 | representation=temporal__all_standard | elapsed=0s
[2026-09-18 08:08:38] [Representation] Progress 70/144 | remaining=74 | elapsed=4s | eta≈4s
[2026-09-18 08:08:38] [Representation task] Starting | pid=3121 | split=cross_session_1319f0eca7a4 | group=zhou_cross_session_delta_1_4 | representation=csp_6__all_standard
[2026-09-18 08:08:38] [Representation task] Done | pid=3121 | split=cross_session_1319f0eca7a4 | group=zhou_cross_session_delta_1_4 | representation=csp_6__all_standard | elapsed=0s
[2026-09-18 08:08:38] [Representation] Progress 71/144 | remaining=73 | elapsed=4s | eta≈4s
[2026-09-18 08:08:38] [Representation task] Starting | pid=3121 | split=cross_session_1319f0eca7a4 | group=zhou_cross_session_delta_1_4 | representation=standardized_signal
[2026-09-18 08:08:38] [Representation task] Done | pid=3121 | split=cross_session_1319f0eca7a4 | group=zhou_cross_session_delta_1_4 | representation=standardized_signal | elapsed=0s
[2026-09-18 08:08:38] [Representation] Progress 72/144 | remaining=72 | elapsed=4s | eta≈4s
[2026-09-18 08:08:38] [Representation task] Starting | pid=3121 | split=cross_session_b2af4721298d | group=zhou_cross_session_delta_1_4 | representation=statistical__all_standard
[2026-09-18 08:08:38] [Representation task] Done | pid=3121 | split=cross_session_b2af4721298d | group=zhou_cross_session_delta_1_4 | representation=statistical__all_standard | elapsed=0s
[2026-09-18 08:08:38] [Representation] Progress 73/144 | remaining=71 | elapsed=4s | eta≈4s
[2026-09-18 08:08:38] [Representation task] Starting | pid=3121 | split=cross_session_b2af4721298d | group=zhou_cross_session_delta_1_4 | representation=temporal__all_standard
[2026-09-18 08:08:38] [Representation task] Done | pid=3121 | split=cross_session_b2af4721298d | group=zhou_cross_session_delta_1_4 | representation=temporal__all_standard | elapsed=0s
[2026-09-18 08:08:38] [Representation] Progress 74/144 | remaining=70 | elapsed=4s | eta≈4s
[2026-09-18 08:08:38] [Representation task] Starting | pid=3121 | split=cross_session_b2af4721298d | group=zhou_cross_session_delta_1_4 | representation=csp_6__all_standard
[2026-09-18 08:08:38] [Representation task] Done | pid=3121 | split=cross_session_b2af4721298d | group=zhou_cross_session_delta_1_4 | representation=csp_6__all_standard | elapsed=0s
[2026-09-18 08:08:38] [Representation] Progress 75/144 | remaining=69 | elapsed=4s | eta≈4s
[2026-09-18 08:08:38] [Representation task] Starting | pid=3121 | split=cross_session_b2af4721298d | group=zhou_cross_session_delta_1_4 | representation=standardized_signal
[2026-09-18 08:08:38] [Representation task] Done | pid=3121 | split=cross_session_b2af4721298d | group=zhou_cross_session_delta_1_4 | representation=standardized_signal | elapsed=0s
[2026-09-18 08:08:38] [Representation] Progress 76/144 | remaining=68 | elapsed=4s | eta≈3s
[2026-09-18 08:08:38] [Representation task] Starting | pid=3121 | split=cross_session_65539e158fb4 | group=zhou_cross_session_delta_1_4 | representation=statistical__all_standard
[2026-09-18 08:08:38] [Representation task] Done | pid=3121 | split=cross_session_65539e158fb4 | group=zhou_cross_session_delta_1_4 | representation=statistical__all_standard | elapsed=0s
[2026-09-18 08:08:38] [Representation] Progress 77/144 | remaining=67 | elapsed=4s | eta≈3s
[2026-09-18 08:08:38] [Representation task] Starting | pid=3121 | split=cross_session_65539e158fb4 | group=zhou_cross_session_delta_1_4 | representation=temporal__all_standard
[2026-09-18 08:08:38] [Representation task] Done | pid=3121 | split=cross_session_65539e158fb4 | group=zhou_cross_session_delta_1_4 | representation=temporal__all_standard | elapsed=0s
[2026-09-18 08:08:38] [Representation] Progress 78/144 | remaining=66 | elapsed=4s | eta≈3s
[2026-09-18 08:08:38] [Representation task] Starting | pid=3121 | split=cross_session_65539e158fb4 | group=zhou_cross_session_delta_1_4 | representation=csp_6__all_standard
[2026-09-18 08:08:38] [Representation task] Done | pid=3121 | split=cross_session_65539e158fb4 | group=zhou_cross_session_delta_1_4 | representation=csp_6__all_standard | elapsed=0s
[2026-09-18 08:08:38] [Representation] Progress 79/144 | remaining=65 | elapsed=4s | eta≈3s
[2026-09-18 08:08:38] [Representation task] Starting | pid=3121 | split=cross_session_65539e158fb4 | group=zhou_cross_session_delta_1_4 | representation=standardized_signal
[2026-09-18 08:08:38] [Representation task] Done | pid=3121 | split=cross_session_65539e158fb4 | group=zhou_cross_session_delta_1_4 | representation=standardized_signal | elapsed=0s
[2026-09-18 08:08:38] [Representation] Progress 80/144 | remaining=64 | elapsed=4s | eta≈3s
[2026-09-18 08:08:38] [Representation task] Starting | pid=3121 | split=cross_session_03dabef0ce5a | group=zhou_cross_session_delta_1_4 | representation=statistical__all_standard
[2026-09-18 08:08:38] [Representation task] Done | pid=3121 | split=cross_session_03dabef0ce5a | group=zhou_cross_session_delta_1_4 | representation=statistical__all_standard | elapsed=0s
[2026-09-18 08:08:38] [Representation] Progress 81/144 | remaining=63 | elapsed=4s | eta≈3s
[2026-09-18 08:08:38] [Representation task] Starting | pid=3121 | split=cross_session_03dabef0ce5a | group=zhou_cross_session_delta_1_4 | representation=temporal__all_standard
[2026-09-18 08:08:38] [Representation task] Done | pid=3121 | split=cross_session_03dabef0ce5a | group=zhou_cross_session_delta_1_4 | representation=temporal__all_standard | elapsed=0s
[2026-09-18 08:08:38] [Representation] Progress 82/144 | remaining=62 | elapsed=4s | eta≈3s
[2026-09-18 08:08:38] [Representation task] Starting | pid=3121 | split=cross_session_03dabef0ce5a | group=zhou_cross_session_delta_1_4 | representation=csp_6__all_standard
[2026-09-18 08:08:38] [Representation task] Done | pid=3121 | split=cross_session_03dabef0ce5a | group=zhou_cross_session_delta_1_4 | representation=csp_6__all_standard | elapsed=0s
[2026-09-18 08:08:38] [Representation] Progress 83/144 | remaining=61 | elapsed=4s | eta≈3s
[2026-09-18 08:08:38] [Representation task] Starting | pid=3121 | split=cross_session_03dabef0ce5a | group=zhou_cross_session_delta_1_4 | representation=standardized_signal
[2026-09-18 08:08:38] [Representation task] Done | pid=3121 | split=cross_session_03dabef0ce5a | group=zhou_cross_session_delta_1_4 | representation=standardized_signal | elapsed=0s
[2026-09-18 08:08:38] [Representation] Progress 84/144 | remaining=60 | elapsed=4s | eta≈3s
[2026-09-18 08:08:38] [Representation task] Starting | pid=3121 | split=cross_session_f26c340bf90c | group=zhou_cross_session_delta_1_4 | representation=statistical__all_standard
[2026-09-18 08:08:38] [Representation task] Done | pid=3121 | split=cross_session_f26c340bf90c | group=zhou_cross_session_delta_1_4 | representation=statistical__all_standard | elapsed=0s
[2026-09-18 08:08:38] [Representation] Progress 85/144 | remaining=59 | elapsed=4s | eta≈3s
[2026-09-18 08:08:38] [Representation task] Starting | pid=3121 | split=cross_session_f26c340bf90c | group=zhou_cross_session_delta_1_4 | representation=temporal__all_standard
[2026-09-18 08:08:38] [Representation task] Done | pid=3121 | split=cross_session_f26c340bf90c | group=zhou_cross_session_delta_1_4 | representation=temporal__all_standard | elapsed=0s
[2026-09-18 08:08:38] [Representation] Progress 86/144 | remaining=58 | elapsed=4s | eta≈3s
[2026-09-18 08:08:38] [Representation task] Starting | pid=3121 | split=cross_session_f26c340bf90c | group=zhou_cross_session_delta_1_4 | representation=csp_6__all_standard
[2026-09-18 08:08:38] [Representation task] Done | pid=3121 | split=cross_session_f26c340bf90c | group=zhou_cross_session_delta_1_4 | representation=csp_6__all_standard | elapsed=0s
[2026-09-18 08:08:38] [Representation] Progress 87/144 | remaining=57 | elapsed=4s | eta≈3s
[2026-09-18 08:08:38] [Representation task] Starting | pid=3121 | split=cross_session_f26c340bf90c | group=zhou_cross_session_delta_1_4 | representation=standardized_signal
[2026-09-18 08:08:40] [Representation task] Done | pid=3121 | split=cross_session_f26c340bf90c | group=zhou_cross_session_delta_1_4 | representation=standardized_signal | elapsed=1s
[2026-09-18 08:08:40] [Representation] Progress 88/144 | remaining=56 | elapsed=5s | eta≈3s
[2026-09-18 08:08:40] [Representation task] Starting | pid=3121 | split=cross_session_6e742fe790fa | group=zhou_cross_session_delta_1_4 | representation=statistical__all_standard
[2026-09-18 08:08:41] [Representation task] Done | pid=3121 | split=cross_session_6e742fe790fa | group=zhou_cross_session_delta_1_4 | representation=statistical__all_standard | elapsed=2s
[2026-09-18 08:08:41] [Representation] Progress 89/144 | remaining=55 | elapsed=7s | eta≈4s
[2026-09-18 08:08:41] [Representation task] Starting | pid=3121 | split=cross_session_6e742fe790fa | group=zhou_cross_session_delta_1_4 | representation=temporal__all_standard
[2026-09-18 08:08:41] [Representation task] Done | pid=3121 | split=cross_session_6e742fe790fa | group=zhou_cross_session_delta_1_4 | representation=temporal__all_standard | elapsed=0s
[2026-09-18 08:08:41] [Representation] Progress 90/144 | remaining=54 | elapsed=7s | eta≈4s
[2026-09-18 08:08:41] [Representation task] Starting | pid=3121 | split=cross_session_6e742fe790fa | group=zhou_cross_session_delta_1_4 | representation=csp_6__all_standard
[2026-09-18 08:08:41] [Representation task] Done | pid=3121 | split=cross_session_6e742fe790fa | group=zhou_cross_session_delta_1_4 | representation=csp_6__all_standard | elapsed=0s
[2026-09-18 08:08:41] [Representation] Progress 91/144 | remaining=53 | elapsed=7s | eta≈4s
[2026-09-18 08:08:41] [Representation task] Starting | pid=3121 | split=cross_session_6e742fe790fa | group=zhou_cross_session_delta_1_4 | representation=standardized_signal
[2026-09-18 08:08:41] [Representation task] Done | pid=3121 | split=cross_session_6e742fe790fa | group=zhou_cross_session_delta_1_4 | representation=standardized_signal | elapsed=0s
[2026-09-18 08:08:41] [Representation] Progress 92/144 | remaining=52 | elapsed=7s | eta≈4s
[2026-09-18 08:08:41] [Representation task] Starting | pid=3121 | split=cross_session_3a77bf661561 | group=zhou_cross_session_delta_1_4 | representation=statistical__all_standard
[2026-09-18 08:08:41] [Representation task] Done | pid=3121 | split=cross_session_3a77bf661561 | group=zhou_cross_session_delta_1_4 | representation=statistical__all_standard | elapsed=0s
[2026-09-18 08:08:41] [Representation] Progress 93/144 | remaining=51 | elapsed=7s | eta≈4s
[2026-09-18 08:08:41] [Representation task] Starting | pid=3121 | split=cross_session_3a77bf661561 | group=zhou_cross_session_delta_1_4 | representation=temporal__all_standard
[2026-09-18 08:08:41] [Representation task] Done | pid=3121 | split=cross_session_3a77bf661561 | group=zhou_cross_session_delta_1_4 | representation=temporal__all_standard | elapsed=0s
[2026-09-18 08:08:41] [Representation] Progress 94/144 | remaining=50 | elapsed=7s | eta≈4s
[2026-09-18 08:08:41] [Representation task] Starting | pid=3121 | split=cross_session_3a77bf661561 | group=zhou_cross_session_delta_1_4 | representation=csp_6__all_standard
[2026-09-18 08:08:41] [Representation task] Done | pid=3121 | split=cross_session_3a77bf661561 | group=zhou_cross_session_delta_1_4 | representation=csp_6__all_standard | elapsed=0s
[2026-09-18 08:08:41] [Representation] Progress 95/144 | remaining=49 | elapsed=7s | eta≈4s
[2026-09-18 08:08:41] [Representation task] Starting | pid=3121 | split=cross_session_3a77bf661561 | group=zhou_cross_session_delta_1_4 | representation=standardized_signal
[2026-09-18 08:08:42] [Representation task] Done | pid=3121 | split=cross_session_3a77bf661561 | group=zhou_cross_session_delta_1_4 | representation=standardized_signal | elapsed=1s
[2026-09-18 08:08:42] [Representation] Progress 96/144 | remaining=48 | elapsed=8s | eta≈4s
[2026-09-18 08:08:42] [Representation task] Starting | pid=3121 | split=cross_session_19d2548920ce | group=zhou_cross_session_theta_4_8 | representation=statistical__all_standard
[2026-09-18 08:08:42] [Representation task] Done | pid=3121 | split=cross_session_19d2548920ce | group=zhou_cross_session_theta_4_8 | representation=statistical__all_standard | elapsed=0s
[2026-09-18 08:08:42] [Representation] Progress 97/144 | remaining=47 | elapsed=8s | eta≈4s
[2026-09-18 08:08:42] [Representation task] Starting | pid=3121 | split=cross_session_19d2548920ce | group=zhou_cross_session_theta_4_8 | representation=temporal__all_standard
[2026-09-18 08:08:42] [Representation task] Done | pid=3121 | split=cross_session_19d2548920ce | group=zhou_cross_session_theta_4_8 | representation=temporal__all_standard | elapsed=0s
[2026-09-18 08:08:42] [Representation] Progress 98/144 | remaining=46 | elapsed=8s | eta≈4s
[2026-09-18 08:08:42] [Representation task] Starting | pid=3121 | split=cross_session_19d2548920ce | group=zhou_cross_session_theta_4_8 | representation=csp_6__all_standard
[2026-09-18 08:08:42] [Representation task] Done | pid=3121 | split=cross_session_19d2548920ce | group=zhou_cross_session_theta_4_8 | representation=csp_6__all_standard | elapsed=0s
[2026-09-18 08:08:42] [Representation] Progress 99/144 | remaining=45 | elapsed=8s | eta≈4s
[2026-09-18 08:08:42] [Representation task] Starting | pid=3121 | split=cross_session_19d2548920ce | group=zhou_cross_session_theta_4_8 | representation=standardized_signal
[2026-09-18 08:08:42] [Representation task] Done | pid=3121 | split=cross_session_19d2548920ce | group=zhou_cross_session_theta_4_8 | representation=standardized_signal | elapsed=0s
[2026-09-18 08:08:42] [Representation] Progress 100/144 | remaining=44 | elapsed=8s | eta≈3s
[2026-09-18 08:08:42] [Representation task] Starting | pid=3121 | split=cross_session_016111ec6d53 | group=zhou_cross_session_theta_4_8 | representation=statistical__all_standard
[2026-09-18 08:08:42] [Representation task] Done | pid=3121 | split=cross_session_016111ec6d53 | group=zhou_cross_session_theta_4_8 | representation=statistical__all_standard | elapsed=0s
[2026-09-18 08:08:42] [Representation] Progress 101/144 | remaining=43 | elapsed=8s | eta≈3s
[2026-09-18 08:08:42] [Representation task] Starting | pid=3121 | split=cross_session_016111ec6d53 | group=zhou_cross_session_theta_4_8 | representation=temporal__all_standard
[2026-09-18 08:08:42] [Representation task] Done | pid=3121 | split=cross_session_016111ec6d53 | group=zhou_cross_session_theta_4_8 | representation=temporal__all_standard | elapsed=0s
[2026-09-18 08:08:42] [Representation] Progress 102/144 | remaining=42 | elapsed=8s | eta≈3s
[2026-09-18 08:08:42] [Representation task] Starting | pid=3121 | split=cross_session_016111ec6d53 | group=zhou_cross_session_theta_4_8 | representation=csp_6__all_standard
[2026-09-18 08:08:42] [Representation task] Done | pid=3121 | split=cross_session_016111ec6d53 | group=zhou_cross_session_theta_4_8 | representation=csp_6__all_standard | elapsed=0s
[2026-09-18 08:08:42] [Representation] Progress 103/144 | remaining=41 | elapsed=8s | eta≈3s
[2026-09-18 08:08:42] [Representation task] Starting | pid=3121 | split=cross_session_016111ec6d53 | group=zhou_cross_session_theta_4_8 | representation=standardized_signal
[2026-09-18 08:08:42] [Representation task] Done | pid=3121 | split=cross_session_016111ec6d53 | group=zhou_cross_session_theta_4_8 | representation=standardized_signal | elapsed=0s
[2026-09-18 08:08:42] [Representation] Progress 104/144 | remaining=40 | elapsed=8s | eta≈3s
[2026-09-18 08:08:42] [Representation task] Starting | pid=3121 | split=cross_session_e21fc9e540fd | group=zhou_cross_session_theta_4_8 | representation=statistical__all_standard
[2026-09-18 08:08:42] [Representation task] Done | pid=3121 | split=cross_session_e21fc9e540fd | group=zhou_cross_session_theta_4_8 | representation=statistical__all_standard | elapsed=0s
[2026-09-18 08:08:42] [Representation] Progress 105/144 | remaining=39 | elapsed=8s | eta≈3s
[2026-09-18 08:08:42] [Representation task] Starting | pid=3121 | split=cross_session_e21fc9e540fd | group=zhou_cross_session_theta_4_8 | representation=temporal__all_standard
[2026-09-18 08:08:42] [Representation task] Done | pid=3121 | split=cross_session_e21fc9e540fd | group=zhou_cross_session_theta_4_8 | representation=temporal__all_standard | elapsed=0s
[2026-09-18 08:08:42] [Representation] Progress 106/144 | remaining=38 | elapsed=8s | eta≈3s
[2026-09-18 08:08:42] [Representation task] Starting | pid=3121 | split=cross_session_e21fc9e540fd | group=zhou_cross_session_theta_4_8 | representation=csp_6__all_standard
[2026-09-18 08:08:42] [Representation task] Done | pid=3121 | split=cross_session_e21fc9e540fd | group=zhou_cross_session_theta_4_8 | representation=csp_6__all_standard | elapsed=0s
[2026-09-18 08:08:42] [Representation] Progress 107/144 | remaining=37 | elapsed=8s | eta≈3s
[2026-09-18 08:08:42] [Representation task] Starting | pid=3121 | split=cross_session_e21fc9e540fd | group=zhou_cross_session_theta_4_8 | representation=standardized_signal
[2026-09-18 08:08:42] [Representation task] Done | pid=3121 | split=cross_session_e21fc9e540fd | group=zhou_cross_session_theta_4_8 | representation=standardized_signal | elapsed=0s
[2026-09-18 08:08:42] [Representation] Progress 108/144 | remaining=36 | elapsed=8s | eta≈3s
[2026-09-18 08:08:42] [Representation task] Starting | pid=3121 | split=cross_session_5fec25c5d9e3 | group=zhou_cross_session_theta_4_8 | representation=statistical__all_standard
[2026-09-18 08:08:42] [Representation task] Done | pid=3121 | split=cross_session_5fec25c5d9e3 | group=zhou_cross_session_theta_4_8 | representation=statistical__all_standard | elapsed=0s
[2026-09-18 08:08:42] [Representation] Progress 109/144 | remaining=35 | elapsed=8s | eta≈3s
[2026-09-18 08:08:42] [Representation task] Starting | pid=3121 | split=cross_session_5fec25c5d9e3 | group=zhou_cross_session_theta_4_8 | representation=temporal__all_standard
[2026-09-18 08:08:42] [Representation task] Done | pid=3121 | split=cross_session_5fec25c5d9e3 | group=zhou_cross_session_theta_4_8 | representation=temporal__all_standard | elapsed=0s
[2026-09-18 08:08:42] [Representation] Progress 110/144 | remaining=34 | elapsed=8s | eta≈2s
[2026-09-18 08:08:42] [Representation task] Starting | pid=3121 | split=cross_session_5fec25c5d9e3 | group=zhou_cross_session_theta_4_8 | representation=csp_6__all_standard
[2026-09-18 08:08:42] [Representation task] Done | pid=3121 | split=cross_session_5fec25c5d9e3 | group=zhou_cross_session_theta_4_8 | representation=csp_6__all_standard | elapsed=0s
[2026-09-18 08:08:42] [Representation] Progress 111/144 | remaining=33 | elapsed=8s | eta≈2s
[2026-09-18 08:08:42] [Representation task] Starting | pid=3121 | split=cross_session_5fec25c5d9e3 | group=zhou_cross_session_theta_4_8 | representation=standardized_signal
[2026-09-18 08:08:42] [Representation task] Done | pid=3121 | split=cross_session_5fec25c5d9e3 | group=zhou_cross_session_theta_4_8 | representation=standardized_signal | elapsed=0s
[2026-09-18 08:08:42] [Representation] Progress 112/144 | remaining=32 | elapsed=8s | eta≈2s
[2026-09-18 08:08:42] [Representation task] Starting | pid=3121 | split=cross_session_9287b0e7d963 | group=zhou_cross_session_theta_4_8 | representation=statistical__all_standard
[2026-09-18 08:08:42] [Representation task] Done | pid=3121 | split=cross_session_9287b0e7d963 | group=zhou_cross_session_theta_4_8 | representation=statistical__all_standard | elapsed=0s
[2026-09-18 08:08:42] [Representation] Progress 113/144 | remaining=31 | elapsed=8s | eta≈2s
[2026-09-18 08:08:42] [Representation task] Starting | pid=3121 | split=cross_session_9287b0e7d963 | group=zhou_cross_session_theta_4_8 | representation=temporal__all_standard
[2026-09-18 08:08:42] [Representation task] Done | pid=3121 | split=cross_session_9287b0e7d963 | group=zhou_cross_session_theta_4_8 | representation=temporal__all_standard | elapsed=0s
[2026-09-18 08:08:42] [Representation] Progress 114/144 | remaining=30 | elapsed=8s | eta≈2s
[2026-09-18 08:08:42] [Representation task] Starting | pid=3121 | split=cross_session_9287b0e7d963 | group=zhou_cross_session_theta_4_8 | representation=csp_6__all_standard
[2026-09-18 08:08:42] [Representation task] Done | pid=3121 | split=cross_session_9287b0e7d963 | group=zhou_cross_session_theta_4_8 | representation=csp_6__all_standard | elapsed=0s
[2026-09-18 08:08:42] [Representation] Progress 115/144 | remaining=29 | elapsed=8s | eta≈2s
[2026-09-18 08:08:42] [Representation task] Starting | pid=3121 | split=cross_session_9287b0e7d963 | group=zhou_cross_session_theta_4_8 | representation=standardized_signal
[2026-09-18 08:08:42] [Representation task] Done | pid=3121 | split=cross_session_9287b0e7d963 | group=zhou_cross_session_theta_4_8 | representation=standardized_signal | elapsed=0s
[2026-09-18 08:08:42] [Representation] Progress 116/144 | remaining=28 | elapsed=8s | eta≈2s
[2026-09-18 08:08:42] [Representation task] Starting | pid=3121 | split=cross_session_1319f0eca7a4 | group=zhou_cross_session_theta_4_8 | representation=statistical__all_standard
[2026-09-18 08:08:42] [Representation task] Done | pid=3121 | split=cross_session_1319f0eca7a4 | group=zhou_cross_session_theta_4_8 | representation=statistical__all_standard | elapsed=0s
[2026-09-18 08:08:42] [Representation] Progress 117/144 | remaining=27 | elapsed=8s | eta≈2s
[2026-09-18 08:08:42] [Representation task] Starting | pid=3121 | split=cross_session_1319f0eca7a4 | group=zhou_cross_session_theta_4_8 | representation=temporal__all_standard
[2026-09-18 08:08:42] [Representation task] Done | pid=3121 | split=cross_session_1319f0eca7a4 | group=zhou_cross_session_theta_4_8 | representation=temporal__all_standard | elapsed=0s
[2026-09-18 08:08:42] [Representation] Progress 118/144 | remaining=26 | elapsed=8s | eta≈2s
[2026-09-18 08:08:42] [Representation task] Starting | pid=3121 | split=cross_session_1319f0eca7a4 | group=zhou_cross_session_theta_4_8 | representation=csp_6__all_standard
[2026-09-18 08:08:42] [Representation task] Done | pid=3121 | split=cross_session_1319f0eca7a4 | group=zhou_cross_session_theta_4_8 | representation=csp_6__all_standard | elapsed=0s
[2026-09-18 08:08:42] [Representation] Progress 119/144 | remaining=25 | elapsed=8s | eta≈2s
[2026-09-18 08:08:42] [Representation task] Starting | pid=3121 | split=cross_session_1319f0eca7a4 | group=zhou_cross_session_theta_4_8 | representation=standardized_signal
[2026-09-18 08:08:42] [Representation task] Done | pid=3121 | split=cross_session_1319f0eca7a4 | group=zhou_cross_session_theta_4_8 | representation=standardized_signal | elapsed=0s
[2026-09-18 08:08:42] [Representation] Progress 120/144 | remaining=24 | elapsed=8s | eta≈2s
[2026-09-18 08:08:42] [Representation task] Starting | pid=3121 | split=cross_session_b2af4721298d | group=zhou_cross_session_theta_4_8 | representation=statistical__all_standard
[2026-09-18 08:08:42] [Representation task] Done | pid=3121 | split=cross_session_b2af4721298d | group=zhou_cross_session_theta_4_8 | representation=statistical__all_standard | elapsed=0s
[2026-09-18 08:08:42] [Representation] Progress 121/144 | remaining=23 | elapsed=8s | eta≈2s
[2026-09-18 08:08:42] [Representation task] Starting | pid=3121 | split=cross_session_b2af4721298d | group=zhou_cross_session_theta_4_8 | representation=temporal__all_standard
[2026-09-18 08:08:42] [Representation task] Done | pid=3121 | split=cross_session_b2af4721298d | group=zhou_cross_session_theta_4_8 | representation=temporal__all_standard | elapsed=0s
[2026-09-18 08:08:42] [Representation] Progress 122/144 | remaining=22 | elapsed=8s | eta≈1s
[2026-09-18 08:08:42] [Representation task] Starting | pid=3121 | split=cross_session_b2af4721298d | group=zhou_cross_session_theta_4_8 | representation=csp_6__all_standard
[2026-09-18 08:08:44] [Representation task] Done | pid=3121 | split=cross_session_b2af4721298d | group=zhou_cross_session_theta_4_8 | representation=csp_6__all_standard | elapsed=1s
[2026-09-18 08:08:44] [Representation] Progress 123/144 | remaining=21 | elapsed=9s | eta≈2s
[2026-09-18 08:08:44] [Representation task] Starting | pid=3121 | split=cross_session_b2af4721298d | group=zhou_cross_session_theta_4_8 | representation=standardized_signal
[2026-09-18 08:08:44] [Representation task] Done | pid=3121 | split=cross_session_b2af4721298d | group=zhou_cross_session_theta_4_8 | representation=standardized_signal | elapsed=0s
[2026-09-18 08:08:44] [Representation] Progress 124/144 | remaining=20 | elapsed=9s | eta≈2s
[2026-09-18 08:08:44] [Representation task] Starting | pid=3121 | split=cross_session_65539e158fb4 | group=zhou_cross_session_theta_4_8 | representation=statistical__all_standard
[2026-09-18 08:08:44] [Representation task] Done | pid=3121 | split=cross_session_65539e158fb4 | group=zhou_cross_session_theta_4_8 | representation=statistical__all_standard | elapsed=0s
[2026-09-18 08:08:44] [Representation] Progress 125/144 | remaining=19 | elapsed=9s | eta≈1s
[2026-09-18 08:08:44] [Representation task] Starting | pid=3121 | split=cross_session_65539e158fb4 | group=zhou_cross_session_theta_4_8 | representation=temporal__all_standard
[2026-09-18 08:08:44] [Representation task] Done | pid=3121 | split=cross_session_65539e158fb4 | group=zhou_cross_session_theta_4_8 | representation=temporal__all_standard | elapsed=0s
[2026-09-18 08:08:44] [Representation] Progress 126/144 | remaining=18 | elapsed=9s | eta≈1s
[2026-09-18 08:08:44] [Representation task] Starting | pid=3121 | split=cross_session_65539e158fb4 | group=zhou_cross_session_theta_4_8 | representation=csp_6__all_standard
[2026-09-18 08:08:44] [Representation task] Done | pid=3121 | split=cross_session_65539e158fb4 | group=zhou_cross_session_theta_4_8 | representation=csp_6__all_standard | elapsed=0s
[2026-09-18 08:08:44] [Representation] Progress 127/144 | remaining=17 | elapsed=9s | eta≈1s
[2026-09-18 08:08:44] [Representation task] Starting | pid=3121 | split=cross_session_65539e158fb4 | group=zhou_cross_session_theta_4_8 | representation=standardized_signal
[2026-09-18 08:08:44] [Representation task] Done | pid=3121 | split=cross_session_65539e158fb4 | group=zhou_cross_session_theta_4_8 | representation=standardized_signal | elapsed=0s
[2026-09-18 08:08:44] [Representation] Progress 128/144 | remaining=16 | elapsed=9s | eta≈1s
[2026-09-18 08:08:44] [Representation task] Starting | pid=3121 | split=cross_session_03dabef0ce5a | group=zhou_cross_session_theta_4_8 | representation=statistical__all_standard
[2026-09-18 08:08:44] [Representation task] Done | pid=3121 | split=cross_session_03dabef0ce5a | group=zhou_cross_session_theta_4_8 | representation=statistical__all_standard | elapsed=0s
[2026-09-18 08:08:44] [Representation] Progress 129/144 | remaining=15 | elapsed=9s | eta≈1s
[2026-09-18 08:08:44] [Representation task] Starting | pid=3121 | split=cross_session_03dabef0ce5a | group=zhou_cross_session_theta_4_8 | representation=temporal__all_standard
[2026-09-18 08:08:44] [Representation task] Done | pid=3121 | split=cross_session_03dabef0ce5a | group=zhou_cross_session_theta_4_8 | representation=temporal__all_standard | elapsed=0s
[2026-09-18 08:08:44] [Representation] Progress 130/144 | remaining=14 | elapsed=9s | eta≈1s
[2026-09-18 08:08:44] [Representation task] Starting | pid=3121 | split=cross_session_03dabef0ce5a | group=zhou_cross_session_theta_4_8 | representation=csp_6__all_standard
[2026-09-18 08:08:44] [Representation task] Done | pid=3121 | split=cross_session_03dabef0ce5a | group=zhou_cross_session_theta_4_8 | representation=csp_6__all_standard | elapsed=0s
[2026-09-18 08:08:44] [Representation] Progress 131/144 | remaining=13 | elapsed=9s | eta≈1s
[2026-09-18 08:08:44] [Representation task] Starting | pid=3121 | split=cross_session_03dabef0ce5a | group=zhou_cross_session_theta_4_8 | representation=standardized_signal
[2026-09-18 08:08:44] [Representation task] Done | pid=3121 | split=cross_session_03dabef0ce5a | group=zhou_cross_session_theta_4_8 | representation=standardized_signal | elapsed=0s
[2026-09-18 08:08:44] [Representation] Progress 132/144 | remaining=12 | elapsed=9s | eta≈1s
[2026-09-18 08:08:44] [Representation task] Starting | pid=3121 | split=cross_session_f26c340bf90c | group=zhou_cross_session_theta_4_8 | representation=statistical__all_standard
[2026-09-18 08:08:44] [Representation task] Done | pid=3121 | split=cross_session_f26c340bf90c | group=zhou_cross_session_theta_4_8 | representation=statistical__all_standard | elapsed=0s
[2026-09-18 08:08:44] [Representation] Progress 133/144 | remaining=11 | elapsed=9s | eta≈1s
[2026-09-18 08:08:44] [Representation task] Starting | pid=3121 | split=cross_session_f26c340bf90c | group=zhou_cross_session_theta_4_8 | representation=temporal__all_standard
[2026-09-18 08:08:44] [Representation task] Done | pid=3121 | split=cross_session_f26c340bf90c | group=zhou_cross_session_theta_4_8 | representation=temporal__all_standard | elapsed=0s
[2026-09-18 08:08:44] [Representation] Progress 134/144 | remaining=10 | elapsed=9s | eta≈1s
[2026-09-18 08:08:44] [Representation task] Starting | pid=3121 | split=cross_session_f26c340bf90c | group=zhou_cross_session_theta_4_8 | representation=csp_6__all_standard
[2026-09-18 08:08:44] [Representation task] Done | pid=3121 | split=cross_session_f26c340bf90c | group=zhou_cross_session_theta_4_8 | representation=csp_6__all_standard | elapsed=0s
[2026-09-18 08:08:44] [Representation] Progress 135/144 | remaining=9 | elapsed=9s | eta≈1s
[2026-09-18 08:08:44] [Representation task] Starting | pid=3121 | split=cross_session_f26c340bf90c | group=zhou_cross_session_theta_4_8 | representation=standardized_signal
[2026-09-18 08:08:44] [Representation task] Done | pid=3121 | split=cross_session_f26c340bf90c | group=zhou_cross_session_theta_4_8 | representation=standardized_signal | elapsed=0s
[2026-09-18 08:08:44] [Representation] Progress 136/144 | remaining=8 | elapsed=9s | eta≈1s
[2026-09-18 08:08:44] [Representation task] Starting | pid=3121 | split=cross_session_6e742fe790fa | group=zhou_cross_session_theta_4_8 | representation=statistical__all_standard
[2026-09-18 08:08:45] [Representation task] Done | pid=3121 | split=cross_session_6e742fe790fa | group=zhou_cross_session_theta_4_8 | representation=statistical__all_standard | elapsed=1s
[2026-09-18 08:08:45] [Representation] Progress 137/144 | remaining=7 | elapsed=11s | eta≈1s
[2026-09-18 08:08:45] [Representation task] Starting | pid=3121 | split=cross_session_6e742fe790fa | group=zhou_cross_session_theta_4_8 | representation=temporal__all_standard
[2026-09-18 08:08:46] [Representation task] Done | pid=3121 | split=cross_session_6e742fe790fa | group=zhou_cross_session_theta_4_8 | representation=temporal__all_standard | elapsed=1s
[2026-09-18 08:08:46] [Representation] Progress 138/144 | remaining=6 | elapsed=12s | eta≈1s
[2026-09-18 08:08:46] [Representation task] Starting | pid=3121 | split=cross_session_6e742fe790fa | group=zhou_cross_session_theta_4_8 | representation=csp_6__all_standard
[2026-09-18 08:08:46] [Representation task] Done | pid=3121 | split=cross_session_6e742fe790fa | group=zhou_cross_session_theta_4_8 | representation=csp_6__all_standard | elapsed=0s
[2026-09-18 08:08:46] [Representation] Progress 139/144 | remaining=5 | elapsed=12s | eta≈0s
[2026-09-18 08:08:46] [Representation task] Starting | pid=3121 | split=cross_session_6e742fe790fa | group=zhou_cross_session_theta_4_8 | representation=standardized_signal
[2026-09-18 08:08:46] [Representation task] Done | pid=3121 | split=cross_session_6e742fe790fa | group=zhou_cross_session_theta_4_8 | representation=standardized_signal | elapsed=0s
[2026-09-18 08:08:46] [Representation] Progress 140/144 | remaining=4 | elapsed=12s | eta≈0s
[2026-09-18 08:08:46] [Representation task] Starting | pid=3121 | split=cross_session_3a77bf661561 | group=zhou_cross_session_theta_4_8 | representation=statistical__all_standard
[2026-09-18 08:08:46] [Representation task] Done | pid=3121 | split=cross_session_3a77bf661561 | group=zhou_cross_session_theta_4_8 | representation=statistical__all_standard | elapsed=0s
[2026-09-18 08:08:46] [Representation] Progress 141/144 | remaining=3 | elapsed=12s | eta≈0s
[2026-09-18 08:08:46] [Representation task] Starting | pid=3121 | split=cross_session_3a77bf661561 | group=zhou_cross_session_theta_4_8 | representation=temporal__all_standard
[2026-09-18 08:08:46] [Representation task] Done | pid=3121 | split=cross_session_3a77bf661561 | group=zhou_cross_session_theta_4_8 | representation=temporal__all_standard | elapsed=0s
[2026-09-18 08:08:46] [Representation] Progress 142/144 | remaining=2 | elapsed=12s | eta≈0s
[2026-09-18 08:08:46] [Representation task] Starting | pid=3121 | split=cross_session_3a77bf661561 | group=zhou_cross_session_theta_4_8 | representation=csp_6__all_standard
[2026-09-18 08:08:46] [Representation task] Done | pid=3121 | split=cross_session_3a77bf661561 | group=zhou_cross_session_theta_4_8 | representation=csp_6__all_standard | elapsed=0s
[2026-09-18 08:08:46] [Representation] Progress 143/144 | remaining=1 | elapsed=12s | eta≈0s
[2026-09-18 08:08:46] [Representation task] Starting | pid=3121 | split=cross_session_3a77bf661561 | group=zhou_cross_session_theta_4_8 | representation=standardized_signal
[2026-09-18 08:08:46] [Representation task] Done | pid=3121 | split=cross_session_3a77bf661561 | group=zhou_cross_session_theta_4_8 | representation=standardized_signal | elapsed=0s
[2026-09-18 08:08:46] [Representation] Progress 144/144 | remaining=0 | elapsed=12s | eta≈0s
[2026-09-18 08:08:46] [Representation] Done | elapsed=12s
[2026-09-18 08:08:46] [Training] Starting...
[2026-09-18 08:08:46] [Training] Tasks=144 | workers=1
[2026-09-18 08:08:46] [Training task] Starting | pid=3121 | item=1 | split=cross_session_19d2548920ce | representation=statistical__all_standard | model=logistic_regression
[2026-09-18 08:08:48] [Training task] Done | pid=3121 | item=1 | split=cross_session_19d2548920ce | representation=statistical__all_standard | model=logistic_regression | elapsed=2s
[2026-09-18 08:08:48] [Training] Progress 1/144 | remaining=143 | elapsed=2s | eta≈3.6m
[2026-09-18 08:08:48] [Training task] Starting | pid=3121 | item=2 | split=cross_session_19d2548920ce | representation=temporal__all_standard | model=logistic_regression
[2026-09-18 08:08:48] [Training task] Done | pid=3121 | item=2 | split=cross_session_19d2548920ce | representation=temporal__all_standard | model=logistic_regression | elapsed=0s
[2026-09-18 08:08:48] [Training] Progress 2/144 | remaining=142 | elapsed=2s | eta≈1.8m
[2026-09-18 08:08:48] [Training task] Starting | pid=3121 | item=3 | split=cross_session_19d2548920ce | representation=csp_6__all_standard | model=logistic_regression
[2026-09-18 08:08:48] [Training task] Done | pid=3121 | item=3 | split=cross_session_19d2548920ce | representation=csp_6__all_standard | model=logistic_regression | elapsed=0s
[2026-09-18 08:08:48] [Training] Progress 3/144 | remaining=141 | elapsed=2s | eta≈1.2m
[2026-09-18 08:08:48] [Training task] Starting | pid=3121 | item=4 | split=cross_session_19d2548920ce | representation=standardized_signal | model=eegnet
[2026-09-18 08:08:48] [Training task] Done | pid=3121 | item=4 | split=cross_session_19d2548920ce | representation=standardized_signal | model=eegnet | elapsed=0s
[2026-09-18 08:08:48] [Training] Progress 4/144 | remaining=140 | elapsed=2s | eta≈53s
[2026-09-18 08:08:48] [Training task] Starting | pid=3121 | item=5 | split=cross_session_016111ec6d53 | representation=statistical__all_standard | model=logistic_regression
[2026-09-18 08:08:48] [Training task] Done | pid=3121 | item=5 | split=cross_session_016111ec6d53 | representation=statistical__all_standard | model=logistic_regression | elapsed=0s
[2026-09-18 08:08:48] [Training] Progress 5/144 | remaining=139 | elapsed=2s | eta≈42s
[2026-09-18 08:08:48] [Training task] Starting | pid=3121 | item=6 | split=cross_session_016111ec6d53 | representation=temporal__all_standard | model=logistic_regression
[2026-09-18 08:08:48] [Training task] Done | pid=3121 | item=6 | split=cross_session_016111ec6d53 | representation=temporal__all_standard | model=logistic_regression | elapsed=0s
[2026-09-18 08:08:48] [Training] Progress 6/144 | remaining=138 | elapsed=2s | eta≈35s
[2026-09-18 08:08:48] [Training task] Starting | pid=3121 | item=7 | split=cross_session_016111ec6d53 | representation=csp_6__all_standard | model=logistic_regression
[2026-09-18 08:08:48] [Training task] Done | pid=3121 | item=7 | split=cross_session_016111ec6d53 | representation=csp_6__all_standard | model=logistic_regression | elapsed=0s
[2026-09-18 08:08:48] [Training] Progress 7/144 | remaining=137 | elapsed=2s | eta≈30s
[2026-09-18 08:08:48] [Training task] Starting | pid=3121 | item=8 | split=cross_session_016111ec6d53 | representation=standardized_signal | model=eegnet
[2026-09-18 08:08:48] [Training task] Done | pid=3121 | item=8 | split=cross_session_016111ec6d53 | representation=standardized_signal | model=eegnet | elapsed=0s
[2026-09-18 08:08:48] [Training] Progress 8/144 | remaining=136 | elapsed=2s | eta≈26s
[2026-09-18 08:08:48] [Training task] Starting | pid=3121 | item=9 | split=cross_session_e21fc9e540fd | representation=statistical__all_standard | model=logistic_regression
[2026-09-18 08:08:48] [Training task] Done | pid=3121 | item=9 | split=cross_session_e21fc9e540fd | representation=statistical__all_standard | model=logistic_regression | elapsed=0s
[2026-09-18 08:08:48] [Training] Progress 9/144 | remaining=135 | elapsed=2s | eta≈23s
[2026-09-18 08:08:48] [Training task] Starting | pid=3121 | item=10 | split=cross_session_e21fc9e540fd | representation=temporal__all_standard | model=logistic_regression
[2026-09-18 08:08:48] [Training task] Done | pid=3121 | item=10 | split=cross_session_e21fc9e540fd | representation=temporal__all_standard | model=logistic_regression | elapsed=0s
[2026-09-18 08:08:48] [Training] Progress 10/144 | remaining=134 | elapsed=2s | eta≈20s
[2026-09-18 08:08:48] [Training task] Starting | pid=3121 | item=11 | split=cross_session_e21fc9e540fd | representation=csp_6__all_standard | model=logistic_regression
[2026-09-18 08:08:48] [Training task] Done | pid=3121 | item=11 | split=cross_session_e21fc9e540fd | representation=csp_6__all_standard | model=logistic_regression | elapsed=0s
[2026-09-18 08:08:48] [Training] Progress 11/144 | remaining=133 | elapsed=2s | eta≈18s
[2026-09-18 08:08:48] [Training task] Starting | pid=3121 | item=12 | split=cross_session_e21fc9e540fd | representation=standardized_signal | model=eegnet
[2026-09-18 08:08:48] [Training task] Done | pid=3121 | item=12 | split=cross_session_e21fc9e540fd | representation=standardized_signal | model=eegnet | elapsed=0s
[2026-09-18 08:08:48] [Training] Progress 12/144 | remaining=132 | elapsed=2s | eta≈17s
[2026-09-18 08:08:48] [Training task] Starting | pid=3121 | item=13 | split=cross_session_5fec25c5d9e3 | representation=statistical__all_standard | model=logistic_regression
[2026-09-18 08:08:48] [Training task] Done | pid=3121 | item=13 | split=cross_session_5fec25c5d9e3 | representation=statistical__all_standard | model=logistic_regression | elapsed=0s
[2026-09-18 08:08:48] [Training] Progress 13/144 | remaining=131 | elapsed=2s | eta≈15s
[2026-09-18 08:08:48] [Training task] Starting | pid=3121 | item=14 | split=cross_session_5fec25c5d9e3 | representation=temporal__all_standard | model=logistic_regression
[2026-09-18 08:08:48] [Training task] Done | pid=3121 | item=14 | split=cross_session_5fec25c5d9e3 | representation=temporal__all_standard | model=logistic_regression | elapsed=0s
[2026-09-18 08:08:48] [Training] Progress 14/144 | remaining=130 | elapsed=2s | eta≈14s
[2026-09-18 08:08:48] [Training task] Starting | pid=3121 | item=15 | split=cross_session_5fec25c5d9e3 | representation=csp_6__all_standard | model=logistic_regression
[2026-09-18 08:08:48] [Training task] Done | pid=3121 | item=15 | split=cross_session_5fec25c5d9e3 | representation=csp_6__all_standard | model=logistic_regression | elapsed=0s
[2026-09-18 08:08:48] [Training] Progress 15/144 | remaining=129 | elapsed=2s | eta≈13s
[2026-09-18 08:08:48] [Training task] Starting | pid=3121 | item=16 | split=cross_session_5fec25c5d9e3 | representation=standardized_signal | model=eegnet
[2026-09-18 08:08:48] [Training task] Done | pid=3121 | item=16 | split=cross_session_5fec25c5d9e3 | representation=standardized_signal | model=eegnet | elapsed=0s
[2026-09-18 08:08:48] [Training] Progress 16/144 | remaining=128 | elapsed=2s | eta≈12s
[2026-09-18 08:08:48] [Training task] Starting | pid=3121 | item=17 | split=cross_session_9287b0e7d963 | representation=statistical__all_standard | model=logistic_regression
[2026-09-18 08:08:48] [Training task] Done | pid=3121 | item=17 | split=cross_session_9287b0e7d963 | representation=statistical__all_standard | model=logistic_regression | elapsed=0s
[2026-09-18 08:08:48] [Training] Progress 17/144 | remaining=127 | elapsed=2s | eta≈11s
[2026-09-18 08:08:48] [Training task] Starting | pid=3121 | item=18 | split=cross_session_9287b0e7d963 | representation=temporal__all_standard | model=logistic_regression
[2026-09-18 08:08:48] [Training task] Done | pid=3121 | item=18 | split=cross_session_9287b0e7d963 | representation=temporal__all_standard | model=logistic_regression | elapsed=0s
[2026-09-18 08:08:48] [Training] Progress 18/144 | remaining=126 | elapsed=2s | eta≈11s
[2026-09-18 08:08:48] [Training task] Starting | pid=3121 | item=19 | split=cross_session_9287b0e7d963 | representation=csp_6__all_standard | model=logistic_regression
[2026-09-18 08:08:48] [Training task] Done | pid=3121 | item=19 | split=cross_session_9287b0e7d963 | representation=csp_6__all_standard | model=logistic_regression | elapsed=0s
[2026-09-18 08:08:48] [Training] Progress 19/144 | remaining=125 | elapsed=2s | eta≈10s
[2026-09-18 08:08:48] [Training task] Starting | pid=3121 | item=20 | split=cross_session_9287b0e7d963 | representation=standardized_signal | model=eegnet
[2026-09-18 08:08:48] [Training task] Done | pid=3121 | item=20 | split=cross_session_9287b0e7d963 | representation=standardized_signal | model=eegnet | elapsed=0s
[2026-09-18 08:08:48] [Training] Progress 20/144 | remaining=124 | elapsed=2s | eta≈10s
[2026-09-18 08:08:48] [Training task] Starting | pid=3121 | item=21 | split=cross_session_1319f0eca7a4 | representation=statistical__all_standard | model=logistic_regression
[2026-09-18 08:08:48] [Training task] Done | pid=3121 | item=21 | split=cross_session_1319f0eca7a4 | representation=statistical__all_standard | model=logistic_regression | elapsed=0s
[2026-09-18 08:08:48] [Training] Progress 21/144 | remaining=123 | elapsed=2s | eta≈9s
[2026-09-18 08:08:48] [Training task] Starting | pid=3121 | item=22 | split=cross_session_1319f0eca7a4 | representation=temporal__all_standard | model=logistic_regression
[2026-09-18 08:08:48] [Training task] Done | pid=3121 | item=22 | split=cross_session_1319f0eca7a4 | representation=temporal__all_standard | model=logistic_regression | elapsed=0s
[2026-09-18 08:08:48] [Training] Progress 22/144 | remaining=122 | elapsed=2s | eta≈9s
[2026-09-18 08:08:48] [Training task] Starting | pid=3121 | item=23 | split=cross_session_1319f0eca7a4 | representation=csp_6__all_standard | model=logistic_regression
[2026-09-18 08:08:48] [Training task] Done | pid=3121 | item=23 | split=cross_session_1319f0eca7a4 | representation=csp_6__all_standard | model=logistic_regression | elapsed=0s
[2026-09-18 08:08:48] [Training] Progress 23/144 | remaining=121 | elapsed=2s | eta≈8s
[2026-09-18 08:08:48] [Training task] Starting | pid=3121 | item=24 | split=cross_session_1319f0eca7a4 | representation=standardized_signal | model=eegnet
[2026-09-18 08:08:48] [Training task] Done | pid=3121 | item=24 | split=cross_session_1319f0eca7a4 | representation=standardized_signal | model=eegnet | elapsed=0s
[2026-09-18 08:08:48] [Training] Progress 24/144 | remaining=120 | elapsed=2s | eta≈8s
[2026-09-18 08:08:48] [Training task] Starting | pid=3121 | item=25 | split=cross_session_b2af4721298d | representation=statistical__all_standard | model=logistic_regression
[2026-09-18 08:08:48] [Training task] Done | pid=3121 | item=25 | split=cross_session_b2af4721298d | representation=statistical__all_standard | model=logistic_regression | elapsed=0s
[2026-09-18 08:08:48] [Training] Progress 25/144 | remaining=119 | elapsed=2s | eta≈7s
[2026-09-18 08:08:48] [Training task] Starting | pid=3121 | item=26 | split=cross_session_b2af4721298d | representation=temporal__all_standard | model=logistic_regression
[2026-09-18 08:08:48] [Training task] Done | pid=3121 | item=26 | split=cross_session_b2af4721298d | representation=temporal__all_standard | model=logistic_regression | elapsed=0s
[2026-09-18 08:08:48] [Training] Progress 26/144 | remaining=118 | elapsed=2s | eta≈7s
[2026-09-18 08:08:48] [Training task] Starting | pid=3121 | item=27 | split=cross_session_b2af4721298d | representation=csp_6__all_standard | model=logistic_regression
[2026-09-18 08:08:48] [Training task] Done | pid=3121 | item=27 | split=cross_session_b2af4721298d | representation=csp_6__all_standard | model=logistic_regression | elapsed=0s
[2026-09-18 08:08:48] [Training] Progress 27/144 | remaining=117 | elapsed=2s | eta≈7s
[2026-09-18 08:08:48] [Training task] Starting | pid=3121 | item=28 | split=cross_session_b2af4721298d | representation=standardized_signal | model=eegnet
[2026-09-18 08:08:48] [Training task] Done | pid=3121 | item=28 | split=cross_session_b2af4721298d | representation=standardized_signal | model=eegnet | elapsed=0s
[2026-09-18 08:08:48] [Training] Progress 28/144 | remaining=116 | elapsed=2s | eta≈6s
[2026-09-18 08:08:48] [Training task] Starting | pid=3121 | item=29 | split=cross_session_65539e158fb4 | representation=statistical__all_standard | model=logistic_regression
[2026-09-18 08:08:48] [Training task] Done | pid=3121 | item=29 | split=cross_session_65539e158fb4 | representation=statistical__all_standard | model=logistic_regression | elapsed=0s
[2026-09-18 08:08:48] [Training] Progress 29/144 | remaining=115 | elapsed=2s | eta≈6s
[2026-09-18 08:08:48] [Training task] Starting | pid=3121 | item=30 | split=cross_session_65539e158fb4 | representation=temporal__all_standard | model=logistic_regression
[2026-09-18 08:08:48] [Training task] Done | pid=3121 | item=30 | split=cross_session_65539e158fb4 | representation=temporal__all_standard | model=logistic_regression | elapsed=0s
[2026-09-18 08:08:48] [Training] Progress 30/144 | remaining=114 | elapsed=2s | eta≈6s
[2026-09-18 08:08:48] [Training task] Starting | pid=3121 | item=31 | split=cross_session_65539e158fb4 | representation=csp_6__all_standard | model=logistic_regression
[2026-09-18 08:08:48] [Training task] Done | pid=3121 | item=31 | split=cross_session_65539e158fb4 | representation=csp_6__all_standard | model=logistic_regression | elapsed=0s
[2026-09-18 08:08:48] [Training] Progress 31/144 | remaining=113 | elapsed=2s | eta≈6s
[2026-09-18 08:08:48] [Training task] Starting | pid=3121 | item=32 | split=cross_session_65539e158fb4 | representation=standardized_signal | model=eegnet
[2026-09-18 08:08:48] [Training task] Done | pid=3121 | item=32 | split=cross_session_65539e158fb4 | representation=standardized_signal | model=eegnet | elapsed=0s
[2026-09-18 08:08:48] [Training] Progress 32/144 | remaining=112 | elapsed=2s | eta≈5s
[2026-09-18 08:08:48] [Training task] Starting | pid=3121 | item=33 | split=cross_session_03dabef0ce5a | representation=statistical__all_standard | model=logistic_regression
[2026-09-18 08:08:48] [Training task] Done | pid=3121 | item=33 | split=cross_session_03dabef0ce5a | representation=statistical__all_standard | model=logistic_regression | elapsed=0s
[2026-09-18 08:08:48] [Training] Progress 33/144 | remaining=111 | elapsed=2s | eta≈5s
[2026-09-18 08:08:48] [Training task] Starting | pid=3121 | item=34 | split=cross_session_03dabef0ce5a | representation=temporal__all_standard | model=logistic_regression
[2026-09-18 08:08:48] [Training task] Done | pid=3121 | item=34 | split=cross_session_03dabef0ce5a | representation=temporal__all_standard | model=logistic_regression | elapsed=0s
[2026-09-18 08:08:48] [Training] Progress 34/144 | remaining=110 | elapsed=2s | eta≈5s
[2026-09-18 08:08:48] [Training task] Starting | pid=3121 | item=35 | split=cross_session_03dabef0ce5a | representation=csp_6__all_standard | model=logistic_regression
[2026-09-18 08:08:48] [Training task] Done | pid=3121 | item=35 | split=cross_session_03dabef0ce5a | representation=csp_6__all_standard | model=logistic_regression | elapsed=0s
[2026-09-18 08:08:48] [Training] Progress 35/144 | remaining=109 | elapsed=2s | eta≈5s
[2026-09-18 08:08:48] [Training task] Starting | pid=3121 | item=36 | split=cross_session_03dabef0ce5a | representation=standardized_signal | model=eegnet
[2026-09-18 08:08:48] [Training task] Done | pid=3121 | item=36 | split=cross_session_03dabef0ce5a | representation=standardized_signal | model=eegnet | elapsed=0s
[2026-09-18 08:08:48] [Training] Progress 36/144 | remaining=108 | elapsed=2s | eta≈5s
[2026-09-18 08:08:48] [Training task] Starting | pid=3121 | item=37 | split=cross_session_f26c340bf90c | representation=statistical__all_standard | model=logistic_regression
[2026-09-18 08:08:48] [Training task] Done | pid=3121 | item=37 | split=cross_session_f26c340bf90c | representation=statistical__all_standard | model=logistic_regression | elapsed=0s
[2026-09-18 08:08:48] [Training] Progress 37/144 | remaining=107 | elapsed=2s | eta≈4s
[2026-09-18 08:08:48] [Training task] Starting | pid=3121 | item=38 | split=cross_session_f26c340bf90c | representation=temporal__all_standard | model=logistic_regression
[2026-09-18 08:08:48] [Training task] Done | pid=3121 | item=38 | split=cross_session_f26c340bf90c | representation=temporal__all_standard | model=logistic_regression | elapsed=0s
[2026-09-18 08:08:48] [Training] Progress 38/144 | remaining=106 | elapsed=2s | eta≈4s
[2026-09-18 08:08:48] [Training task] Starting | pid=3121 | item=39 | split=cross_session_f26c340bf90c | representation=csp_6__all_standard | model=logistic_regression
[2026-09-18 08:08:48] [Training task] Done | pid=3121 | item=39 | split=cross_session_f26c340bf90c | representation=csp_6__all_standard | model=logistic_regression | elapsed=0s
[2026-09-18 08:08:48] [Training] Progress 39/144 | remaining=105 | elapsed=2s | eta≈4s
[2026-09-18 08:08:48] [Training task] Starting | pid=3121 | item=40 | split=cross_session_f26c340bf90c | representation=standardized_signal | model=eegnet
[2026-09-18 08:08:48] [Training task] Done | pid=3121 | item=40 | split=cross_session_f26c340bf90c | representation=standardized_signal | model=eegnet | elapsed=0s
[2026-09-18 08:08:48] [Training] Progress 40/144 | remaining=104 | elapsed=2s | eta≈4s
[2026-09-18 08:08:48] [Training task] Starting | pid=3121 | item=41 | split=cross_session_6e742fe790fa | representation=statistical__all_standard | model=logistic_regression
[2026-09-18 08:08:48] [Training task] Done | pid=3121 | item=41 | split=cross_session_6e742fe790fa | representation=statistical__all_standard | model=logistic_regression | elapsed=0s
[2026-09-18 08:08:48] [Training] Progress 41/144 | remaining=103 | elapsed=2s | eta≈4s
[2026-09-18 08:08:48] [Training task] Starting | pid=3121 | item=42 | split=cross_session_6e742fe790fa | representation=temporal__all_standard | model=logistic_regression
[2026-09-18 08:08:48] [Training task] Done | pid=3121 | item=42 | split=cross_session_6e742fe790fa | representation=temporal__all_standard | model=logistic_regression | elapsed=0s
[2026-09-18 08:08:48] [Training] Progress 42/144 | remaining=102 | elapsed=2s | eta≈4s
[2026-09-18 08:08:48] [Training task] Starting | pid=3121 | item=43 | split=cross_session_6e742fe790fa | representation=csp_6__all_standard | model=logistic_regression
[2026-09-18 08:08:48] [Training task] Done | pid=3121 | item=43 | split=cross_session_6e742fe790fa | representation=csp_6__all_standard | model=logistic_regression | elapsed=0s
[2026-09-18 08:08:48] [Training] Progress 43/144 | remaining=101 | elapsed=2s | eta≈4s
[2026-09-18 08:08:48] [Training task] Starting | pid=3121 | item=44 | split=cross_session_6e742fe790fa | representation=standardized_signal | model=eegnet
[2026-09-18 08:08:48] [Training task] Done | pid=3121 | item=44 | split=cross_session_6e742fe790fa | representation=standardized_signal | model=eegnet | elapsed=0s
[2026-09-18 08:08:48] [Training] Progress 44/144 | remaining=100 | elapsed=2s | eta≈4s
[2026-09-18 08:08:48] [Training task] Starting | pid=3121 | item=45 | split=cross_session_3a77bf661561 | representation=statistical__all_standard | model=logistic_regression
[2026-09-18 08:08:48] [Training task] Done | pid=3121 | item=45 | split=cross_session_3a77bf661561 | representation=statistical__all_standard | model=logistic_regression | elapsed=0s
[2026-09-18 08:08:48] [Training] Progress 45/144 | remaining=99 | elapsed=2s | eta≈3s
[2026-09-18 08:08:48] [Training task] Starting | pid=3121 | item=46 | split=cross_session_3a77bf661561 | representation=temporal__all_standard | model=logistic_regression
[2026-09-18 08:08:49] [Training task] Done | pid=3121 | item=46 | split=cross_session_3a77bf661561 | representation=temporal__all_standard | model=logistic_regression | elapsed=2s
[2026-09-18 08:08:49] [Training] Progress 46/144 | remaining=98 | elapsed=3s | eta≈7s
[2026-09-18 08:08:49] [Training task] Starting | pid=3121 | item=47 | split=cross_session_3a77bf661561 | representation=csp_6__all_standard | model=logistic_regression
[2026-09-18 08:08:49] [Training task] Done | pid=3121 | item=47 | split=cross_session_3a77bf661561 | representation=csp_6__all_standard | model=logistic_regression | elapsed=0s
[2026-09-18 08:08:49] [Training] Progress 47/144 | remaining=97 | elapsed=3s | eta≈6s
[2026-09-18 08:08:49] [Training task] Starting | pid=3121 | item=48 | split=cross_session_3a77bf661561 | representation=standardized_signal | model=eegnet
[2026-09-18 08:08:49] [Training task] Done | pid=3121 | item=48 | split=cross_session_3a77bf661561 | representation=standardized_signal | model=eegnet | elapsed=0s
[2026-09-18 08:08:49] [Training] Progress 48/144 | remaining=96 | elapsed=3s | eta≈6s
[2026-09-18 08:08:49] [Training task] Starting | pid=3121 | item=49 | split=cross_session_19d2548920ce | representation=statistical__all_standard | model=logistic_regression
[2026-09-18 08:08:49] [Training task] Done | pid=3121 | item=49 | split=cross_session_19d2548920ce | representation=statistical__all_standard | model=logistic_regression | elapsed=0s
[2026-09-18 08:08:49] [Training] Progress 49/144 | remaining=95 | elapsed=3s | eta≈6s
[2026-09-18 08:08:49] [Training task] Starting | pid=3121 | item=50 | split=cross_session_19d2548920ce | representation=temporal__all_standard | model=logistic_regression
[2026-09-18 08:08:49] [Training task] Done | pid=3121 | item=50 | split=cross_session_19d2548920ce | representation=temporal__all_standard | model=logistic_regression | elapsed=0s
[2026-09-18 08:08:49] [Training] Progress 50/144 | remaining=94 | elapsed=3s | eta≈6s
[2026-09-18 08:08:49] [Training task] Starting | pid=3121 | item=51 | split=cross_session_19d2548920ce | representation=csp_6__all_standard | model=logistic_regression
[2026-09-18 08:08:49] [Training task] Done | pid=3121 | item=51 | split=cross_session_19d2548920ce | representation=csp_6__all_standard | model=logistic_regression | elapsed=0s
[2026-09-18 08:08:49] [Training] Progress 51/144 | remaining=93 | elapsed=3s | eta≈6s
[2026-09-18 08:08:49] [Training task] Starting | pid=3121 | item=52 | split=cross_session_19d2548920ce | representation=standardized_signal | model=eegnet
[2026-09-18 08:08:49] [Training task] Done | pid=3121 | item=52 | split=cross_session_19d2548920ce | representation=standardized_signal | model=eegnet | elapsed=0s
[2026-09-18 08:08:49] [Training] Progress 52/144 | remaining=92 | elapsed=3s | eta≈5s
[2026-09-18 08:08:49] [Training task] Starting | pid=3121 | item=53 | split=cross_session_016111ec6d53 | representation=statistical__all_standard | model=logistic_regression
[2026-09-18 08:08:49] [Training task] Done | pid=3121 | item=53 | split=cross_session_016111ec6d53 | representation=statistical__all_standard | model=logistic_regression | elapsed=0s
[2026-09-18 08:08:49] [Training] Progress 53/144 | remaining=91 | elapsed=3s | eta≈5s
[2026-09-18 08:08:49] [Training task] Starting | pid=3121 | item=54 | split=cross_session_016111ec6d53 | representation=temporal__all_standard | model=logistic_regression
[2026-09-18 08:08:49] [Training task] Done | pid=3121 | item=54 | split=cross_session_016111ec6d53 | representation=temporal__all_standard | model=logistic_regression | elapsed=0s
[2026-09-18 08:08:49] [Training] Progress 54/144 | remaining=90 | elapsed=3s | eta≈5s
[2026-09-18 08:08:49] [Training task] Starting | pid=3121 | item=55 | split=cross_session_016111ec6d53 | representation=csp_6__all_standard | model=logistic_regression
[2026-09-18 08:08:49] [Training task] Done | pid=3121 | item=55 | split=cross_session_016111ec6d53 | representation=csp_6__all_standard | model=logistic_regression | elapsed=0s
[2026-09-18 08:08:49] [Training] Progress 55/144 | remaining=89 | elapsed=3s | eta≈5s
[2026-09-18 08:08:49] [Training task] Starting | pid=3121 | item=56 | split=cross_session_016111ec6d53 | representation=standardized_signal | model=eegnet
[2026-09-18 08:08:49] [Training task] Done | pid=3121 | item=56 | split=cross_session_016111ec6d53 | representation=standardized_signal | model=eegnet | elapsed=0s
[2026-09-18 08:08:49] [Training] Progress 56/144 | remaining=88 | elapsed=3s | eta≈5s
[2026-09-18 08:08:49] [Training task] Starting | pid=3121 | item=57 | split=cross_session_e21fc9e540fd | representation=statistical__all_standard | model=logistic_regression
[2026-09-18 08:08:49] [Training task] Done | pid=3121 | item=57 | split=cross_session_e21fc9e540fd | representation=statistical__all_standard | model=logistic_regression | elapsed=0s
[2026-09-18 08:08:49] [Training] Progress 57/144 | remaining=87 | elapsed=3s | eta≈5s
[2026-09-18 08:08:49] [Training task] Starting | pid=3121 | item=58 | split=cross_session_e21fc9e540fd | representation=temporal__all_standard | model=logistic_regression
[2026-09-18 08:08:49] [Training task] Done | pid=3121 | item=58 | split=cross_session_e21fc9e540fd | representation=temporal__all_standard | model=logistic_regression | elapsed=0s
[2026-09-18 08:08:49] [Training] Progress 58/144 | remaining=86 | elapsed=3s | eta≈5s
[2026-09-18 08:08:49] [Training task] Starting | pid=3121 | item=59 | split=cross_session_e21fc9e540fd | representation=csp_6__all_standard | model=logistic_regression
[2026-09-18 08:08:49] [Training task] Done | pid=3121 | item=59 | split=cross_session_e21fc9e540fd | representation=csp_6__all_standard | model=logistic_regression | elapsed=0s
[2026-09-18 08:08:49] [Training] Progress 59/144 | remaining=85 | elapsed=3s | eta≈4s
[2026-09-18 08:08:49] [Training task] Starting | pid=3121 | item=60 | split=cross_session_e21fc9e540fd | representation=standardized_signal | model=eegnet
[2026-09-18 08:08:49] [Training task] Done | pid=3121 | item=60 | split=cross_session_e21fc9e540fd | representation=standardized_signal | model=eegnet | elapsed=0s
[2026-09-18 08:08:49] [Training] Progress 60/144 | remaining=84 | elapsed=3s | eta≈4s
[2026-09-18 08:08:49] [Training task] Starting | pid=3121 | item=61 | split=cross_session_5fec25c5d9e3 | representation=statistical__all_standard | model=logistic_regression
[2026-09-18 08:08:49] [Training task] Done | pid=3121 | item=61 | split=cross_session_5fec25c5d9e3 | representation=statistical__all_standard | model=logistic_regression | elapsed=0s
[2026-09-18 08:08:49] [Training] Progress 61/144 | remaining=83 | elapsed=3s | eta≈4s
[2026-09-18 08:08:49] [Training task] Starting | pid=3121 | item=62 | split=cross_session_5fec25c5d9e3 | representation=temporal__all_standard | model=logistic_regression
[2026-09-18 08:08:49] [Training task] Done | pid=3121 | item=62 | split=cross_session_5fec25c5d9e3 | representation=temporal__all_standard | model=logistic_regression | elapsed=0s
[2026-09-18 08:08:49] [Training] Progress 62/144 | remaining=82 | elapsed=3s | eta≈4s
[2026-09-18 08:08:49] [Training task] Starting | pid=3121 | item=63 | split=cross_session_5fec25c5d9e3 | representation=csp_6__all_standard | model=logistic_regression
[2026-09-18 08:08:49] [Training task] Done | pid=3121 | item=63 | split=cross_session_5fec25c5d9e3 | representation=csp_6__all_standard | model=logistic_regression | elapsed=0s
[2026-09-18 08:08:49] [Training] Progress 63/144 | remaining=81 | elapsed=3s | eta≈4s
[2026-09-18 08:08:49] [Training task] Starting | pid=3121 | item=64 | split=cross_session_5fec25c5d9e3 | representation=standardized_signal | model=eegnet
[2026-09-18 08:08:49] [Training task] Done | pid=3121 | item=64 | split=cross_session_5fec25c5d9e3 | representation=standardized_signal | model=eegnet | elapsed=0s
[2026-09-18 08:08:49] [Training] Progress 64/144 | remaining=80 | elapsed=3s | eta≈4s
[2026-09-18 08:08:49] [Training task] Starting | pid=3121 | item=65 | split=cross_session_9287b0e7d963 | representation=statistical__all_standard | model=logistic_regression
[2026-09-18 08:08:49] [Training task] Done | pid=3121 | item=65 | split=cross_session_9287b0e7d963 | representation=statistical__all_standard | model=logistic_regression | elapsed=0s
[2026-09-18 08:08:49] [Training] Progress 65/144 | remaining=79 | elapsed=3s | eta≈4s
[2026-09-18 08:08:49] [Training task] Starting | pid=3121 | item=66 | split=cross_session_9287b0e7d963 | representation=temporal__all_standard | model=logistic_regression
[2026-09-18 08:08:49] [Training task] Done | pid=3121 | item=66 | split=cross_session_9287b0e7d963 | representation=temporal__all_standard | model=logistic_regression | elapsed=0s
[2026-09-18 08:08:49] [Training] Progress 66/144 | remaining=78 | elapsed=3s | eta≈4s
[2026-09-18 08:08:49] [Training task] Starting | pid=3121 | item=67 | split=cross_session_9287b0e7d963 | representation=csp_6__all_standard | model=logistic_regression
[2026-09-18 08:08:49] [Training task] Done | pid=3121 | item=67 | split=cross_session_9287b0e7d963 | representation=csp_6__all_standard | model=logistic_regression | elapsed=0s
[2026-09-18 08:08:49] [Training] Progress 67/144 | remaining=77 | elapsed=3s | eta≈4s
[2026-09-18 08:08:49] [Training task] Starting | pid=3121 | item=68 | split=cross_session_9287b0e7d963 | representation=standardized_signal | model=eegnet
[2026-09-18 08:08:49] [Training task] Done | pid=3121 | item=68 | split=cross_session_9287b0e7d963 | representation=standardized_signal | model=eegnet | elapsed=0s
[2026-09-18 08:08:49] [Training] Progress 68/144 | remaining=76 | elapsed=3s | eta≈3s
[2026-09-18 08:08:49] [Training task] Starting | pid=3121 | item=69 | split=cross_session_1319f0eca7a4 | representation=statistical__all_standard | model=logistic_regression
[2026-09-18 08:08:49] [Training task] Done | pid=3121 | item=69 | split=cross_session_1319f0eca7a4 | representation=statistical__all_standard | model=logistic_regression | elapsed=0s
[2026-09-18 08:08:49] [Training] Progress 69/144 | remaining=75 | elapsed=3s | eta≈3s
[2026-09-18 08:08:49] [Training task] Starting | pid=3121 | item=70 | split=cross_session_1319f0eca7a4 | representation=temporal__all_standard | model=logistic_regression
[2026-09-18 08:08:49] [Training task] Done | pid=3121 | item=70 | split=cross_session_1319f0eca7a4 | representation=temporal__all_standard | model=logistic_regression | elapsed=0s
[2026-09-18 08:08:49] [Training] Progress 70/144 | remaining=74 | elapsed=3s | eta≈3s
[2026-09-18 08:08:49] [Training task] Starting | pid=3121 | item=71 | split=cross_session_1319f0eca7a4 | representation=csp_6__all_standard | model=logistic_regression
[2026-09-18 08:08:49] [Training task] Done | pid=3121 | item=71 | split=cross_session_1319f0eca7a4 | representation=csp_6__all_standard | model=logistic_regression | elapsed=0s
[2026-09-18 08:08:49] [Training] Progress 71/144 | remaining=73 | elapsed=3s | eta≈3s
[2026-09-18 08:08:49] [Training task] Starting | pid=3121 | item=72 | split=cross_session_1319f0eca7a4 | representation=standardized_signal | model=eegnet
[2026-09-18 08:08:49] [Training task] Done | pid=3121 | item=72 | split=cross_session_1319f0eca7a4 | representation=standardized_signal | model=eegnet | elapsed=0s
[2026-09-18 08:08:49] [Training] Progress 72/144 | remaining=72 | elapsed=3s | eta≈3s
[2026-09-18 08:08:49] [Training task] Starting | pid=3121 | item=73 | split=cross_session_b2af4721298d | representation=statistical__all_standard | model=logistic_regression
[2026-09-18 08:08:49] [Training task] Done | pid=3121 | item=73 | split=cross_session_b2af4721298d | representation=statistical__all_standard | model=logistic_regression | elapsed=0s
[2026-09-18 08:08:49] [Training] Progress 73/144 | remaining=71 | elapsed=3s | eta≈3s
[2026-09-18 08:08:49] [Training task] Starting | pid=3121 | item=74 | split=cross_session_b2af4721298d | representation=temporal__all_standard | model=logistic_regression
[2026-09-18 08:08:49] [Training task] Done | pid=3121 | item=74 | split=cross_session_b2af4721298d | representation=temporal__all_standard | model=logistic_regression | elapsed=0s
[2026-09-18 08:08:49] [Training] Progress 74/144 | remaining=70 | elapsed=3s | eta≈3s
[2026-09-18 08:08:49] [Training task] Starting | pid=3121 | item=75 | split=cross_session_b2af4721298d | representation=csp_6__all_standard | model=logistic_regression
[2026-09-18 08:08:49] [Training task] Done | pid=3121 | item=75 | split=cross_session_b2af4721298d | representation=csp_6__all_standard | model=logistic_regression | elapsed=0s
[2026-09-18 08:08:49] [Training] Progress 75/144 | remaining=69 | elapsed=3s | eta≈3s
[2026-09-18 08:08:49] [Training task] Starting | pid=3121 | item=76 | split=cross_session_b2af4721298d | representation=standardized_signal | model=eegnet
[2026-09-18 08:08:49] [Training task] Done | pid=3121 | item=76 | split=cross_session_b2af4721298d | representation=standardized_signal | model=eegnet | elapsed=0s
[2026-09-18 08:08:49] [Training] Progress 76/144 | remaining=68 | elapsed=3s | eta≈3s
[2026-09-18 08:08:49] [Training task] Starting | pid=3121 | item=77 | split=cross_session_65539e158fb4 | representation=statistical__all_standard | model=logistic_regression
[2026-09-18 08:08:49] [Training task] Done | pid=3121 | item=77 | split=cross_session_65539e158fb4 | representation=statistical__all_standard | model=logistic_regression | elapsed=0s
[2026-09-18 08:08:49] [Training] Progress 77/144 | remaining=67 | elapsed=3s | eta≈3s
[2026-09-18 08:08:49] [Training task] Starting | pid=3121 | item=78 | split=cross_session_65539e158fb4 | representation=temporal__all_standard | model=logistic_regression
[2026-09-18 08:08:49] [Training task] Done | pid=3121 | item=78 | split=cross_session_65539e158fb4 | representation=temporal__all_standard | model=logistic_regression | elapsed=0s
[2026-09-18 08:08:49] [Training] Progress 78/144 | remaining=66 | elapsed=3s | eta≈3s
[2026-09-18 08:08:49] [Training task] Starting | pid=3121 | item=79 | split=cross_session_65539e158fb4 | representation=csp_6__all_standard | model=logistic_regression
[2026-09-18 08:08:49] [Training task] Done | pid=3121 | item=79 | split=cross_session_65539e158fb4 | representation=csp_6__all_standard | model=logistic_regression | elapsed=0s
[2026-09-18 08:08:49] [Training] Progress 79/144 | remaining=65 | elapsed=3s | eta≈3s
[2026-09-18 08:08:49] [Training task] Starting | pid=3121 | item=80 | split=cross_session_65539e158fb4 | representation=standardized_signal | model=eegnet
[2026-09-18 08:08:49] [Training task] Done | pid=3121 | item=80 | split=cross_session_65539e158fb4 | representation=standardized_signal | model=eegnet | elapsed=0s
[2026-09-18 08:08:49] [Training] Progress 80/144 | remaining=64 | elapsed=3s | eta≈2s
[2026-09-18 08:08:49] [Training task] Starting | pid=3121 | item=81 | split=cross_session_03dabef0ce5a | representation=statistical__all_standard | model=logistic_regression
[2026-09-18 08:08:49] [Training task] Done | pid=3121 | item=81 | split=cross_session_03dabef0ce5a | representation=statistical__all_standard | model=logistic_regression | elapsed=0s
[2026-09-18 08:08:49] [Training] Progress 81/144 | remaining=63 | elapsed=3s | eta≈2s
[2026-09-18 08:08:49] [Training task] Starting | pid=3121 | item=82 | split=cross_session_03dabef0ce5a | representation=temporal__all_standard | model=logistic_regression
[2026-09-18 08:08:49] [Training task] Done | pid=3121 | item=82 | split=cross_session_03dabef0ce5a | representation=temporal__all_standard | model=logistic_regression | elapsed=0s
[2026-09-18 08:08:49] [Training] Progress 82/144 | remaining=62 | elapsed=3s | eta≈2s
[2026-09-18 08:08:49] [Training task] Starting | pid=3121 | item=83 | split=cross_session_03dabef0ce5a | representation=csp_6__all_standard | model=logistic_regression
[2026-09-18 08:08:50] [Training task] Done | pid=3121 | item=83 | split=cross_session_03dabef0ce5a | representation=csp_6__all_standard | model=logistic_regression | elapsed=1s
[2026-09-18 08:08:50] [Training] Progress 83/144 | remaining=61 | elapsed=4s | eta≈3s
[2026-09-18 08:08:50] [Training task] Starting | pid=3121 | item=84 | split=cross_session_03dabef0ce5a | representation=standardized_signal | model=eegnet
[2026-09-18 08:08:50] [Training task] Done | pid=3121 | item=84 | split=cross_session_03dabef0ce5a | representation=standardized_signal | model=eegnet | elapsed=0s
[2026-09-18 08:08:50] [Training] Progress 84/144 | remaining=60 | elapsed=4s | eta≈3s
[2026-09-18 08:08:50] [Training task] Starting | pid=3121 | item=85 | split=cross_session_f26c340bf90c | representation=statistical__all_standard | model=logistic_regression
[2026-09-18 08:08:50] [Training task] Done | pid=3121 | item=85 | split=cross_session_f26c340bf90c | representation=statistical__all_standard | model=logistic_regression | elapsed=0s
[2026-09-18 08:08:50] [Training] Progress 85/144 | remaining=59 | elapsed=4s | eta≈3s
[2026-09-18 08:08:50] [Training task] Starting | pid=3121 | item=86 | split=cross_session_f26c340bf90c | representation=temporal__all_standard | model=logistic_regression
[2026-09-18 08:08:50] [Training task] Done | pid=3121 | item=86 | split=cross_session_f26c340bf90c | representation=temporal__all_standard | model=logistic_regression | elapsed=0s
[2026-09-18 08:08:50] [Training] Progress 86/144 | remaining=58 | elapsed=4s | eta≈3s
[2026-09-18 08:08:50] [Training task] Starting | pid=3121 | item=87 | split=cross_session_f26c340bf90c | representation=csp_6__all_standard | model=logistic_regression
[2026-09-18 08:08:50] [Training task] Done | pid=3121 | item=87 | split=cross_session_f26c340bf90c | representation=csp_6__all_standard | model=logistic_regression | elapsed=0s
[2026-09-18 08:08:50] [Training] Progress 87/144 | remaining=57 | elapsed=4s | eta≈3s
[2026-09-18 08:08:50] [Training task] Starting | pid=3121 | item=88 | split=cross_session_f26c340bf90c | representation=standardized_signal | model=eegnet
[2026-09-18 08:08:50] [Training task] Done | pid=3121 | item=88 | split=cross_session_f26c340bf90c | representation=standardized_signal | model=eegnet | elapsed=0s
[2026-09-18 08:08:50] [Training] Progress 88/144 | remaining=56 | elapsed=4s | eta≈3s
[2026-09-18 08:08:50] [Training task] Starting | pid=3121 | item=89 | split=cross_session_6e742fe790fa | representation=statistical__all_standard | model=logistic_regression
[2026-09-18 08:08:50] [Training task] Done | pid=3121 | item=89 | split=cross_session_6e742fe790fa | representation=statistical__all_standard | model=logistic_regression | elapsed=0s
[2026-09-18 08:08:50] [Training] Progress 89/144 | remaining=55 | elapsed=4s | eta≈3s
[2026-09-18 08:08:50] [Training task] Starting | pid=3121 | item=90 | split=cross_session_6e742fe790fa | representation=temporal__all_standard | model=logistic_regression
[2026-09-18 08:08:50] [Training task] Done | pid=3121 | item=90 | split=cross_session_6e742fe790fa | representation=temporal__all_standard | model=logistic_regression | elapsed=0s
[2026-09-18 08:08:50] [Training] Progress 90/144 | remaining=54 | elapsed=4s | eta≈3s
[2026-09-18 08:08:50] [Training task] Starting | pid=3121 | item=91 | split=cross_session_6e742fe790fa | representation=csp_6__all_standard | model=logistic_regression
[2026-09-18 08:08:50] [Training task] Done | pid=3121 | item=91 | split=cross_session_6e742fe790fa | representation=csp_6__all_standard | model=logistic_regression | elapsed=0s
[2026-09-18 08:08:50] [Training] Progress 91/144 | remaining=53 | elapsed=4s | eta≈2s
[2026-09-18 08:08:50] [Training task] Starting | pid=3121 | item=92 | split=cross_session_6e742fe790fa | representation=standardized_signal | model=eegnet
[2026-09-18 08:08:50] [Training task] Done | pid=3121 | item=92 | split=cross_session_6e742fe790fa | representation=standardized_signal | model=eegnet | elapsed=0s
[2026-09-18 08:08:50] [Training] Progress 92/144 | remaining=52 | elapsed=4s | eta≈2s
[2026-09-18 08:08:50] [Training task] Starting | pid=3121 | item=93 | split=cross_session_3a77bf661561 | representation=statistical__all_standard | model=logistic_regression
[2026-09-18 08:08:50] [Training task] Done | pid=3121 | item=93 | split=cross_session_3a77bf661561 | representation=statistical__all_standard | model=logistic_regression | elapsed=0s
[2026-09-18 08:08:50] [Training] Progress 93/144 | remaining=51 | elapsed=4s | eta≈2s
[2026-09-18 08:08:50] [Training task] Starting | pid=3121 | item=94 | split=cross_session_3a77bf661561 | representation=temporal__all_standard | model=logistic_regression
[2026-09-18 08:08:50] [Training task] Done | pid=3121 | item=94 | split=cross_session_3a77bf661561 | representation=temporal__all_standard | model=logistic_regression | elapsed=0s
[2026-09-18 08:08:50] [Training] Progress 94/144 | remaining=50 | elapsed=4s | eta≈2s
[2026-09-18 08:08:50] [Training task] Starting | pid=3121 | item=95 | split=cross_session_3a77bf661561 | representation=csp_6__all_standard | model=logistic_regression
[2026-09-18 08:08:50] [Training task] Done | pid=3121 | item=95 | split=cross_session_3a77bf661561 | representation=csp_6__all_standard | model=logistic_regression | elapsed=0s
[2026-09-18 08:08:50] [Training] Progress 95/144 | remaining=49 | elapsed=4s | eta≈2s
[2026-09-18 08:08:50] [Training task] Starting | pid=3121 | item=96 | split=cross_session_3a77bf661561 | representation=standardized_signal | model=eegnet
[2026-09-18 08:08:50] [Training task] Done | pid=3121 | item=96 | split=cross_session_3a77bf661561 | representation=standardized_signal | model=eegnet | elapsed=0s
[2026-09-18 08:08:50] [Training] Progress 96/144 | remaining=48 | elapsed=4s | eta≈2s
[2026-09-18 08:08:50] [Training task] Starting | pid=3121 | item=97 | split=cross_session_19d2548920ce | representation=statistical__all_standard | model=logistic_regression
[2026-09-18 08:08:50] [Training task] Done | pid=3121 | item=97 | split=cross_session_19d2548920ce | representation=statistical__all_standard | model=logistic_regression | elapsed=0s
[2026-09-18 08:08:50] [Training] Progress 97/144 | remaining=47 | elapsed=4s | eta≈2s
[2026-09-18 08:08:50] [Training task] Starting | pid=3121 | item=98 | split=cross_session_19d2548920ce | representation=temporal__all_standard | model=logistic_regression
[2026-09-18 08:08:50] [Training task] Done | pid=3121 | item=98 | split=cross_session_19d2548920ce | representation=temporal__all_standard | model=logistic_regression | elapsed=0s
[2026-09-18 08:08:50] [Training] Progress 98/144 | remaining=46 | elapsed=4s | eta≈2s
[2026-09-18 08:08:50] [Training task] Starting | pid=3121 | item=99 | split=cross_session_19d2548920ce | representation=csp_6__all_standard | model=logistic_regression
[2026-09-18 08:08:50] [Training task] Done | pid=3121 | item=99 | split=cross_session_19d2548920ce | representation=csp_6__all_standard | model=logistic_regression | elapsed=0s
[2026-09-18 08:08:50] [Training] Progress 99/144 | remaining=45 | elapsed=4s | eta≈2s
[2026-09-18 08:08:50] [Training task] Starting | pid=3121 | item=100 | split=cross_session_19d2548920ce | representation=standardized_signal | model=eegnet
[2026-09-18 08:08:50] [Training task] Done | pid=3121 | item=100 | split=cross_session_19d2548920ce | representation=standardized_signal | model=eegnet | elapsed=0s
[2026-09-18 08:08:50] [Training] Progress 100/144 | remaining=44 | elapsed=4s | eta≈2s
[2026-09-18 08:08:50] [Training task] Starting | pid=3121 | item=101 | split=cross_session_016111ec6d53 | representation=statistical__all_standard | model=logistic_regression
[2026-09-18 08:08:50] [Training task] Done | pid=3121 | item=101 | split=cross_session_016111ec6d53 | representation=statistical__all_standard | model=logistic_regression | elapsed=0s
[2026-09-18 08:08:50] [Training] Progress 101/144 | remaining=43 | elapsed=4s | eta≈2s
[2026-09-18 08:08:50] [Training task] Starting | pid=3121 | item=102 | split=cross_session_016111ec6d53 | representation=temporal__all_standard | model=logistic_regression
[2026-09-18 08:08:50] [Training task] Done | pid=3121 | item=102 | split=cross_session_016111ec6d53 | representation=temporal__all_standard | model=logistic_regression | elapsed=0s
[2026-09-18 08:08:50] [Training] Progress 102/144 | remaining=42 | elapsed=4s | eta≈2s
[2026-09-18 08:08:50] [Training task] Starting | pid=3121 | item=103 | split=cross_session_016111ec6d53 | representation=csp_6__all_standard | model=logistic_regression
[2026-09-18 08:08:50] [Training task] Done | pid=3121 | item=103 | split=cross_session_016111ec6d53 | representation=csp_6__all_standard | model=logistic_regression | elapsed=0s
[2026-09-18 08:08:50] [Training] Progress 103/144 | remaining=41 | elapsed=4s | eta≈2s
[2026-09-18 08:08:50] [Training task] Starting | pid=3121 | item=104 | split=cross_session_016111ec6d53 | representation=standardized_signal | model=eegnet
[2026-09-18 08:08:50] [Training task] Done | pid=3121 | item=104 | split=cross_session_016111ec6d53 | representation=standardized_signal | model=eegnet | elapsed=0s
[2026-09-18 08:08:50] [Training] Progress 104/144 | remaining=40 | elapsed=4s | eta≈2s
[2026-09-18 08:08:50] [Training task] Starting | pid=3121 | item=105 | split=cross_session_e21fc9e540fd | representation=statistical__all_standard | model=logistic_regression
[2026-09-18 08:08:50] [Training task] Done | pid=3121 | item=105 | split=cross_session_e21fc9e540fd | representation=statistical__all_standard | model=logistic_regression | elapsed=0s
[2026-09-18 08:08:50] [Training] Progress 105/144 | remaining=39 | elapsed=4s | eta≈2s
[2026-09-18 08:08:50] [Training task] Starting | pid=3121 | item=106 | split=cross_session_e21fc9e540fd | representation=temporal__all_standard | model=logistic_regression
[2026-09-18 08:08:50] [Training task] Done | pid=3121 | item=106 | split=cross_session_e21fc9e540fd | representation=temporal__all_standard | model=logistic_regression | elapsed=0s
[2026-09-18 08:08:50] [Training] Progress 106/144 | remaining=38 | elapsed=4s | eta≈2s
[2026-09-18 08:08:50] [Training task] Starting | pid=3121 | item=107 | split=cross_session_e21fc9e540fd | representation=csp_6__all_standard | model=logistic_regression
[2026-09-18 08:08:50] [Training task] Done | pid=3121 | item=107 | split=cross_session_e21fc9e540fd | representation=csp_6__all_standard | model=logistic_regression | elapsed=0s
[2026-09-18 08:08:50] [Training] Progress 107/144 | remaining=37 | elapsed=4s | eta≈1s
[2026-09-18 08:08:50] [Training task] Starting | pid=3121 | item=108 | split=cross_session_e21fc9e540fd | representation=standardized_signal | model=eegnet
[2026-09-18 08:08:50] [Training task] Done | pid=3121 | item=108 | split=cross_session_e21fc9e540fd | representation=standardized_signal | model=eegnet | elapsed=0s
[2026-09-18 08:08:50] [Training] Progress 108/144 | remaining=36 | elapsed=4s | eta≈1s
[2026-09-18 08:08:50] [Training task] Starting | pid=3121 | item=109 | split=cross_session_5fec25c5d9e3 | representation=statistical__all_standard | model=logistic_regression
[2026-09-18 08:08:52] [Training task] Done | pid=3121 | item=109 | split=cross_session_5fec25c5d9e3 | representation=statistical__all_standard | model=logistic_regression | elapsed=1s
[2026-09-18 08:08:52] [Training] Progress 109/144 | remaining=35 | elapsed=6s | eta≈2s
[2026-09-18 08:08:52] [Training task] Starting | pid=3121 | item=110 | split=cross_session_5fec25c5d9e3 | representation=temporal__all_standard | model=logistic_regression
[2026-09-18 08:08:52] [Training task] Done | pid=3121 | item=110 | split=cross_session_5fec25c5d9e3 | representation=temporal__all_standard | model=logistic_regression | elapsed=0s
[2026-09-18 08:08:52] [Training] Progress 110/144 | remaining=34 | elapsed=6s | eta≈2s
[2026-09-18 08:08:52] [Training task] Starting | pid=3121 | item=111 | split=cross_session_5fec25c5d9e3 | representation=csp_6__all_standard | model=logistic_regression
[2026-09-18 08:08:52] [Training task] Done | pid=3121 | item=111 | split=cross_session_5fec25c5d9e3 | representation=csp_6__all_standard | model=logistic_regression | elapsed=0s
[2026-09-18 08:08:52] [Training] Progress 111/144 | remaining=33 | elapsed=6s | eta≈2s
[2026-09-18 08:08:52] [Training task] Starting | pid=3121 | item=112 | split=cross_session_5fec25c5d9e3 | representation=standardized_signal | model=eegnet
[2026-09-18 08:08:52] [Training task] Done | pid=3121 | item=112 | split=cross_session_5fec25c5d9e3 | representation=standardized_signal | model=eegnet | elapsed=0s
[2026-09-18 08:08:52] [Training] Progress 112/144 | remaining=32 | elapsed=6s | eta≈2s
[2026-09-18 08:08:52] [Training task] Starting | pid=3121 | item=113 | split=cross_session_9287b0e7d963 | representation=statistical__all_standard | model=logistic_regression
[2026-09-18 08:08:52] [Training task] Done | pid=3121 | item=113 | split=cross_session_9287b0e7d963 | representation=statistical__all_standard | model=logistic_regression | elapsed=0s
[2026-09-18 08:08:52] [Training] Progress 113/144 | remaining=31 | elapsed=6s | eta≈2s
[2026-09-18 08:08:52] [Training task] Starting | pid=3121 | item=114 | split=cross_session_9287b0e7d963 | representation=temporal__all_standard | model=logistic_regression
[2026-09-18 08:08:52] [Training task] Done | pid=3121 | item=114 | split=cross_session_9287b0e7d963 | representation=temporal__all_standard | model=logistic_regression | elapsed=0s
[2026-09-18 08:08:52] [Training] Progress 114/144 | remaining=30 | elapsed=6s | eta≈1s
[2026-09-18 08:08:52] [Training task] Starting | pid=3121 | item=115 | split=cross_session_9287b0e7d963 | representation=csp_6__all_standard | model=logistic_regression
[2026-09-18 08:08:52] [Training task] Done | pid=3121 | item=115 | split=cross_session_9287b0e7d963 | representation=csp_6__all_standard | model=logistic_regression | elapsed=0s
[2026-09-18 08:08:52] [Training] Progress 115/144 | remaining=29 | elapsed=6s | eta≈1s
[2026-09-18 08:08:52] [Training task] Starting | pid=3121 | item=116 | split=cross_session_9287b0e7d963 | representation=standardized_signal | model=eegnet
[2026-09-18 08:08:52] [Training task] Done | pid=3121 | item=116 | split=cross_session_9287b0e7d963 | representation=standardized_signal | model=eegnet | elapsed=0s
[2026-09-18 08:08:52] [Training] Progress 116/144 | remaining=28 | elapsed=6s | eta≈1s
[2026-09-18 08:08:52] [Training task] Starting | pid=3121 | item=117 | split=cross_session_1319f0eca7a4 | representation=statistical__all_standard | model=logistic_regression
[2026-09-18 08:08:52] [Training task] Done | pid=3121 | item=117 | split=cross_session_1319f0eca7a4 | representation=statistical__all_standard | model=logistic_regression | elapsed=0s
[2026-09-18 08:08:52] [Training] Progress 117/144 | remaining=27 | elapsed=6s | eta≈1s
[2026-09-18 08:08:52] [Training task] Starting | pid=3121 | item=118 | split=cross_session_1319f0eca7a4 | representation=temporal__all_standard | model=logistic_regression
[2026-09-18 08:08:52] [Training task] Done | pid=3121 | item=118 | split=cross_session_1319f0eca7a4 | representation=temporal__all_standard | model=logistic_regression | elapsed=0s
[2026-09-18 08:08:52] [Training] Progress 118/144 | remaining=26 | elapsed=6s | eta≈1s
[2026-09-18 08:08:52] [Training task] Starting | pid=3121 | item=119 | split=cross_session_1319f0eca7a4 | representation=csp_6__all_standard | model=logistic_regression
[2026-09-18 08:08:52] [Training task] Done | pid=3121 | item=119 | split=cross_session_1319f0eca7a4 | representation=csp_6__all_standard | model=logistic_regression | elapsed=0s
[2026-09-18 08:08:52] [Training] Progress 119/144 | remaining=25 | elapsed=6s | eta≈1s
[2026-09-18 08:08:52] [Training task] Starting | pid=3121 | item=120 | split=cross_session_1319f0eca7a4 | representation=standardized_signal | model=eegnet
[2026-09-18 08:08:52] [Training task] Done | pid=3121 | item=120 | split=cross_session_1319f0eca7a4 | representation=standardized_signal | model=eegnet | elapsed=0s
[2026-09-18 08:08:52] [Training] Progress 120/144 | remaining=24 | elapsed=6s | eta≈1s
[2026-09-18 08:08:52] [Training task] Starting | pid=3121 | item=121 | split=cross_session_b2af4721298d | representation=statistical__all_standard | model=logistic_regression
[2026-09-18 08:08:52] [Training task] Done | pid=3121 | item=121 | split=cross_session_b2af4721298d | representation=statistical__all_standard | model=logistic_regression | elapsed=0s
[2026-09-18 08:08:52] [Training] Progress 121/144 | remaining=23 | elapsed=6s | eta≈1s
[2026-09-18 08:08:52] [Training task] Starting | pid=3121 | item=122 | split=cross_session_b2af4721298d | representation=temporal__all_standard | model=logistic_regression
[2026-09-18 08:08:53] [Training task] Done | pid=3121 | item=122 | split=cross_session_b2af4721298d | representation=temporal__all_standard | model=logistic_regression | elapsed=2s
[2026-09-18 08:08:53] [Training] Progress 122/144 | remaining=22 | elapsed=7s | eta≈1s
[2026-09-18 08:08:53] [Training task] Starting | pid=3121 | item=123 | split=cross_session_b2af4721298d | representation=csp_6__all_standard | model=logistic_regression
[2026-09-18 08:08:53] [Training task] Done | pid=3121 | item=123 | split=cross_session_b2af4721298d | representation=csp_6__all_standard | model=logistic_regression | elapsed=0s
[2026-09-18 08:08:53] [Training] Progress 123/144 | remaining=21 | elapsed=7s | eta≈1s
[2026-09-18 08:08:53] [Training task] Starting | pid=3121 | item=124 | split=cross_session_b2af4721298d | representation=standardized_signal | model=eegnet
[2026-09-18 08:08:53] [Training task] Done | pid=3121 | item=124 | split=cross_session_b2af4721298d | representation=standardized_signal | model=eegnet | elapsed=0s
[2026-09-18 08:08:53] [Training] Progress 124/144 | remaining=20 | elapsed=7s | eta≈1s
[2026-09-18 08:08:53] [Training task] Starting | pid=3121 | item=125 | split=cross_session_65539e158fb4 | representation=statistical__all_standard | model=logistic_regression
[2026-09-18 08:08:53] [Training task] Done | pid=3121 | item=125 | split=cross_session_65539e158fb4 | representation=statistical__all_standard | model=logistic_regression | elapsed=0s
[2026-09-18 08:08:53] [Training] Progress 125/144 | remaining=19 | elapsed=7s | eta≈1s
[2026-09-18 08:08:53] [Training task] Starting | pid=3121 | item=126 | split=cross_session_65539e158fb4 | representation=temporal__all_standard | model=logistic_regression
[2026-09-18 08:08:53] [Training task] Done | pid=3121 | item=126 | split=cross_session_65539e158fb4 | representation=temporal__all_standard | model=logistic_regression | elapsed=0s
[2026-09-18 08:08:53] [Training] Progress 126/144 | remaining=18 | elapsed=7s | eta≈1s
[2026-09-18 08:08:53] [Training task] Starting | pid=3121 | item=127 | split=cross_session_65539e158fb4 | representation=csp_6__all_standard | model=logistic_regression
[2026-09-18 08:08:53] [Training task] Done | pid=3121 | item=127 | split=cross_session_65539e158fb4 | representation=csp_6__all_standard | model=logistic_regression | elapsed=0s
[2026-09-18 08:08:53] [Training] Progress 127/144 | remaining=17 | elapsed=7s | eta≈1s
[2026-09-18 08:08:53] [Training task] Starting | pid=3121 | item=128 | split=cross_session_65539e158fb4 | representation=standardized_signal | model=eegnet
[2026-09-18 08:08:55] [Training task] Done | pid=3121 | item=128 | split=cross_session_65539e158fb4 | representation=standardized_signal | model=eegnet | elapsed=1s
[2026-09-18 08:08:55] [Training] Progress 128/144 | remaining=16 | elapsed=8s | eta≈1s
[2026-09-18 08:08:55] [Training task] Starting | pid=3121 | item=129 | split=cross_session_03dabef0ce5a | representation=statistical__all_standard | model=logistic_regression
[2026-09-18 08:08:55] [Training task] Done | pid=3121 | item=129 | split=cross_session_03dabef0ce5a | representation=statistical__all_standard | model=logistic_regression | elapsed=0s
[2026-09-18 08:08:55] [Training] Progress 129/144 | remaining=15 | elapsed=8s | eta≈1s
[2026-09-18 08:08:55] [Training task] Starting | pid=3121 | item=130 | split=cross_session_03dabef0ce5a | representation=temporal__all_standard | model=logistic_regression
[2026-09-18 08:08:55] [Training task] Done | pid=3121 | item=130 | split=cross_session_03dabef0ce5a | representation=temporal__all_standard | model=logistic_regression | elapsed=0s
[2026-09-18 08:08:55] [Training] Progress 130/144 | remaining=14 | elapsed=8s | eta≈1s
[2026-09-18 08:08:55] [Training task] Starting | pid=3121 | item=131 | split=cross_session_03dabef0ce5a | representation=csp_6__all_standard | model=logistic_regression
[2026-09-18 08:08:55] [Training task] Done | pid=3121 | item=131 | split=cross_session_03dabef0ce5a | representation=csp_6__all_standard | model=logistic_regression | elapsed=0s
[2026-09-18 08:08:55] [Training] Progress 131/144 | remaining=13 | elapsed=8s | eta≈1s
[2026-09-18 08:08:55] [Training task] Starting | pid=3121 | item=132 | split=cross_session_03dabef0ce5a | representation=standardized_signal | model=eegnet
[2026-09-18 08:08:55] [Training task] Done | pid=3121 | item=132 | split=cross_session_03dabef0ce5a | representation=standardized_signal | model=eegnet | elapsed=0s
[2026-09-18 08:08:55] [Training] Progress 132/144 | remaining=12 | elapsed=8s | eta≈1s
[2026-09-18 08:08:55] [Training task] Starting | pid=3121 | item=133 | split=cross_session_f26c340bf90c | representation=statistical__all_standard | model=logistic_regression
[2026-09-18 08:08:55] [Training task] Done | pid=3121 | item=133 | split=cross_session_f26c340bf90c | representation=statistical__all_standard | model=logistic_regression | elapsed=0s
[2026-09-18 08:08:55] [Training] Progress 133/144 | remaining=11 | elapsed=8s | eta≈1s
[2026-09-18 08:08:55] [Training task] Starting | pid=3121 | item=134 | split=cross_session_f26c340bf90c | representation=temporal__all_standard | model=logistic_regression
[2026-09-18 08:08:55] [Training task] Done | pid=3121 | item=134 | split=cross_session_f26c340bf90c | representation=temporal__all_standard | model=logistic_regression | elapsed=0s
[2026-09-18 08:08:55] [Training] Progress 134/144 | remaining=10 | elapsed=8s | eta≈1s
[2026-09-18 08:08:55] [Training task] Starting | pid=3121 | item=135 | split=cross_session_f26c340bf90c | representation=csp_6__all_standard | model=logistic_regression
[2026-09-18 08:08:55] [Training task] Done | pid=3121 | item=135 | split=cross_session_f26c340bf90c | representation=csp_6__all_standard | model=logistic_regression | elapsed=0s
[2026-09-18 08:08:55] [Training] Progress 135/144 | remaining=9 | elapsed=8s | eta≈1s
[2026-09-18 08:08:55] [Training task] Starting | pid=3121 | item=136 | split=cross_session_f26c340bf90c | representation=standardized_signal | model=eegnet
[2026-09-18 08:08:55] [Training task] Done | pid=3121 | item=136 | split=cross_session_f26c340bf90c | representation=standardized_signal | model=eegnet | elapsed=0s
[2026-09-18 08:08:55] [Training] Progress 136/144 | remaining=8 | elapsed=8s | eta≈0s
[2026-09-18 08:08:55] [Training task] Starting | pid=3121 | item=137 | split=cross_session_6e742fe790fa | representation=statistical__all_standard | model=logistic_regression
[2026-09-18 08:08:55] [Training task] Done | pid=3121 | item=137 | split=cross_session_6e742fe790fa | representation=statistical__all_standard | model=logistic_regression | elapsed=0s
[2026-09-18 08:08:55] [Training] Progress 137/144 | remaining=7 | elapsed=8s | eta≈0s
[2026-09-18 08:08:55] [Training task] Starting | pid=3121 | item=138 | split=cross_session_6e742fe790fa | representation=temporal__all_standard | model=logistic_regression
[2026-09-18 08:08:55] [Training task] Done | pid=3121 | item=138 | split=cross_session_6e742fe790fa | representation=temporal__all_standard | model=logistic_regression | elapsed=0s
[2026-09-18 08:08:55] [Training] Progress 138/144 | remaining=6 | elapsed=8s | eta≈0s
[2026-09-18 08:08:55] [Training task] Starting | pid=3121 | item=139 | split=cross_session_6e742fe790fa | representation=csp_6__all_standard | model=logistic_regression
[2026-09-18 08:08:55] [Training task] Done | pid=3121 | item=139 | split=cross_session_6e742fe790fa | representation=csp_6__all_standard | model=logistic_regression | elapsed=0s
[2026-09-18 08:08:55] [Training] Progress 139/144 | remaining=5 | elapsed=8s | eta≈0s
[2026-09-18 08:08:55] [Training task] Starting | pid=3121 | item=140 | split=cross_session_6e742fe790fa | representation=standardized_signal | model=eegnet
[2026-09-18 08:08:55] [Training task] Done | pid=3121 | item=140 | split=cross_session_6e742fe790fa | representation=standardized_signal | model=eegnet | elapsed=0s
[2026-09-18 08:08:55] [Training] Progress 140/144 | remaining=4 | elapsed=8s | eta≈0s
[2026-09-18 08:08:55] [Training task] Starting | pid=3121 | item=141 | split=cross_session_3a77bf661561 | representation=statistical__all_standard | model=logistic_regression
[2026-09-18 08:08:55] [Training task] Done | pid=3121 | item=141 | split=cross_session_3a77bf661561 | representation=statistical__all_standard | model=logistic_regression | elapsed=0s
[2026-09-18 08:08:55] [Training] Progress 141/144 | remaining=3 | elapsed=8s | eta≈0s
[2026-09-18 08:08:55] [Training task] Starting | pid=3121 | item=142 | split=cross_session_3a77bf661561 | representation=temporal__all_standard | model=logistic_regression
[2026-09-18 08:08:55] [Training task] Done | pid=3121 | item=142 | split=cross_session_3a77bf661561 | representation=temporal__all_standard | model=logistic_regression | elapsed=0s
[2026-09-18 08:08:55] [Training] Progress 142/144 | remaining=2 | elapsed=8s | eta≈0s
[2026-09-18 08:08:55] [Training task] Starting | pid=3121 | item=143 | split=cross_session_3a77bf661561 | representation=csp_6__all_standard | model=logistic_regression
[2026-09-18 08:08:55] [Training task] Done | pid=3121 | item=143 | split=cross_session_3a77bf661561 | representation=csp_6__all_standard | model=logistic_regression | elapsed=0s
[2026-09-18 08:08:55] [Training] Progress 143/144 | remaining=1 | elapsed=8s | eta≈0s
[2026-09-18 08:08:55] [Training task] Starting | pid=3121 | item=144 | split=cross_session_3a77bf661561 | representation=standardized_signal | model=eegnet
[2026-09-18 08:08:56] [Training task] Done | pid=3121 | item=144 | split=cross_session_3a77bf661561 | representation=standardized_signal | model=eegnet | elapsed=2s
[2026-09-18 08:08:56] [Training] Progress 144/144 | remaining=0 | elapsed=10s | eta≈0s
[2026-09-18 08:08:56] [Training] Done | elapsed=10s
[2026-09-18 08:08:56] [Evaluation] Starting...
[2026-09-18 08:08:56] [Evaluation] Done | elapsed=0s
[2026-09-18 08:08:56] [Benchmark] Starting...
[2026-09-18 08:08:56] [Benchmark] Done | elapsed=0s
[2026-09-18 08:08:56] [Paper 1 Analysis] Starting...
[Paper 1] Waiting for scenarios: cross_subject
[2026-09-18 08:08:56] [Paper 1 Analysis] Done | elapsed=0s
[2026-09-18 08:08:56] [Pipeline] Finished | total=22s
