[2026-09-18 08:06:50] [Pipeline] Starting | pid=2994 | scenario=intra_subject | workers=1
[2026-09-18 08:06:50] [Pipeline] Params | main/feature_grid/params/intra_subject/params_weibo.py
[2026-09-18 08:06:50] [Preprocessing] Starting...
[2026-09-18 08:06:50] [Preprocessing] Done | elapsed=0s
[2026-09-18 08:06:50] [Scenarios] Starting...
[2026-09-18 08:06:50] [Scenarios] Done | elapsed=0s
[2026-09-18 08:06:50] [Representation] Starting...
[2026-09-18 08:06:50] [Representation] Tasks=120 | workers=1
[2026-09-18 08:06:50] [Representation task] Starting | pid=2994 | split=intra_subject_993d5d452e0f | group=weibo_intra_broad_1_38 | representation=statistical__all_standard
[2026-09-18 08:06:50] [Representation task] Done | pid=2994 | split=intra_subject_993d5d452e0f | group=weibo_intra_broad_1_38 | representation=statistical__all_standard | elapsed=0s
[2026-09-18 08:06:50] [Representation] Progress 1/120 | remaining=119 | elapsed=0s | eta≈0s
[2026-09-18 08:06:50] [Representation task] Starting | pid=2994 | split=intra_subject_993d5d452e0f | group=weibo_intra_broad_1_38 | representation=temporal__all_standard
[2026-09-18 08:06:50] [Representation task] Done | pid=2994 | split=intra_subject_993d5d452e0f | group=weibo_intra_broad_1_38 | representation=temporal__all_standard | elapsed=0s
[2026-09-18 08:06:50] [Representation] Progress 2/120 | remaining=118 | elapsed=0s | eta≈0s
[2026-09-18 08:06:50] [Representation task] Starting | pid=2994 | split=intra_subject_993d5d452e0f | group=weibo_intra_broad_1_38 | representation=csp_6__all_standard
[2026-09-18 08:06:50] [Representation task] Done | pid=2994 | split=intra_subject_993d5d452e0f | group=weibo_intra_broad_1_38 | representation=csp_6__all_standard | elapsed=0s
[2026-09-18 08:06:50] [Representation] Progress 3/120 | remaining=117 | elapsed=0s | eta≈0s
[2026-09-18 08:06:50] [Representation task] Starting | pid=2994 | split=intra_subject_993d5d452e0f | group=weibo_intra_broad_1_38 | representation=standardized_signal
[2026-09-18 08:06:50] [Representation task] Done | pid=2994 | split=intra_subject_993d5d452e0f | group=weibo_intra_broad_1_38 | representation=standardized_signal | elapsed=0s
[2026-09-18 08:06:50] [Representation] Progress 4/120 | remaining=116 | elapsed=0s | eta≈0s
[2026-09-18 08:06:50] [Representation task] Starting | pid=2994 | split=intra_subject_1e5db77cac2c | group=weibo_intra_broad_1_38 | representation=statistical__all_standard
[2026-09-18 08:06:50] [Representation task] Done | pid=2994 | split=intra_subject_1e5db77cac2c | group=weibo_intra_broad_1_38 | representation=statistical__all_standard | elapsed=0s
[2026-09-18 08:06:50] [Representation] Progress 5/120 | remaining=115 | elapsed=0s | eta≈0s
[2026-09-18 08:06:50] [Representation task] Starting | pid=2994 | split=intra_subject_1e5db77cac2c | group=weibo_intra_broad_1_38 | representation=temporal__all_standard
[2026-09-18 08:06:50] [Representation task] Done | pid=2994 | split=intra_subject_1e5db77cac2c | group=weibo_intra_broad_1_38 | representation=temporal__all_standard | elapsed=0s
[2026-09-18 08:06:50] [Representation] Progress 6/120 | remaining=114 | elapsed=0s | eta≈0s
[2026-09-18 08:06:50] [Representation task] Starting | pid=2994 | split=intra_subject_1e5db77cac2c | group=weibo_intra_broad_1_38 | representation=csp_6__all_standard
[2026-09-18 08:06:50] [Representation task] Done | pid=2994 | split=intra_subject_1e5db77cac2c | group=weibo_intra_broad_1_38 | representation=csp_6__all_standard | elapsed=0s
[2026-09-18 08:06:50] [Representation] Progress 7/120 | remaining=113 | elapsed=0s | eta≈0s
[2026-09-18 08:06:50] [Representation task] Starting | pid=2994 | split=intra_subject_1e5db77cac2c | group=weibo_intra_broad_1_38 | representation=standardized_signal
[2026-09-18 08:06:50] [Representation task] Done | pid=2994 | split=intra_subject_1e5db77cac2c | group=weibo_intra_broad_1_38 | representation=standardized_signal | elapsed=0s
[2026-09-18 08:06:50] [Representation] Progress 8/120 | remaining=112 | elapsed=0s | eta≈0s
[2026-09-18 08:06:50] [Representation task] Starting | pid=2994 | split=intra_subject_c51092413cfa | group=weibo_intra_broad_1_38 | representation=statistical__all_standard
[2026-09-18 08:06:50] [Representation task] Done | pid=2994 | split=intra_subject_c51092413cfa | group=weibo_intra_broad_1_38 | representation=statistical__all_standard | elapsed=0s
[2026-09-18 08:06:50] [Representation] Progress 9/120 | remaining=111 | elapsed=0s | eta≈0s
[2026-09-18 08:06:50] [Representation task] Starting | pid=2994 | split=intra_subject_c51092413cfa | group=weibo_intra_broad_1_38 | representation=temporal__all_standard
[2026-09-18 08:06:50] [Representation task] Done | pid=2994 | split=intra_subject_c51092413cfa | group=weibo_intra_broad_1_38 | representation=temporal__all_standard | elapsed=0s
[2026-09-18 08:06:50] [Representation] Progress 10/120 | remaining=110 | elapsed=0s | eta≈0s
[2026-09-18 08:06:50] [Representation task] Starting | pid=2994 | split=intra_subject_c51092413cfa | group=weibo_intra_broad_1_38 | representation=csp_6__all_standard
[2026-09-18 08:06:50] [Representation task] Done | pid=2994 | split=intra_subject_c51092413cfa | group=weibo_intra_broad_1_38 | representation=csp_6__all_standard | elapsed=0s
[2026-09-18 08:06:50] [Representation] Progress 11/120 | remaining=109 | elapsed=0s | eta≈0s
[2026-09-18 08:06:50] [Representation task] Starting | pid=2994 | split=intra_subject_c51092413cfa | group=weibo_intra_broad_1_38 | representation=standardized_signal
[2026-09-18 08:06:50] [Representation task] Done | pid=2994 | split=intra_subject_c51092413cfa | group=weibo_intra_broad_1_38 | representation=standardized_signal | elapsed=0s
[2026-09-18 08:06:50] [Representation] Progress 12/120 | remaining=108 | elapsed=0s | eta≈0s
[2026-09-18 08:06:50] [Representation task] Starting | pid=2994 | split=intra_subject_677cfeacf1be | group=weibo_intra_broad_1_38 | representation=statistical__all_standard
[2026-09-18 08:06:52] [Representation task] Done | pid=2994 | split=intra_subject_677cfeacf1be | group=weibo_intra_broad_1_38 | representation=statistical__all_standard | elapsed=2s
[2026-09-18 08:06:52] [Representation] Progress 13/120 | remaining=107 | elapsed=2s | eta≈13s
[2026-09-18 08:06:52] [Representation task] Starting | pid=2994 | split=intra_subject_677cfeacf1be | group=weibo_intra_broad_1_38 | representation=temporal__all_standard
[2026-09-18 08:06:52] [Representation task] Done | pid=2994 | split=intra_subject_677cfeacf1be | group=weibo_intra_broad_1_38 | representation=temporal__all_standard | elapsed=0s
[2026-09-18 08:06:52] [Representation] Progress 14/120 | remaining=106 | elapsed=2s | eta≈12s
[2026-09-18 08:06:52] [Representation task] Starting | pid=2994 | split=intra_subject_677cfeacf1be | group=weibo_intra_broad_1_38 | representation=csp_6__all_standard
[2026-09-18 08:06:52] [Representation task] Done | pid=2994 | split=intra_subject_677cfeacf1be | group=weibo_intra_broad_1_38 | representation=csp_6__all_standard | elapsed=0s
[2026-09-18 08:06:52] [Representation] Progress 15/120 | remaining=105 | elapsed=2s | eta≈11s
[2026-09-18 08:06:52] [Representation task] Starting | pid=2994 | split=intra_subject_677cfeacf1be | group=weibo_intra_broad_1_38 | representation=standardized_signal
[2026-09-18 08:06:52] [Representation task] Done | pid=2994 | split=intra_subject_677cfeacf1be | group=weibo_intra_broad_1_38 | representation=standardized_signal | elapsed=0s
[2026-09-18 08:06:52] [Representation] Progress 16/120 | remaining=104 | elapsed=2s | eta≈10s
[2026-09-18 08:06:52] [Representation task] Starting | pid=2994 | split=intra_subject_e395d6309367 | group=weibo_intra_broad_1_38 | representation=statistical__all_standard
[2026-09-18 08:06:52] [Representation task] Done | pid=2994 | split=intra_subject_e395d6309367 | group=weibo_intra_broad_1_38 | representation=statistical__all_standard | elapsed=0s
[2026-09-18 08:06:52] [Representation] Progress 17/120 | remaining=103 | elapsed=2s | eta≈10s
[2026-09-18 08:06:52] [Representation task] Starting | pid=2994 | split=intra_subject_e395d6309367 | group=weibo_intra_broad_1_38 | representation=temporal__all_standard
[2026-09-18 08:06:52] [Representation task] Done | pid=2994 | split=intra_subject_e395d6309367 | group=weibo_intra_broad_1_38 | representation=temporal__all_standard | elapsed=0s
[2026-09-18 08:06:52] [Representation] Progress 18/120 | remaining=102 | elapsed=2s | eta≈9s
[2026-09-18 08:06:52] [Representation task] Starting | pid=2994 | split=intra_subject_e395d6309367 | group=weibo_intra_broad_1_38 | representation=csp_6__all_standard
[2026-09-18 08:06:52] [Representation task] Done | pid=2994 | split=intra_subject_e395d6309367 | group=weibo_intra_broad_1_38 | representation=csp_6__all_standard | elapsed=0s
[2026-09-18 08:06:52] [Representation] Progress 19/120 | remaining=101 | elapsed=2s | eta≈8s
[2026-09-18 08:06:52] [Representation task] Starting | pid=2994 | split=intra_subject_e395d6309367 | group=weibo_intra_broad_1_38 | representation=standardized_signal
[2026-09-18 08:06:52] [Representation task] Done | pid=2994 | split=intra_subject_e395d6309367 | group=weibo_intra_broad_1_38 | representation=standardized_signal | elapsed=0s
[2026-09-18 08:06:52] [Representation] Progress 20/120 | remaining=100 | elapsed=2s | eta≈8s
[2026-09-18 08:06:52] [Representation task] Starting | pid=2994 | split=intra_subject_aa84e55c2b49 | group=weibo_intra_broad_1_38 | representation=statistical__all_standard
[2026-09-18 08:06:53] [Representation task] Done | pid=2994 | split=intra_subject_aa84e55c2b49 | group=weibo_intra_broad_1_38 | representation=statistical__all_standard | elapsed=2s
[2026-09-18 08:06:53] [Representation] Progress 21/120 | remaining=99 | elapsed=3s | eta≈15s
[2026-09-18 08:06:53] [Representation task] Starting | pid=2994 | split=intra_subject_aa84e55c2b49 | group=weibo_intra_broad_1_38 | representation=temporal__all_standard
[2026-09-18 08:06:53] [Representation task] Done | pid=2994 | split=intra_subject_aa84e55c2b49 | group=weibo_intra_broad_1_38 | representation=temporal__all_standard | elapsed=0s
[2026-09-18 08:06:53] [Representation] Progress 22/120 | remaining=98 | elapsed=3s | eta≈14s
[2026-09-18 08:06:53] [Representation task] Starting | pid=2994 | split=intra_subject_aa84e55c2b49 | group=weibo_intra_broad_1_38 | representation=csp_6__all_standard
[2026-09-18 08:06:53] [Representation task] Done | pid=2994 | split=intra_subject_aa84e55c2b49 | group=weibo_intra_broad_1_38 | representation=csp_6__all_standard | elapsed=0s
[2026-09-18 08:06:53] [Representation] Progress 23/120 | remaining=97 | elapsed=3s | eta≈13s
[2026-09-18 08:06:53] [Representation task] Starting | pid=2994 | split=intra_subject_aa84e55c2b49 | group=weibo_intra_broad_1_38 | representation=standardized_signal
[2026-09-18 08:06:53] [Representation task] Done | pid=2994 | split=intra_subject_aa84e55c2b49 | group=weibo_intra_broad_1_38 | representation=standardized_signal | elapsed=0s
[2026-09-18 08:06:53] [Representation] Progress 24/120 | remaining=96 | elapsed=3s | eta≈13s
[2026-09-18 08:06:53] [Representation task] Starting | pid=2994 | split=intra_subject_b4393ee8bdbb | group=weibo_intra_broad_1_38 | representation=statistical__all_standard
[2026-09-18 08:06:53] [Representation task] Done | pid=2994 | split=intra_subject_b4393ee8bdbb | group=weibo_intra_broad_1_38 | representation=statistical__all_standard | elapsed=0s
[2026-09-18 08:06:53] [Representation] Progress 25/120 | remaining=95 | elapsed=3s | eta≈12s
[2026-09-18 08:06:53] [Representation task] Starting | pid=2994 | split=intra_subject_b4393ee8bdbb | group=weibo_intra_broad_1_38 | representation=temporal__all_standard
[2026-09-18 08:06:53] [Representation task] Done | pid=2994 | split=intra_subject_b4393ee8bdbb | group=weibo_intra_broad_1_38 | representation=temporal__all_standard | elapsed=0s
[2026-09-18 08:06:53] [Representation] Progress 26/120 | remaining=94 | elapsed=3s | eta≈11s
[2026-09-18 08:06:53] [Representation task] Starting | pid=2994 | split=intra_subject_b4393ee8bdbb | group=weibo_intra_broad_1_38 | representation=csp_6__all_standard
[2026-09-18 08:06:53] [Representation task] Done | pid=2994 | split=intra_subject_b4393ee8bdbb | group=weibo_intra_broad_1_38 | representation=csp_6__all_standard | elapsed=0s
[2026-09-18 08:06:53] [Representation] Progress 27/120 | remaining=93 | elapsed=3s | eta≈11s
[2026-09-18 08:06:53] [Representation task] Starting | pid=2994 | split=intra_subject_b4393ee8bdbb | group=weibo_intra_broad_1_38 | representation=standardized_signal
[2026-09-18 08:06:53] [Representation task] Done | pid=2994 | split=intra_subject_b4393ee8bdbb | group=weibo_intra_broad_1_38 | representation=standardized_signal | elapsed=0s
[2026-09-18 08:06:53] [Representation] Progress 28/120 | remaining=92 | elapsed=3s | eta≈10s
[2026-09-18 08:06:53] [Representation task] Starting | pid=2994 | split=intra_subject_604dfadb4f2f | group=weibo_intra_broad_1_38 | representation=statistical__all_standard
[2026-09-18 08:06:53] [Representation task] Done | pid=2994 | split=intra_subject_604dfadb4f2f | group=weibo_intra_broad_1_38 | representation=statistical__all_standard | elapsed=0s
[2026-09-18 08:06:53] [Representation] Progress 29/120 | remaining=91 | elapsed=3s | eta≈10s
[2026-09-18 08:06:53] [Representation task] Starting | pid=2994 | split=intra_subject_604dfadb4f2f | group=weibo_intra_broad_1_38 | representation=temporal__all_standard
[2026-09-18 08:06:53] [Representation task] Done | pid=2994 | split=intra_subject_604dfadb4f2f | group=weibo_intra_broad_1_38 | representation=temporal__all_standard | elapsed=0s
[2026-09-18 08:06:53] [Representation] Progress 30/120 | remaining=90 | elapsed=3s | eta≈9s
[2026-09-18 08:06:53] [Representation task] Starting | pid=2994 | split=intra_subject_604dfadb4f2f | group=weibo_intra_broad_1_38 | representation=csp_6__all_standard
[2026-09-18 08:06:53] [Representation task] Done | pid=2994 | split=intra_subject_604dfadb4f2f | group=weibo_intra_broad_1_38 | representation=csp_6__all_standard | elapsed=0s
[2026-09-18 08:06:53] [Representation] Progress 31/120 | remaining=89 | elapsed=3s | eta≈9s
[2026-09-18 08:06:53] [Representation task] Starting | pid=2994 | split=intra_subject_604dfadb4f2f | group=weibo_intra_broad_1_38 | representation=standardized_signal
[2026-09-18 08:06:53] [Representation task] Done | pid=2994 | split=intra_subject_604dfadb4f2f | group=weibo_intra_broad_1_38 | representation=standardized_signal | elapsed=0s
[2026-09-18 08:06:53] [Representation] Progress 32/120 | remaining=88 | elapsed=3s | eta≈9s
[2026-09-18 08:06:53] [Representation task] Starting | pid=2994 | split=intra_subject_a1c6ede71db1 | group=weibo_intra_broad_1_38 | representation=statistical__all_standard
[2026-09-18 08:06:53] [Representation task] Done | pid=2994 | split=intra_subject_a1c6ede71db1 | group=weibo_intra_broad_1_38 | representation=statistical__all_standard | elapsed=0s
[2026-09-18 08:06:53] [Representation] Progress 33/120 | remaining=87 | elapsed=3s | eta≈8s
[2026-09-18 08:06:53] [Representation task] Starting | pid=2994 | split=intra_subject_a1c6ede71db1 | group=weibo_intra_broad_1_38 | representation=temporal__all_standard
[2026-09-18 08:06:53] [Representation task] Done | pid=2994 | split=intra_subject_a1c6ede71db1 | group=weibo_intra_broad_1_38 | representation=temporal__all_standard | elapsed=0s
[2026-09-18 08:06:53] [Representation] Progress 34/120 | remaining=86 | elapsed=3s | eta≈8s
[2026-09-18 08:06:53] [Representation task] Starting | pid=2994 | split=intra_subject_a1c6ede71db1 | group=weibo_intra_broad_1_38 | representation=csp_6__all_standard
[2026-09-18 08:06:53] [Representation task] Done | pid=2994 | split=intra_subject_a1c6ede71db1 | group=weibo_intra_broad_1_38 | representation=csp_6__all_standard | elapsed=0s
[2026-09-18 08:06:53] [Representation] Progress 35/120 | remaining=85 | elapsed=3s | eta≈8s
[2026-09-18 08:06:53] [Representation task] Starting | pid=2994 | split=intra_subject_a1c6ede71db1 | group=weibo_intra_broad_1_38 | representation=standardized_signal
[2026-09-18 08:06:53] [Representation task] Done | pid=2994 | split=intra_subject_a1c6ede71db1 | group=weibo_intra_broad_1_38 | representation=standardized_signal | elapsed=0s
[2026-09-18 08:06:53] [Representation] Progress 36/120 | remaining=84 | elapsed=3s | eta≈7s
[2026-09-18 08:06:53] [Representation task] Starting | pid=2994 | split=intra_subject_f24c581d2979 | group=weibo_intra_broad_1_38 | representation=statistical__all_standard
[2026-09-18 08:06:53] [Representation task] Done | pid=2994 | split=intra_subject_f24c581d2979 | group=weibo_intra_broad_1_38 | representation=statistical__all_standard | elapsed=0s
[2026-09-18 08:06:53] [Representation] Progress 37/120 | remaining=83 | elapsed=3s | eta≈7s
[2026-09-18 08:06:53] [Representation task] Starting | pid=2994 | split=intra_subject_f24c581d2979 | group=weibo_intra_broad_1_38 | representation=temporal__all_standard
[2026-09-18 08:06:53] [Representation task] Done | pid=2994 | split=intra_subject_f24c581d2979 | group=weibo_intra_broad_1_38 | representation=temporal__all_standard | elapsed=0s
[2026-09-18 08:06:53] [Representation] Progress 38/120 | remaining=82 | elapsed=3s | eta≈7s
[2026-09-18 08:06:53] [Representation task] Starting | pid=2994 | split=intra_subject_f24c581d2979 | group=weibo_intra_broad_1_38 | representation=csp_6__all_standard
[2026-09-18 08:06:53] [Representation task] Done | pid=2994 | split=intra_subject_f24c581d2979 | group=weibo_intra_broad_1_38 | representation=csp_6__all_standard | elapsed=0s
[2026-09-18 08:06:53] [Representation] Progress 39/120 | remaining=81 | elapsed=3s | eta≈7s
[2026-09-18 08:06:53] [Representation task] Starting | pid=2994 | split=intra_subject_f24c581d2979 | group=weibo_intra_broad_1_38 | representation=standardized_signal
[2026-09-18 08:06:53] [Representation task] Done | pid=2994 | split=intra_subject_f24c581d2979 | group=weibo_intra_broad_1_38 | representation=standardized_signal | elapsed=0s
[2026-09-18 08:06:53] [Representation] Progress 40/120 | remaining=80 | elapsed=3s | eta≈6s
[2026-09-18 08:06:53] [Representation task] Starting | pid=2994 | split=intra_subject_993d5d452e0f | group=weibo_intra_delta_1_4 | representation=statistical__all_standard
[2026-09-18 08:06:53] [Representation task] Done | pid=2994 | split=intra_subject_993d5d452e0f | group=weibo_intra_delta_1_4 | representation=statistical__all_standard | elapsed=0s
[2026-09-18 08:06:53] [Representation] Progress 41/120 | remaining=79 | elapsed=3s | eta≈6s
[2026-09-18 08:06:53] [Representation task] Starting | pid=2994 | split=intra_subject_993d5d452e0f | group=weibo_intra_delta_1_4 | representation=temporal__all_standard
[2026-09-18 08:06:53] [Representation task] Done | pid=2994 | split=intra_subject_993d5d452e0f | group=weibo_intra_delta_1_4 | representation=temporal__all_standard | elapsed=0s
[2026-09-18 08:06:53] [Representation] Progress 42/120 | remaining=78 | elapsed=3s | eta≈6s
[2026-09-18 08:06:53] [Representation task] Starting | pid=2994 | split=intra_subject_993d5d452e0f | group=weibo_intra_delta_1_4 | representation=csp_6__all_standard
[2026-09-18 08:06:53] [Representation task] Done | pid=2994 | split=intra_subject_993d5d452e0f | group=weibo_intra_delta_1_4 | representation=csp_6__all_standard | elapsed=0s
[2026-09-18 08:06:53] [Representation] Progress 43/120 | remaining=77 | elapsed=3s | eta≈6s
[2026-09-18 08:06:53] [Representation task] Starting | pid=2994 | split=intra_subject_993d5d452e0f | group=weibo_intra_delta_1_4 | representation=standardized_signal
[2026-09-18 08:06:55] [Representation task] Done | pid=2994 | split=intra_subject_993d5d452e0f | group=weibo_intra_delta_1_4 | representation=standardized_signal | elapsed=1s
[2026-09-18 08:06:55] [Representation] Progress 44/120 | remaining=76 | elapsed=4s | eta≈8s
[2026-09-18 08:06:55] [Representation task] Starting | pid=2994 | split=intra_subject_1e5db77cac2c | group=weibo_intra_delta_1_4 | representation=statistical__all_standard
[2026-09-18 08:06:55] [Representation task] Done | pid=2994 | split=intra_subject_1e5db77cac2c | group=weibo_intra_delta_1_4 | representation=statistical__all_standard | elapsed=0s
[2026-09-18 08:06:55] [Representation] Progress 45/120 | remaining=75 | elapsed=4s | eta≈7s
[2026-09-18 08:06:55] [Representation task] Starting | pid=2994 | split=intra_subject_1e5db77cac2c | group=weibo_intra_delta_1_4 | representation=temporal__all_standard
[2026-09-18 08:06:55] [Representation task] Done | pid=2994 | split=intra_subject_1e5db77cac2c | group=weibo_intra_delta_1_4 | representation=temporal__all_standard | elapsed=0s
[2026-09-18 08:06:55] [Representation] Progress 46/120 | remaining=74 | elapsed=4s | eta≈7s
[2026-09-18 08:06:55] [Representation task] Starting | pid=2994 | split=intra_subject_1e5db77cac2c | group=weibo_intra_delta_1_4 | representation=csp_6__all_standard
[2026-09-18 08:06:55] [Representation task] Done | pid=2994 | split=intra_subject_1e5db77cac2c | group=weibo_intra_delta_1_4 | representation=csp_6__all_standard | elapsed=0s
[2026-09-18 08:06:55] [Representation] Progress 47/120 | remaining=73 | elapsed=4s | eta≈7s
[2026-09-18 08:06:55] [Representation task] Starting | pid=2994 | split=intra_subject_1e5db77cac2c | group=weibo_intra_delta_1_4 | representation=standardized_signal
[2026-09-18 08:06:55] [Representation task] Done | pid=2994 | split=intra_subject_1e5db77cac2c | group=weibo_intra_delta_1_4 | representation=standardized_signal | elapsed=0s
[2026-09-18 08:06:55] [Representation] Progress 48/120 | remaining=72 | elapsed=4s | eta≈7s
[2026-09-18 08:06:55] [Representation task] Starting | pid=2994 | split=intra_subject_c51092413cfa | group=weibo_intra_delta_1_4 | representation=statistical__all_standard
[2026-09-18 08:06:55] [Representation task] Done | pid=2994 | split=intra_subject_c51092413cfa | group=weibo_intra_delta_1_4 | representation=statistical__all_standard | elapsed=0s
[2026-09-18 08:06:55] [Representation] Progress 49/120 | remaining=71 | elapsed=4s | eta≈6s
[2026-09-18 08:06:55] [Representation task] Starting | pid=2994 | split=intra_subject_c51092413cfa | group=weibo_intra_delta_1_4 | representation=temporal__all_standard
[2026-09-18 08:06:55] [Representation task] Done | pid=2994 | split=intra_subject_c51092413cfa | group=weibo_intra_delta_1_4 | representation=temporal__all_standard | elapsed=0s
[2026-09-18 08:06:55] [Representation] Progress 50/120 | remaining=70 | elapsed=4s | eta≈6s
[2026-09-18 08:06:55] [Representation task] Starting | pid=2994 | split=intra_subject_c51092413cfa | group=weibo_intra_delta_1_4 | representation=csp_6__all_standard
[2026-09-18 08:06:55] [Representation task] Done | pid=2994 | split=intra_subject_c51092413cfa | group=weibo_intra_delta_1_4 | representation=csp_6__all_standard | elapsed=0s
[2026-09-18 08:06:55] [Representation] Progress 51/120 | remaining=69 | elapsed=4s | eta≈6s
[2026-09-18 08:06:55] [Representation task] Starting | pid=2994 | split=intra_subject_c51092413cfa | group=weibo_intra_delta_1_4 | representation=standardized_signal
[2026-09-18 08:06:56] [Representation task] Done | pid=2994 | split=intra_subject_c51092413cfa | group=weibo_intra_delta_1_4 | representation=standardized_signal | elapsed=1s
[2026-09-18 08:06:56] [Representation] Progress 52/120 | remaining=68 | elapsed=6s | eta≈8s
[2026-09-18 08:06:56] [Representation task] Starting | pid=2994 | split=intra_subject_677cfeacf1be | group=weibo_intra_delta_1_4 | representation=statistical__all_standard
[2026-09-18 08:06:56] [Representation task] Done | pid=2994 | split=intra_subject_677cfeacf1be | group=weibo_intra_delta_1_4 | representation=statistical__all_standard | elapsed=0s
[2026-09-18 08:06:56] [Representation] Progress 53/120 | remaining=67 | elapsed=6s | eta≈7s
[2026-09-18 08:06:56] [Representation task] Starting | pid=2994 | split=intra_subject_677cfeacf1be | group=weibo_intra_delta_1_4 | representation=temporal__all_standard
[2026-09-18 08:06:56] [Representation task] Done | pid=2994 | split=intra_subject_677cfeacf1be | group=weibo_intra_delta_1_4 | representation=temporal__all_standard | elapsed=0s
[2026-09-18 08:06:56] [Representation] Progress 54/120 | remaining=66 | elapsed=6s | eta≈7s
[2026-09-18 08:06:56] [Representation task] Starting | pid=2994 | split=intra_subject_677cfeacf1be | group=weibo_intra_delta_1_4 | representation=csp_6__all_standard
[2026-09-18 08:06:56] [Representation task] Done | pid=2994 | split=intra_subject_677cfeacf1be | group=weibo_intra_delta_1_4 | representation=csp_6__all_standard | elapsed=0s
[2026-09-18 08:06:56] [Representation] Progress 55/120 | remaining=65 | elapsed=6s | eta≈7s
[2026-09-18 08:06:56] [Representation task] Starting | pid=2994 | split=intra_subject_677cfeacf1be | group=weibo_intra_delta_1_4 | representation=standardized_signal
[2026-09-18 08:06:56] [Representation task] Done | pid=2994 | split=intra_subject_677cfeacf1be | group=weibo_intra_delta_1_4 | representation=standardized_signal | elapsed=0s
[2026-09-18 08:06:56] [Representation] Progress 56/120 | remaining=64 | elapsed=6s | eta≈7s
[2026-09-18 08:06:56] [Representation task] Starting | pid=2994 | split=intra_subject_e395d6309367 | group=weibo_intra_delta_1_4 | representation=statistical__all_standard
[2026-09-18 08:06:56] [Representation task] Done | pid=2994 | split=intra_subject_e395d6309367 | group=weibo_intra_delta_1_4 | representation=statistical__all_standard | elapsed=0s
[2026-09-18 08:06:56] [Representation] Progress 57/120 | remaining=63 | elapsed=6s | eta≈6s
[2026-09-18 08:06:56] [Representation task] Starting | pid=2994 | split=intra_subject_e395d6309367 | group=weibo_intra_delta_1_4 | representation=temporal__all_standard
[2026-09-18 08:06:56] [Representation task] Done | pid=2994 | split=intra_subject_e395d6309367 | group=weibo_intra_delta_1_4 | representation=temporal__all_standard | elapsed=0s
[2026-09-18 08:06:56] [Representation] Progress 58/120 | remaining=62 | elapsed=6s | eta≈6s
[2026-09-18 08:06:56] [Representation task] Starting | pid=2994 | split=intra_subject_e395d6309367 | group=weibo_intra_delta_1_4 | representation=csp_6__all_standard
[2026-09-18 08:06:56] [Representation task] Done | pid=2994 | split=intra_subject_e395d6309367 | group=weibo_intra_delta_1_4 | representation=csp_6__all_standard | elapsed=0s
[2026-09-18 08:06:56] [Representation] Progress 59/120 | remaining=61 | elapsed=6s | eta≈6s
[2026-09-18 08:06:56] [Representation task] Starting | pid=2994 | split=intra_subject_e395d6309367 | group=weibo_intra_delta_1_4 | representation=standardized_signal
[2026-09-18 08:06:56] [Representation task] Done | pid=2994 | split=intra_subject_e395d6309367 | group=weibo_intra_delta_1_4 | representation=standardized_signal | elapsed=0s
[2026-09-18 08:06:56] [Representation] Progress 60/120 | remaining=60 | elapsed=6s | eta≈6s
[2026-09-18 08:06:56] [Representation task] Starting | pid=2994 | split=intra_subject_aa84e55c2b49 | group=weibo_intra_delta_1_4 | representation=statistical__all_standard
[2026-09-18 08:06:56] [Representation task] Done | pid=2994 | split=intra_subject_aa84e55c2b49 | group=weibo_intra_delta_1_4 | representation=statistical__all_standard | elapsed=0s
[2026-09-18 08:06:56] [Representation] Progress 61/120 | remaining=59 | elapsed=6s | eta≈6s
[2026-09-18 08:06:56] [Representation task] Starting | pid=2994 | split=intra_subject_aa84e55c2b49 | group=weibo_intra_delta_1_4 | representation=temporal__all_standard
[2026-09-18 08:06:56] [Representation task] Done | pid=2994 | split=intra_subject_aa84e55c2b49 | group=weibo_intra_delta_1_4 | representation=temporal__all_standard | elapsed=0s
[2026-09-18 08:06:56] [Representation] Progress 62/120 | remaining=58 | elapsed=6s | eta≈5s
[2026-09-18 08:06:56] [Representation task] Starting | pid=2994 | split=intra_subject_aa84e55c2b49 | group=weibo_intra_delta_1_4 | representation=csp_6__all_standard
[2026-09-18 08:06:56] [Representation task] Done | pid=2994 | split=intra_subject_aa84e55c2b49 | group=weibo_intra_delta_1_4 | representation=csp_6__all_standard | elapsed=0s
[2026-09-18 08:06:56] [Representation] Progress 63/120 | remaining=57 | elapsed=6s | eta≈5s
[2026-09-18 08:06:56] [Representation task] Starting | pid=2994 | split=intra_subject_aa84e55c2b49 | group=weibo_intra_delta_1_4 | representation=standardized_signal
[2026-09-18 08:06:56] [Representation task] Done | pid=2994 | split=intra_subject_aa84e55c2b49 | group=weibo_intra_delta_1_4 | representation=standardized_signal | elapsed=0s
[2026-09-18 08:06:56] [Representation] Progress 64/120 | remaining=56 | elapsed=6s | eta≈5s
[2026-09-18 08:06:56] [Representation task] Starting | pid=2994 | split=intra_subject_b4393ee8bdbb | group=weibo_intra_delta_1_4 | representation=statistical__all_standard
[2026-09-18 08:06:56] [Representation task] Done | pid=2994 | split=intra_subject_b4393ee8bdbb | group=weibo_intra_delta_1_4 | representation=statistical__all_standard | elapsed=0s
[2026-09-18 08:06:56] [Representation] Progress 65/120 | remaining=55 | elapsed=6s | eta≈5s
[2026-09-18 08:06:56] [Representation task] Starting | pid=2994 | split=intra_subject_b4393ee8bdbb | group=weibo_intra_delta_1_4 | representation=temporal__all_standard
[2026-09-18 08:06:58] [Representation task] Done | pid=2994 | split=intra_subject_b4393ee8bdbb | group=weibo_intra_delta_1_4 | representation=temporal__all_standard | elapsed=2s
[2026-09-18 08:06:58] [Representation] Progress 66/120 | remaining=54 | elapsed=8s | eta≈6s
[2026-09-18 08:06:58] [Representation task] Starting | pid=2994 | split=intra_subject_b4393ee8bdbb | group=weibo_intra_delta_1_4 | representation=csp_6__all_standard
[2026-09-18 08:06:58] [Representation task] Done | pid=2994 | split=intra_subject_b4393ee8bdbb | group=weibo_intra_delta_1_4 | representation=csp_6__all_standard | elapsed=0s
[2026-09-18 08:06:58] [Representation] Progress 67/120 | remaining=53 | elapsed=8s | eta≈6s
[2026-09-18 08:06:58] [Representation task] Starting | pid=2994 | split=intra_subject_b4393ee8bdbb | group=weibo_intra_delta_1_4 | representation=standardized_signal
[2026-09-18 08:06:58] [Representation task] Done | pid=2994 | split=intra_subject_b4393ee8bdbb | group=weibo_intra_delta_1_4 | representation=standardized_signal | elapsed=0s
[2026-09-18 08:06:58] [Representation] Progress 68/120 | remaining=52 | elapsed=8s | eta≈6s
[2026-09-18 08:06:58] [Representation task] Starting | pid=2994 | split=intra_subject_604dfadb4f2f | group=weibo_intra_delta_1_4 | representation=statistical__all_standard
[2026-09-18 08:06:58] [Representation task] Done | pid=2994 | split=intra_subject_604dfadb4f2f | group=weibo_intra_delta_1_4 | representation=statistical__all_standard | elapsed=0s
[2026-09-18 08:06:58] [Representation] Progress 69/120 | remaining=51 | elapsed=8s | eta≈6s
[2026-09-18 08:06:58] [Representation task] Starting | pid=2994 | split=intra_subject_604dfadb4f2f | group=weibo_intra_delta_1_4 | representation=temporal__all_standard
[2026-09-18 08:06:58] [Representation task] Done | pid=2994 | split=intra_subject_604dfadb4f2f | group=weibo_intra_delta_1_4 | representation=temporal__all_standard | elapsed=0s
[2026-09-18 08:06:58] [Representation] Progress 70/120 | remaining=50 | elapsed=8s | eta≈5s
[2026-09-18 08:06:58] [Representation task] Starting | pid=2994 | split=intra_subject_604dfadb4f2f | group=weibo_intra_delta_1_4 | representation=csp_6__all_standard
[2026-09-18 08:06:58] [Representation task] Done | pid=2994 | split=intra_subject_604dfadb4f2f | group=weibo_intra_delta_1_4 | representation=csp_6__all_standard | elapsed=0s
[2026-09-18 08:06:58] [Representation] Progress 71/120 | remaining=49 | elapsed=8s | eta≈5s
[2026-09-18 08:06:58] [Representation task] Starting | pid=2994 | split=intra_subject_604dfadb4f2f | group=weibo_intra_delta_1_4 | representation=standardized_signal
[2026-09-18 08:06:59] [Representation task] Done | pid=2994 | split=intra_subject_604dfadb4f2f | group=weibo_intra_delta_1_4 | representation=standardized_signal | elapsed=1s
[2026-09-18 08:06:59] [Representation] Progress 72/120 | remaining=48 | elapsed=9s | eta≈6s
[2026-09-18 08:06:59] [Representation task] Starting | pid=2994 | split=intra_subject_a1c6ede71db1 | group=weibo_intra_delta_1_4 | representation=statistical__all_standard
[2026-09-18 08:06:59] [Representation task] Done | pid=2994 | split=intra_subject_a1c6ede71db1 | group=weibo_intra_delta_1_4 | representation=statistical__all_standard | elapsed=0s
[2026-09-18 08:06:59] [Representation] Progress 73/120 | remaining=47 | elapsed=9s | eta≈6s
[2026-09-18 08:06:59] [Representation task] Starting | pid=2994 | split=intra_subject_a1c6ede71db1 | group=weibo_intra_delta_1_4 | representation=temporal__all_standard
[2026-09-18 08:06:59] [Representation task] Done | pid=2994 | split=intra_subject_a1c6ede71db1 | group=weibo_intra_delta_1_4 | representation=temporal__all_standard | elapsed=0s
[2026-09-18 08:06:59] [Representation] Progress 74/120 | remaining=46 | elapsed=9s | eta≈6s
[2026-09-18 08:06:59] [Representation task] Starting | pid=2994 | split=intra_subject_a1c6ede71db1 | group=weibo_intra_delta_1_4 | representation=csp_6__all_standard
[2026-09-18 08:06:59] [Representation task] Done | pid=2994 | split=intra_subject_a1c6ede71db1 | group=weibo_intra_delta_1_4 | representation=csp_6__all_standard | elapsed=0s
[2026-09-18 08:06:59] [Representation] Progress 75/120 | remaining=45 | elapsed=9s | eta≈5s
[2026-09-18 08:06:59] [Representation task] Starting | pid=2994 | split=intra_subject_a1c6ede71db1 | group=weibo_intra_delta_1_4 | representation=standardized_signal
[2026-09-18 08:06:59] [Representation task] Done | pid=2994 | split=intra_subject_a1c6ede71db1 | group=weibo_intra_delta_1_4 | representation=standardized_signal | elapsed=0s
[2026-09-18 08:06:59] [Representation] Progress 76/120 | remaining=44 | elapsed=9s | eta≈5s
[2026-09-18 08:06:59] [Representation task] Starting | pid=2994 | split=intra_subject_f24c581d2979 | group=weibo_intra_delta_1_4 | representation=statistical__all_standard
[2026-09-18 08:06:59] [Representation task] Done | pid=2994 | split=intra_subject_f24c581d2979 | group=weibo_intra_delta_1_4 | representation=statistical__all_standard | elapsed=0s
[2026-09-18 08:06:59] [Representation] Progress 77/120 | remaining=43 | elapsed=9s | eta≈5s
[2026-09-18 08:06:59] [Representation task] Starting | pid=2994 | split=intra_subject_f24c581d2979 | group=weibo_intra_delta_1_4 | representation=temporal__all_standard
[2026-09-18 08:06:59] [Representation task] Done | pid=2994 | split=intra_subject_f24c581d2979 | group=weibo_intra_delta_1_4 | representation=temporal__all_standard | elapsed=0s
[2026-09-18 08:06:59] [Representation] Progress 78/120 | remaining=42 | elapsed=9s | eta≈5s
[2026-09-18 08:06:59] [Representation task] Starting | pid=2994 | split=intra_subject_f24c581d2979 | group=weibo_intra_delta_1_4 | representation=csp_6__all_standard
[2026-09-18 08:06:59] [Representation task] Done | pid=2994 | split=intra_subject_f24c581d2979 | group=weibo_intra_delta_1_4 | representation=csp_6__all_standard | elapsed=0s
[2026-09-18 08:06:59] [Representation] Progress 79/120 | remaining=41 | elapsed=9s | eta≈5s
[2026-09-18 08:06:59] [Representation task] Starting | pid=2994 | split=intra_subject_f24c581d2979 | group=weibo_intra_delta_1_4 | representation=standardized_signal
[2026-09-18 08:06:59] [Representation task] Done | pid=2994 | split=intra_subject_f24c581d2979 | group=weibo_intra_delta_1_4 | representation=standardized_signal | elapsed=0s
[2026-09-18 08:06:59] [Representation] Progress 80/120 | remaining=40 | elapsed=9s | eta≈4s
[2026-09-18 08:06:59] [Representation task] Starting | pid=2994 | split=intra_subject_993d5d452e0f | group=weibo_intra_theta_4_8 | representation=statistical__all_standard
[2026-09-18 08:06:59] [Representation task] Done | pid=2994 | split=intra_subject_993d5d452e0f | group=weibo_intra_theta_4_8 | representation=statistical__all_standard | elapsed=0s
[2026-09-18 08:06:59] [Representation] Progress 81/120 | remaining=39 | elapsed=9s | eta≈4s
[2026-09-18 08:06:59] [Representation task] Starting | pid=2994 | split=intra_subject_993d5d452e0f | group=weibo_intra_theta_4_8 | representation=temporal__all_standard
[2026-09-18 08:06:59] [Representation task] Done | pid=2994 | split=intra_subject_993d5d452e0f | group=weibo_intra_theta_4_8 | representation=temporal__all_standard | elapsed=0s
[2026-09-18 08:06:59] [Representation] Progress 82/120 | remaining=38 | elapsed=9s | eta≈4s
[2026-09-18 08:06:59] [Representation task] Starting | pid=2994 | split=intra_subject_993d5d452e0f | group=weibo_intra_theta_4_8 | representation=csp_6__all_standard
[2026-09-18 08:06:59] [Representation task] Done | pid=2994 | split=intra_subject_993d5d452e0f | group=weibo_intra_theta_4_8 | representation=csp_6__all_standard | elapsed=0s
[2026-09-18 08:06:59] [Representation] Progress 83/120 | remaining=37 | elapsed=9s | eta≈4s
[2026-09-18 08:06:59] [Representation task] Starting | pid=2994 | split=intra_subject_993d5d452e0f | group=weibo_intra_theta_4_8 | representation=standardized_signal
[2026-09-18 08:06:59] [Representation task] Done | pid=2994 | split=intra_subject_993d5d452e0f | group=weibo_intra_theta_4_8 | representation=standardized_signal | elapsed=0s
[2026-09-18 08:06:59] [Representation] Progress 84/120 | remaining=36 | elapsed=9s | eta≈4s
[2026-09-18 08:06:59] [Representation task] Starting | pid=2994 | split=intra_subject_1e5db77cac2c | group=weibo_intra_theta_4_8 | representation=statistical__all_standard
[2026-09-18 08:06:59] [Representation task] Done | pid=2994 | split=intra_subject_1e5db77cac2c | group=weibo_intra_theta_4_8 | representation=statistical__all_standard | elapsed=0s
[2026-09-18 08:06:59] [Representation] Progress 85/120 | remaining=35 | elapsed=9s | eta≈4s
[2026-09-18 08:06:59] [Representation task] Starting | pid=2994 | split=intra_subject_1e5db77cac2c | group=weibo_intra_theta_4_8 | representation=temporal__all_standard
[2026-09-18 08:06:59] [Representation task] Done | pid=2994 | split=intra_subject_1e5db77cac2c | group=weibo_intra_theta_4_8 | representation=temporal__all_standard | elapsed=0s
[2026-09-18 08:06:59] [Representation] Progress 86/120 | remaining=34 | elapsed=9s | eta≈4s
[2026-09-18 08:06:59] [Representation task] Starting | pid=2994 | split=intra_subject_1e5db77cac2c | group=weibo_intra_theta_4_8 | representation=csp_6__all_standard
[2026-09-18 08:06:59] [Representation task] Done | pid=2994 | split=intra_subject_1e5db77cac2c | group=weibo_intra_theta_4_8 | representation=csp_6__all_standard | elapsed=0s
[2026-09-18 08:06:59] [Representation] Progress 87/120 | remaining=33 | elapsed=9s | eta≈3s
[2026-09-18 08:06:59] [Representation task] Starting | pid=2994 | split=intra_subject_1e5db77cac2c | group=weibo_intra_theta_4_8 | representation=standardized_signal
[2026-09-18 08:06:59] [Representation task] Done | pid=2994 | split=intra_subject_1e5db77cac2c | group=weibo_intra_theta_4_8 | representation=standardized_signal | elapsed=0s
[2026-09-18 08:06:59] [Representation] Progress 88/120 | remaining=32 | elapsed=9s | eta≈3s
[2026-09-18 08:06:59] [Representation task] Starting | pid=2994 | split=intra_subject_c51092413cfa | group=weibo_intra_theta_4_8 | representation=statistical__all_standard
[2026-09-18 08:06:59] [Representation task] Done | pid=2994 | split=intra_subject_c51092413cfa | group=weibo_intra_theta_4_8 | representation=statistical__all_standard | elapsed=0s
[2026-09-18 08:06:59] [Representation] Progress 89/120 | remaining=31 | elapsed=9s | eta≈3s
[2026-09-18 08:06:59] [Representation task] Starting | pid=2994 | split=intra_subject_c51092413cfa | group=weibo_intra_theta_4_8 | representation=temporal__all_standard
[2026-09-18 08:06:59] [Representation task] Done | pid=2994 | split=intra_subject_c51092413cfa | group=weibo_intra_theta_4_8 | representation=temporal__all_standard | elapsed=0s
[2026-09-18 08:06:59] [Representation] Progress 90/120 | remaining=30 | elapsed=9s | eta≈3s
[2026-09-18 08:06:59] [Representation task] Starting | pid=2994 | split=intra_subject_c51092413cfa | group=weibo_intra_theta_4_8 | representation=csp_6__all_standard
[2026-09-18 08:06:59] [Representation task] Done | pid=2994 | split=intra_subject_c51092413cfa | group=weibo_intra_theta_4_8 | representation=csp_6__all_standard | elapsed=0s
[2026-09-18 08:06:59] [Representation] Progress 91/120 | remaining=29 | elapsed=9s | eta≈3s
[2026-09-18 08:06:59] [Representation task] Starting | pid=2994 | split=intra_subject_c51092413cfa | group=weibo_intra_theta_4_8 | representation=standardized_signal
[2026-09-18 08:06:59] [Representation task] Done | pid=2994 | split=intra_subject_c51092413cfa | group=weibo_intra_theta_4_8 | representation=standardized_signal | elapsed=0s
[2026-09-18 08:06:59] [Representation] Progress 92/120 | remaining=28 | elapsed=9s | eta≈3s
[2026-09-18 08:06:59] [Representation task] Starting | pid=2994 | split=intra_subject_677cfeacf1be | group=weibo_intra_theta_4_8 | representation=statistical__all_standard
[2026-09-18 08:06:59] [Representation task] Done | pid=2994 | split=intra_subject_677cfeacf1be | group=weibo_intra_theta_4_8 | representation=statistical__all_standard | elapsed=0s
[2026-09-18 08:06:59] [Representation] Progress 93/120 | remaining=27 | elapsed=9s | eta≈3s
[2026-09-18 08:06:59] [Representation task] Starting | pid=2994 | split=intra_subject_677cfeacf1be | group=weibo_intra_theta_4_8 | representation=temporal__all_standard
[2026-09-18 08:06:59] [Representation task] Done | pid=2994 | split=intra_subject_677cfeacf1be | group=weibo_intra_theta_4_8 | representation=temporal__all_standard | elapsed=0s
[2026-09-18 08:06:59] [Representation] Progress 94/120 | remaining=26 | elapsed=9s | eta≈2s
[2026-09-18 08:06:59] [Representation task] Starting | pid=2994 | split=intra_subject_677cfeacf1be | group=weibo_intra_theta_4_8 | representation=csp_6__all_standard
[2026-09-18 08:06:59] [Representation task] Done | pid=2994 | split=intra_subject_677cfeacf1be | group=weibo_intra_theta_4_8 | representation=csp_6__all_standard | elapsed=0s
[2026-09-18 08:06:59] [Representation] Progress 95/120 | remaining=25 | elapsed=9s | eta≈2s
[2026-09-18 08:06:59] [Representation task] Starting | pid=2994 | split=intra_subject_677cfeacf1be | group=weibo_intra_theta_4_8 | representation=standardized_signal
[2026-09-18 08:06:59] [Representation task] Done | pid=2994 | split=intra_subject_677cfeacf1be | group=weibo_intra_theta_4_8 | representation=standardized_signal | elapsed=0s
[2026-09-18 08:06:59] [Representation] Progress 96/120 | remaining=24 | elapsed=9s | eta≈2s
[2026-09-18 08:06:59] [Representation task] Starting | pid=2994 | split=intra_subject_e395d6309367 | group=weibo_intra_theta_4_8 | representation=statistical__all_standard
[2026-09-18 08:06:59] [Representation task] Done | pid=2994 | split=intra_subject_e395d6309367 | group=weibo_intra_theta_4_8 | representation=statistical__all_standard | elapsed=0s
[2026-09-18 08:06:59] [Representation] Progress 97/120 | remaining=23 | elapsed=9s | eta≈2s
[2026-09-18 08:06:59] [Representation task] Starting | pid=2994 | split=intra_subject_e395d6309367 | group=weibo_intra_theta_4_8 | representation=temporal__all_standard
[2026-09-18 08:06:59] [Representation task] Done | pid=2994 | split=intra_subject_e395d6309367 | group=weibo_intra_theta_4_8 | representation=temporal__all_standard | elapsed=0s
[2026-09-18 08:06:59] [Representation] Progress 98/120 | remaining=22 | elapsed=9s | eta≈2s
[2026-09-18 08:06:59] [Representation task] Starting | pid=2994 | split=intra_subject_e395d6309367 | group=weibo_intra_theta_4_8 | representation=csp_6__all_standard
[2026-09-18 08:06:59] [Representation task] Done | pid=2994 | split=intra_subject_e395d6309367 | group=weibo_intra_theta_4_8 | representation=csp_6__all_standard | elapsed=0s
[2026-09-18 08:06:59] [Representation] Progress 99/120 | remaining=21 | elapsed=9s | eta≈2s
[2026-09-18 08:06:59] [Representation task] Starting | pid=2994 | split=intra_subject_e395d6309367 | group=weibo_intra_theta_4_8 | representation=standardized_signal
[2026-09-18 08:06:59] [Representation task] Done | pid=2994 | split=intra_subject_e395d6309367 | group=weibo_intra_theta_4_8 | representation=standardized_signal | elapsed=0s
[2026-09-18 08:06:59] [Representation] Progress 100/120 | remaining=20 | elapsed=9s | eta≈2s
[2026-09-18 08:06:59] [Representation task] Starting | pid=2994 | split=intra_subject_aa84e55c2b49 | group=weibo_intra_theta_4_8 | representation=statistical__all_standard
[2026-09-18 08:06:59] [Representation task] Done | pid=2994 | split=intra_subject_aa84e55c2b49 | group=weibo_intra_theta_4_8 | representation=statistical__all_standard | elapsed=0s
[2026-09-18 08:06:59] [Representation] Progress 101/120 | remaining=19 | elapsed=9s | eta≈2s
[2026-09-18 08:06:59] [Representation task] Starting | pid=2994 | split=intra_subject_aa84e55c2b49 | group=weibo_intra_theta_4_8 | representation=temporal__all_standard
[2026-09-18 08:06:59] [Representation task] Done | pid=2994 | split=intra_subject_aa84e55c2b49 | group=weibo_intra_theta_4_8 | representation=temporal__all_standard | elapsed=0s
[2026-09-18 08:06:59] [Representation] Progress 102/120 | remaining=18 | elapsed=9s | eta≈2s
[2026-09-18 08:06:59] [Representation task] Starting | pid=2994 | split=intra_subject_aa84e55c2b49 | group=weibo_intra_theta_4_8 | representation=csp_6__all_standard
[2026-09-18 08:06:59] [Representation task] Done | pid=2994 | split=intra_subject_aa84e55c2b49 | group=weibo_intra_theta_4_8 | representation=csp_6__all_standard | elapsed=0s
[2026-09-18 08:06:59] [Representation] Progress 103/120 | remaining=17 | elapsed=9s | eta≈1s
[2026-09-18 08:06:59] [Representation task] Starting | pid=2994 | split=intra_subject_aa84e55c2b49 | group=weibo_intra_theta_4_8 | representation=standardized_signal
[2026-09-18 08:07:01] [Representation task] Done | pid=2994 | split=intra_subject_aa84e55c2b49 | group=weibo_intra_theta_4_8 | representation=standardized_signal | elapsed=1s
[2026-09-18 08:07:01] [Representation] Progress 104/120 | remaining=16 | elapsed=10s | eta≈2s
[2026-09-18 08:07:01] [Representation task] Starting | pid=2994 | split=intra_subject_b4393ee8bdbb | group=weibo_intra_theta_4_8 | representation=statistical__all_standard
[2026-09-18 08:07:01] [Representation task] Done | pid=2994 | split=intra_subject_b4393ee8bdbb | group=weibo_intra_theta_4_8 | representation=statistical__all_standard | elapsed=0s
[2026-09-18 08:07:01] [Representation] Progress 105/120 | remaining=15 | elapsed=10s | eta≈1s
[2026-09-18 08:07:01] [Representation task] Starting | pid=2994 | split=intra_subject_b4393ee8bdbb | group=weibo_intra_theta_4_8 | representation=temporal__all_standard
[2026-09-18 08:07:01] [Representation task] Done | pid=2994 | split=intra_subject_b4393ee8bdbb | group=weibo_intra_theta_4_8 | representation=temporal__all_standard | elapsed=0s
[2026-09-18 08:07:01] [Representation] Progress 106/120 | remaining=14 | elapsed=10s | eta≈1s
[2026-09-18 08:07:01] [Representation task] Starting | pid=2994 | split=intra_subject_b4393ee8bdbb | group=weibo_intra_theta_4_8 | representation=csp_6__all_standard
[2026-09-18 08:07:01] [Representation task] Done | pid=2994 | split=intra_subject_b4393ee8bdbb | group=weibo_intra_theta_4_8 | representation=csp_6__all_standard | elapsed=0s
[2026-09-18 08:07:01] [Representation] Progress 107/120 | remaining=13 | elapsed=10s | eta≈1s
[2026-09-18 08:07:01] [Representation task] Starting | pid=2994 | split=intra_subject_b4393ee8bdbb | group=weibo_intra_theta_4_8 | representation=standardized_signal
[2026-09-18 08:07:01] [Representation task] Done | pid=2994 | split=intra_subject_b4393ee8bdbb | group=weibo_intra_theta_4_8 | representation=standardized_signal | elapsed=0s
[2026-09-18 08:07:01] [Representation] Progress 108/120 | remaining=12 | elapsed=10s | eta≈1s
[2026-09-18 08:07:01] [Representation task] Starting | pid=2994 | split=intra_subject_604dfadb4f2f | group=weibo_intra_theta_4_8 | representation=statistical__all_standard
[2026-09-18 08:07:01] [Representation task] Done | pid=2994 | split=intra_subject_604dfadb4f2f | group=weibo_intra_theta_4_8 | representation=statistical__all_standard | elapsed=0s
[2026-09-18 08:07:01] [Representation] Progress 109/120 | remaining=11 | elapsed=10s | eta≈1s
[2026-09-18 08:07:01] [Representation task] Starting | pid=2994 | split=intra_subject_604dfadb4f2f | group=weibo_intra_theta_4_8 | representation=temporal__all_standard
[2026-09-18 08:07:01] [Representation task] Done | pid=2994 | split=intra_subject_604dfadb4f2f | group=weibo_intra_theta_4_8 | representation=temporal__all_standard | elapsed=0s
[2026-09-18 08:07:01] [Representation] Progress 110/120 | remaining=10 | elapsed=10s | eta≈1s
[2026-09-18 08:07:01] [Representation task] Starting | pid=2994 | split=intra_subject_604dfadb4f2f | group=weibo_intra_theta_4_8 | representation=csp_6__all_standard
[2026-09-18 08:07:01] [Representation task] Done | pid=2994 | split=intra_subject_604dfadb4f2f | group=weibo_intra_theta_4_8 | representation=csp_6__all_standard | elapsed=0s
[2026-09-18 08:07:01] [Representation] Progress 111/120 | remaining=9 | elapsed=10s | eta≈1s
[2026-09-18 08:07:01] [Representation task] Starting | pid=2994 | split=intra_subject_604dfadb4f2f | group=weibo_intra_theta_4_8 | representation=standardized_signal
[2026-09-18 08:07:03] [Representation task] Done | pid=2994 | split=intra_subject_604dfadb4f2f | group=weibo_intra_theta_4_8 | representation=standardized_signal | elapsed=2s
[2026-09-18 08:07:03] [Representation] Progress 112/120 | remaining=8 | elapsed=12s | eta≈1s
[2026-09-18 08:07:03] [Representation task] Starting | pid=2994 | split=intra_subject_a1c6ede71db1 | group=weibo_intra_theta_4_8 | representation=statistical__all_standard
[2026-09-18 08:07:03] [Representation task] Done | pid=2994 | split=intra_subject_a1c6ede71db1 | group=weibo_intra_theta_4_8 | representation=statistical__all_standard | elapsed=0s
[2026-09-18 08:07:03] [Representation] Progress 113/120 | remaining=7 | elapsed=12s | eta≈1s
[2026-09-18 08:07:03] [Representation task] Starting | pid=2994 | split=intra_subject_a1c6ede71db1 | group=weibo_intra_theta_4_8 | representation=temporal__all_standard
[2026-09-18 08:07:03] [Representation task] Done | pid=2994 | split=intra_subject_a1c6ede71db1 | group=weibo_intra_theta_4_8 | representation=temporal__all_standard | elapsed=0s
[2026-09-18 08:07:03] [Representation] Progress 114/120 | remaining=6 | elapsed=12s | eta≈1s
[2026-09-18 08:07:03] [Representation task] Starting | pid=2994 | split=intra_subject_a1c6ede71db1 | group=weibo_intra_theta_4_8 | representation=csp_6__all_standard
[2026-09-18 08:07:03] [Representation task] Done | pid=2994 | split=intra_subject_a1c6ede71db1 | group=weibo_intra_theta_4_8 | representation=csp_6__all_standard | elapsed=0s
[2026-09-18 08:07:03] [Representation] Progress 115/120 | remaining=5 | elapsed=12s | eta≈1s
[2026-09-18 08:07:03] [Representation task] Starting | pid=2994 | split=intra_subject_a1c6ede71db1 | group=weibo_intra_theta_4_8 | representation=standardized_signal
[2026-09-18 08:07:04] [Representation task] Done | pid=2994 | split=intra_subject_a1c6ede71db1 | group=weibo_intra_theta_4_8 | representation=standardized_signal | elapsed=1s
[2026-09-18 08:07:04] [Representation] Progress 116/120 | remaining=4 | elapsed=13s | eta≈0s
[2026-09-18 08:07:04] [Representation task] Starting | pid=2994 | split=intra_subject_f24c581d2979 | group=weibo_intra_theta_4_8 | representation=statistical__all_standard
[2026-09-18 08:07:04] [Representation task] Done | pid=2994 | split=intra_subject_f24c581d2979 | group=weibo_intra_theta_4_8 | representation=statistical__all_standard | elapsed=0s
[2026-09-18 08:07:04] [Representation] Progress 117/120 | remaining=3 | elapsed=13s | eta≈0s
[2026-09-18 08:07:04] [Representation task] Starting | pid=2994 | split=intra_subject_f24c581d2979 | group=weibo_intra_theta_4_8 | representation=temporal__all_standard
[2026-09-18 08:07:04] [Representation task] Done | pid=2994 | split=intra_subject_f24c581d2979 | group=weibo_intra_theta_4_8 | representation=temporal__all_standard | elapsed=0s
[2026-09-18 08:07:04] [Representation] Progress 118/120 | remaining=2 | elapsed=13s | eta≈0s
[2026-09-18 08:07:04] [Representation task] Starting | pid=2994 | split=intra_subject_f24c581d2979 | group=weibo_intra_theta_4_8 | representation=csp_6__all_standard
[2026-09-18 08:07:04] [Representation task] Done | pid=2994 | split=intra_subject_f24c581d2979 | group=weibo_intra_theta_4_8 | representation=csp_6__all_standard | elapsed=0s
[2026-09-18 08:07:04] [Representation] Progress 119/120 | remaining=1 | elapsed=13s | eta≈0s
[2026-09-18 08:07:04] [Representation task] Starting | pid=2994 | split=intra_subject_f24c581d2979 | group=weibo_intra_theta_4_8 | representation=standardized_signal
[2026-09-18 08:07:04] [Representation task] Done | pid=2994 | split=intra_subject_f24c581d2979 | group=weibo_intra_theta_4_8 | representation=standardized_signal | elapsed=0s
[2026-09-18 08:07:04] [Representation] Progress 120/120 | remaining=0 | elapsed=13s | eta≈0s
[2026-09-18 08:07:04] [Representation] Done | elapsed=13s
[2026-09-18 08:07:04] [Training] Starting...
[2026-09-18 08:07:04] [Training] Tasks=120 | workers=1
[2026-09-18 08:07:04] [Training task] Starting | pid=2994 | item=1 | split=intra_subject_993d5d452e0f | representation=statistical__all_standard | model=logistic_regression
[2026-09-18 08:07:04] [Training task] Done | pid=2994 | item=1 | split=intra_subject_993d5d452e0f | representation=statistical__all_standard | model=logistic_regression | elapsed=0s
[2026-09-18 08:07:04] [Training] Progress 1/120 | remaining=119 | elapsed=0s | eta≈0s
[2026-09-18 08:07:04] [Training task] Starting | pid=2994 | item=2 | split=intra_subject_993d5d452e0f | representation=temporal__all_standard | model=logistic_regression
[2026-09-18 08:07:04] [Training task] Done | pid=2994 | item=2 | split=intra_subject_993d5d452e0f | representation=temporal__all_standard | model=logistic_regression | elapsed=0s
[2026-09-18 08:07:04] [Training] Progress 2/120 | remaining=118 | elapsed=0s | eta≈0s
[2026-09-18 08:07:04] [Training task] Starting | pid=2994 | item=3 | split=intra_subject_993d5d452e0f | representation=csp_6__all_standard | model=logistic_regression
[2026-09-18 08:07:04] [Training task] Done | pid=2994 | item=3 | split=intra_subject_993d5d452e0f | representation=csp_6__all_standard | model=logistic_regression | elapsed=0s
[2026-09-18 08:07:04] [Training] Progress 3/120 | remaining=117 | elapsed=0s | eta≈0s
[2026-09-18 08:07:04] [Training task] Starting | pid=2994 | item=4 | split=intra_subject_993d5d452e0f | representation=standardized_signal | model=eegnet
[2026-09-18 08:07:04] [Training task] Done | pid=2994 | item=4 | split=intra_subject_993d5d452e0f | representation=standardized_signal | model=eegnet | elapsed=0s
[2026-09-18 08:07:04] [Training] Progress 4/120 | remaining=116 | elapsed=0s | eta≈0s
[2026-09-18 08:07:04] [Training task] Starting | pid=2994 | item=5 | split=intra_subject_1e5db77cac2c | representation=statistical__all_standard | model=logistic_regression
[2026-09-18 08:07:04] [Training task] Done | pid=2994 | item=5 | split=intra_subject_1e5db77cac2c | representation=statistical__all_standard | model=logistic_regression | elapsed=0s
[2026-09-18 08:07:04] [Training] Progress 5/120 | remaining=115 | elapsed=0s | eta≈0s
[2026-09-18 08:07:04] [Training task] Starting | pid=2994 | item=6 | split=intra_subject_1e5db77cac2c | representation=temporal__all_standard | model=logistic_regression
[2026-09-18 08:07:04] [Training task] Done | pid=2994 | item=6 | split=intra_subject_1e5db77cac2c | representation=temporal__all_standard | model=logistic_regression | elapsed=0s
[2026-09-18 08:07:04] [Training] Progress 6/120 | remaining=114 | elapsed=0s | eta≈0s
[2026-09-18 08:07:04] [Training task] Starting | pid=2994 | item=7 | split=intra_subject_1e5db77cac2c | representation=csp_6__all_standard | model=logistic_regression
[2026-09-18 08:07:04] [Training task] Done | pid=2994 | item=7 | split=intra_subject_1e5db77cac2c | representation=csp_6__all_standard | model=logistic_regression | elapsed=0s
[2026-09-18 08:07:04] [Training] Progress 7/120 | remaining=113 | elapsed=0s | eta≈0s
[2026-09-18 08:07:04] [Training task] Starting | pid=2994 | item=8 | split=intra_subject_1e5db77cac2c | representation=standardized_signal | model=eegnet
[2026-09-18 08:07:04] [Training task] Done | pid=2994 | item=8 | split=intra_subject_1e5db77cac2c | representation=standardized_signal | model=eegnet | elapsed=0s
[2026-09-18 08:07:04] [Training] Progress 8/120 | remaining=112 | elapsed=0s | eta≈0s
[2026-09-18 08:07:04] [Training task] Starting | pid=2994 | item=9 | split=intra_subject_c51092413cfa | representation=statistical__all_standard | model=logistic_regression
[2026-09-18 08:07:04] [Training task] Done | pid=2994 | item=9 | split=intra_subject_c51092413cfa | representation=statistical__all_standard | model=logistic_regression | elapsed=0s
[2026-09-18 08:07:04] [Training] Progress 9/120 | remaining=111 | elapsed=0s | eta≈0s
[2026-09-18 08:07:04] [Training task] Starting | pid=2994 | item=10 | split=intra_subject_c51092413cfa | representation=temporal__all_standard | model=logistic_regression
[2026-09-18 08:07:04] [Training task] Done | pid=2994 | item=10 | split=intra_subject_c51092413cfa | representation=temporal__all_standard | model=logistic_regression | elapsed=0s
[2026-09-18 08:07:04] [Training] Progress 10/120 | remaining=110 | elapsed=0s | eta≈0s
[2026-09-18 08:07:04] [Training task] Starting | pid=2994 | item=11 | split=intra_subject_c51092413cfa | representation=csp_6__all_standard | model=logistic_regression
[2026-09-18 08:07:04] [Training task] Done | pid=2994 | item=11 | split=intra_subject_c51092413cfa | representation=csp_6__all_standard | model=logistic_regression | elapsed=0s
[2026-09-18 08:07:04] [Training] Progress 11/120 | remaining=109 | elapsed=0s | eta≈0s
[2026-09-18 08:07:04] [Training task] Starting | pid=2994 | item=12 | split=intra_subject_c51092413cfa | representation=standardized_signal | model=eegnet
[2026-09-18 08:07:04] [Training task] Done | pid=2994 | item=12 | split=intra_subject_c51092413cfa | representation=standardized_signal | model=eegnet | elapsed=0s
[2026-09-18 08:07:04] [Training] Progress 12/120 | remaining=108 | elapsed=0s | eta≈0s
[2026-09-18 08:07:04] [Training task] Starting | pid=2994 | item=13 | split=intra_subject_677cfeacf1be | representation=statistical__all_standard | model=logistic_regression
[2026-09-18 08:07:04] [Training task] Done | pid=2994 | item=13 | split=intra_subject_677cfeacf1be | representation=statistical__all_standard | model=logistic_regression | elapsed=0s
[2026-09-18 08:07:04] [Training] Progress 13/120 | remaining=107 | elapsed=0s | eta≈0s
[2026-09-18 08:07:04] [Training task] Starting | pid=2994 | item=14 | split=intra_subject_677cfeacf1be | representation=temporal__all_standard | model=logistic_regression
[2026-09-18 08:07:04] [Training task] Done | pid=2994 | item=14 | split=intra_subject_677cfeacf1be | representation=temporal__all_standard | model=logistic_regression | elapsed=0s
[2026-09-18 08:07:04] [Training] Progress 14/120 | remaining=106 | elapsed=0s | eta≈0s
[2026-09-18 08:07:04] [Training task] Starting | pid=2994 | item=15 | split=intra_subject_677cfeacf1be | representation=csp_6__all_standard | model=logistic_regression
[2026-09-18 08:07:04] [Training task] Done | pid=2994 | item=15 | split=intra_subject_677cfeacf1be | representation=csp_6__all_standard | model=logistic_regression | elapsed=0s
[2026-09-18 08:07:04] [Training] Progress 15/120 | remaining=105 | elapsed=0s | eta≈0s
[2026-09-18 08:07:04] [Training task] Starting | pid=2994 | item=16 | split=intra_subject_677cfeacf1be | representation=standardized_signal | model=eegnet
[2026-09-18 08:07:04] [Training task] Done | pid=2994 | item=16 | split=intra_subject_677cfeacf1be | representation=standardized_signal | model=eegnet | elapsed=0s
[2026-09-18 08:07:04] [Training] Progress 16/120 | remaining=104 | elapsed=0s | eta≈0s
[2026-09-18 08:07:04] [Training task] Starting | pid=2994 | item=17 | split=intra_subject_e395d6309367 | representation=statistical__all_standard | model=logistic_regression
[2026-09-18 08:07:04] [Training task] Done | pid=2994 | item=17 | split=intra_subject_e395d6309367 | representation=statistical__all_standard | model=logistic_regression | elapsed=0s
[2026-09-18 08:07:04] [Training] Progress 17/120 | remaining=103 | elapsed=0s | eta≈0s
[2026-09-18 08:07:04] [Training task] Starting | pid=2994 | item=18 | split=intra_subject_e395d6309367 | representation=temporal__all_standard | model=logistic_regression
[2026-09-18 08:07:04] [Training task] Done | pid=2994 | item=18 | split=intra_subject_e395d6309367 | representation=temporal__all_standard | model=logistic_regression | elapsed=0s
[2026-09-18 08:07:04] [Training] Progress 18/120 | remaining=102 | elapsed=0s | eta≈0s
[2026-09-18 08:07:04] [Training task] Starting | pid=2994 | item=19 | split=intra_subject_e395d6309367 | representation=csp_6__all_standard | model=logistic_regression
[2026-09-18 08:07:04] [Training task] Done | pid=2994 | item=19 | split=intra_subject_e395d6309367 | representation=csp_6__all_standard | model=logistic_regression | elapsed=0s
[2026-09-18 08:07:04] [Training] Progress 19/120 | remaining=101 | elapsed=0s | eta≈0s
[2026-09-18 08:07:04] [Training task] Starting | pid=2994 | item=20 | split=intra_subject_e395d6309367 | representation=standardized_signal | model=eegnet
[2026-09-18 08:07:04] [Training task] Done | pid=2994 | item=20 | split=intra_subject_e395d6309367 | representation=standardized_signal | model=eegnet | elapsed=0s
[2026-09-18 08:07:04] [Training] Progress 20/120 | remaining=100 | elapsed=0s | eta≈0s
[2026-09-18 08:07:04] [Training task] Starting | pid=2994 | item=21 | split=intra_subject_aa84e55c2b49 | representation=statistical__all_standard | model=logistic_regression
[2026-09-18 08:07:04] [Training task] Done | pid=2994 | item=21 | split=intra_subject_aa84e55c2b49 | representation=statistical__all_standard | model=logistic_regression | elapsed=0s
[2026-09-18 08:07:04] [Training] Progress 21/120 | remaining=99 | elapsed=0s | eta≈0s
[2026-09-18 08:07:04] [Training task] Starting | pid=2994 | item=22 | split=intra_subject_aa84e55c2b49 | representation=temporal__all_standard | model=logistic_regression
[2026-09-18 08:07:05] [Training task] Done | pid=2994 | item=22 | split=intra_subject_aa84e55c2b49 | representation=temporal__all_standard | model=logistic_regression | elapsed=1s
[2026-09-18 08:07:05] [Training] Progress 22/120 | remaining=98 | elapsed=1s | eta≈6s
[2026-09-18 08:07:05] [Training task] Starting | pid=2994 | item=23 | split=intra_subject_aa84e55c2b49 | representation=csp_6__all_standard | model=logistic_regression
[2026-09-18 08:07:05] [Training task] Done | pid=2994 | item=23 | split=intra_subject_aa84e55c2b49 | representation=csp_6__all_standard | model=logistic_regression | elapsed=0s
[2026-09-18 08:07:05] [Training] Progress 23/120 | remaining=97 | elapsed=1s | eta≈6s
[2026-09-18 08:07:05] [Training task] Starting | pid=2994 | item=24 | split=intra_subject_aa84e55c2b49 | representation=standardized_signal | model=eegnet
[2026-09-18 08:07:05] [Training task] Done | pid=2994 | item=24 | split=intra_subject_aa84e55c2b49 | representation=standardized_signal | model=eegnet | elapsed=0s
[2026-09-18 08:07:05] [Training] Progress 24/120 | remaining=96 | elapsed=1s | eta≈6s
[2026-09-18 08:07:05] [Training task] Starting | pid=2994 | item=25 | split=intra_subject_b4393ee8bdbb | representation=statistical__all_standard | model=logistic_regression
[2026-09-18 08:07:05] [Training task] Done | pid=2994 | item=25 | split=intra_subject_b4393ee8bdbb | representation=statistical__all_standard | model=logistic_regression | elapsed=0s
[2026-09-18 08:07:05] [Training] Progress 25/120 | remaining=95 | elapsed=1s | eta≈5s
[2026-09-18 08:07:05] [Training task] Starting | pid=2994 | item=26 | split=intra_subject_b4393ee8bdbb | representation=temporal__all_standard | model=logistic_regression
[2026-09-18 08:07:05] [Training task] Done | pid=2994 | item=26 | split=intra_subject_b4393ee8bdbb | representation=temporal__all_standard | model=logistic_regression | elapsed=0s
[2026-09-18 08:07:05] [Training] Progress 26/120 | remaining=94 | elapsed=1s | eta≈5s
[2026-09-18 08:07:05] [Training task] Starting | pid=2994 | item=27 | split=intra_subject_b4393ee8bdbb | representation=csp_6__all_standard | model=logistic_regression
[2026-09-18 08:07:05] [Training task] Done | pid=2994 | item=27 | split=intra_subject_b4393ee8bdbb | representation=csp_6__all_standard | model=logistic_regression | elapsed=0s
[2026-09-18 08:07:05] [Training] Progress 27/120 | remaining=93 | elapsed=1s | eta≈5s
[2026-09-18 08:07:05] [Training task] Starting | pid=2994 | item=28 | split=intra_subject_b4393ee8bdbb | representation=standardized_signal | model=eegnet
[2026-09-18 08:07:05] [Training task] Done | pid=2994 | item=28 | split=intra_subject_b4393ee8bdbb | representation=standardized_signal | model=eegnet | elapsed=0s
[2026-09-18 08:07:05] [Training] Progress 28/120 | remaining=92 | elapsed=1s | eta≈5s
[2026-09-18 08:07:05] [Training task] Starting | pid=2994 | item=29 | split=intra_subject_604dfadb4f2f | representation=statistical__all_standard | model=logistic_regression
[2026-09-18 08:07:05] [Training task] Done | pid=2994 | item=29 | split=intra_subject_604dfadb4f2f | representation=statistical__all_standard | model=logistic_regression | elapsed=0s
[2026-09-18 08:07:05] [Training] Progress 29/120 | remaining=91 | elapsed=1s | eta≈4s
[2026-09-18 08:07:05] [Training task] Starting | pid=2994 | item=30 | split=intra_subject_604dfadb4f2f | representation=temporal__all_standard | model=logistic_regression
[2026-09-18 08:07:05] [Training task] Done | pid=2994 | item=30 | split=intra_subject_604dfadb4f2f | representation=temporal__all_standard | model=logistic_regression | elapsed=0s
[2026-09-18 08:07:05] [Training] Progress 30/120 | remaining=90 | elapsed=1s | eta≈4s
[2026-09-18 08:07:05] [Training task] Starting | pid=2994 | item=31 | split=intra_subject_604dfadb4f2f | representation=csp_6__all_standard | model=logistic_regression
[2026-09-18 08:07:05] [Training task] Done | pid=2994 | item=31 | split=intra_subject_604dfadb4f2f | representation=csp_6__all_standard | model=logistic_regression | elapsed=0s
[2026-09-18 08:07:05] [Training] Progress 31/120 | remaining=89 | elapsed=1s | eta≈4s
[2026-09-18 08:07:05] [Training task] Starting | pid=2994 | item=32 | split=intra_subject_604dfadb4f2f | representation=standardized_signal | model=eegnet
[2026-09-18 08:07:05] [Training task] Done | pid=2994 | item=32 | split=intra_subject_604dfadb4f2f | representation=standardized_signal | model=eegnet | elapsed=0s
[2026-09-18 08:07:05] [Training] Progress 32/120 | remaining=88 | elapsed=1s | eta≈4s
[2026-09-18 08:07:05] [Training task] Starting | pid=2994 | item=33 | split=intra_subject_a1c6ede71db1 | representation=statistical__all_standard | model=logistic_regression
[2026-09-18 08:07:05] [Training task] Done | pid=2994 | item=33 | split=intra_subject_a1c6ede71db1 | representation=statistical__all_standard | model=logistic_regression | elapsed=0s
[2026-09-18 08:07:05] [Training] Progress 33/120 | remaining=87 | elapsed=1s | eta≈4s
[2026-09-18 08:07:05] [Training task] Starting | pid=2994 | item=34 | split=intra_subject_a1c6ede71db1 | representation=temporal__all_standard | model=logistic_regression
[2026-09-18 08:07:05] [Training task] Done | pid=2994 | item=34 | split=intra_subject_a1c6ede71db1 | representation=temporal__all_standard | model=logistic_regression | elapsed=0s
[2026-09-18 08:07:05] [Training] Progress 34/120 | remaining=86 | elapsed=1s | eta≈4s
[2026-09-18 08:07:05] [Training task] Starting | pid=2994 | item=35 | split=intra_subject_a1c6ede71db1 | representation=csp_6__all_standard | model=logistic_regression
[2026-09-18 08:07:05] [Training task] Done | pid=2994 | item=35 | split=intra_subject_a1c6ede71db1 | representation=csp_6__all_standard | model=logistic_regression | elapsed=0s
[2026-09-18 08:07:05] [Training] Progress 35/120 | remaining=85 | elapsed=1s | eta≈3s
[2026-09-18 08:07:05] [Training task] Starting | pid=2994 | item=36 | split=intra_subject_a1c6ede71db1 | representation=standardized_signal | model=eegnet
[2026-09-18 08:07:05] [Training task] Done | pid=2994 | item=36 | split=intra_subject_a1c6ede71db1 | representation=standardized_signal | model=eegnet | elapsed=0s
[2026-09-18 08:07:05] [Training] Progress 36/120 | remaining=84 | elapsed=1s | eta≈3s
[2026-09-18 08:07:05] [Training task] Starting | pid=2994 | item=37 | split=intra_subject_f24c581d2979 | representation=statistical__all_standard | model=logistic_regression
[2026-09-18 08:07:05] [Training task] Done | pid=2994 | item=37 | split=intra_subject_f24c581d2979 | representation=statistical__all_standard | model=logistic_regression | elapsed=0s
[2026-09-18 08:07:05] [Training] Progress 37/120 | remaining=83 | elapsed=1s | eta≈3s
[2026-09-18 08:07:05] [Training task] Starting | pid=2994 | item=38 | split=intra_subject_f24c581d2979 | representation=temporal__all_standard | model=logistic_regression
[2026-09-18 08:07:05] [Training task] Done | pid=2994 | item=38 | split=intra_subject_f24c581d2979 | representation=temporal__all_standard | model=logistic_regression | elapsed=0s
[2026-09-18 08:07:05] [Training] Progress 38/120 | remaining=82 | elapsed=1s | eta≈3s
[2026-09-18 08:07:05] [Training task] Starting | pid=2994 | item=39 | split=intra_subject_f24c581d2979 | representation=csp_6__all_standard | model=logistic_regression
[2026-09-18 08:07:05] [Training task] Done | pid=2994 | item=39 | split=intra_subject_f24c581d2979 | representation=csp_6__all_standard | model=logistic_regression | elapsed=0s
[2026-09-18 08:07:05] [Training] Progress 39/120 | remaining=81 | elapsed=1s | eta≈3s
[2026-09-18 08:07:05] [Training task] Starting | pid=2994 | item=40 | split=intra_subject_f24c581d2979 | representation=standardized_signal | model=eegnet
[2026-09-18 08:07:05] [Training task] Done | pid=2994 | item=40 | split=intra_subject_f24c581d2979 | representation=standardized_signal | model=eegnet | elapsed=0s
[2026-09-18 08:07:05] [Training] Progress 40/120 | remaining=80 | elapsed=1s | eta≈3s
[2026-09-18 08:07:05] [Training task] Starting | pid=2994 | item=41 | split=intra_subject_993d5d452e0f | representation=statistical__all_standard | model=logistic_regression
[2026-09-18 08:07:05] [Training task] Done | pid=2994 | item=41 | split=intra_subject_993d5d452e0f | representation=statistical__all_standard | model=logistic_regression | elapsed=0s
[2026-09-18 08:07:05] [Training] Progress 41/120 | remaining=79 | elapsed=1s | eta≈3s
[2026-09-18 08:07:05] [Training task] Starting | pid=2994 | item=42 | split=intra_subject_993d5d452e0f | representation=temporal__all_standard | model=logistic_regression
[2026-09-18 08:07:07] [Training task] Done | pid=2994 | item=42 | split=intra_subject_993d5d452e0f | representation=temporal__all_standard | model=logistic_regression | elapsed=2s
[2026-09-18 08:07:07] [Training] Progress 42/120 | remaining=78 | elapsed=3s | eta≈6s
[2026-09-18 08:07:07] [Training task] Starting | pid=2994 | item=43 | split=intra_subject_993d5d452e0f | representation=csp_6__all_standard | model=logistic_regression
[2026-09-18 08:07:08] [Training task] Done | pid=2994 | item=43 | split=intra_subject_993d5d452e0f | representation=csp_6__all_standard | model=logistic_regression | elapsed=1s
[2026-09-18 08:07:08] [Training] Progress 43/120 | remaining=77 | elapsed=5s | eta≈8s
[2026-09-18 08:07:08] [Training task] Starting | pid=2994 | item=44 | split=intra_subject_993d5d452e0f | representation=standardized_signal | model=eegnet
[2026-09-18 08:07:08] [Training task] Done | pid=2994 | item=44 | split=intra_subject_993d5d452e0f | representation=standardized_signal | model=eegnet | elapsed=0s
[2026-09-18 08:07:08] [Training] Progress 44/120 | remaining=76 | elapsed=5s | eta≈8s
[2026-09-18 08:07:08] [Training task] Starting | pid=2994 | item=45 | split=intra_subject_1e5db77cac2c | representation=statistical__all_standard | model=logistic_regression
[2026-09-18 08:07:08] [Training task] Done | pid=2994 | item=45 | split=intra_subject_1e5db77cac2c | representation=statistical__all_standard | model=logistic_regression | elapsed=0s
[2026-09-18 08:07:08] [Training] Progress 45/120 | remaining=75 | elapsed=5s | eta≈8s
[2026-09-18 08:07:08] [Training task] Starting | pid=2994 | item=46 | split=intra_subject_1e5db77cac2c | representation=temporal__all_standard | model=logistic_regression
[2026-09-18 08:07:08] [Training task] Done | pid=2994 | item=46 | split=intra_subject_1e5db77cac2c | representation=temporal__all_standard | model=logistic_regression | elapsed=0s
[2026-09-18 08:07:08] [Training] Progress 46/120 | remaining=74 | elapsed=5s | eta≈7s
[2026-09-18 08:07:08] [Training task] Starting | pid=2994 | item=47 | split=intra_subject_1e5db77cac2c | representation=csp_6__all_standard | model=logistic_regression
[2026-09-18 08:07:08] [Training task] Done | pid=2994 | item=47 | split=intra_subject_1e5db77cac2c | representation=csp_6__all_standard | model=logistic_regression | elapsed=0s
[2026-09-18 08:07:08] [Training] Progress 47/120 | remaining=73 | elapsed=5s | eta≈7s
[2026-09-18 08:07:08] [Training task] Starting | pid=2994 | item=48 | split=intra_subject_1e5db77cac2c | representation=standardized_signal | model=eegnet
[2026-09-18 08:07:08] [Training task] Done | pid=2994 | item=48 | split=intra_subject_1e5db77cac2c | representation=standardized_signal | model=eegnet | elapsed=0s
[2026-09-18 08:07:08] [Training] Progress 48/120 | remaining=72 | elapsed=5s | eta≈7s
[2026-09-18 08:07:08] [Training task] Starting | pid=2994 | item=49 | split=intra_subject_c51092413cfa | representation=statistical__all_standard | model=logistic_regression
[2026-09-18 08:07:08] [Training task] Done | pid=2994 | item=49 | split=intra_subject_c51092413cfa | representation=statistical__all_standard | model=logistic_regression | elapsed=0s
[2026-09-18 08:07:08] [Training] Progress 49/120 | remaining=71 | elapsed=5s | eta≈7s
[2026-09-18 08:07:08] [Training task] Starting | pid=2994 | item=50 | split=intra_subject_c51092413cfa | representation=temporal__all_standard | model=logistic_regression
[2026-09-18 08:07:08] [Training task] Done | pid=2994 | item=50 | split=intra_subject_c51092413cfa | representation=temporal__all_standard | model=logistic_regression | elapsed=0s
[2026-09-18 08:07:08] [Training] Progress 50/120 | remaining=70 | elapsed=5s | eta≈6s
[2026-09-18 08:07:08] [Training task] Starting | pid=2994 | item=51 | split=intra_subject_c51092413cfa | representation=csp_6__all_standard | model=logistic_regression
[2026-09-18 08:07:08] [Training task] Done | pid=2994 | item=51 | split=intra_subject_c51092413cfa | representation=csp_6__all_standard | model=logistic_regression | elapsed=0s
[2026-09-18 08:07:08] [Training] Progress 51/120 | remaining=69 | elapsed=5s | eta≈6s
[2026-09-18 08:07:08] [Training task] Starting | pid=2994 | item=52 | split=intra_subject_c51092413cfa | representation=standardized_signal | model=eegnet
[2026-09-18 08:07:08] [Training task] Done | pid=2994 | item=52 | split=intra_subject_c51092413cfa | representation=standardized_signal | model=eegnet | elapsed=0s
[2026-09-18 08:07:08] [Training] Progress 52/120 | remaining=68 | elapsed=5s | eta≈6s
[2026-09-18 08:07:08] [Training task] Starting | pid=2994 | item=53 | split=intra_subject_677cfeacf1be | representation=statistical__all_standard | model=logistic_regression
[2026-09-18 08:07:08] [Training task] Done | pid=2994 | item=53 | split=intra_subject_677cfeacf1be | representation=statistical__all_standard | model=logistic_regression | elapsed=0s
[2026-09-18 08:07:08] [Training] Progress 53/120 | remaining=67 | elapsed=5s | eta≈6s
[2026-09-18 08:07:08] [Training task] Starting | pid=2994 | item=54 | split=intra_subject_677cfeacf1be | representation=temporal__all_standard | model=logistic_regression
[2026-09-18 08:07:08] [Training task] Done | pid=2994 | item=54 | split=intra_subject_677cfeacf1be | representation=temporal__all_standard | model=logistic_regression | elapsed=0s
[2026-09-18 08:07:08] [Training] Progress 54/120 | remaining=66 | elapsed=5s | eta≈6s
[2026-09-18 08:07:08] [Training task] Starting | pid=2994 | item=55 | split=intra_subject_677cfeacf1be | representation=csp_6__all_standard | model=logistic_regression
[2026-09-18 08:07:08] [Training task] Done | pid=2994 | item=55 | split=intra_subject_677cfeacf1be | representation=csp_6__all_standard | model=logistic_regression | elapsed=0s
[2026-09-18 08:07:08] [Training] Progress 55/120 | remaining=65 | elapsed=5s | eta≈5s
[2026-09-18 08:07:08] [Training task] Starting | pid=2994 | item=56 | split=intra_subject_677cfeacf1be | representation=standardized_signal | model=eegnet
[2026-09-18 08:07:08] [Training task] Done | pid=2994 | item=56 | split=intra_subject_677cfeacf1be | representation=standardized_signal | model=eegnet | elapsed=0s
[2026-09-18 08:07:08] [Training] Progress 56/120 | remaining=64 | elapsed=5s | eta≈5s
[2026-09-18 08:07:08] [Training task] Starting | pid=2994 | item=57 | split=intra_subject_e395d6309367 | representation=statistical__all_standard | model=logistic_regression
[2026-09-18 08:07:08] [Training task] Done | pid=2994 | item=57 | split=intra_subject_e395d6309367 | representation=statistical__all_standard | model=logistic_regression | elapsed=0s
[2026-09-18 08:07:08] [Training] Progress 57/120 | remaining=63 | elapsed=5s | eta≈5s
[2026-09-18 08:07:08] [Training task] Starting | pid=2994 | item=58 | split=intra_subject_e395d6309367 | representation=temporal__all_standard | model=logistic_regression
[2026-09-18 08:07:09] [Training task] Done | pid=2994 | item=58 | split=intra_subject_e395d6309367 | representation=temporal__all_standard | model=logistic_regression | elapsed=1s
[2026-09-18 08:07:09] [Training] Progress 58/120 | remaining=62 | elapsed=6s | eta≈6s
[2026-09-18 08:07:09] [Training task] Starting | pid=2994 | item=59 | split=intra_subject_e395d6309367 | representation=csp_6__all_standard | model=logistic_regression
[2026-09-18 08:07:09] [Training task] Done | pid=2994 | item=59 | split=intra_subject_e395d6309367 | representation=csp_6__all_standard | model=logistic_regression | elapsed=0s
[2026-09-18 08:07:09] [Training] Progress 59/120 | remaining=61 | elapsed=6s | eta≈6s
[2026-09-18 08:07:09] [Training task] Starting | pid=2994 | item=60 | split=intra_subject_e395d6309367 | representation=standardized_signal | model=eegnet
[2026-09-18 08:07:09] [Training task] Done | pid=2994 | item=60 | split=intra_subject_e395d6309367 | representation=standardized_signal | model=eegnet | elapsed=0s
[2026-09-18 08:07:09] [Training] Progress 60/120 | remaining=60 | elapsed=6s | eta≈6s
[2026-09-18 08:07:09] [Training task] Starting | pid=2994 | item=61 | split=intra_subject_aa84e55c2b49 | representation=statistical__all_standard | model=logistic_regression
[2026-09-18 08:07:09] [Training task] Done | pid=2994 | item=61 | split=intra_subject_aa84e55c2b49 | representation=statistical__all_standard | model=logistic_regression | elapsed=0s
[2026-09-18 08:07:09] [Training] Progress 61/120 | remaining=59 | elapsed=6s | eta≈5s
[2026-09-18 08:07:09] [Training task] Starting | pid=2994 | item=62 | split=intra_subject_aa84e55c2b49 | representation=temporal__all_standard | model=logistic_regression
[2026-09-18 08:07:09] [Training task] Done | pid=2994 | item=62 | split=intra_subject_aa84e55c2b49 | representation=temporal__all_standard | model=logistic_regression | elapsed=0s
[2026-09-18 08:07:09] [Training] Progress 62/120 | remaining=58 | elapsed=6s | eta≈5s
[2026-09-18 08:07:09] [Training task] Starting | pid=2994 | item=63 | split=intra_subject_aa84e55c2b49 | representation=csp_6__all_standard | model=logistic_regression
[2026-09-18 08:07:09] [Training task] Done | pid=2994 | item=63 | split=intra_subject_aa84e55c2b49 | representation=csp_6__all_standard | model=logistic_regression | elapsed=0s
[2026-09-18 08:07:09] [Training] Progress 63/120 | remaining=57 | elapsed=6s | eta≈5s
[2026-09-18 08:07:09] [Training task] Starting | pid=2994 | item=64 | split=intra_subject_aa84e55c2b49 | representation=standardized_signal | model=eegnet
[2026-09-18 08:07:09] [Training task] Done | pid=2994 | item=64 | split=intra_subject_aa84e55c2b49 | representation=standardized_signal | model=eegnet | elapsed=0s
[2026-09-18 08:07:09] [Training] Progress 64/120 | remaining=56 | elapsed=6s | eta≈5s
[2026-09-18 08:07:09] [Training task] Starting | pid=2994 | item=65 | split=intra_subject_b4393ee8bdbb | representation=statistical__all_standard | model=logistic_regression
[2026-09-18 08:07:11] [Training task] Done | pid=2994 | item=65 | split=intra_subject_b4393ee8bdbb | representation=statistical__all_standard | model=logistic_regression | elapsed=1s
[2026-09-18 08:07:11] [Training] Progress 65/120 | remaining=55 | elapsed=7s | eta≈6s
[2026-09-18 08:07:11] [Training task] Starting | pid=2994 | item=66 | split=intra_subject_b4393ee8bdbb | representation=temporal__all_standard | model=logistic_regression
[2026-09-18 08:07:11] [Training task] Done | pid=2994 | item=66 | split=intra_subject_b4393ee8bdbb | representation=temporal__all_standard | model=logistic_regression | elapsed=0s
[2026-09-18 08:07:11] [Training] Progress 66/120 | remaining=54 | elapsed=7s | eta≈6s
[2026-09-18 08:07:11] [Training task] Starting | pid=2994 | item=67 | split=intra_subject_b4393ee8bdbb | representation=csp_6__all_standard | model=logistic_regression
[2026-09-18 08:07:11] [Training task] Done | pid=2994 | item=67 | split=intra_subject_b4393ee8bdbb | representation=csp_6__all_standard | model=logistic_regression | elapsed=0s
[2026-09-18 08:07:11] [Training] Progress 67/120 | remaining=53 | elapsed=7s | eta≈6s
[2026-09-18 08:07:11] [Training task] Starting | pid=2994 | item=68 | split=intra_subject_b4393ee8bdbb | representation=standardized_signal | model=eegnet
[2026-09-18 08:07:11] [Training task] Done | pid=2994 | item=68 | split=intra_subject_b4393ee8bdbb | representation=standardized_signal | model=eegnet | elapsed=0s
[2026-09-18 08:07:11] [Training] Progress 68/120 | remaining=52 | elapsed=7s | eta≈5s
[2026-09-18 08:07:11] [Training task] Starting | pid=2994 | item=69 | split=intra_subject_604dfadb4f2f | representation=statistical__all_standard | model=logistic_regression
[2026-09-18 08:07:11] [Training task] Done | pid=2994 | item=69 | split=intra_subject_604dfadb4f2f | representation=statistical__all_standard | model=logistic_regression | elapsed=0s
[2026-09-18 08:07:11] [Training] Progress 69/120 | remaining=51 | elapsed=7s | eta≈5s
[2026-09-18 08:07:11] [Training task] Starting | pid=2994 | item=70 | split=intra_subject_604dfadb4f2f | representation=temporal__all_standard | model=logistic_regression
[2026-09-18 08:07:11] [Training task] Done | pid=2994 | item=70 | split=intra_subject_604dfadb4f2f | representation=temporal__all_standard | model=logistic_regression | elapsed=0s
[2026-09-18 08:07:11] [Training] Progress 70/120 | remaining=50 | elapsed=7s | eta≈5s
[2026-09-18 08:07:11] [Training task] Starting | pid=2994 | item=71 | split=intra_subject_604dfadb4f2f | representation=csp_6__all_standard | model=logistic_regression
[2026-09-18 08:07:11] [Training task] Done | pid=2994 | item=71 | split=intra_subject_604dfadb4f2f | representation=csp_6__all_standard | model=logistic_regression | elapsed=0s
[2026-09-18 08:07:11] [Training] Progress 71/120 | remaining=49 | elapsed=7s | eta≈5s
[2026-09-18 08:07:11] [Training task] Starting | pid=2994 | item=72 | split=intra_subject_604dfadb4f2f | representation=standardized_signal | model=eegnet
[2026-09-18 08:07:11] [Training task] Done | pid=2994 | item=72 | split=intra_subject_604dfadb4f2f | representation=standardized_signal | model=eegnet | elapsed=0s
[2026-09-18 08:07:11] [Training] Progress 72/120 | remaining=48 | elapsed=7s | eta≈5s
[2026-09-18 08:07:11] [Training task] Starting | pid=2994 | item=73 | split=intra_subject_a1c6ede71db1 | representation=statistical__all_standard | model=logistic_regression
[2026-09-18 08:07:11] [Training task] Done | pid=2994 | item=73 | split=intra_subject_a1c6ede71db1 | representation=statistical__all_standard | model=logistic_regression | elapsed=0s
[2026-09-18 08:07:11] [Training] Progress 73/120 | remaining=47 | elapsed=7s | eta≈5s
[2026-09-18 08:07:11] [Training task] Starting | pid=2994 | item=74 | split=intra_subject_a1c6ede71db1 | representation=temporal__all_standard | model=logistic_regression
[2026-09-18 08:07:11] [Training task] Done | pid=2994 | item=74 | split=intra_subject_a1c6ede71db1 | representation=temporal__all_standard | model=logistic_regression | elapsed=0s
[2026-09-18 08:07:11] [Training] Progress 74/120 | remaining=46 | elapsed=7s | eta≈4s
[2026-09-18 08:07:11] [Training task] Starting | pid=2994 | item=75 | split=intra_subject_a1c6ede71db1 | representation=csp_6__all_standard | model=logistic_regression
[2026-09-18 08:07:11] [Training task] Done | pid=2994 | item=75 | split=intra_subject_a1c6ede71db1 | representation=csp_6__all_standard | model=logistic_regression | elapsed=0s
[2026-09-18 08:07:11] [Training] Progress 75/120 | remaining=45 | elapsed=7s | eta≈4s
[2026-09-18 08:07:11] [Training task] Starting | pid=2994 | item=76 | split=intra_subject_a1c6ede71db1 | representation=standardized_signal | model=eegnet
[2026-09-18 08:07:11] [Training task] Done | pid=2994 | item=76 | split=intra_subject_a1c6ede71db1 | representation=standardized_signal | model=eegnet | elapsed=0s
[2026-09-18 08:07:11] [Training] Progress 76/120 | remaining=44 | elapsed=7s | eta≈4s
[2026-09-18 08:07:11] [Training task] Starting | pid=2994 | item=77 | split=intra_subject_f24c581d2979 | representation=statistical__all_standard | model=logistic_regression
[2026-09-18 08:07:11] [Training task] Done | pid=2994 | item=77 | split=intra_subject_f24c581d2979 | representation=statistical__all_standard | model=logistic_regression | elapsed=0s
[2026-09-18 08:07:11] [Training] Progress 77/120 | remaining=43 | elapsed=7s | eta≈4s
[2026-09-18 08:07:11] [Training task] Starting | pid=2994 | item=78 | split=intra_subject_f24c581d2979 | representation=temporal__all_standard | model=logistic_regression
[2026-09-18 08:07:11] [Training task] Done | pid=2994 | item=78 | split=intra_subject_f24c581d2979 | representation=temporal__all_standard | model=logistic_regression | elapsed=0s
[2026-09-18 08:07:11] [Training] Progress 78/120 | remaining=42 | elapsed=7s | eta≈4s
[2026-09-18 08:07:11] [Training task] Starting | pid=2994 | item=79 | split=intra_subject_f24c581d2979 | representation=csp_6__all_standard | model=logistic_regression
[2026-09-18 08:07:11] [Training task] Done | pid=2994 | item=79 | split=intra_subject_f24c581d2979 | representation=csp_6__all_standard | model=logistic_regression | elapsed=0s
[2026-09-18 08:07:11] [Training] Progress 79/120 | remaining=41 | elapsed=7s | eta≈4s
[2026-09-18 08:07:11] [Training task] Starting | pid=2994 | item=80 | split=intra_subject_f24c581d2979 | representation=standardized_signal | model=eegnet
[2026-09-18 08:07:11] [Training task] Done | pid=2994 | item=80 | split=intra_subject_f24c581d2979 | representation=standardized_signal | model=eegnet | elapsed=0s
[2026-09-18 08:07:11] [Training] Progress 80/120 | remaining=40 | elapsed=7s | eta≈4s
[2026-09-18 08:07:11] [Training task] Starting | pid=2994 | item=81 | split=intra_subject_993d5d452e0f | representation=statistical__all_standard | model=logistic_regression
[2026-09-18 08:07:12] [Training task] Done | pid=2994 | item=81 | split=intra_subject_993d5d452e0f | representation=statistical__all_standard | model=logistic_regression | elapsed=2s
[2026-09-18 08:07:12] [Training] Progress 81/120 | remaining=39 | elapsed=9s | eta≈4s
[2026-09-18 08:07:12] [Training task] Starting | pid=2994 | item=82 | split=intra_subject_993d5d452e0f | representation=temporal__all_standard | model=logistic_regression
[2026-09-18 08:07:12] [Training task] Done | pid=2994 | item=82 | split=intra_subject_993d5d452e0f | representation=temporal__all_standard | model=logistic_regression | elapsed=0s
[2026-09-18 08:07:12] [Training] Progress 82/120 | remaining=38 | elapsed=9s | eta≈4s
[2026-09-18 08:07:12] [Training task] Starting | pid=2994 | item=83 | split=intra_subject_993d5d452e0f | representation=csp_6__all_standard | model=logistic_regression
[2026-09-18 08:07:12] [Training task] Done | pid=2994 | item=83 | split=intra_subject_993d5d452e0f | representation=csp_6__all_standard | model=logistic_regression | elapsed=0s
[2026-09-18 08:07:12] [Training] Progress 83/120 | remaining=37 | elapsed=9s | eta≈4s
[2026-09-18 08:07:12] [Training task] Starting | pid=2994 | item=84 | split=intra_subject_993d5d452e0f | representation=standardized_signal | model=eegnet
[2026-09-18 08:07:12] [Training task] Done | pid=2994 | item=84 | split=intra_subject_993d5d452e0f | representation=standardized_signal | model=eegnet | elapsed=0s
[2026-09-18 08:07:12] [Training] Progress 84/120 | remaining=36 | elapsed=9s | eta≈4s
[2026-09-18 08:07:12] [Training task] Starting | pid=2994 | item=85 | split=intra_subject_1e5db77cac2c | representation=statistical__all_standard | model=logistic_regression
[2026-09-18 08:07:12] [Training task] Done | pid=2994 | item=85 | split=intra_subject_1e5db77cac2c | representation=statistical__all_standard | model=logistic_regression | elapsed=0s
[2026-09-18 08:07:12] [Training] Progress 85/120 | remaining=35 | elapsed=9s | eta≈4s
[2026-09-18 08:07:12] [Training task] Starting | pid=2994 | item=86 | split=intra_subject_1e5db77cac2c | representation=temporal__all_standard | model=logistic_regression
[2026-09-18 08:07:12] [Training task] Done | pid=2994 | item=86 | split=intra_subject_1e5db77cac2c | representation=temporal__all_standard | model=logistic_regression | elapsed=0s
[2026-09-18 08:07:12] [Training] Progress 86/120 | remaining=34 | elapsed=9s | eta≈3s
[2026-09-18 08:07:12] [Training task] Starting | pid=2994 | item=87 | split=intra_subject_1e5db77cac2c | representation=csp_6__all_standard | model=logistic_regression
[2026-09-18 08:07:12] [Training task] Done | pid=2994 | item=87 | split=intra_subject_1e5db77cac2c | representation=csp_6__all_standard | model=logistic_regression | elapsed=0s
[2026-09-18 08:07:12] [Training] Progress 87/120 | remaining=33 | elapsed=9s | eta≈3s
[2026-09-18 08:07:12] [Training task] Starting | pid=2994 | item=88 | split=intra_subject_1e5db77cac2c | representation=standardized_signal | model=eegnet
[2026-09-18 08:07:12] [Training task] Done | pid=2994 | item=88 | split=intra_subject_1e5db77cac2c | representation=standardized_signal | model=eegnet | elapsed=0s
[2026-09-18 08:07:12] [Training] Progress 88/120 | remaining=32 | elapsed=9s | eta≈3s
[2026-09-18 08:07:12] [Training task] Starting | pid=2994 | item=89 | split=intra_subject_c51092413cfa | representation=statistical__all_standard | model=logistic_regression
[2026-09-18 08:07:12] [Training task] Done | pid=2994 | item=89 | split=intra_subject_c51092413cfa | representation=statistical__all_standard | model=logistic_regression | elapsed=0s
[2026-09-18 08:07:12] [Training] Progress 89/120 | remaining=31 | elapsed=9s | eta≈3s
[2026-09-18 08:07:12] [Training task] Starting | pid=2994 | item=90 | split=intra_subject_c51092413cfa | representation=temporal__all_standard | model=logistic_regression
[2026-09-18 08:07:12] [Training task] Done | pid=2994 | item=90 | split=intra_subject_c51092413cfa | representation=temporal__all_standard | model=logistic_regression | elapsed=0s
[2026-09-18 08:07:12] [Training] Progress 90/120 | remaining=30 | elapsed=9s | eta≈3s
[2026-09-18 08:07:12] [Training task] Starting | pid=2994 | item=91 | split=intra_subject_c51092413cfa | representation=csp_6__all_standard | model=logistic_regression
[2026-09-18 08:07:12] [Training task] Done | pid=2994 | item=91 | split=intra_subject_c51092413cfa | representation=csp_6__all_standard | model=logistic_regression | elapsed=0s
[2026-09-18 08:07:12] [Training] Progress 91/120 | remaining=29 | elapsed=9s | eta≈3s
[2026-09-18 08:07:12] [Training task] Starting | pid=2994 | item=92 | split=intra_subject_c51092413cfa | representation=standardized_signal | model=eegnet
[2026-09-18 08:07:12] [Training task] Done | pid=2994 | item=92 | split=intra_subject_c51092413cfa | representation=standardized_signal | model=eegnet | elapsed=0s
[2026-09-18 08:07:12] [Training] Progress 92/120 | remaining=28 | elapsed=9s | eta≈3s
[2026-09-18 08:07:12] [Training task] Starting | pid=2994 | item=93 | split=intra_subject_677cfeacf1be | representation=statistical__all_standard | model=logistic_regression
[2026-09-18 08:07:12] [Training task] Done | pid=2994 | item=93 | split=intra_subject_677cfeacf1be | representation=statistical__all_standard | model=logistic_regression | elapsed=0s
[2026-09-18 08:07:12] [Training] Progress 93/120 | remaining=27 | elapsed=9s | eta≈3s
[2026-09-18 08:07:12] [Training task] Starting | pid=2994 | item=94 | split=intra_subject_677cfeacf1be | representation=temporal__all_standard | model=logistic_regression
[2026-09-18 08:07:12] [Training task] Done | pid=2994 | item=94 | split=intra_subject_677cfeacf1be | representation=temporal__all_standard | model=logistic_regression | elapsed=0s
[2026-09-18 08:07:12] [Training] Progress 94/120 | remaining=26 | elapsed=9s | eta≈2s
[2026-09-18 08:07:12] [Training task] Starting | pid=2994 | item=95 | split=intra_subject_677cfeacf1be | representation=csp_6__all_standard | model=logistic_regression
[2026-09-18 08:07:12] [Training task] Done | pid=2994 | item=95 | split=intra_subject_677cfeacf1be | representation=csp_6__all_standard | model=logistic_regression | elapsed=0s
[2026-09-18 08:07:12] [Training] Progress 95/120 | remaining=25 | elapsed=9s | eta≈2s
[2026-09-18 08:07:12] [Training task] Starting | pid=2994 | item=96 | split=intra_subject_677cfeacf1be | representation=standardized_signal | model=eegnet
[2026-09-18 08:07:12] [Training task] Done | pid=2994 | item=96 | split=intra_subject_677cfeacf1be | representation=standardized_signal | model=eegnet | elapsed=0s
[2026-09-18 08:07:12] [Training] Progress 96/120 | remaining=24 | elapsed=9s | eta≈2s
[2026-09-18 08:07:12] [Training task] Starting | pid=2994 | item=97 | split=intra_subject_e395d6309367 | representation=statistical__all_standard | model=logistic_regression
[2026-09-18 08:07:12] [Training task] Done | pid=2994 | item=97 | split=intra_subject_e395d6309367 | representation=statistical__all_standard | model=logistic_regression | elapsed=0s
[2026-09-18 08:07:12] [Training] Progress 97/120 | remaining=23 | elapsed=9s | eta≈2s
[2026-09-18 08:07:12] [Training task] Starting | pid=2994 | item=98 | split=intra_subject_e395d6309367 | representation=temporal__all_standard | model=logistic_regression
[2026-09-18 08:07:12] [Training task] Done | pid=2994 | item=98 | split=intra_subject_e395d6309367 | representation=temporal__all_standard | model=logistic_regression | elapsed=0s
[2026-09-18 08:07:12] [Training] Progress 98/120 | remaining=22 | elapsed=9s | eta≈2s
[2026-09-18 08:07:12] [Training task] Starting | pid=2994 | item=99 | split=intra_subject_e395d6309367 | representation=csp_6__all_standard | model=logistic_regression
[2026-09-18 08:07:12] [Training task] Done | pid=2994 | item=99 | split=intra_subject_e395d6309367 | representation=csp_6__all_standard | model=logistic_regression | elapsed=0s
[2026-09-18 08:07:12] [Training] Progress 99/120 | remaining=21 | elapsed=9s | eta≈2s
[2026-09-18 08:07:12] [Training task] Starting | pid=2994 | item=100 | split=intra_subject_e395d6309367 | representation=standardized_signal | model=eegnet
[2026-09-18 08:07:12] [Training task] Done | pid=2994 | item=100 | split=intra_subject_e395d6309367 | representation=standardized_signal | model=eegnet | elapsed=0s
[2026-09-18 08:07:12] [Training] Progress 100/120 | remaining=20 | elapsed=9s | eta≈2s
[2026-09-18 08:07:12] [Training task] Starting | pid=2994 | item=101 | split=intra_subject_aa84e55c2b49 | representation=statistical__all_standard | model=logistic_regression
[2026-09-18 08:07:12] [Training task] Done | pid=2994 | item=101 | split=intra_subject_aa84e55c2b49 | representation=statistical__all_standard | model=logistic_regression | elapsed=0s
[2026-09-18 08:07:12] [Training] Progress 101/120 | remaining=19 | elapsed=9s | eta≈2s
[2026-09-18 08:07:12] [Training task] Starting | pid=2994 | item=102 | split=intra_subject_aa84e55c2b49 | representation=temporal__all_standard | model=logistic_regression
[2026-09-18 08:07:12] [Training task] Done | pid=2994 | item=102 | split=intra_subject_aa84e55c2b49 | representation=temporal__all_standard | model=logistic_regression | elapsed=0s
[2026-09-18 08:07:12] [Training] Progress 102/120 | remaining=18 | elapsed=9s | eta≈2s
[2026-09-18 08:07:12] [Training task] Starting | pid=2994 | item=103 | split=intra_subject_aa84e55c2b49 | representation=csp_6__all_standard | model=logistic_regression
[2026-09-18 08:07:12] [Training task] Done | pid=2994 | item=103 | split=intra_subject_aa84e55c2b49 | representation=csp_6__all_standard | model=logistic_regression | elapsed=0s
[2026-09-18 08:07:12] [Training] Progress 103/120 | remaining=17 | elapsed=9s | eta≈1s
[2026-09-18 08:07:12] [Training task] Starting | pid=2994 | item=104 | split=intra_subject_aa84e55c2b49 | representation=standardized_signal | model=eegnet
[2026-09-18 08:07:12] [Training task] Done | pid=2994 | item=104 | split=intra_subject_aa84e55c2b49 | representation=standardized_signal | model=eegnet | elapsed=0s
[2026-09-18 08:07:12] [Training] Progress 104/120 | remaining=16 | elapsed=9s | eta≈1s
[2026-09-18 08:07:12] [Training task] Starting | pid=2994 | item=105 | split=intra_subject_b4393ee8bdbb | representation=statistical__all_standard | model=logistic_regression
[2026-09-18 08:07:12] [Training task] Done | pid=2994 | item=105 | split=intra_subject_b4393ee8bdbb | representation=statistical__all_standard | model=logistic_regression | elapsed=0s
[2026-09-18 08:07:12] [Training] Progress 105/120 | remaining=15 | elapsed=9s | eta≈1s
[2026-09-18 08:07:12] [Training task] Starting | pid=2994 | item=106 | split=intra_subject_b4393ee8bdbb | representation=temporal__all_standard | model=logistic_regression
[2026-09-18 08:07:12] [Training task] Done | pid=2994 | item=106 | split=intra_subject_b4393ee8bdbb | representation=temporal__all_standard | model=logistic_regression | elapsed=0s
[2026-09-18 08:07:12] [Training] Progress 106/120 | remaining=14 | elapsed=9s | eta≈1s
[2026-09-18 08:07:12] [Training task] Starting | pid=2994 | item=107 | split=intra_subject_b4393ee8bdbb | representation=csp_6__all_standard | model=logistic_regression
[2026-09-18 08:07:12] [Training task] Done | pid=2994 | item=107 | split=intra_subject_b4393ee8bdbb | representation=csp_6__all_standard | model=logistic_regression | elapsed=0s
[2026-09-18 08:07:12] [Training] Progress 107/120 | remaining=13 | elapsed=9s | eta≈1s
[2026-09-18 08:07:12] [Training task] Starting | pid=2994 | item=108 | split=intra_subject_b4393ee8bdbb | representation=standardized_signal | model=eegnet
[2026-09-18 08:07:12] [Training task] Done | pid=2994 | item=108 | split=intra_subject_b4393ee8bdbb | representation=standardized_signal | model=eegnet | elapsed=0s
[2026-09-18 08:07:12] [Training] Progress 108/120 | remaining=12 | elapsed=9s | eta≈1s
[2026-09-18 08:07:12] [Training task] Starting | pid=2994 | item=109 | split=intra_subject_604dfadb4f2f | representation=statistical__all_standard | model=logistic_regression
[2026-09-18 08:07:12] [Training task] Done | pid=2994 | item=109 | split=intra_subject_604dfadb4f2f | representation=statistical__all_standard | model=logistic_regression | elapsed=0s
[2026-09-18 08:07:12] [Training] Progress 109/120 | remaining=11 | elapsed=9s | eta≈1s
[2026-09-18 08:07:12] [Training task] Starting | pid=2994 | item=110 | split=intra_subject_604dfadb4f2f | representation=temporal__all_standard | model=logistic_regression
[2026-09-18 08:07:12] [Training task] Done | pid=2994 | item=110 | split=intra_subject_604dfadb4f2f | representation=temporal__all_standard | model=logistic_regression | elapsed=0s
[2026-09-18 08:07:12] [Training] Progress 110/120 | remaining=10 | elapsed=9s | eta≈1s
[2026-09-18 08:07:12] [Training task] Starting | pid=2994 | item=111 | split=intra_subject_604dfadb4f2f | representation=csp_6__all_standard | model=logistic_regression
[2026-09-18 08:07:12] [Training task] Done | pid=2994 | item=111 | split=intra_subject_604dfadb4f2f | representation=csp_6__all_standard | model=logistic_regression | elapsed=0s
[2026-09-18 08:07:12] [Training] Progress 111/120 | remaining=9 | elapsed=9s | eta≈1s
[2026-09-18 08:07:12] [Training task] Starting | pid=2994 | item=112 | split=intra_subject_604dfadb4f2f | representation=standardized_signal | model=eegnet
[2026-09-18 08:07:12] [Training task] Done | pid=2994 | item=112 | split=intra_subject_604dfadb4f2f | representation=standardized_signal | model=eegnet | elapsed=0s
[2026-09-18 08:07:12] [Training] Progress 112/120 | remaining=8 | elapsed=9s | eta≈1s
[2026-09-18 08:07:12] [Training task] Starting | pid=2994 | item=113 | split=intra_subject_a1c6ede71db1 | representation=statistical__all_standard | model=logistic_regression
[2026-09-18 08:07:12] [Training task] Done | pid=2994 | item=113 | split=intra_subject_a1c6ede71db1 | representation=statistical__all_standard | model=logistic_regression | elapsed=0s
[2026-09-18 08:07:12] [Training] Progress 113/120 | remaining=7 | elapsed=9s | eta≈1s
[2026-09-18 08:07:12] [Training task] Starting | pid=2994 | item=114 | split=intra_subject_a1c6ede71db1 | representation=temporal__all_standard | model=logistic_regression
[2026-09-18 08:07:12] [Training task] Done | pid=2994 | item=114 | split=intra_subject_a1c6ede71db1 | representation=temporal__all_standard | model=logistic_regression | elapsed=0s
[2026-09-18 08:07:12] [Training] Progress 114/120 | remaining=6 | elapsed=9s | eta≈0s
[2026-09-18 08:07:12] [Training task] Starting | pid=2994 | item=115 | split=intra_subject_a1c6ede71db1 | representation=csp_6__all_standard | model=logistic_regression
[2026-09-18 08:07:12] [Training task] Done | pid=2994 | item=115 | split=intra_subject_a1c6ede71db1 | representation=csp_6__all_standard | model=logistic_regression | elapsed=0s
[2026-09-18 08:07:12] [Training] Progress 115/120 | remaining=5 | elapsed=9s | eta≈0s
[2026-09-18 08:07:12] [Training task] Starting | pid=2994 | item=116 | split=intra_subject_a1c6ede71db1 | representation=standardized_signal | model=eegnet
[2026-09-18 08:07:12] [Training task] Done | pid=2994 | item=116 | split=intra_subject_a1c6ede71db1 | representation=standardized_signal | model=eegnet | elapsed=0s
[2026-09-18 08:07:12] [Training] Progress 116/120 | remaining=4 | elapsed=9s | eta≈0s
[2026-09-18 08:07:12] [Training task] Starting | pid=2994 | item=117 | split=intra_subject_f24c581d2979 | representation=statistical__all_standard | model=logistic_regression
[2026-09-18 08:07:14] [Training task] Done | pid=2994 | item=117 | split=intra_subject_f24c581d2979 | representation=statistical__all_standard | model=logistic_regression | elapsed=2s
[2026-09-18 08:07:14] [Training] Progress 117/120 | remaining=3 | elapsed=10s | eta≈0s
[2026-09-18 08:07:14] [Training task] Starting | pid=2994 | item=118 | split=intra_subject_f24c581d2979 | representation=temporal__all_standard | model=logistic_regression
[2026-09-18 08:07:15] [Training task] Done | pid=2994 | item=118 | split=intra_subject_f24c581d2979 | representation=temporal__all_standard | model=logistic_regression | elapsed=1s
[2026-09-18 08:07:15] [Training] Progress 118/120 | remaining=2 | elapsed=11s | eta≈0s
[2026-09-18 08:07:15] [Training task] Starting | pid=2994 | item=119 | split=intra_subject_f24c581d2979 | representation=csp_6__all_standard | model=logistic_regression
[2026-09-18 08:07:15] [Training task] Done | pid=2994 | item=119 | split=intra_subject_f24c581d2979 | representation=csp_6__all_standard | model=logistic_regression | elapsed=0s
[2026-09-18 08:07:15] [Training] Progress 119/120 | remaining=1 | elapsed=11s | eta≈0s
[2026-09-18 08:07:15] [Training task] Starting | pid=2994 | item=120 | split=intra_subject_f24c581d2979 | representation=standardized_signal | model=eegnet
[2026-09-18 08:07:15] [Training task] Done | pid=2994 | item=120 | split=intra_subject_f24c581d2979 | representation=standardized_signal | model=eegnet | elapsed=0s
[2026-09-18 08:07:15] [Training] Progress 120/120 | remaining=0 | elapsed=11s | eta≈0s
[2026-09-18 08:07:15] [Training] Done | elapsed=11s
[2026-09-18 08:07:15] [Evaluation] Starting...
[2026-09-18 08:07:15] [Evaluation] Done | elapsed=0s
[2026-09-18 08:07:15] [Benchmark] Starting...
[2026-09-18 08:07:15] [Benchmark] Done | elapsed=0s
[2026-09-18 08:07:15] [Paper 1 Analysis] Starting...
[Paper 1] Waiting for scenarios: cross_subject
[2026-09-18 08:07:15] [Paper 1 Analysis] Done | elapsed=0s
[2026-09-18 08:07:15] [Pipeline] Finished | total=25s
