[2026-09-18 00:40:00] [Pipeline] Starting | pid=94150 | scenario=cross_session | workers=1
[2026-09-18 00:40:00] [Pipeline] Params | main/feature_grid/params/cross_session/params_zhou.py
[2026-09-18 00:40:00] [Preprocessing] Starting...
[2026-09-18 00:40:03] [Preprocessing] Done | elapsed=3s
[2026-09-18 00:40:03] [Scenarios] Starting...
[2026-09-18 00:40:03] [Scenarios] Done | elapsed=0s
[2026-09-18 00:40:03] [Representation] Starting...
[2026-09-18 00:40:03] [Representation] Tasks=144 | workers=1
[2026-09-18 00:40:03] [Representation task] Starting | pid=94150 | split=cross_session_19d2548920ce | group=zhou_cross_session_broad_1_38 | representation=statistical__all_standard
[2026-09-18 00:40:03] [Representation task] Done | pid=94150 | split=cross_session_19d2548920ce | group=zhou_cross_session_broad_1_38 | representation=statistical__all_standard | elapsed=0s
[2026-09-18 00:40:03] [Representation] Progress 1/144 | remaining=143 | elapsed=0s | eta≈1.2m
[2026-09-18 00:40:03] [Representation task] Starting | pid=94150 | split=cross_session_19d2548920ce | group=zhou_cross_session_broad_1_38 | representation=temporal__all_standard
[2026-09-18 00:40:04] [Representation task] Done | pid=94150 | split=cross_session_19d2548920ce | group=zhou_cross_session_broad_1_38 | representation=temporal__all_standard | elapsed=0s
[2026-09-18 00:40:04] [Representation] Progress 2/144 | remaining=142 | elapsed=1s | eta≈47s
[2026-09-18 00:40:04] [Representation task] Starting | pid=94150 | split=cross_session_19d2548920ce | group=zhou_cross_session_broad_1_38 | representation=csp_6__all_standard
[2026-09-18 00:40:04] [Representation task] Done | pid=94150 | split=cross_session_19d2548920ce | group=zhou_cross_session_broad_1_38 | representation=csp_6__all_standard | elapsed=0s
[2026-09-18 00:40:04] [Representation] Progress 3/144 | remaining=141 | elapsed=1s | eta≈40s
[2026-09-18 00:40:04] [Representation task] Starting | pid=94150 | split=cross_session_19d2548920ce | group=zhou_cross_session_broad_1_38 | representation=standardized_signal
[2026-09-18 00:40:04] [Representation task] Done | pid=94150 | split=cross_session_19d2548920ce | group=zhou_cross_session_broad_1_38 | representation=standardized_signal | elapsed=0s
[2026-09-18 00:40:04] [Representation] Progress 4/144 | remaining=140 | elapsed=1s | eta≈32s
[2026-09-18 00:40:04] [Representation task] Starting | pid=94150 | split=cross_session_016111ec6d53 | group=zhou_cross_session_broad_1_38 | representation=statistical__all_standard
[2026-09-18 00:40:05] [Representation task] Done | pid=94150 | split=cross_session_016111ec6d53 | group=zhou_cross_session_broad_1_38 | representation=statistical__all_standard | elapsed=1s
[2026-09-18 00:40:05] [Representation] Progress 5/144 | remaining=139 | elapsed=2s | eta≈46s
[2026-09-18 00:40:05] [Representation task] Starting | pid=94150 | split=cross_session_016111ec6d53 | group=zhou_cross_session_broad_1_38 | representation=temporal__all_standard
[2026-09-18 00:40:05] [Representation task] Done | pid=94150 | split=cross_session_016111ec6d53 | group=zhou_cross_session_broad_1_38 | representation=temporal__all_standard | elapsed=0s
[2026-09-18 00:40:05] [Representation] Progress 6/144 | remaining=138 | elapsed=2s | eta≈42s
[2026-09-18 00:40:05] [Representation task] Starting | pid=94150 | split=cross_session_016111ec6d53 | group=zhou_cross_session_broad_1_38 | representation=csp_6__all_standard
[2026-09-18 00:40:05] [Representation task] Done | pid=94150 | split=cross_session_016111ec6d53 | group=zhou_cross_session_broad_1_38 | representation=csp_6__all_standard | elapsed=0s
[2026-09-18 00:40:05] [Representation] Progress 7/144 | remaining=137 | elapsed=2s | eta≈39s
[2026-09-18 00:40:05] [Representation task] Starting | pid=94150 | split=cross_session_016111ec6d53 | group=zhou_cross_session_broad_1_38 | representation=standardized_signal
[2026-09-18 00:40:05] [Representation task] Done | pid=94150 | split=cross_session_016111ec6d53 | group=zhou_cross_session_broad_1_38 | representation=standardized_signal | elapsed=0s
[2026-09-18 00:40:05] [Representation] Progress 8/144 | remaining=136 | elapsed=2s | eta≈35s
[2026-09-18 00:40:05] [Representation task] Starting | pid=94150 | split=cross_session_e21fc9e540fd | group=zhou_cross_session_broad_1_38 | representation=statistical__all_standard
[2026-09-18 00:40:06] [Representation task] Done | pid=94150 | split=cross_session_e21fc9e540fd | group=zhou_cross_session_broad_1_38 | representation=statistical__all_standard | elapsed=1s
[2026-09-18 00:40:06] [Representation] Progress 9/144 | remaining=135 | elapsed=3s | eta≈40s
[2026-09-18 00:40:06] [Representation task] Starting | pid=94150 | split=cross_session_e21fc9e540fd | group=zhou_cross_session_broad_1_38 | representation=temporal__all_standard
[2026-09-18 00:40:06] [Representation task] Done | pid=94150 | split=cross_session_e21fc9e540fd | group=zhou_cross_session_broad_1_38 | representation=temporal__all_standard | elapsed=0s
[2026-09-18 00:40:06] [Representation] Progress 10/144 | remaining=134 | elapsed=3s | eta≈38s
[2026-09-18 00:40:06] [Representation task] Starting | pid=94150 | split=cross_session_e21fc9e540fd | group=zhou_cross_session_broad_1_38 | representation=csp_6__all_standard
[2026-09-18 00:40:06] [Representation task] Done | pid=94150 | split=cross_session_e21fc9e540fd | group=zhou_cross_session_broad_1_38 | representation=csp_6__all_standard | elapsed=0s
[2026-09-18 00:40:06] [Representation] Progress 11/144 | remaining=133 | elapsed=3s | eta≈36s
[2026-09-18 00:40:06] [Representation task] Starting | pid=94150 | split=cross_session_e21fc9e540fd | group=zhou_cross_session_broad_1_38 | representation=standardized_signal
[2026-09-18 00:40:06] [Representation task] Done | pid=94150 | split=cross_session_e21fc9e540fd | group=zhou_cross_session_broad_1_38 | representation=standardized_signal | elapsed=0s
[2026-09-18 00:40:06] [Representation] Progress 12/144 | remaining=132 | elapsed=3s | eta≈34s
[2026-09-18 00:40:06] [Representation task] Starting | pid=94150 | split=cross_session_5fec25c5d9e3 | group=zhou_cross_session_broad_1_38 | representation=statistical__all_standard
[2026-09-18 00:40:06] [Representation task] Done | pid=94150 | split=cross_session_5fec25c5d9e3 | group=zhou_cross_session_broad_1_38 | representation=statistical__all_standard | elapsed=0s
[2026-09-18 00:40:06] [Representation] Progress 13/144 | remaining=131 | elapsed=3s | eta≈35s
[2026-09-18 00:40:06] [Representation task] Starting | pid=94150 | split=cross_session_5fec25c5d9e3 | group=zhou_cross_session_broad_1_38 | representation=temporal__all_standard
[2026-09-18 00:40:06] [Representation task] Done | pid=94150 | split=cross_session_5fec25c5d9e3 | group=zhou_cross_session_broad_1_38 | representation=temporal__all_standard | elapsed=0s
[2026-09-18 00:40:06] [Representation] Progress 14/144 | remaining=130 | elapsed=4s | eta≈34s
[2026-09-18 00:40:06] [Representation task] Starting | pid=94150 | split=cross_session_5fec25c5d9e3 | group=zhou_cross_session_broad_1_38 | representation=csp_6__all_standard
[2026-09-18 00:40:07] [Representation task] Done | pid=94150 | split=cross_session_5fec25c5d9e3 | group=zhou_cross_session_broad_1_38 | representation=csp_6__all_standard | elapsed=0s
[2026-09-18 00:40:07] [Representation] Progress 15/144 | remaining=129 | elapsed=4s | eta≈32s
[2026-09-18 00:40:07] [Representation task] Starting | pid=94150 | split=cross_session_5fec25c5d9e3 | group=zhou_cross_session_broad_1_38 | representation=standardized_signal
[2026-09-18 00:40:07] [Representation task] Done | pid=94150 | split=cross_session_5fec25c5d9e3 | group=zhou_cross_session_broad_1_38 | representation=standardized_signal | elapsed=0s
[2026-09-18 00:40:07] [Representation] Progress 16/144 | remaining=128 | elapsed=4s | eta≈31s
[2026-09-18 00:40:07] [Representation task] Starting | pid=94150 | split=cross_session_9287b0e7d963 | group=zhou_cross_session_broad_1_38 | representation=statistical__all_standard
[2026-09-18 00:40:07] [Representation task] Done | pid=94150 | split=cross_session_9287b0e7d963 | group=zhou_cross_session_broad_1_38 | representation=statistical__all_standard | elapsed=0s
[2026-09-18 00:40:07] [Representation] Progress 17/144 | remaining=127 | elapsed=4s | eta≈32s
[2026-09-18 00:40:07] [Representation task] Starting | pid=94150 | split=cross_session_9287b0e7d963 | group=zhou_cross_session_broad_1_38 | representation=temporal__all_standard
[2026-09-18 00:40:07] [Representation task] Done | pid=94150 | split=cross_session_9287b0e7d963 | group=zhou_cross_session_broad_1_38 | representation=temporal__all_standard | elapsed=0s
[2026-09-18 00:40:07] [Representation] Progress 18/144 | remaining=126 | elapsed=4s | eta≈31s
[2026-09-18 00:40:07] [Representation task] Starting | pid=94150 | split=cross_session_9287b0e7d963 | group=zhou_cross_session_broad_1_38 | representation=csp_6__all_standard
[2026-09-18 00:40:07] [Representation task] Done | pid=94150 | split=cross_session_9287b0e7d963 | group=zhou_cross_session_broad_1_38 | representation=csp_6__all_standard | elapsed=0s
[2026-09-18 00:40:07] [Representation] Progress 19/144 | remaining=125 | elapsed=5s | eta≈30s
[2026-09-18 00:40:07] [Representation task] Starting | pid=94150 | split=cross_session_9287b0e7d963 | group=zhou_cross_session_broad_1_38 | representation=standardized_signal
[2026-09-18 00:40:07] [Representation task] Done | pid=94150 | split=cross_session_9287b0e7d963 | group=zhou_cross_session_broad_1_38 | representation=standardized_signal | elapsed=0s
[2026-09-18 00:40:07] [Representation] Progress 20/144 | remaining=124 | elapsed=5s | eta≈29s
[2026-09-18 00:40:07] [Representation task] Starting | pid=94150 | split=cross_session_1319f0eca7a4 | group=zhou_cross_session_broad_1_38 | representation=statistical__all_standard
[2026-09-18 00:40:08] [Representation task] Done | pid=94150 | split=cross_session_1319f0eca7a4 | group=zhou_cross_session_broad_1_38 | representation=statistical__all_standard | elapsed=0s
[2026-09-18 00:40:08] [Representation] Progress 21/144 | remaining=123 | elapsed=5s | eta≈30s
[2026-09-18 00:40:08] [Representation task] Starting | pid=94150 | split=cross_session_1319f0eca7a4 | group=zhou_cross_session_broad_1_38 | representation=temporal__all_standard
[2026-09-18 00:40:08] [Representation task] Done | pid=94150 | split=cross_session_1319f0eca7a4 | group=zhou_cross_session_broad_1_38 | representation=temporal__all_standard | elapsed=0s
[2026-09-18 00:40:08] [Representation] Progress 22/144 | remaining=122 | elapsed=5s | eta≈29s
[2026-09-18 00:40:08] [Representation task] Starting | pid=94150 | split=cross_session_1319f0eca7a4 | group=zhou_cross_session_broad_1_38 | representation=csp_6__all_standard
[2026-09-18 00:40:08] [Representation task] Done | pid=94150 | split=cross_session_1319f0eca7a4 | group=zhou_cross_session_broad_1_38 | representation=csp_6__all_standard | elapsed=0s
[2026-09-18 00:40:08] [Representation] Progress 23/144 | remaining=121 | elapsed=5s | eta≈28s
[2026-09-18 00:40:08] [Representation task] Starting | pid=94150 | split=cross_session_1319f0eca7a4 | group=zhou_cross_session_broad_1_38 | representation=standardized_signal
[2026-09-18 00:40:08] [Representation task] Done | pid=94150 | split=cross_session_1319f0eca7a4 | group=zhou_cross_session_broad_1_38 | representation=standardized_signal | elapsed=0s
[2026-09-18 00:40:08] [Representation] Progress 24/144 | remaining=120 | elapsed=5s | eta≈27s
[2026-09-18 00:40:08] [Representation task] Starting | pid=94150 | split=cross_session_b2af4721298d | group=zhou_cross_session_broad_1_38 | representation=statistical__all_standard
[2026-09-18 00:40:09] [Representation task] Done | pid=94150 | split=cross_session_b2af4721298d | group=zhou_cross_session_broad_1_38 | representation=statistical__all_standard | elapsed=1s
[2026-09-18 00:40:09] [Representation] Progress 25/144 | remaining=119 | elapsed=6s | eta≈28s
[2026-09-18 00:40:09] [Representation task] Starting | pid=94150 | split=cross_session_b2af4721298d | group=zhou_cross_session_broad_1_38 | representation=temporal__all_standard
[2026-09-18 00:40:09] [Representation task] Done | pid=94150 | split=cross_session_b2af4721298d | group=zhou_cross_session_broad_1_38 | representation=temporal__all_standard | elapsed=0s
[2026-09-18 00:40:09] [Representation] Progress 26/144 | remaining=118 | elapsed=6s | eta≈28s
[2026-09-18 00:40:09] [Representation task] Starting | pid=94150 | split=cross_session_b2af4721298d | group=zhou_cross_session_broad_1_38 | representation=csp_6__all_standard
[2026-09-18 00:40:09] [Representation task] Done | pid=94150 | split=cross_session_b2af4721298d | group=zhou_cross_session_broad_1_38 | representation=csp_6__all_standard | elapsed=0s
[2026-09-18 00:40:09] [Representation] Progress 27/144 | remaining=117 | elapsed=6s | eta≈27s
[2026-09-18 00:40:09] [Representation task] Starting | pid=94150 | split=cross_session_b2af4721298d | group=zhou_cross_session_broad_1_38 | representation=standardized_signal
[2026-09-18 00:40:09] [Representation task] Done | pid=94150 | split=cross_session_b2af4721298d | group=zhou_cross_session_broad_1_38 | representation=standardized_signal | elapsed=0s
[2026-09-18 00:40:09] [Representation] Progress 28/144 | remaining=116 | elapsed=6s | eta≈26s
[2026-09-18 00:40:09] [Representation task] Starting | pid=94150 | split=cross_session_65539e158fb4 | group=zhou_cross_session_broad_1_38 | representation=statistical__all_standard
[2026-09-18 00:40:10] [Representation task] Done | pid=94150 | split=cross_session_65539e158fb4 | group=zhou_cross_session_broad_1_38 | representation=statistical__all_standard | elapsed=0s
[2026-09-18 00:40:10] [Representation] Progress 29/144 | remaining=115 | elapsed=7s | eta≈27s
[2026-09-18 00:40:10] [Representation task] Starting | pid=94150 | split=cross_session_65539e158fb4 | group=zhou_cross_session_broad_1_38 | representation=temporal__all_standard
[2026-09-18 00:40:10] [Representation task] Done | pid=94150 | split=cross_session_65539e158fb4 | group=zhou_cross_session_broad_1_38 | representation=temporal__all_standard | elapsed=0s
[2026-09-18 00:40:10] [Representation] Progress 30/144 | remaining=114 | elapsed=7s | eta≈26s
[2026-09-18 00:40:10] [Representation task] Starting | pid=94150 | split=cross_session_65539e158fb4 | group=zhou_cross_session_broad_1_38 | representation=csp_6__all_standard
[2026-09-18 00:40:10] [Representation task] Done | pid=94150 | split=cross_session_65539e158fb4 | group=zhou_cross_session_broad_1_38 | representation=csp_6__all_standard | elapsed=0s
[2026-09-18 00:40:10] [Representation] Progress 31/144 | remaining=113 | elapsed=7s | eta≈25s
[2026-09-18 00:40:10] [Representation task] Starting | pid=94150 | split=cross_session_65539e158fb4 | group=zhou_cross_session_broad_1_38 | representation=standardized_signal
[2026-09-18 00:40:10] [Representation task] Done | pid=94150 | split=cross_session_65539e158fb4 | group=zhou_cross_session_broad_1_38 | representation=standardized_signal | elapsed=0s
[2026-09-18 00:40:10] [Representation] Progress 32/144 | remaining=112 | elapsed=7s | eta≈25s
[2026-09-18 00:40:10] [Representation task] Starting | pid=94150 | split=cross_session_03dabef0ce5a | group=zhou_cross_session_broad_1_38 | representation=statistical__all_standard
[2026-09-18 00:40:10] [Representation task] Done | pid=94150 | split=cross_session_03dabef0ce5a | group=zhou_cross_session_broad_1_38 | representation=statistical__all_standard | elapsed=0s
[2026-09-18 00:40:10] [Representation] Progress 33/144 | remaining=111 | elapsed=7s | eta≈25s
[2026-09-18 00:40:10] [Representation task] Starting | pid=94150 | split=cross_session_03dabef0ce5a | group=zhou_cross_session_broad_1_38 | representation=temporal__all_standard
[2026-09-18 00:40:10] [Representation task] Done | pid=94150 | split=cross_session_03dabef0ce5a | group=zhou_cross_session_broad_1_38 | representation=temporal__all_standard | elapsed=0s
[2026-09-18 00:40:10] [Representation] Progress 34/144 | remaining=110 | elapsed=8s | eta≈25s
[2026-09-18 00:40:10] [Representation task] Starting | pid=94150 | split=cross_session_03dabef0ce5a | group=zhou_cross_session_broad_1_38 | representation=csp_6__all_standard
[2026-09-18 00:40:11] [Representation task] Done | pid=94150 | split=cross_session_03dabef0ce5a | group=zhou_cross_session_broad_1_38 | representation=csp_6__all_standard | elapsed=0s
[2026-09-18 00:40:11] [Representation] Progress 35/144 | remaining=109 | elapsed=8s | eta≈24s
[2026-09-18 00:40:11] [Representation task] Starting | pid=94150 | split=cross_session_03dabef0ce5a | group=zhou_cross_session_broad_1_38 | representation=standardized_signal
[2026-09-18 00:40:11] [Representation task] Done | pid=94150 | split=cross_session_03dabef0ce5a | group=zhou_cross_session_broad_1_38 | representation=standardized_signal | elapsed=0s
[2026-09-18 00:40:11] [Representation] Progress 36/144 | remaining=108 | elapsed=8s | eta≈23s
[2026-09-18 00:40:11] [Representation task] Starting | pid=94150 | split=cross_session_f26c340bf90c | group=zhou_cross_session_broad_1_38 | representation=statistical__all_standard
[2026-09-18 00:40:11] [Representation task] Done | pid=94150 | split=cross_session_f26c340bf90c | group=zhou_cross_session_broad_1_38 | representation=statistical__all_standard | elapsed=0s
[2026-09-18 00:40:11] [Representation] Progress 37/144 | remaining=107 | elapsed=8s | eta≈24s
[2026-09-18 00:40:11] [Representation task] Starting | pid=94150 | split=cross_session_f26c340bf90c | group=zhou_cross_session_broad_1_38 | representation=temporal__all_standard
[2026-09-18 00:40:11] [Representation task] Done | pid=94150 | split=cross_session_f26c340bf90c | group=zhou_cross_session_broad_1_38 | representation=temporal__all_standard | elapsed=0s
[2026-09-18 00:40:11] [Representation] Progress 38/144 | remaining=106 | elapsed=8s | eta≈23s
[2026-09-18 00:40:11] [Representation task] Starting | pid=94150 | split=cross_session_f26c340bf90c | group=zhou_cross_session_broad_1_38 | representation=csp_6__all_standard
[2026-09-18 00:40:11] [Representation task] Done | pid=94150 | split=cross_session_f26c340bf90c | group=zhou_cross_session_broad_1_38 | representation=csp_6__all_standard | elapsed=0s
[2026-09-18 00:40:11] [Representation] Progress 39/144 | remaining=105 | elapsed=9s | eta≈23s
[2026-09-18 00:40:11] [Representation task] Starting | pid=94150 | split=cross_session_f26c340bf90c | group=zhou_cross_session_broad_1_38 | representation=standardized_signal
[2026-09-18 00:40:11] [Representation task] Done | pid=94150 | split=cross_session_f26c340bf90c | group=zhou_cross_session_broad_1_38 | representation=standardized_signal | elapsed=0s
[2026-09-18 00:40:11] [Representation] Progress 40/144 | remaining=104 | elapsed=9s | eta≈22s
[2026-09-18 00:40:11] [Representation task] Starting | pid=94150 | split=cross_session_6e742fe790fa | group=zhou_cross_session_broad_1_38 | representation=statistical__all_standard
[2026-09-18 00:40:12] [Representation task] Done | pid=94150 | split=cross_session_6e742fe790fa | group=zhou_cross_session_broad_1_38 | representation=statistical__all_standard | elapsed=0s
[2026-09-18 00:40:12] [Representation] Progress 41/144 | remaining=103 | elapsed=9s | eta≈23s
[2026-09-18 00:40:12] [Representation task] Starting | pid=94150 | split=cross_session_6e742fe790fa | group=zhou_cross_session_broad_1_38 | representation=temporal__all_standard
[2026-09-18 00:40:12] [Representation task] Done | pid=94150 | split=cross_session_6e742fe790fa | group=zhou_cross_session_broad_1_38 | representation=temporal__all_standard | elapsed=0s
[2026-09-18 00:40:12] [Representation] Progress 42/144 | remaining=102 | elapsed=9s | eta≈22s
[2026-09-18 00:40:12] [Representation task] Starting | pid=94150 | split=cross_session_6e742fe790fa | group=zhou_cross_session_broad_1_38 | representation=csp_6__all_standard
[2026-09-18 00:40:12] [Representation task] Done | pid=94150 | split=cross_session_6e742fe790fa | group=zhou_cross_session_broad_1_38 | representation=csp_6__all_standard | elapsed=0s
[2026-09-18 00:40:12] [Representation] Progress 43/144 | remaining=101 | elapsed=9s | eta≈22s
[2026-09-18 00:40:12] [Representation task] Starting | pid=94150 | split=cross_session_6e742fe790fa | group=zhou_cross_session_broad_1_38 | representation=standardized_signal
[2026-09-18 00:40:12] [Representation task] Done | pid=94150 | split=cross_session_6e742fe790fa | group=zhou_cross_session_broad_1_38 | representation=standardized_signal | elapsed=0s
[2026-09-18 00:40:12] [Representation] Progress 44/144 | remaining=100 | elapsed=9s | eta≈21s
[2026-09-18 00:40:12] [Representation task] Starting | pid=94150 | split=cross_session_3a77bf661561 | group=zhou_cross_session_broad_1_38 | representation=statistical__all_standard
[2026-09-18 00:40:13] [Representation task] Done | pid=94150 | split=cross_session_3a77bf661561 | group=zhou_cross_session_broad_1_38 | representation=statistical__all_standard | elapsed=0s
[2026-09-18 00:40:13] [Representation] Progress 45/144 | remaining=99 | elapsed=10s | eta≈21s
[2026-09-18 00:40:13] [Representation task] Starting | pid=94150 | split=cross_session_3a77bf661561 | group=zhou_cross_session_broad_1_38 | representation=temporal__all_standard
[2026-09-18 00:40:13] [Representation task] Done | pid=94150 | split=cross_session_3a77bf661561 | group=zhou_cross_session_broad_1_38 | representation=temporal__all_standard | elapsed=0s
[2026-09-18 00:40:13] [Representation] Progress 46/144 | remaining=98 | elapsed=10s | eta≈21s
[2026-09-18 00:40:13] [Representation task] Starting | pid=94150 | split=cross_session_3a77bf661561 | group=zhou_cross_session_broad_1_38 | representation=csp_6__all_standard
[2026-09-18 00:40:13] [Representation task] Done | pid=94150 | split=cross_session_3a77bf661561 | group=zhou_cross_session_broad_1_38 | representation=csp_6__all_standard | elapsed=0s
[2026-09-18 00:40:13] [Representation] Progress 47/144 | remaining=97 | elapsed=10s | eta≈21s
[2026-09-18 00:40:13] [Representation task] Starting | pid=94150 | split=cross_session_3a77bf661561 | group=zhou_cross_session_broad_1_38 | representation=standardized_signal
[2026-09-18 00:40:13] [Representation task] Done | pid=94150 | split=cross_session_3a77bf661561 | group=zhou_cross_session_broad_1_38 | representation=standardized_signal | elapsed=0s
[2026-09-18 00:40:13] [Representation] Progress 48/144 | remaining=96 | elapsed=10s | eta≈20s
[2026-09-18 00:40:13] [Representation task] Starting | pid=94150 | split=cross_session_19d2548920ce | group=zhou_cross_session_delta_1_4 | representation=statistical__all_standard
[2026-09-18 00:40:13] [Representation task] Done | pid=94150 | split=cross_session_19d2548920ce | group=zhou_cross_session_delta_1_4 | representation=statistical__all_standard | elapsed=1s
[2026-09-18 00:40:13] [Representation] Progress 49/144 | remaining=95 | elapsed=11s | eta≈20s
[2026-09-18 00:40:13] [Representation task] Starting | pid=94150 | split=cross_session_19d2548920ce | group=zhou_cross_session_delta_1_4 | representation=temporal__all_standard
[2026-09-18 00:40:14] [Representation task] Done | pid=94150 | split=cross_session_19d2548920ce | group=zhou_cross_session_delta_1_4 | representation=temporal__all_standard | elapsed=0s
[2026-09-18 00:40:14] [Representation] Progress 50/144 | remaining=94 | elapsed=11s | eta≈20s
[2026-09-18 00:40:14] [Representation task] Starting | pid=94150 | split=cross_session_19d2548920ce | group=zhou_cross_session_delta_1_4 | representation=csp_6__all_standard
[2026-09-18 00:40:14] [Representation task] Done | pid=94150 | split=cross_session_19d2548920ce | group=zhou_cross_session_delta_1_4 | representation=csp_6__all_standard | elapsed=0s
[2026-09-18 00:40:14] [Representation] Progress 51/144 | remaining=93 | elapsed=11s | eta≈20s
[2026-09-18 00:40:14] [Representation task] Starting | pid=94150 | split=cross_session_19d2548920ce | group=zhou_cross_session_delta_1_4 | representation=standardized_signal
[2026-09-18 00:40:14] [Representation task] Done | pid=94150 | split=cross_session_19d2548920ce | group=zhou_cross_session_delta_1_4 | representation=standardized_signal | elapsed=0s
[2026-09-18 00:40:14] [Representation] Progress 52/144 | remaining=92 | elapsed=11s | eta≈19s
[2026-09-18 00:40:14] [Representation task] Starting | pid=94150 | split=cross_session_016111ec6d53 | group=zhou_cross_session_delta_1_4 | representation=statistical__all_standard
[2026-09-18 00:40:14] [Representation task] Done | pid=94150 | split=cross_session_016111ec6d53 | group=zhou_cross_session_delta_1_4 | representation=statistical__all_standard | elapsed=1s
[2026-09-18 00:40:14] [Representation] Progress 53/144 | remaining=91 | elapsed=11s | eta≈20s
[2026-09-18 00:40:14] [Representation task] Starting | pid=94150 | split=cross_session_016111ec6d53 | group=zhou_cross_session_delta_1_4 | representation=temporal__all_standard
[2026-09-18 00:40:14] [Representation task] Done | pid=94150 | split=cross_session_016111ec6d53 | group=zhou_cross_session_delta_1_4 | representation=temporal__all_standard | elapsed=0s
[2026-09-18 00:40:14] [Representation] Progress 54/144 | remaining=90 | elapsed=12s | eta≈19s
[2026-09-18 00:40:14] [Representation task] Starting | pid=94150 | split=cross_session_016111ec6d53 | group=zhou_cross_session_delta_1_4 | representation=csp_6__all_standard
[2026-09-18 00:40:15] [Representation task] Done | pid=94150 | split=cross_session_016111ec6d53 | group=zhou_cross_session_delta_1_4 | representation=csp_6__all_standard | elapsed=0s
[2026-09-18 00:40:15] [Representation] Progress 55/144 | remaining=89 | elapsed=12s | eta≈19s
[2026-09-18 00:40:15] [Representation task] Starting | pid=94150 | split=cross_session_016111ec6d53 | group=zhou_cross_session_delta_1_4 | representation=standardized_signal
[2026-09-18 00:40:15] [Representation task] Done | pid=94150 | split=cross_session_016111ec6d53 | group=zhou_cross_session_delta_1_4 | representation=standardized_signal | elapsed=0s
[2026-09-18 00:40:15] [Representation] Progress 56/144 | remaining=88 | elapsed=12s | eta≈18s
[2026-09-18 00:40:15] [Representation task] Starting | pid=94150 | split=cross_session_e21fc9e540fd | group=zhou_cross_session_delta_1_4 | representation=statistical__all_standard
[2026-09-18 00:40:15] [Representation task] Done | pid=94150 | split=cross_session_e21fc9e540fd | group=zhou_cross_session_delta_1_4 | representation=statistical__all_standard | elapsed=1s
[2026-09-18 00:40:15] [Representation] Progress 57/144 | remaining=87 | elapsed=12s | eta≈19s
[2026-09-18 00:40:15] [Representation task] Starting | pid=94150 | split=cross_session_e21fc9e540fd | group=zhou_cross_session_delta_1_4 | representation=temporal__all_standard
[2026-09-18 00:40:15] [Representation task] Done | pid=94150 | split=cross_session_e21fc9e540fd | group=zhou_cross_session_delta_1_4 | representation=temporal__all_standard | elapsed=0s
[2026-09-18 00:40:15] [Representation] Progress 58/144 | remaining=86 | elapsed=12s | eta≈18s
[2026-09-18 00:40:15] [Representation task] Starting | pid=94150 | split=cross_session_e21fc9e540fd | group=zhou_cross_session_delta_1_4 | representation=csp_6__all_standard
[2026-09-18 00:40:15] [Representation task] Done | pid=94150 | split=cross_session_e21fc9e540fd | group=zhou_cross_session_delta_1_4 | representation=csp_6__all_standard | elapsed=0s
[2026-09-18 00:40:15] [Representation] Progress 59/144 | remaining=85 | elapsed=13s | eta≈18s
[2026-09-18 00:40:15] [Representation task] Starting | pid=94150 | split=cross_session_e21fc9e540fd | group=zhou_cross_session_delta_1_4 | representation=standardized_signal
[2026-09-18 00:40:15] [Representation task] Done | pid=94150 | split=cross_session_e21fc9e540fd | group=zhou_cross_session_delta_1_4 | representation=standardized_signal | elapsed=0s
[2026-09-18 00:40:15] [Representation] Progress 60/144 | remaining=84 | elapsed=13s | eta≈18s
[2026-09-18 00:40:15] [Representation task] Starting | pid=94150 | split=cross_session_5fec25c5d9e3 | group=zhou_cross_session_delta_1_4 | representation=statistical__all_standard
[2026-09-18 00:40:16] [Representation task] Done | pid=94150 | split=cross_session_5fec25c5d9e3 | group=zhou_cross_session_delta_1_4 | representation=statistical__all_standard | elapsed=1s
[2026-09-18 00:40:16] [Representation] Progress 61/144 | remaining=83 | elapsed=13s | eta≈18s
[2026-09-18 00:40:16] [Representation task] Starting | pid=94150 | split=cross_session_5fec25c5d9e3 | group=zhou_cross_session_delta_1_4 | representation=temporal__all_standard
[2026-09-18 00:40:16] [Representation task] Done | pid=94150 | split=cross_session_5fec25c5d9e3 | group=zhou_cross_session_delta_1_4 | representation=temporal__all_standard | elapsed=0s
[2026-09-18 00:40:16] [Representation] Progress 62/144 | remaining=82 | elapsed=13s | eta≈18s
[2026-09-18 00:40:16] [Representation task] Starting | pid=94150 | split=cross_session_5fec25c5d9e3 | group=zhou_cross_session_delta_1_4 | representation=csp_6__all_standard
[2026-09-18 00:40:16] [Representation task] Done | pid=94150 | split=cross_session_5fec25c5d9e3 | group=zhou_cross_session_delta_1_4 | representation=csp_6__all_standard | elapsed=0s
[2026-09-18 00:40:16] [Representation] Progress 63/144 | remaining=81 | elapsed=14s | eta≈17s
[2026-09-18 00:40:16] [Representation task] Starting | pid=94150 | split=cross_session_5fec25c5d9e3 | group=zhou_cross_session_delta_1_4 | representation=standardized_signal
[2026-09-18 00:40:16] [Representation task] Done | pid=94150 | split=cross_session_5fec25c5d9e3 | group=zhou_cross_session_delta_1_4 | representation=standardized_signal | elapsed=0s
[2026-09-18 00:40:16] [Representation] Progress 64/144 | remaining=80 | elapsed=14s | eta≈17s
[2026-09-18 00:40:16] [Representation task] Starting | pid=94150 | split=cross_session_9287b0e7d963 | group=zhou_cross_session_delta_1_4 | representation=statistical__all_standard
[2026-09-18 00:40:17] [Representation task] Done | pid=94150 | split=cross_session_9287b0e7d963 | group=zhou_cross_session_delta_1_4 | representation=statistical__all_standard | elapsed=1s
[2026-09-18 00:40:17] [Representation] Progress 65/144 | remaining=79 | elapsed=14s | eta≈17s
[2026-09-18 00:40:17] [Representation task] Starting | pid=94150 | split=cross_session_9287b0e7d963 | group=zhou_cross_session_delta_1_4 | representation=temporal__all_standard
[2026-09-18 00:40:17] [Representation task] Done | pid=94150 | split=cross_session_9287b0e7d963 | group=zhou_cross_session_delta_1_4 | representation=temporal__all_standard | elapsed=0s
[2026-09-18 00:40:17] [Representation] Progress 66/144 | remaining=78 | elapsed=14s | eta≈17s
[2026-09-18 00:40:17] [Representation task] Starting | pid=94150 | split=cross_session_9287b0e7d963 | group=zhou_cross_session_delta_1_4 | representation=csp_6__all_standard
[2026-09-18 00:40:18] [Representation task] Done | pid=94150 | split=cross_session_9287b0e7d963 | group=zhou_cross_session_delta_1_4 | representation=csp_6__all_standard | elapsed=0s
[2026-09-18 00:40:18] [Representation] Progress 67/144 | remaining=77 | elapsed=15s | eta≈17s
[2026-09-18 00:40:18] [Representation task] Starting | pid=94150 | split=cross_session_9287b0e7d963 | group=zhou_cross_session_delta_1_4 | representation=standardized_signal
[2026-09-18 00:40:18] [Representation task] Done | pid=94150 | split=cross_session_9287b0e7d963 | group=zhou_cross_session_delta_1_4 | representation=standardized_signal | elapsed=0s
[2026-09-18 00:40:18] [Representation] Progress 68/144 | remaining=76 | elapsed=15s | eta≈17s
[2026-09-18 00:40:18] [Representation task] Starting | pid=94150 | split=cross_session_1319f0eca7a4 | group=zhou_cross_session_delta_1_4 | representation=statistical__all_standard
[2026-09-18 00:40:18] [Representation task] Done | pid=94150 | split=cross_session_1319f0eca7a4 | group=zhou_cross_session_delta_1_4 | representation=statistical__all_standard | elapsed=1s
[2026-09-18 00:40:18] [Representation] Progress 69/144 | remaining=75 | elapsed=16s | eta≈17s
[2026-09-18 00:40:18] [Representation task] Starting | pid=94150 | split=cross_session_1319f0eca7a4 | group=zhou_cross_session_delta_1_4 | representation=temporal__all_standard
[2026-09-18 00:40:19] [Representation task] Done | pid=94150 | split=cross_session_1319f0eca7a4 | group=zhou_cross_session_delta_1_4 | representation=temporal__all_standard | elapsed=0s
[2026-09-18 00:40:19] [Representation] Progress 70/144 | remaining=74 | elapsed=16s | eta≈17s
[2026-09-18 00:40:19] [Representation task] Starting | pid=94150 | split=cross_session_1319f0eca7a4 | group=zhou_cross_session_delta_1_4 | representation=csp_6__all_standard
[2026-09-18 00:40:19] [Representation task] Done | pid=94150 | split=cross_session_1319f0eca7a4 | group=zhou_cross_session_delta_1_4 | representation=csp_6__all_standard | elapsed=0s
[2026-09-18 00:40:19] [Representation] Progress 71/144 | remaining=73 | elapsed=16s | eta≈16s
[2026-09-18 00:40:19] [Representation task] Starting | pid=94150 | split=cross_session_1319f0eca7a4 | group=zhou_cross_session_delta_1_4 | representation=standardized_signal
[2026-09-18 00:40:19] [Representation task] Done | pid=94150 | split=cross_session_1319f0eca7a4 | group=zhou_cross_session_delta_1_4 | representation=standardized_signal | elapsed=0s
[2026-09-18 00:40:19] [Representation] Progress 72/144 | remaining=72 | elapsed=16s | eta≈16s
[2026-09-18 00:40:19] [Representation task] Starting | pid=94150 | split=cross_session_b2af4721298d | group=zhou_cross_session_delta_1_4 | representation=statistical__all_standard
[2026-09-18 00:40:19] [Representation task] Done | pid=94150 | split=cross_session_b2af4721298d | group=zhou_cross_session_delta_1_4 | representation=statistical__all_standard | elapsed=0s
[2026-09-18 00:40:19] [Representation] Progress 73/144 | remaining=71 | elapsed=16s | eta≈16s
[2026-09-18 00:40:19] [Representation task] Starting | pid=94150 | split=cross_session_b2af4721298d | group=zhou_cross_session_delta_1_4 | representation=temporal__all_standard
[2026-09-18 00:40:19] [Representation task] Done | pid=94150 | split=cross_session_b2af4721298d | group=zhou_cross_session_delta_1_4 | representation=temporal__all_standard | elapsed=0s
[2026-09-18 00:40:19] [Representation] Progress 74/144 | remaining=70 | elapsed=16s | eta≈16s
[2026-09-18 00:40:19] [Representation task] Starting | pid=94150 | split=cross_session_b2af4721298d | group=zhou_cross_session_delta_1_4 | representation=csp_6__all_standard
[2026-09-18 00:40:19] [Representation task] Done | pid=94150 | split=cross_session_b2af4721298d | group=zhou_cross_session_delta_1_4 | representation=csp_6__all_standard | elapsed=0s
[2026-09-18 00:40:19] [Representation] Progress 75/144 | remaining=69 | elapsed=17s | eta≈15s
[2026-09-18 00:40:19] [Representation task] Starting | pid=94150 | split=cross_session_b2af4721298d | group=zhou_cross_session_delta_1_4 | representation=standardized_signal
[2026-09-18 00:40:20] [Representation task] Done | pid=94150 | split=cross_session_b2af4721298d | group=zhou_cross_session_delta_1_4 | representation=standardized_signal | elapsed=0s
[2026-09-18 00:40:20] [Representation] Progress 76/144 | remaining=68 | elapsed=17s | eta≈15s
[2026-09-18 00:40:20] [Representation task] Starting | pid=94150 | split=cross_session_65539e158fb4 | group=zhou_cross_session_delta_1_4 | representation=statistical__all_standard
[2026-09-18 00:40:20] [Representation task] Done | pid=94150 | split=cross_session_65539e158fb4 | group=zhou_cross_session_delta_1_4 | representation=statistical__all_standard | elapsed=1s
[2026-09-18 00:40:20] [Representation] Progress 77/144 | remaining=67 | elapsed=17s | eta≈15s
[2026-09-18 00:40:20] [Representation task] Starting | pid=94150 | split=cross_session_65539e158fb4 | group=zhou_cross_session_delta_1_4 | representation=temporal__all_standard
[2026-09-18 00:40:21] [Representation task] Done | pid=94150 | split=cross_session_65539e158fb4 | group=zhou_cross_session_delta_1_4 | representation=temporal__all_standard | elapsed=0s
[2026-09-18 00:40:21] [Representation] Progress 78/144 | remaining=66 | elapsed=18s | eta≈15s
[2026-09-18 00:40:21] [Representation task] Starting | pid=94150 | split=cross_session_65539e158fb4 | group=zhou_cross_session_delta_1_4 | representation=csp_6__all_standard
[2026-09-18 00:40:21] [Representation task] Done | pid=94150 | split=cross_session_65539e158fb4 | group=zhou_cross_session_delta_1_4 | representation=csp_6__all_standard | elapsed=0s
[2026-09-18 00:40:21] [Representation] Progress 79/144 | remaining=65 | elapsed=18s | eta≈15s
[2026-09-18 00:40:21] [Representation task] Starting | pid=94150 | split=cross_session_65539e158fb4 | group=zhou_cross_session_delta_1_4 | representation=standardized_signal
[2026-09-18 00:40:21] [Representation task] Done | pid=94150 | split=cross_session_65539e158fb4 | group=zhou_cross_session_delta_1_4 | representation=standardized_signal | elapsed=0s
[2026-09-18 00:40:21] [Representation] Progress 80/144 | remaining=64 | elapsed=18s | eta≈14s
[2026-09-18 00:40:21] [Representation task] Starting | pid=94150 | split=cross_session_03dabef0ce5a | group=zhou_cross_session_delta_1_4 | representation=statistical__all_standard
[2026-09-18 00:40:21] [Representation task] Done | pid=94150 | split=cross_session_03dabef0ce5a | group=zhou_cross_session_delta_1_4 | representation=statistical__all_standard | elapsed=1s
[2026-09-18 00:40:21] [Representation] Progress 81/144 | remaining=63 | elapsed=19s | eta≈14s
[2026-09-18 00:40:21] [Representation task] Starting | pid=94150 | split=cross_session_03dabef0ce5a | group=zhou_cross_session_delta_1_4 | representation=temporal__all_standard
[2026-09-18 00:40:22] [Representation task] Done | pid=94150 | split=cross_session_03dabef0ce5a | group=zhou_cross_session_delta_1_4 | representation=temporal__all_standard | elapsed=0s
[2026-09-18 00:40:22] [Representation] Progress 82/144 | remaining=62 | elapsed=19s | eta≈14s
[2026-09-18 00:40:22] [Representation task] Starting | pid=94150 | split=cross_session_03dabef0ce5a | group=zhou_cross_session_delta_1_4 | representation=csp_6__all_standard
[2026-09-18 00:40:22] [Representation task] Done | pid=94150 | split=cross_session_03dabef0ce5a | group=zhou_cross_session_delta_1_4 | representation=csp_6__all_standard | elapsed=0s
[2026-09-18 00:40:22] [Representation] Progress 83/144 | remaining=61 | elapsed=19s | eta≈14s
[2026-09-18 00:40:22] [Representation task] Starting | pid=94150 | split=cross_session_03dabef0ce5a | group=zhou_cross_session_delta_1_4 | representation=standardized_signal
[2026-09-18 00:40:22] [Representation task] Done | pid=94150 | split=cross_session_03dabef0ce5a | group=zhou_cross_session_delta_1_4 | representation=standardized_signal | elapsed=0s
[2026-09-18 00:40:22] [Representation] Progress 84/144 | remaining=60 | elapsed=19s | eta≈14s
[2026-09-18 00:40:22] [Representation task] Starting | pid=94150 | split=cross_session_f26c340bf90c | group=zhou_cross_session_delta_1_4 | representation=statistical__all_standard
[2026-09-18 00:40:22] [Representation task] Done | pid=94150 | split=cross_session_f26c340bf90c | group=zhou_cross_session_delta_1_4 | representation=statistical__all_standard | elapsed=0s
[2026-09-18 00:40:22] [Representation] Progress 85/144 | remaining=59 | elapsed=19s | eta≈13s
[2026-09-18 00:40:22] [Representation task] Starting | pid=94150 | split=cross_session_f26c340bf90c | group=zhou_cross_session_delta_1_4 | representation=temporal__all_standard
[2026-09-18 00:40:22] [Representation task] Done | pid=94150 | split=cross_session_f26c340bf90c | group=zhou_cross_session_delta_1_4 | representation=temporal__all_standard | elapsed=0s
[2026-09-18 00:40:22] [Representation] Progress 86/144 | remaining=58 | elapsed=20s | eta≈13s
[2026-09-18 00:40:22] [Representation task] Starting | pid=94150 | split=cross_session_f26c340bf90c | group=zhou_cross_session_delta_1_4 | representation=csp_6__all_standard
[2026-09-18 00:40:23] [Representation task] Done | pid=94150 | split=cross_session_f26c340bf90c | group=zhou_cross_session_delta_1_4 | representation=csp_6__all_standard | elapsed=0s
[2026-09-18 00:40:23] [Representation] Progress 87/144 | remaining=57 | elapsed=20s | eta≈13s
[2026-09-18 00:40:23] [Representation task] Starting | pid=94150 | split=cross_session_f26c340bf90c | group=zhou_cross_session_delta_1_4 | representation=standardized_signal
[2026-09-18 00:40:23] [Representation task] Done | pid=94150 | split=cross_session_f26c340bf90c | group=zhou_cross_session_delta_1_4 | representation=standardized_signal | elapsed=0s
[2026-09-18 00:40:23] [Representation] Progress 88/144 | remaining=56 | elapsed=20s | eta≈13s
[2026-09-18 00:40:23] [Representation task] Starting | pid=94150 | split=cross_session_6e742fe790fa | group=zhou_cross_session_delta_1_4 | representation=statistical__all_standard
[2026-09-18 00:40:23] [Representation task] Done | pid=94150 | split=cross_session_6e742fe790fa | group=zhou_cross_session_delta_1_4 | representation=statistical__all_standard | elapsed=0s
[2026-09-18 00:40:23] [Representation] Progress 89/144 | remaining=55 | elapsed=20s | eta≈13s
[2026-09-18 00:40:23] [Representation task] Starting | pid=94150 | split=cross_session_6e742fe790fa | group=zhou_cross_session_delta_1_4 | representation=temporal__all_standard
[2026-09-18 00:40:23] [Representation task] Done | pid=94150 | split=cross_session_6e742fe790fa | group=zhou_cross_session_delta_1_4 | representation=temporal__all_standard | elapsed=0s
[2026-09-18 00:40:23] [Representation] Progress 90/144 | remaining=54 | elapsed=20s | eta≈12s
[2026-09-18 00:40:23] [Representation task] Starting | pid=94150 | split=cross_session_6e742fe790fa | group=zhou_cross_session_delta_1_4 | representation=csp_6__all_standard
[2026-09-18 00:40:23] [Representation task] Done | pid=94150 | split=cross_session_6e742fe790fa | group=zhou_cross_session_delta_1_4 | representation=csp_6__all_standard | elapsed=0s
[2026-09-18 00:40:23] [Representation] Progress 91/144 | remaining=53 | elapsed=21s | eta≈12s
[2026-09-18 00:40:23] [Representation task] Starting | pid=94150 | split=cross_session_6e742fe790fa | group=zhou_cross_session_delta_1_4 | representation=standardized_signal
[2026-09-18 00:40:24] [Representation task] Done | pid=94150 | split=cross_session_6e742fe790fa | group=zhou_cross_session_delta_1_4 | representation=standardized_signal | elapsed=0s
[2026-09-18 00:40:24] [Representation] Progress 92/144 | remaining=52 | elapsed=21s | eta≈12s
[2026-09-18 00:40:24] [Representation task] Starting | pid=94150 | split=cross_session_3a77bf661561 | group=zhou_cross_session_delta_1_4 | representation=statistical__all_standard
[2026-09-18 00:40:24] [Representation task] Done | pid=94150 | split=cross_session_3a77bf661561 | group=zhou_cross_session_delta_1_4 | representation=statistical__all_standard | elapsed=0s
[2026-09-18 00:40:24] [Representation] Progress 93/144 | remaining=51 | elapsed=21s | eta≈12s
[2026-09-18 00:40:24] [Representation task] Starting | pid=94150 | split=cross_session_3a77bf661561 | group=zhou_cross_session_delta_1_4 | representation=temporal__all_standard
[2026-09-18 00:40:24] [Representation task] Done | pid=94150 | split=cross_session_3a77bf661561 | group=zhou_cross_session_delta_1_4 | representation=temporal__all_standard | elapsed=0s
[2026-09-18 00:40:24] [Representation] Progress 94/144 | remaining=50 | elapsed=21s | eta≈11s
[2026-09-18 00:40:24] [Representation task] Starting | pid=94150 | split=cross_session_3a77bf661561 | group=zhou_cross_session_delta_1_4 | representation=csp_6__all_standard
[2026-09-18 00:40:24] [Representation task] Done | pid=94150 | split=cross_session_3a77bf661561 | group=zhou_cross_session_delta_1_4 | representation=csp_6__all_standard | elapsed=0s
[2026-09-18 00:40:24] [Representation] Progress 95/144 | remaining=49 | elapsed=21s | eta≈11s
[2026-09-18 00:40:24] [Representation task] Starting | pid=94150 | split=cross_session_3a77bf661561 | group=zhou_cross_session_delta_1_4 | representation=standardized_signal
[2026-09-18 00:40:24] [Representation task] Done | pid=94150 | split=cross_session_3a77bf661561 | group=zhou_cross_session_delta_1_4 | representation=standardized_signal | elapsed=0s
[2026-09-18 00:40:24] [Representation] Progress 96/144 | remaining=48 | elapsed=21s | eta≈11s
[2026-09-18 00:40:24] [Representation task] Starting | pid=94150 | split=cross_session_19d2548920ce | group=zhou_cross_session_theta_4_8 | representation=statistical__all_standard
[2026-09-18 00:40:25] [Representation task] Done | pid=94150 | split=cross_session_19d2548920ce | group=zhou_cross_session_theta_4_8 | representation=statistical__all_standard | elapsed=0s
[2026-09-18 00:40:25] [Representation] Progress 97/144 | remaining=47 | elapsed=22s | eta≈11s
[2026-09-18 00:40:25] [Representation task] Starting | pid=94150 | split=cross_session_19d2548920ce | group=zhou_cross_session_theta_4_8 | representation=temporal__all_standard
[2026-09-18 00:40:25] [Representation task] Done | pid=94150 | split=cross_session_19d2548920ce | group=zhou_cross_session_theta_4_8 | representation=temporal__all_standard | elapsed=0s
[2026-09-18 00:40:25] [Representation] Progress 98/144 | remaining=46 | elapsed=22s | eta≈10s
[2026-09-18 00:40:25] [Representation task] Starting | pid=94150 | split=cross_session_19d2548920ce | group=zhou_cross_session_theta_4_8 | representation=csp_6__all_standard
[2026-09-18 00:40:25] [Representation task] Done | pid=94150 | split=cross_session_19d2548920ce | group=zhou_cross_session_theta_4_8 | representation=csp_6__all_standard | elapsed=0s
[2026-09-18 00:40:25] [Representation] Progress 99/144 | remaining=45 | elapsed=22s | eta≈10s
[2026-09-18 00:40:25] [Representation task] Starting | pid=94150 | split=cross_session_19d2548920ce | group=zhou_cross_session_theta_4_8 | representation=standardized_signal
[2026-09-18 00:40:25] [Representation task] Done | pid=94150 | split=cross_session_19d2548920ce | group=zhou_cross_session_theta_4_8 | representation=standardized_signal | elapsed=0s
[2026-09-18 00:40:25] [Representation] Progress 100/144 | remaining=44 | elapsed=22s | eta≈10s
[2026-09-18 00:40:25] [Representation task] Starting | pid=94150 | split=cross_session_016111ec6d53 | group=zhou_cross_session_theta_4_8 | representation=statistical__all_standard
[2026-09-18 00:40:26] [Representation task] Done | pid=94150 | split=cross_session_016111ec6d53 | group=zhou_cross_session_theta_4_8 | representation=statistical__all_standard | elapsed=1s
[2026-09-18 00:40:26] [Representation] Progress 101/144 | remaining=43 | elapsed=23s | eta≈10s
[2026-09-18 00:40:26] [Representation task] Starting | pid=94150 | split=cross_session_016111ec6d53 | group=zhou_cross_session_theta_4_8 | representation=temporal__all_standard
[2026-09-18 00:40:26] [Representation task] Done | pid=94150 | split=cross_session_016111ec6d53 | group=zhou_cross_session_theta_4_8 | representation=temporal__all_standard | elapsed=0s
[2026-09-18 00:40:26] [Representation] Progress 102/144 | remaining=42 | elapsed=23s | eta≈9s
[2026-09-18 00:40:26] [Representation task] Starting | pid=94150 | split=cross_session_016111ec6d53 | group=zhou_cross_session_theta_4_8 | representation=csp_6__all_standard
[2026-09-18 00:40:26] [Representation task] Done | pid=94150 | split=cross_session_016111ec6d53 | group=zhou_cross_session_theta_4_8 | representation=csp_6__all_standard | elapsed=0s
[2026-09-18 00:40:26] [Representation] Progress 103/144 | remaining=41 | elapsed=23s | eta≈9s
[2026-09-18 00:40:26] [Representation task] Starting | pid=94150 | split=cross_session_016111ec6d53 | group=zhou_cross_session_theta_4_8 | representation=standardized_signal
[2026-09-18 00:40:26] [Representation task] Done | pid=94150 | split=cross_session_016111ec6d53 | group=zhou_cross_session_theta_4_8 | representation=standardized_signal | elapsed=0s
[2026-09-18 00:40:26] [Representation] Progress 104/144 | remaining=40 | elapsed=23s | eta≈9s
[2026-09-18 00:40:26] [Representation task] Starting | pid=94150 | split=cross_session_e21fc9e540fd | group=zhou_cross_session_theta_4_8 | representation=statistical__all_standard
[2026-09-18 00:40:27] [Representation task] Done | pid=94150 | split=cross_session_e21fc9e540fd | group=zhou_cross_session_theta_4_8 | representation=statistical__all_standard | elapsed=1s
[2026-09-18 00:40:27] [Representation] Progress 105/144 | remaining=39 | elapsed=24s | eta≈9s
[2026-09-18 00:40:27] [Representation task] Starting | pid=94150 | split=cross_session_e21fc9e540fd | group=zhou_cross_session_theta_4_8 | representation=temporal__all_standard
[2026-09-18 00:40:27] [Representation task] Done | pid=94150 | split=cross_session_e21fc9e540fd | group=zhou_cross_session_theta_4_8 | representation=temporal__all_standard | elapsed=0s
[2026-09-18 00:40:27] [Representation] Progress 106/144 | remaining=38 | elapsed=24s | eta≈9s
[2026-09-18 00:40:27] [Representation task] Starting | pid=94150 | split=cross_session_e21fc9e540fd | group=zhou_cross_session_theta_4_8 | representation=csp_6__all_standard
[2026-09-18 00:40:27] [Representation task] Done | pid=94150 | split=cross_session_e21fc9e540fd | group=zhou_cross_session_theta_4_8 | representation=csp_6__all_standard | elapsed=0s
[2026-09-18 00:40:27] [Representation] Progress 107/144 | remaining=37 | elapsed=24s | eta≈8s
[2026-09-18 00:40:27] [Representation task] Starting | pid=94150 | split=cross_session_e21fc9e540fd | group=zhou_cross_session_theta_4_8 | representation=standardized_signal
[2026-09-18 00:40:27] [Representation task] Done | pid=94150 | split=cross_session_e21fc9e540fd | group=zhou_cross_session_theta_4_8 | representation=standardized_signal | elapsed=0s
[2026-09-18 00:40:27] [Representation] Progress 108/144 | remaining=36 | elapsed=24s | eta≈8s
[2026-09-18 00:40:27] [Representation task] Starting | pid=94150 | split=cross_session_5fec25c5d9e3 | group=zhou_cross_session_theta_4_8 | representation=statistical__all_standard
[2026-09-18 00:40:28] [Representation task] Done | pid=94150 | split=cross_session_5fec25c5d9e3 | group=zhou_cross_session_theta_4_8 | representation=statistical__all_standard | elapsed=0s
[2026-09-18 00:40:28] [Representation] Progress 109/144 | remaining=35 | elapsed=25s | eta≈8s
[2026-09-18 00:40:28] [Representation task] Starting | pid=94150 | split=cross_session_5fec25c5d9e3 | group=zhou_cross_session_theta_4_8 | representation=temporal__all_standard
[2026-09-18 00:40:28] [Representation task] Done | pid=94150 | split=cross_session_5fec25c5d9e3 | group=zhou_cross_session_theta_4_8 | representation=temporal__all_standard | elapsed=0s
[2026-09-18 00:40:28] [Representation] Progress 110/144 | remaining=34 | elapsed=25s | eta≈8s
[2026-09-18 00:40:28] [Representation task] Starting | pid=94150 | split=cross_session_5fec25c5d9e3 | group=zhou_cross_session_theta_4_8 | representation=csp_6__all_standard
[2026-09-18 00:40:28] [Representation task] Done | pid=94150 | split=cross_session_5fec25c5d9e3 | group=zhou_cross_session_theta_4_8 | representation=csp_6__all_standard | elapsed=0s
[2026-09-18 00:40:28] [Representation] Progress 111/144 | remaining=33 | elapsed=25s | eta≈7s
[2026-09-18 00:40:28] [Representation task] Starting | pid=94150 | split=cross_session_5fec25c5d9e3 | group=zhou_cross_session_theta_4_8 | representation=standardized_signal
[2026-09-18 00:40:28] [Representation task] Done | pid=94150 | split=cross_session_5fec25c5d9e3 | group=zhou_cross_session_theta_4_8 | representation=standardized_signal | elapsed=0s
[2026-09-18 00:40:28] [Representation] Progress 112/144 | remaining=32 | elapsed=25s | eta≈7s
[2026-09-18 00:40:28] [Representation task] Starting | pid=94150 | split=cross_session_9287b0e7d963 | group=zhou_cross_session_theta_4_8 | representation=statistical__all_standard
[2026-09-18 00:40:29] [Representation task] Done | pid=94150 | split=cross_session_9287b0e7d963 | group=zhou_cross_session_theta_4_8 | representation=statistical__all_standard | elapsed=1s
[2026-09-18 00:40:29] [Representation] Progress 113/144 | remaining=31 | elapsed=26s | eta≈7s
[2026-09-18 00:40:29] [Representation task] Starting | pid=94150 | split=cross_session_9287b0e7d963 | group=zhou_cross_session_theta_4_8 | representation=temporal__all_standard
[2026-09-18 00:40:29] [Representation task] Done | pid=94150 | split=cross_session_9287b0e7d963 | group=zhou_cross_session_theta_4_8 | representation=temporal__all_standard | elapsed=0s
[2026-09-18 00:40:29] [Representation] Progress 114/144 | remaining=30 | elapsed=26s | eta≈7s
[2026-09-18 00:40:29] [Representation task] Starting | pid=94150 | split=cross_session_9287b0e7d963 | group=zhou_cross_session_theta_4_8 | representation=csp_6__all_standard
[2026-09-18 00:40:29] [Representation task] Done | pid=94150 | split=cross_session_9287b0e7d963 | group=zhou_cross_session_theta_4_8 | representation=csp_6__all_standard | elapsed=0s
[2026-09-18 00:40:29] [Representation] Progress 115/144 | remaining=29 | elapsed=26s | eta≈7s
[2026-09-18 00:40:29] [Representation task] Starting | pid=94150 | split=cross_session_9287b0e7d963 | group=zhou_cross_session_theta_4_8 | representation=standardized_signal
[2026-09-18 00:40:29] [Representation task] Done | pid=94150 | split=cross_session_9287b0e7d963 | group=zhou_cross_session_theta_4_8 | representation=standardized_signal | elapsed=0s
[2026-09-18 00:40:29] [Representation] Progress 116/144 | remaining=28 | elapsed=26s | eta≈6s
[2026-09-18 00:40:29] [Representation task] Starting | pid=94150 | split=cross_session_1319f0eca7a4 | group=zhou_cross_session_theta_4_8 | representation=statistical__all_standard
[2026-09-18 00:40:29] [Representation task] Done | pid=94150 | split=cross_session_1319f0eca7a4 | group=zhou_cross_session_theta_4_8 | representation=statistical__all_standard | elapsed=1s
[2026-09-18 00:40:29] [Representation] Progress 117/144 | remaining=27 | elapsed=27s | eta≈6s
[2026-09-18 00:40:29] [Representation task] Starting | pid=94150 | split=cross_session_1319f0eca7a4 | group=zhou_cross_session_theta_4_8 | representation=temporal__all_standard
[2026-09-18 00:40:30] [Representation task] Done | pid=94150 | split=cross_session_1319f0eca7a4 | group=zhou_cross_session_theta_4_8 | representation=temporal__all_standard | elapsed=0s
[2026-09-18 00:40:30] [Representation] Progress 118/144 | remaining=26 | elapsed=27s | eta≈6s
[2026-09-18 00:40:30] [Representation task] Starting | pid=94150 | split=cross_session_1319f0eca7a4 | group=zhou_cross_session_theta_4_8 | representation=csp_6__all_standard
[2026-09-18 00:40:30] [Representation task] Done | pid=94150 | split=cross_session_1319f0eca7a4 | group=zhou_cross_session_theta_4_8 | representation=csp_6__all_standard | elapsed=0s
[2026-09-18 00:40:30] [Representation] Progress 119/144 | remaining=25 | elapsed=27s | eta≈6s
[2026-09-18 00:40:30] [Representation task] Starting | pid=94150 | split=cross_session_1319f0eca7a4 | group=zhou_cross_session_theta_4_8 | representation=standardized_signal
[2026-09-18 00:40:30] [Representation task] Done | pid=94150 | split=cross_session_1319f0eca7a4 | group=zhou_cross_session_theta_4_8 | representation=standardized_signal | elapsed=0s
[2026-09-18 00:40:30] [Representation] Progress 120/144 | remaining=24 | elapsed=27s | eta≈5s
[2026-09-18 00:40:30] [Representation task] Starting | pid=94150 | split=cross_session_b2af4721298d | group=zhou_cross_session_theta_4_8 | representation=statistical__all_standard
[2026-09-18 00:40:31] [Representation task] Done | pid=94150 | split=cross_session_b2af4721298d | group=zhou_cross_session_theta_4_8 | representation=statistical__all_standard | elapsed=1s
[2026-09-18 00:40:31] [Representation] Progress 121/144 | remaining=23 | elapsed=28s | eta≈5s
[2026-09-18 00:40:31] [Representation task] Starting | pid=94150 | split=cross_session_b2af4721298d | group=zhou_cross_session_theta_4_8 | representation=temporal__all_standard
[2026-09-18 00:40:31] [Representation task] Done | pid=94150 | split=cross_session_b2af4721298d | group=zhou_cross_session_theta_4_8 | representation=temporal__all_standard | elapsed=0s
[2026-09-18 00:40:31] [Representation] Progress 122/144 | remaining=22 | elapsed=28s | eta≈5s
[2026-09-18 00:40:31] [Representation task] Starting | pid=94150 | split=cross_session_b2af4721298d | group=zhou_cross_session_theta_4_8 | representation=csp_6__all_standard
[2026-09-18 00:40:31] [Representation task] Done | pid=94150 | split=cross_session_b2af4721298d | group=zhou_cross_session_theta_4_8 | representation=csp_6__all_standard | elapsed=0s
[2026-09-18 00:40:31] [Representation] Progress 123/144 | remaining=21 | elapsed=28s | eta≈5s
[2026-09-18 00:40:31] [Representation task] Starting | pid=94150 | split=cross_session_b2af4721298d | group=zhou_cross_session_theta_4_8 | representation=standardized_signal
[2026-09-18 00:40:31] [Representation task] Done | pid=94150 | split=cross_session_b2af4721298d | group=zhou_cross_session_theta_4_8 | representation=standardized_signal | elapsed=0s
[2026-09-18 00:40:31] [Representation] Progress 124/144 | remaining=20 | elapsed=28s | eta≈5s
[2026-09-18 00:40:31] [Representation task] Starting | pid=94150 | split=cross_session_65539e158fb4 | group=zhou_cross_session_theta_4_8 | representation=statistical__all_standard
[2026-09-18 00:40:31] [Representation task] Done | pid=94150 | split=cross_session_65539e158fb4 | group=zhou_cross_session_theta_4_8 | representation=statistical__all_standard | elapsed=0s
[2026-09-18 00:40:31] [Representation] Progress 125/144 | remaining=19 | elapsed=29s | eta≈4s
[2026-09-18 00:40:31] [Representation task] Starting | pid=94150 | split=cross_session_65539e158fb4 | group=zhou_cross_session_theta_4_8 | representation=temporal__all_standard
[2026-09-18 00:40:32] [Representation task] Done | pid=94150 | split=cross_session_65539e158fb4 | group=zhou_cross_session_theta_4_8 | representation=temporal__all_standard | elapsed=0s
[2026-09-18 00:40:32] [Representation] Progress 126/144 | remaining=18 | elapsed=29s | eta≈4s
[2026-09-18 00:40:32] [Representation task] Starting | pid=94150 | split=cross_session_65539e158fb4 | group=zhou_cross_session_theta_4_8 | representation=csp_6__all_standard
[2026-09-18 00:40:32] [Representation task] Done | pid=94150 | split=cross_session_65539e158fb4 | group=zhou_cross_session_theta_4_8 | representation=csp_6__all_standard | elapsed=0s
[2026-09-18 00:40:32] [Representation] Progress 127/144 | remaining=17 | elapsed=29s | eta≈4s
[2026-09-18 00:40:32] [Representation task] Starting | pid=94150 | split=cross_session_65539e158fb4 | group=zhou_cross_session_theta_4_8 | representation=standardized_signal
[2026-09-18 00:40:32] [Representation task] Done | pid=94150 | split=cross_session_65539e158fb4 | group=zhou_cross_session_theta_4_8 | representation=standardized_signal | elapsed=0s
[2026-09-18 00:40:32] [Representation] Progress 128/144 | remaining=16 | elapsed=29s | eta≈4s
[2026-09-18 00:40:32] [Representation task] Starting | pid=94150 | split=cross_session_03dabef0ce5a | group=zhou_cross_session_theta_4_8 | representation=statistical__all_standard
[2026-09-18 00:40:32] [Representation task] Done | pid=94150 | split=cross_session_03dabef0ce5a | group=zhou_cross_session_theta_4_8 | representation=statistical__all_standard | elapsed=0s
[2026-09-18 00:40:32] [Representation] Progress 129/144 | remaining=15 | elapsed=29s | eta≈3s
[2026-09-18 00:40:32] [Representation task] Starting | pid=94150 | split=cross_session_03dabef0ce5a | group=zhou_cross_session_theta_4_8 | representation=temporal__all_standard
[2026-09-18 00:40:32] [Representation task] Done | pid=94150 | split=cross_session_03dabef0ce5a | group=zhou_cross_session_theta_4_8 | representation=temporal__all_standard | elapsed=0s
[2026-09-18 00:40:32] [Representation] Progress 130/144 | remaining=14 | elapsed=29s | eta≈3s
[2026-09-18 00:40:32] [Representation task] Starting | pid=94150 | split=cross_session_03dabef0ce5a | group=zhou_cross_session_theta_4_8 | representation=csp_6__all_standard
[2026-09-18 00:40:32] [Representation task] Done | pid=94150 | split=cross_session_03dabef0ce5a | group=zhou_cross_session_theta_4_8 | representation=csp_6__all_standard | elapsed=0s
[2026-09-18 00:40:32] [Representation] Progress 131/144 | remaining=13 | elapsed=30s | eta≈3s
[2026-09-18 00:40:32] [Representation task] Starting | pid=94150 | split=cross_session_03dabef0ce5a | group=zhou_cross_session_theta_4_8 | representation=standardized_signal
[2026-09-18 00:40:33] [Representation task] Done | pid=94150 | split=cross_session_03dabef0ce5a | group=zhou_cross_session_theta_4_8 | representation=standardized_signal | elapsed=0s
[2026-09-18 00:40:33] [Representation] Progress 132/144 | remaining=12 | elapsed=30s | eta≈3s
[2026-09-18 00:40:33] [Representation task] Starting | pid=94150 | split=cross_session_f26c340bf90c | group=zhou_cross_session_theta_4_8 | representation=statistical__all_standard
[2026-09-18 00:40:33] [Representation task] Done | pid=94150 | split=cross_session_f26c340bf90c | group=zhou_cross_session_theta_4_8 | representation=statistical__all_standard | elapsed=1s
[2026-09-18 00:40:33] [Representation] Progress 133/144 | remaining=11 | elapsed=30s | eta≈3s
[2026-09-18 00:40:33] [Representation task] Starting | pid=94150 | split=cross_session_f26c340bf90c | group=zhou_cross_session_theta_4_8 | representation=temporal__all_standard
[2026-09-18 00:40:33] [Representation task] Done | pid=94150 | split=cross_session_f26c340bf90c | group=zhou_cross_session_theta_4_8 | representation=temporal__all_standard | elapsed=0s
[2026-09-18 00:40:33] [Representation] Progress 134/144 | remaining=10 | elapsed=30s | eta≈2s
[2026-09-18 00:40:33] [Representation task] Starting | pid=94150 | split=cross_session_f26c340bf90c | group=zhou_cross_session_theta_4_8 | representation=csp_6__all_standard
[2026-09-18 00:40:33] [Representation task] Done | pid=94150 | split=cross_session_f26c340bf90c | group=zhou_cross_session_theta_4_8 | representation=csp_6__all_standard | elapsed=0s
[2026-09-18 00:40:33] [Representation] Progress 135/144 | remaining=9 | elapsed=31s | eta≈2s
[2026-09-18 00:40:33] [Representation task] Starting | pid=94150 | split=cross_session_f26c340bf90c | group=zhou_cross_session_theta_4_8 | representation=standardized_signal
[2026-09-18 00:40:34] [Representation task] Done | pid=94150 | split=cross_session_f26c340bf90c | group=zhou_cross_session_theta_4_8 | representation=standardized_signal | elapsed=0s
[2026-09-18 00:40:34] [Representation] Progress 136/144 | remaining=8 | elapsed=31s | eta≈2s
[2026-09-18 00:40:34] [Representation task] Starting | pid=94150 | split=cross_session_6e742fe790fa | group=zhou_cross_session_theta_4_8 | representation=statistical__all_standard
[2026-09-18 00:40:34] [Representation task] Done | pid=94150 | split=cross_session_6e742fe790fa | group=zhou_cross_session_theta_4_8 | representation=statistical__all_standard | elapsed=1s
[2026-09-18 00:40:34] [Representation] Progress 137/144 | remaining=7 | elapsed=31s | eta≈2s
[2026-09-18 00:40:34] [Representation task] Starting | pid=94150 | split=cross_session_6e742fe790fa | group=zhou_cross_session_theta_4_8 | representation=temporal__all_standard
[2026-09-18 00:40:34] [Representation task] Done | pid=94150 | split=cross_session_6e742fe790fa | group=zhou_cross_session_theta_4_8 | representation=temporal__all_standard | elapsed=0s
[2026-09-18 00:40:34] [Representation] Progress 138/144 | remaining=6 | elapsed=31s | eta≈1s
[2026-09-18 00:40:34] [Representation task] Starting | pid=94150 | split=cross_session_6e742fe790fa | group=zhou_cross_session_theta_4_8 | representation=csp_6__all_standard
[2026-09-18 00:40:34] [Representation task] Done | pid=94150 | split=cross_session_6e742fe790fa | group=zhou_cross_session_theta_4_8 | representation=csp_6__all_standard | elapsed=0s
[2026-09-18 00:40:34] [Representation] Progress 139/144 | remaining=5 | elapsed=32s | eta≈1s
[2026-09-18 00:40:34] [Representation task] Starting | pid=94150 | split=cross_session_6e742fe790fa | group=zhou_cross_session_theta_4_8 | representation=standardized_signal
[2026-09-18 00:40:34] [Representation task] Done | pid=94150 | split=cross_session_6e742fe790fa | group=zhou_cross_session_theta_4_8 | representation=standardized_signal | elapsed=0s
[2026-09-18 00:40:34] [Representation] Progress 140/144 | remaining=4 | elapsed=32s | eta≈1s
[2026-09-18 00:40:34] [Representation task] Starting | pid=94150 | split=cross_session_3a77bf661561 | group=zhou_cross_session_theta_4_8 | representation=statistical__all_standard
[2026-09-18 00:40:35] [Representation task] Done | pid=94150 | split=cross_session_3a77bf661561 | group=zhou_cross_session_theta_4_8 | representation=statistical__all_standard | elapsed=0s
[2026-09-18 00:40:35] [Representation] Progress 141/144 | remaining=3 | elapsed=32s | eta≈1s
[2026-09-18 00:40:35] [Representation task] Starting | pid=94150 | split=cross_session_3a77bf661561 | group=zhou_cross_session_theta_4_8 | representation=temporal__all_standard
[2026-09-18 00:40:35] [Representation task] Done | pid=94150 | split=cross_session_3a77bf661561 | group=zhou_cross_session_theta_4_8 | representation=temporal__all_standard | elapsed=0s
[2026-09-18 00:40:35] [Representation] Progress 142/144 | remaining=2 | elapsed=32s | eta≈0s
[2026-09-18 00:40:35] [Representation task] Starting | pid=94150 | split=cross_session_3a77bf661561 | group=zhou_cross_session_theta_4_8 | representation=csp_6__all_standard
[2026-09-18 00:40:35] [Representation task] Done | pid=94150 | split=cross_session_3a77bf661561 | group=zhou_cross_session_theta_4_8 | representation=csp_6__all_standard | elapsed=0s
[2026-09-18 00:40:35] [Representation] Progress 143/144 | remaining=1 | elapsed=32s | eta≈0s
[2026-09-18 00:40:35] [Representation task] Starting | pid=94150 | split=cross_session_3a77bf661561 | group=zhou_cross_session_theta_4_8 | representation=standardized_signal
[2026-09-18 00:40:35] [Representation task] Done | pid=94150 | split=cross_session_3a77bf661561 | group=zhou_cross_session_theta_4_8 | representation=standardized_signal | elapsed=0s
[2026-09-18 00:40:35] [Representation] Progress 144/144 | remaining=0 | elapsed=32s | eta≈0s
[2026-09-18 00:40:35] [Representation] Done | elapsed=32s
[2026-09-18 00:40:35] [Training] Starting...
[2026-09-18 00:40:35] [Training] Tasks=144 | workers=1
[2026-09-18 00:40:35] [Training task] Starting | pid=94150 | item=1 | split=cross_session_19d2548920ce | representation=statistical__all_standard | model=logistic_regression
[2026-09-18 00:40:36] [Training task] Done | pid=94150 | item=1 | split=cross_session_19d2548920ce | representation=statistical__all_standard | model=logistic_regression | elapsed=1s
[2026-09-18 00:40:36] [Training] Progress 1/144 | remaining=143 | elapsed=1s | eta≈1.6m
[2026-09-18 00:40:36] [Training task] Starting | pid=94150 | item=2 | split=cross_session_19d2548920ce | representation=temporal__all_standard | model=logistic_regression
[2026-09-18 00:40:36] [Training task] Done | pid=94150 | item=2 | split=cross_session_19d2548920ce | representation=temporal__all_standard | model=logistic_regression | elapsed=0s
[2026-09-18 00:40:36] [Training] Progress 2/144 | remaining=142 | elapsed=1s | eta≈1.0m
[2026-09-18 00:40:36] [Training task] Starting | pid=94150 | item=3 | split=cross_session_19d2548920ce | representation=csp_6__all_standard | model=logistic_regression
[2026-09-18 00:40:36] [Training task] Done | pid=94150 | item=3 | split=cross_session_19d2548920ce | representation=csp_6__all_standard | model=logistic_regression | elapsed=0s
[2026-09-18 00:40:36] [Training] Progress 3/144 | remaining=141 | elapsed=1s | eta≈51s
[2026-09-18 00:40:36] [Training task] Starting | pid=94150 | item=4 | split=cross_session_19d2548920ce | representation=standardized_signal | model=eegnet
[2026-09-18 00:40:45] [Training task] Done | pid=94150 | item=4 | split=cross_session_19d2548920ce | representation=standardized_signal | model=eegnet | elapsed=8s
[2026-09-18 00:40:45] [Training] Progress 4/144 | remaining=140 | elapsed=9s | eta≈5.5m
[2026-09-18 00:40:45] [Training task] Starting | pid=94150 | item=5 | split=cross_session_016111ec6d53 | representation=statistical__all_standard | model=logistic_regression
[2026-09-18 00:56:32] [Training task] Done | pid=94150 | item=5 | split=cross_session_016111ec6d53 | representation=statistical__all_standard | model=logistic_regression | elapsed=1s
[2026-09-18 00:56:32] [Training] Progress 5/144 | remaining=139 | elapsed=10s | eta≈4.8m
[2026-09-18 00:56:32] [Training task] Starting | pid=94150 | item=6 | split=cross_session_016111ec6d53 | representation=temporal__all_standard | model=logistic_regression
[2026-09-18 00:56:33] [Training task] Done | pid=94150 | item=6 | split=cross_session_016111ec6d53 | representation=temporal__all_standard | model=logistic_regression | elapsed=0s
[2026-09-18 00:56:33] [Training] Progress 6/144 | remaining=138 | elapsed=11s | eta≈4.1m
[2026-09-18 00:56:33] [Training task] Starting | pid=94150 | item=7 | split=cross_session_016111ec6d53 | representation=csp_6__all_standard | model=logistic_regression
[2026-09-18 00:56:33] [Training task] Done | pid=94150 | item=7 | split=cross_session_016111ec6d53 | representation=csp_6__all_standard | model=logistic_regression | elapsed=0s
[2026-09-18 00:56:33] [Training] Progress 7/144 | remaining=137 | elapsed=11s | eta≈3.5m
[2026-09-18 00:56:33] [Training task] Starting | pid=94150 | item=8 | split=cross_session_016111ec6d53 | representation=standardized_signal | model=eegnet
[2026-09-18 00:56:35] [Training task] Done | pid=94150 | item=8 | split=cross_session_016111ec6d53 | representation=standardized_signal | model=eegnet | elapsed=2s
[2026-09-18 00:56:35] [Training] Progress 8/144 | remaining=136 | elapsed=13s | eta≈3.7m
[2026-09-18 00:56:35] [Training task] Starting | pid=94150 | item=9 | split=cross_session_e21fc9e540fd | representation=statistical__all_standard | model=logistic_regression
[2026-09-18 00:56:36] [Training task] Done | pid=94150 | item=9 | split=cross_session_e21fc9e540fd | representation=statistical__all_standard | model=logistic_regression | elapsed=1s
[2026-09-18 00:56:36] [Training] Progress 9/144 | remaining=135 | elapsed=14s | eta≈3.5m
[2026-09-18 00:56:36] [Training task] Starting | pid=94150 | item=10 | split=cross_session_e21fc9e540fd | representation=temporal__all_standard | model=logistic_regression
[2026-09-18 00:56:36] [Training task] Done | pid=94150 | item=10 | split=cross_session_e21fc9e540fd | representation=temporal__all_standard | model=logistic_regression | elapsed=0s
[2026-09-18 00:56:36] [Training] Progress 10/144 | remaining=134 | elapsed=14s | eta≈3.2m
[2026-09-18 00:56:36] [Training task] Starting | pid=94150 | item=11 | split=cross_session_e21fc9e540fd | representation=csp_6__all_standard | model=logistic_regression
[2026-09-18 00:56:36] [Training task] Done | pid=94150 | item=11 | split=cross_session_e21fc9e540fd | representation=csp_6__all_standard | model=logistic_regression | elapsed=0s
[2026-09-18 00:56:36] [Training] Progress 11/144 | remaining=133 | elapsed=14s | eta≈2.9m
[2026-09-18 00:56:36] [Training task] Starting | pid=94150 | item=12 | split=cross_session_e21fc9e540fd | representation=standardized_signal | model=eegnet
[2026-09-18 00:56:37] [Training task] Done | pid=94150 | item=12 | split=cross_session_e21fc9e540fd | representation=standardized_signal | model=eegnet | elapsed=1s
[2026-09-18 00:56:37] [Training] Progress 12/144 | remaining=132 | elapsed=15s | eta≈2.7m
[2026-09-18 00:56:37] [Training task] Starting | pid=94150 | item=13 | split=cross_session_5fec25c5d9e3 | representation=statistical__all_standard | model=logistic_regression
[2026-09-18 00:56:38] [Training task] Done | pid=94150 | item=13 | split=cross_session_5fec25c5d9e3 | representation=statistical__all_standard | model=logistic_regression | elapsed=1s
[2026-09-18 00:56:38] [Training] Progress 13/144 | remaining=131 | elapsed=16s | eta≈2.6m
[2026-09-18 00:56:38] [Training task] Starting | pid=94150 | item=14 | split=cross_session_5fec25c5d9e3 | representation=temporal__all_standard | model=logistic_regression
[2026-09-18 00:56:38] [Training task] Done | pid=94150 | item=14 | split=cross_session_5fec25c5d9e3 | representation=temporal__all_standard | model=logistic_regression | elapsed=0s
[2026-09-18 00:56:38] [Training] Progress 14/144 | remaining=130 | elapsed=16s | eta≈2.5m
[2026-09-18 00:56:38] [Training task] Starting | pid=94150 | item=15 | split=cross_session_5fec25c5d9e3 | representation=csp_6__all_standard | model=logistic_regression
[2026-09-18 00:56:38] [Training task] Done | pid=94150 | item=15 | split=cross_session_5fec25c5d9e3 | representation=csp_6__all_standard | model=logistic_regression | elapsed=0s
[2026-09-18 00:56:38] [Training] Progress 15/144 | remaining=129 | elapsed=16s | eta≈2.3m
[2026-09-18 00:56:38] [Training task] Starting | pid=94150 | item=16 | split=cross_session_5fec25c5d9e3 | representation=standardized_signal | model=eegnet
[2026-09-18 00:56:39] [Training task] Done | pid=94150 | item=16 | split=cross_session_5fec25c5d9e3 | representation=standardized_signal | model=eegnet | elapsed=1s
[2026-09-18 00:56:39] [Training] Progress 16/144 | remaining=128 | elapsed=17s | eta≈2.3m
[2026-09-18 00:56:39] [Training task] Starting | pid=94150 | item=17 | split=cross_session_9287b0e7d963 | representation=statistical__all_standard | model=logistic_regression
[2026-09-18 00:56:40] [Training task] Done | pid=94150 | item=17 | split=cross_session_9287b0e7d963 | representation=statistical__all_standard | model=logistic_regression | elapsed=0s
[2026-09-18 00:56:40] [Training] Progress 17/144 | remaining=127 | elapsed=18s | eta≈2.2m
[2026-09-18 00:56:40] [Training task] Starting | pid=94150 | item=18 | split=cross_session_9287b0e7d963 | representation=temporal__all_standard | model=logistic_regression
[2026-09-18 00:56:40] [Training task] Done | pid=94150 | item=18 | split=cross_session_9287b0e7d963 | representation=temporal__all_standard | model=logistic_regression | elapsed=0s
[2026-09-18 00:56:40] [Training] Progress 18/144 | remaining=126 | elapsed=18s | eta≈2.1m
[2026-09-18 00:56:40] [Training task] Starting | pid=94150 | item=19 | split=cross_session_9287b0e7d963 | representation=csp_6__all_standard | model=logistic_regression
[2026-09-18 00:56:40] [Training task] Done | pid=94150 | item=19 | split=cross_session_9287b0e7d963 | representation=csp_6__all_standard | model=logistic_regression | elapsed=0s
[2026-09-18 00:56:40] [Training] Progress 19/144 | remaining=125 | elapsed=18s | eta≈2.0m
[2026-09-18 00:56:40] [Training task] Starting | pid=94150 | item=20 | split=cross_session_9287b0e7d963 | representation=standardized_signal | model=eegnet
[2026-09-18 00:56:40] [Training task] Done | pid=94150 | item=20 | split=cross_session_9287b0e7d963 | representation=standardized_signal | model=eegnet | elapsed=0s
[2026-09-18 00:56:40] [Training] Progress 20/144 | remaining=124 | elapsed=18s | eta≈1.9m
[2026-09-18 00:56:40] [Training task] Starting | pid=94150 | item=21 | split=cross_session_1319f0eca7a4 | representation=statistical__all_standard | model=logistic_regression
[2026-09-18 00:56:41] [Training task] Done | pid=94150 | item=21 | split=cross_session_1319f0eca7a4 | representation=statistical__all_standard | model=logistic_regression | elapsed=0s
[2026-09-18 00:56:41] [Training] Progress 21/144 | remaining=123 | elapsed=19s | eta≈1.8m
[2026-09-18 00:56:41] [Training task] Starting | pid=94150 | item=22 | split=cross_session_1319f0eca7a4 | representation=temporal__all_standard | model=logistic_regression
[2026-09-18 00:56:41] [Training task] Done | pid=94150 | item=22 | split=cross_session_1319f0eca7a4 | representation=temporal__all_standard | model=logistic_regression | elapsed=0s
[2026-09-18 00:56:41] [Training] Progress 22/144 | remaining=122 | elapsed=19s | eta≈1.7m
[2026-09-18 00:56:41] [Training task] Starting | pid=94150 | item=23 | split=cross_session_1319f0eca7a4 | representation=csp_6__all_standard | model=logistic_regression
[2026-09-18 00:56:41] [Training task] Done | pid=94150 | item=23 | split=cross_session_1319f0eca7a4 | representation=csp_6__all_standard | model=logistic_regression | elapsed=0s
[2026-09-18 00:56:41] [Training] Progress 23/144 | remaining=121 | elapsed=19s | eta≈1.7m
[2026-09-18 00:56:41] [Training task] Starting | pid=94150 | item=24 | split=cross_session_1319f0eca7a4 | representation=standardized_signal | model=eegnet
[2026-09-18 00:56:41] [Training task] Done | pid=94150 | item=24 | split=cross_session_1319f0eca7a4 | representation=standardized_signal | model=eegnet | elapsed=0s
[2026-09-18 00:56:41] [Training] Progress 24/144 | remaining=120 | elapsed=19s | eta≈1.6m
[2026-09-18 00:56:41] [Training task] Starting | pid=94150 | item=25 | split=cross_session_b2af4721298d | representation=statistical__all_standard | model=logistic_regression
[2026-09-18 00:56:42] [Training task] Done | pid=94150 | item=25 | split=cross_session_b2af4721298d | representation=statistical__all_standard | model=logistic_regression | elapsed=0s
[2026-09-18 00:56:42] [Training] Progress 25/144 | remaining=119 | elapsed=20s | eta≈1.6m
[2026-09-18 00:56:42] [Training task] Starting | pid=94150 | item=26 | split=cross_session_b2af4721298d | representation=temporal__all_standard | model=logistic_regression
[2026-09-18 00:56:42] [Training task] Done | pid=94150 | item=26 | split=cross_session_b2af4721298d | representation=temporal__all_standard | model=logistic_regression | elapsed=0s
[2026-09-18 00:56:42] [Training] Progress 26/144 | remaining=118 | elapsed=20s | eta≈1.5m
[2026-09-18 00:56:42] [Training task] Starting | pid=94150 | item=27 | split=cross_session_b2af4721298d | representation=csp_6__all_standard | model=logistic_regression
[2026-09-18 00:56:42] [Training task] Done | pid=94150 | item=27 | split=cross_session_b2af4721298d | representation=csp_6__all_standard | model=logistic_regression | elapsed=0s
[2026-09-18 00:56:42] [Training] Progress 27/144 | remaining=117 | elapsed=20s | eta≈1.4m
[2026-09-18 00:56:42] [Training task] Starting | pid=94150 | item=28 | split=cross_session_b2af4721298d | representation=standardized_signal | model=eegnet
[2026-09-18 00:56:42] [Training task] Done | pid=94150 | item=28 | split=cross_session_b2af4721298d | representation=standardized_signal | model=eegnet | elapsed=0s
[2026-09-18 00:56:42] [Training] Progress 28/144 | remaining=116 | elapsed=20s | eta≈1.4m
[2026-09-18 00:56:42] [Training task] Starting | pid=94150 | item=29 | split=cross_session_65539e158fb4 | representation=statistical__all_standard | model=logistic_regression
[2026-09-18 00:56:43] [Training task] Done | pid=94150 | item=29 | split=cross_session_65539e158fb4 | representation=statistical__all_standard | model=logistic_regression | elapsed=0s
[2026-09-18 00:56:43] [Training] Progress 29/144 | remaining=115 | elapsed=21s | eta≈1.4m
[2026-09-18 00:56:43] [Training task] Starting | pid=94150 | item=30 | split=cross_session_65539e158fb4 | representation=temporal__all_standard | model=logistic_regression
[2026-09-18 00:56:43] [Training task] Done | pid=94150 | item=30 | split=cross_session_65539e158fb4 | representation=temporal__all_standard | model=logistic_regression | elapsed=0s
[2026-09-18 00:56:43] [Training] Progress 30/144 | remaining=114 | elapsed=21s | eta≈1.3m
[2026-09-18 00:56:43] [Training task] Starting | pid=94150 | item=31 | split=cross_session_65539e158fb4 | representation=csp_6__all_standard | model=logistic_regression
[2026-09-18 00:56:43] [Training task] Done | pid=94150 | item=31 | split=cross_session_65539e158fb4 | representation=csp_6__all_standard | model=logistic_regression | elapsed=0s
[2026-09-18 00:56:43] [Training] Progress 31/144 | remaining=113 | elapsed=21s | eta≈1.3m
[2026-09-18 00:56:43] [Training task] Starting | pid=94150 | item=32 | split=cross_session_65539e158fb4 | representation=standardized_signal | model=eegnet
[2026-09-18 00:56:43] [Training task] Done | pid=94150 | item=32 | split=cross_session_65539e158fb4 | representation=standardized_signal | model=eegnet | elapsed=0s
[2026-09-18 00:56:43] [Training] Progress 32/144 | remaining=112 | elapsed=21s | eta≈1.2m
[2026-09-18 00:56:43] [Training task] Starting | pid=94150 | item=33 | split=cross_session_03dabef0ce5a | representation=statistical__all_standard | model=logistic_regression
[2026-09-18 00:56:43] [Training task] Done | pid=94150 | item=33 | split=cross_session_03dabef0ce5a | representation=statistical__all_standard | model=logistic_regression | elapsed=0s
[2026-09-18 00:56:43] [Training] Progress 33/144 | remaining=111 | elapsed=21s | eta≈1.2m
[2026-09-18 00:56:43] [Training task] Starting | pid=94150 | item=34 | split=cross_session_03dabef0ce5a | representation=temporal__all_standard | model=logistic_regression
[2026-09-18 00:56:44] [Training task] Done | pid=94150 | item=34 | split=cross_session_03dabef0ce5a | representation=temporal__all_standard | model=logistic_regression | elapsed=0s
[2026-09-18 00:56:44] [Training] Progress 34/144 | remaining=110 | elapsed=22s | eta≈1.2m
[2026-09-18 00:56:44] [Training task] Starting | pid=94150 | item=35 | split=cross_session_03dabef0ce5a | representation=csp_6__all_standard | model=logistic_regression
[2026-09-18 00:56:44] [Training task] Done | pid=94150 | item=35 | split=cross_session_03dabef0ce5a | representation=csp_6__all_standard | model=logistic_regression | elapsed=0s
[2026-09-18 00:56:44] [Training] Progress 35/144 | remaining=109 | elapsed=22s | eta≈1.1m
[2026-09-18 00:56:44] [Training task] Starting | pid=94150 | item=36 | split=cross_session_03dabef0ce5a | representation=standardized_signal | model=eegnet
[2026-09-18 00:56:44] [Training task] Done | pid=94150 | item=36 | split=cross_session_03dabef0ce5a | representation=standardized_signal | model=eegnet | elapsed=0s
[2026-09-18 00:56:44] [Training] Progress 36/144 | remaining=108 | elapsed=22s | eta≈1.1m
[2026-09-18 00:56:44] [Training task] Starting | pid=94150 | item=37 | split=cross_session_f26c340bf90c | representation=statistical__all_standard | model=logistic_regression
[2026-09-18 00:56:44] [Training task] Done | pid=94150 | item=37 | split=cross_session_f26c340bf90c | representation=statistical__all_standard | model=logistic_regression | elapsed=0s
[2026-09-18 00:56:44] [Training] Progress 37/144 | remaining=107 | elapsed=22s | eta≈1.1m
[2026-09-18 00:56:44] [Training task] Starting | pid=94150 | item=38 | split=cross_session_f26c340bf90c | representation=temporal__all_standard | model=logistic_regression
[2026-09-18 00:56:44] [Training task] Done | pid=94150 | item=38 | split=cross_session_f26c340bf90c | representation=temporal__all_standard | model=logistic_regression | elapsed=0s
[2026-09-18 00:56:44] [Training] Progress 38/144 | remaining=106 | elapsed=22s | eta≈1.0m
[2026-09-18 00:56:44] [Training task] Starting | pid=94150 | item=39 | split=cross_session_f26c340bf90c | representation=csp_6__all_standard | model=logistic_regression
[2026-09-18 00:56:45] [Training task] Done | pid=94150 | item=39 | split=cross_session_f26c340bf90c | representation=csp_6__all_standard | model=logistic_regression | elapsed=0s
[2026-09-18 00:56:45] [Training] Progress 39/144 | remaining=105 | elapsed=23s | eta≈1.0m
[2026-09-18 00:56:45] [Training task] Starting | pid=94150 | item=40 | split=cross_session_f26c340bf90c | representation=standardized_signal | model=eegnet
[2026-09-18 00:56:45] [Training task] Done | pid=94150 | item=40 | split=cross_session_f26c340bf90c | representation=standardized_signal | model=eegnet | elapsed=0s
[2026-09-18 00:56:45] [Training] Progress 40/144 | remaining=104 | elapsed=23s | eta≈59s
[2026-09-18 00:56:45] [Training task] Starting | pid=94150 | item=41 | split=cross_session_6e742fe790fa | representation=statistical__all_standard | model=logistic_regression
[2026-09-18 00:56:45] [Training task] Done | pid=94150 | item=41 | split=cross_session_6e742fe790fa | representation=statistical__all_standard | model=logistic_regression | elapsed=0s
[2026-09-18 00:56:45] [Training] Progress 41/144 | remaining=103 | elapsed=23s | eta≈58s
[2026-09-18 00:56:45] [Training task] Starting | pid=94150 | item=42 | split=cross_session_6e742fe790fa | representation=temporal__all_standard | model=logistic_regression
[2026-09-18 00:56:45] [Training task] Done | pid=94150 | item=42 | split=cross_session_6e742fe790fa | representation=temporal__all_standard | model=logistic_regression | elapsed=0s
[2026-09-18 00:56:45] [Training] Progress 42/144 | remaining=102 | elapsed=23s | eta≈57s
[2026-09-18 00:56:45] [Training task] Starting | pid=94150 | item=43 | split=cross_session_6e742fe790fa | representation=csp_6__all_standard | model=logistic_regression
[2026-09-18 00:56:46] [Training task] Done | pid=94150 | item=43 | split=cross_session_6e742fe790fa | representation=csp_6__all_standard | model=logistic_regression | elapsed=0s
[2026-09-18 00:56:46] [Training] Progress 43/144 | remaining=101 | elapsed=23s | eta≈55s
[2026-09-18 00:56:46] [Training task] Starting | pid=94150 | item=44 | split=cross_session_6e742fe790fa | representation=standardized_signal | model=eegnet
[2026-09-18 00:56:46] [Training task] Done | pid=94150 | item=44 | split=cross_session_6e742fe790fa | representation=standardized_signal | model=eegnet | elapsed=0s
[2026-09-18 00:56:46] [Training] Progress 44/144 | remaining=100 | elapsed=24s | eta≈54s
[2026-09-18 00:56:46] [Training task] Starting | pid=94150 | item=45 | split=cross_session_3a77bf661561 | representation=statistical__all_standard | model=logistic_regression
[2026-09-18 00:56:46] [Training task] Done | pid=94150 | item=45 | split=cross_session_3a77bf661561 | representation=statistical__all_standard | model=logistic_regression | elapsed=0s
[2026-09-18 00:56:46] [Training] Progress 45/144 | remaining=99 | elapsed=24s | eta≈53s
[2026-09-18 00:56:46] [Training task] Starting | pid=94150 | item=46 | split=cross_session_3a77bf661561 | representation=temporal__all_standard | model=logistic_regression
[2026-09-18 00:56:46] [Training task] Done | pid=94150 | item=46 | split=cross_session_3a77bf661561 | representation=temporal__all_standard | model=logistic_regression | elapsed=0s
[2026-09-18 00:56:46] [Training] Progress 46/144 | remaining=98 | elapsed=24s | eta≈52s
[2026-09-18 00:56:46] [Training task] Starting | pid=94150 | item=47 | split=cross_session_3a77bf661561 | representation=csp_6__all_standard | model=logistic_regression
[2026-09-18 00:56:46] [Training task] Done | pid=94150 | item=47 | split=cross_session_3a77bf661561 | representation=csp_6__all_standard | model=logistic_regression | elapsed=0s
[2026-09-18 00:56:46] [Training] Progress 47/144 | remaining=97 | elapsed=24s | eta≈50s
[2026-09-18 00:56:46] [Training task] Starting | pid=94150 | item=48 | split=cross_session_3a77bf661561 | representation=standardized_signal | model=eegnet
[2026-09-18 00:56:47] [Training task] Done | pid=94150 | item=48 | split=cross_session_3a77bf661561 | representation=standardized_signal | model=eegnet | elapsed=0s
[2026-09-18 00:56:47] [Training] Progress 48/144 | remaining=96 | elapsed=25s | eta≈49s
[2026-09-18 00:56:47] [Training task] Starting | pid=94150 | item=49 | split=cross_session_19d2548920ce | representation=statistical__all_standard | model=logistic_regression
[2026-09-18 00:56:47] [Training task] Done | pid=94150 | item=49 | split=cross_session_19d2548920ce | representation=statistical__all_standard | model=logistic_regression | elapsed=0s
[2026-09-18 00:56:47] [Training] Progress 49/144 | remaining=95 | elapsed=25s | eta≈48s
[2026-09-18 00:56:47] [Training task] Starting | pid=94150 | item=50 | split=cross_session_19d2548920ce | representation=temporal__all_standard | model=logistic_regression
[2026-09-18 00:56:47] [Training task] Done | pid=94150 | item=50 | split=cross_session_19d2548920ce | representation=temporal__all_standard | model=logistic_regression | elapsed=0s
[2026-09-18 00:56:47] [Training] Progress 50/144 | remaining=94 | elapsed=25s | eta≈47s
[2026-09-18 00:56:47] [Training task] Starting | pid=94150 | item=51 | split=cross_session_19d2548920ce | representation=csp_6__all_standard | model=logistic_regression
[2026-09-18 00:56:47] [Training task] Done | pid=94150 | item=51 | split=cross_session_19d2548920ce | representation=csp_6__all_standard | model=logistic_regression | elapsed=0s
[2026-09-18 00:56:47] [Training] Progress 51/144 | remaining=93 | elapsed=25s | eta≈46s
[2026-09-18 00:56:47] [Training task] Starting | pid=94150 | item=52 | split=cross_session_19d2548920ce | representation=standardized_signal | model=eegnet
[2026-09-18 00:56:48] [Training task] Done | pid=94150 | item=52 | split=cross_session_19d2548920ce | representation=standardized_signal | model=eegnet | elapsed=0s
[2026-09-18 00:56:48] [Training] Progress 52/144 | remaining=92 | elapsed=26s | eta≈45s
[2026-09-18 00:56:48] [Training task] Starting | pid=94150 | item=53 | split=cross_session_016111ec6d53 | representation=statistical__all_standard | model=logistic_regression
[2026-09-18 00:56:48] [Training task] Done | pid=94150 | item=53 | split=cross_session_016111ec6d53 | representation=statistical__all_standard | model=logistic_regression | elapsed=0s
[2026-09-18 00:56:48] [Training] Progress 53/144 | remaining=91 | elapsed=26s | eta≈45s
[2026-09-18 00:56:48] [Training task] Starting | pid=94150 | item=54 | split=cross_session_016111ec6d53 | representation=temporal__all_standard | model=logistic_regression
[2026-09-18 00:56:48] [Training task] Done | pid=94150 | item=54 | split=cross_session_016111ec6d53 | representation=temporal__all_standard | model=logistic_regression | elapsed=0s
[2026-09-18 00:56:48] [Training] Progress 54/144 | remaining=90 | elapsed=26s | eta≈44s
[2026-09-18 00:56:48] [Training task] Starting | pid=94150 | item=55 | split=cross_session_016111ec6d53 | representation=csp_6__all_standard | model=logistic_regression
[2026-09-18 00:56:48] [Training task] Done | pid=94150 | item=55 | split=cross_session_016111ec6d53 | representation=csp_6__all_standard | model=logistic_regression | elapsed=0s
[2026-09-18 00:56:48] [Training] Progress 55/144 | remaining=89 | elapsed=26s | eta≈42s
[2026-09-18 00:56:48] [Training task] Starting | pid=94150 | item=56 | split=cross_session_016111ec6d53 | representation=standardized_signal | model=eegnet
[2026-09-18 00:56:49] [Training task] Done | pid=94150 | item=56 | split=cross_session_016111ec6d53 | representation=standardized_signal | model=eegnet | elapsed=0s
[2026-09-18 00:56:49] [Training] Progress 56/144 | remaining=88 | elapsed=27s | eta≈42s
[2026-09-18 00:56:49] [Training task] Starting | pid=94150 | item=57 | split=cross_session_e21fc9e540fd | representation=statistical__all_standard | model=logistic_regression
[2026-09-18 00:56:49] [Training task] Done | pid=94150 | item=57 | split=cross_session_e21fc9e540fd | representation=statistical__all_standard | model=logistic_regression | elapsed=1s
[2026-09-18 00:56:49] [Training] Progress 57/144 | remaining=87 | elapsed=27s | eta≈42s
[2026-09-18 00:56:49] [Training task] Starting | pid=94150 | item=58 | split=cross_session_e21fc9e540fd | representation=temporal__all_standard | model=logistic_regression
[2026-09-18 00:56:50] [Training task] Done | pid=94150 | item=58 | split=cross_session_e21fc9e540fd | representation=temporal__all_standard | model=logistic_regression | elapsed=0s
[2026-09-18 00:56:50] [Training] Progress 58/144 | remaining=86 | elapsed=28s | eta≈41s
[2026-09-18 00:56:50] [Training task] Starting | pid=94150 | item=59 | split=cross_session_e21fc9e540fd | representation=csp_6__all_standard | model=logistic_regression
[2026-09-18 00:56:50] [Training task] Done | pid=94150 | item=59 | split=cross_session_e21fc9e540fd | representation=csp_6__all_standard | model=logistic_regression | elapsed=0s
[2026-09-18 00:56:50] [Training] Progress 59/144 | remaining=85 | elapsed=28s | eta≈40s
[2026-09-18 00:56:50] [Training task] Starting | pid=94150 | item=60 | split=cross_session_e21fc9e540fd | representation=standardized_signal | model=eegnet
[2026-09-18 00:56:51] [Training task] Done | pid=94150 | item=60 | split=cross_session_e21fc9e540fd | representation=standardized_signal | model=eegnet | elapsed=1s
[2026-09-18 00:56:51] [Training] Progress 60/144 | remaining=84 | elapsed=28s | eta≈40s
[2026-09-18 00:56:51] [Training task] Starting | pid=94150 | item=61 | split=cross_session_5fec25c5d9e3 | representation=statistical__all_standard | model=logistic_regression
[2026-09-18 00:56:51] [Training task] Done | pid=94150 | item=61 | split=cross_session_5fec25c5d9e3 | representation=statistical__all_standard | model=logistic_regression | elapsed=1s
[2026-09-18 00:56:51] [Training] Progress 61/144 | remaining=83 | elapsed=29s | eta≈40s
[2026-09-18 00:56:51] [Training task] Starting | pid=94150 | item=62 | split=cross_session_5fec25c5d9e3 | representation=temporal__all_standard | model=logistic_regression
[2026-09-18 00:56:51] [Training task] Done | pid=94150 | item=62 | split=cross_session_5fec25c5d9e3 | representation=temporal__all_standard | model=logistic_regression | elapsed=0s
[2026-09-18 00:56:51] [Training] Progress 62/144 | remaining=82 | elapsed=29s | eta≈39s
[2026-09-18 00:56:51] [Training task] Starting | pid=94150 | item=63 | split=cross_session_5fec25c5d9e3 | representation=csp_6__all_standard | model=logistic_regression
[2026-09-18 00:56:52] [Training task] Done | pid=94150 | item=63 | split=cross_session_5fec25c5d9e3 | representation=csp_6__all_standard | model=logistic_regression | elapsed=0s
[2026-09-18 00:56:52] [Training] Progress 63/144 | remaining=81 | elapsed=30s | eta≈38s
[2026-09-18 00:56:52] [Training task] Starting | pid=94150 | item=64 | split=cross_session_5fec25c5d9e3 | representation=standardized_signal | model=eegnet
[2026-09-18 00:56:52] [Training task] Done | pid=94150 | item=64 | split=cross_session_5fec25c5d9e3 | representation=standardized_signal | model=eegnet | elapsed=0s
[2026-09-18 00:56:52] [Training] Progress 64/144 | remaining=80 | elapsed=30s | eta≈38s
[2026-09-18 00:56:52] [Training task] Starting | pid=94150 | item=65 | split=cross_session_9287b0e7d963 | representation=statistical__all_standard | model=logistic_regression
[2026-09-18 00:56:53] [Training task] Done | pid=94150 | item=65 | split=cross_session_9287b0e7d963 | representation=statistical__all_standard | model=logistic_regression | elapsed=0s
[2026-09-18 00:56:53] [Training] Progress 65/144 | remaining=79 | elapsed=30s | eta≈37s
[2026-09-18 00:56:53] [Training task] Starting | pid=94150 | item=66 | split=cross_session_9287b0e7d963 | representation=temporal__all_standard | model=logistic_regression
[2026-09-18 00:56:53] [Training task] Done | pid=94150 | item=66 | split=cross_session_9287b0e7d963 | representation=temporal__all_standard | model=logistic_regression | elapsed=0s
[2026-09-18 00:56:53] [Training] Progress 66/144 | remaining=78 | elapsed=31s | eta≈36s
[2026-09-18 00:56:53] [Training task] Starting | pid=94150 | item=67 | split=cross_session_9287b0e7d963 | representation=csp_6__all_standard | model=logistic_regression
[2026-09-18 00:56:53] [Training task] Done | pid=94150 | item=67 | split=cross_session_9287b0e7d963 | representation=csp_6__all_standard | model=logistic_regression | elapsed=0s
[2026-09-18 00:56:53] [Training] Progress 67/144 | remaining=77 | elapsed=31s | eta≈35s
[2026-09-18 00:56:53] [Training task] Starting | pid=94150 | item=68 | split=cross_session_9287b0e7d963 | representation=standardized_signal | model=eegnet
[2026-09-18 00:56:53] [Training task] Done | pid=94150 | item=68 | split=cross_session_9287b0e7d963 | representation=standardized_signal | model=eegnet | elapsed=0s
[2026-09-18 00:56:53] [Training] Progress 68/144 | remaining=76 | elapsed=31s | eta≈35s
[2026-09-18 00:56:53] [Training task] Starting | pid=94150 | item=69 | split=cross_session_1319f0eca7a4 | representation=statistical__all_standard | model=logistic_regression
[2026-09-18 00:56:54] [Training task] Done | pid=94150 | item=69 | split=cross_session_1319f0eca7a4 | representation=statistical__all_standard | model=logistic_regression | elapsed=1s
[2026-09-18 00:56:54] [Training] Progress 69/144 | remaining=75 | elapsed=32s | eta≈34s
[2026-09-18 00:56:54] [Training task] Starting | pid=94150 | item=70 | split=cross_session_1319f0eca7a4 | representation=temporal__all_standard | model=logistic_regression
[2026-09-18 00:56:54] [Training task] Done | pid=94150 | item=70 | split=cross_session_1319f0eca7a4 | representation=temporal__all_standard | model=logistic_regression | elapsed=0s
[2026-09-18 00:56:54] [Training] Progress 70/144 | remaining=74 | elapsed=32s | eta≈34s
[2026-09-18 00:56:54] [Training task] Starting | pid=94150 | item=71 | split=cross_session_1319f0eca7a4 | representation=csp_6__all_standard | model=logistic_regression
[2026-09-18 00:56:54] [Training task] Done | pid=94150 | item=71 | split=cross_session_1319f0eca7a4 | representation=csp_6__all_standard | model=logistic_regression | elapsed=0s
[2026-09-18 00:56:54] [Training] Progress 71/144 | remaining=73 | elapsed=32s | eta≈33s
[2026-09-18 00:56:54] [Training task] Starting | pid=94150 | item=72 | split=cross_session_1319f0eca7a4 | representation=standardized_signal | model=eegnet
[2026-09-18 00:56:54] [Training task] Done | pid=94150 | item=72 | split=cross_session_1319f0eca7a4 | representation=standardized_signal | model=eegnet | elapsed=0s
[2026-09-18 00:56:54] [Training] Progress 72/144 | remaining=72 | elapsed=32s | eta≈32s
[2026-09-18 00:56:54] [Training task] Starting | pid=94150 | item=73 | split=cross_session_b2af4721298d | representation=statistical__all_standard | model=logistic_regression
[2026-09-18 00:56:55] [Training task] Done | pid=94150 | item=73 | split=cross_session_b2af4721298d | representation=statistical__all_standard | model=logistic_regression | elapsed=0s
[2026-09-18 00:56:55] [Training] Progress 73/144 | remaining=71 | elapsed=33s | eta≈32s
[2026-09-18 00:56:55] [Training task] Starting | pid=94150 | item=74 | split=cross_session_b2af4721298d | representation=temporal__all_standard | model=logistic_regression
[2026-09-18 00:56:55] [Training task] Done | pid=94150 | item=74 | split=cross_session_b2af4721298d | representation=temporal__all_standard | model=logistic_regression | elapsed=0s
[2026-09-18 00:56:55] [Training] Progress 74/144 | remaining=70 | elapsed=33s | eta≈31s
[2026-09-18 00:56:55] [Training task] Starting | pid=94150 | item=75 | split=cross_session_b2af4721298d | representation=csp_6__all_standard | model=logistic_regression
[2026-09-18 00:56:55] [Training task] Done | pid=94150 | item=75 | split=cross_session_b2af4721298d | representation=csp_6__all_standard | model=logistic_regression | elapsed=0s
[2026-09-18 00:56:55] [Training] Progress 75/144 | remaining=69 | elapsed=33s | eta≈31s
[2026-09-18 00:56:55] [Training task] Starting | pid=94150 | item=76 | split=cross_session_b2af4721298d | representation=standardized_signal | model=eegnet
[2026-09-18 00:56:56] [Training task] Done | pid=94150 | item=76 | split=cross_session_b2af4721298d | representation=standardized_signal | model=eegnet | elapsed=0s
[2026-09-18 00:56:56] [Training] Progress 76/144 | remaining=68 | elapsed=33s | eta≈30s
[2026-09-18 00:56:56] [Training task] Starting | pid=94150 | item=77 | split=cross_session_65539e158fb4 | representation=statistical__all_standard | model=logistic_regression
[2026-09-18 00:56:56] [Training task] Done | pid=94150 | item=77 | split=cross_session_65539e158fb4 | representation=statistical__all_standard | model=logistic_regression | elapsed=0s
[2026-09-18 00:56:56] [Training] Progress 77/144 | remaining=67 | elapsed=34s | eta≈29s
[2026-09-18 00:56:56] [Training task] Starting | pid=94150 | item=78 | split=cross_session_65539e158fb4 | representation=temporal__all_standard | model=logistic_regression
[2026-09-18 00:56:56] [Training task] Done | pid=94150 | item=78 | split=cross_session_65539e158fb4 | representation=temporal__all_standard | model=logistic_regression | elapsed=0s
[2026-09-18 00:56:56] [Training] Progress 78/144 | remaining=66 | elapsed=34s | eta≈29s
[2026-09-18 00:56:56] [Training task] Starting | pid=94150 | item=79 | split=cross_session_65539e158fb4 | representation=csp_6__all_standard | model=logistic_regression
[2026-09-18 00:56:56] [Training task] Done | pid=94150 | item=79 | split=cross_session_65539e158fb4 | representation=csp_6__all_standard | model=logistic_regression | elapsed=0s
[2026-09-18 00:56:56] [Training] Progress 79/144 | remaining=65 | elapsed=34s | eta≈28s
[2026-09-18 00:56:56] [Training task] Starting | pid=94150 | item=80 | split=cross_session_65539e158fb4 | representation=standardized_signal | model=eegnet
[2026-09-18 00:56:57] [Training task] Done | pid=94150 | item=80 | split=cross_session_65539e158fb4 | representation=standardized_signal | model=eegnet | elapsed=0s
[2026-09-18 00:56:57] [Training] Progress 80/144 | remaining=64 | elapsed=35s | eta≈28s
[2026-09-18 00:56:57] [Training task] Starting | pid=94150 | item=81 | split=cross_session_03dabef0ce5a | representation=statistical__all_standard | model=logistic_regression
[2026-09-18 00:56:57] [Training task] Done | pid=94150 | item=81 | split=cross_session_03dabef0ce5a | representation=statistical__all_standard | model=logistic_regression | elapsed=0s
[2026-09-18 00:56:57] [Training] Progress 81/144 | remaining=63 | elapsed=35s | eta≈27s
[2026-09-18 00:56:57] [Training task] Starting | pid=94150 | item=82 | split=cross_session_03dabef0ce5a | representation=temporal__all_standard | model=logistic_regression
[2026-09-18 00:56:57] [Training task] Done | pid=94150 | item=82 | split=cross_session_03dabef0ce5a | representation=temporal__all_standard | model=logistic_regression | elapsed=0s
[2026-09-18 00:56:57] [Training] Progress 82/144 | remaining=62 | elapsed=35s | eta≈27s
[2026-09-18 00:56:57] [Training task] Starting | pid=94150 | item=83 | split=cross_session_03dabef0ce5a | representation=csp_6__all_standard | model=logistic_regression
[2026-09-18 00:56:58] [Training task] Done | pid=94150 | item=83 | split=cross_session_03dabef0ce5a | representation=csp_6__all_standard | model=logistic_regression | elapsed=0s
[2026-09-18 00:56:58] [Training] Progress 83/144 | remaining=61 | elapsed=35s | eta≈26s
[2026-09-18 00:56:58] [Training task] Starting | pid=94150 | item=84 | split=cross_session_03dabef0ce5a | representation=standardized_signal | model=eegnet
[2026-09-18 00:56:58] [Training task] Done | pid=94150 | item=84 | split=cross_session_03dabef0ce5a | representation=standardized_signal | model=eegnet | elapsed=0s
[2026-09-18 00:56:58] [Training] Progress 84/144 | remaining=60 | elapsed=36s | eta≈26s
[2026-09-18 00:56:58] [Training task] Starting | pid=94150 | item=85 | split=cross_session_f26c340bf90c | representation=statistical__all_standard | model=logistic_regression
[2026-09-18 00:56:59] [Training task] Done | pid=94150 | item=85 | split=cross_session_f26c340bf90c | representation=statistical__all_standard | model=logistic_regression | elapsed=1s
[2026-09-18 00:56:59] [Training] Progress 85/144 | remaining=59 | elapsed=36s | eta≈25s
[2026-09-18 00:56:59] [Training task] Starting | pid=94150 | item=86 | split=cross_session_f26c340bf90c | representation=temporal__all_standard | model=logistic_regression
[2026-09-18 00:56:59] [Training task] Done | pid=94150 | item=86 | split=cross_session_f26c340bf90c | representation=temporal__all_standard | model=logistic_regression | elapsed=0s
[2026-09-18 00:56:59] [Training] Progress 86/144 | remaining=58 | elapsed=37s | eta≈25s
[2026-09-18 00:56:59] [Training task] Starting | pid=94150 | item=87 | split=cross_session_f26c340bf90c | representation=csp_6__all_standard | model=logistic_regression
[2026-09-18 00:56:59] [Training task] Done | pid=94150 | item=87 | split=cross_session_f26c340bf90c | representation=csp_6__all_standard | model=logistic_regression | elapsed=0s
[2026-09-18 00:56:59] [Training] Progress 87/144 | remaining=57 | elapsed=37s | eta≈24s
[2026-09-18 00:56:59] [Training task] Starting | pid=94150 | item=88 | split=cross_session_f26c340bf90c | representation=standardized_signal | model=eegnet
[2026-09-18 00:56:59] [Training task] Done | pid=94150 | item=88 | split=cross_session_f26c340bf90c | representation=standardized_signal | model=eegnet | elapsed=0s
[2026-09-18 00:56:59] [Training] Progress 88/144 | remaining=56 | elapsed=37s | eta≈24s
[2026-09-18 00:56:59] [Training task] Starting | pid=94150 | item=89 | split=cross_session_6e742fe790fa | representation=statistical__all_standard | model=logistic_regression
[2026-09-18 00:57:00] [Training task] Done | pid=94150 | item=89 | split=cross_session_6e742fe790fa | representation=statistical__all_standard | model=logistic_regression | elapsed=1s
[2026-09-18 00:57:00] [Training] Progress 89/144 | remaining=55 | elapsed=38s | eta≈23s
[2026-09-18 00:57:00] [Training task] Starting | pid=94150 | item=90 | split=cross_session_6e742fe790fa | representation=temporal__all_standard | model=logistic_regression
[2026-09-18 00:57:00] [Training task] Done | pid=94150 | item=90 | split=cross_session_6e742fe790fa | representation=temporal__all_standard | model=logistic_regression | elapsed=0s
[2026-09-18 00:57:00] [Training] Progress 90/144 | remaining=54 | elapsed=38s | eta≈23s
[2026-09-18 00:57:00] [Training task] Starting | pid=94150 | item=91 | split=cross_session_6e742fe790fa | representation=csp_6__all_standard | model=logistic_regression
[2026-09-18 00:57:00] [Training task] Done | pid=94150 | item=91 | split=cross_session_6e742fe790fa | representation=csp_6__all_standard | model=logistic_regression | elapsed=0s
[2026-09-18 00:57:00] [Training] Progress 91/144 | remaining=53 | elapsed=38s | eta≈22s
[2026-09-18 00:57:00] [Training task] Starting | pid=94150 | item=92 | split=cross_session_6e742fe790fa | representation=standardized_signal | model=eegnet
[2026-09-18 00:57:01] [Training task] Done | pid=94150 | item=92 | split=cross_session_6e742fe790fa | representation=standardized_signal | model=eegnet | elapsed=0s
[2026-09-18 00:57:01] [Training] Progress 92/144 | remaining=52 | elapsed=39s | eta≈22s
[2026-09-18 00:57:01] [Training task] Starting | pid=94150 | item=93 | split=cross_session_3a77bf661561 | representation=statistical__all_standard | model=logistic_regression
[2026-09-18 00:57:02] [Training task] Done | pid=94150 | item=93 | split=cross_session_3a77bf661561 | representation=statistical__all_standard | model=logistic_regression | elapsed=1s
[2026-09-18 00:57:02] [Training] Progress 93/144 | remaining=51 | elapsed=40s | eta≈22s
[2026-09-18 00:57:02] [Training task] Starting | pid=94150 | item=94 | split=cross_session_3a77bf661561 | representation=temporal__all_standard | model=logistic_regression
[2026-09-18 00:57:02] [Training task] Done | pid=94150 | item=94 | split=cross_session_3a77bf661561 | representation=temporal__all_standard | model=logistic_regression | elapsed=0s
[2026-09-18 00:57:02] [Training] Progress 94/144 | remaining=50 | elapsed=40s | eta≈21s
[2026-09-18 00:57:02] [Training task] Starting | pid=94150 | item=95 | split=cross_session_3a77bf661561 | representation=csp_6__all_standard | model=logistic_regression
[2026-09-18 00:57:02] [Training task] Done | pid=94150 | item=95 | split=cross_session_3a77bf661561 | representation=csp_6__all_standard | model=logistic_regression | elapsed=0s
[2026-09-18 00:57:02] [Training] Progress 95/144 | remaining=49 | elapsed=40s | eta≈21s
[2026-09-18 00:57:02] [Training task] Starting | pid=94150 | item=96 | split=cross_session_3a77bf661561 | representation=standardized_signal | model=eegnet
[2026-09-18 00:57:02] [Training task] Done | pid=94150 | item=96 | split=cross_session_3a77bf661561 | representation=standardized_signal | model=eegnet | elapsed=0s
[2026-09-18 00:57:02] [Training] Progress 96/144 | remaining=48 | elapsed=40s | eta≈20s
[2026-09-18 00:57:02] [Training task] Starting | pid=94150 | item=97 | split=cross_session_19d2548920ce | representation=statistical__all_standard | model=logistic_regression
[2026-09-18 00:57:03] [Training task] Done | pid=94150 | item=97 | split=cross_session_19d2548920ce | representation=statistical__all_standard | model=logistic_regression | elapsed=0s
[2026-09-18 00:57:03] [Training] Progress 97/144 | remaining=47 | elapsed=40s | eta≈20s
[2026-09-18 00:57:03] [Training task] Starting | pid=94150 | item=98 | split=cross_session_19d2548920ce | representation=temporal__all_standard | model=logistic_regression
[2026-09-18 00:57:03] [Training task] Done | pid=94150 | item=98 | split=cross_session_19d2548920ce | representation=temporal__all_standard | model=logistic_regression | elapsed=0s
[2026-09-18 00:57:03] [Training] Progress 98/144 | remaining=46 | elapsed=41s | eta≈19s
[2026-09-18 00:57:03] [Training task] Starting | pid=94150 | item=99 | split=cross_session_19d2548920ce | representation=csp_6__all_standard | model=logistic_regression
[2026-09-18 00:57:03] [Training task] Done | pid=94150 | item=99 | split=cross_session_19d2548920ce | representation=csp_6__all_standard | model=logistic_regression | elapsed=0s
[2026-09-18 00:57:03] [Training] Progress 99/144 | remaining=45 | elapsed=41s | eta≈19s
[2026-09-18 00:57:03] [Training task] Starting | pid=94150 | item=100 | split=cross_session_19d2548920ce | representation=standardized_signal | model=eegnet
[2026-09-18 00:57:03] [Training task] Done | pid=94150 | item=100 | split=cross_session_19d2548920ce | representation=standardized_signal | model=eegnet | elapsed=0s
[2026-09-18 00:57:03] [Training] Progress 100/144 | remaining=44 | elapsed=41s | eta≈18s
[2026-09-18 00:57:03] [Training task] Starting | pid=94150 | item=101 | split=cross_session_016111ec6d53 | representation=statistical__all_standard | model=logistic_regression
[2026-09-18 00:57:04] [Training task] Done | pid=94150 | item=101 | split=cross_session_016111ec6d53 | representation=statistical__all_standard | model=logistic_regression | elapsed=0s
[2026-09-18 00:57:04] [Training] Progress 101/144 | remaining=43 | elapsed=42s | eta≈18s
[2026-09-18 00:57:04] [Training task] Starting | pid=94150 | item=102 | split=cross_session_016111ec6d53 | representation=temporal__all_standard | model=logistic_regression
[2026-09-18 00:57:04] [Training task] Done | pid=94150 | item=102 | split=cross_session_016111ec6d53 | representation=temporal__all_standard | model=logistic_regression | elapsed=0s
[2026-09-18 00:57:04] [Training] Progress 102/144 | remaining=42 | elapsed=42s | eta≈17s
[2026-09-18 00:57:04] [Training task] Starting | pid=94150 | item=103 | split=cross_session_016111ec6d53 | representation=csp_6__all_standard | model=logistic_regression
[2026-09-18 00:57:04] [Training task] Done | pid=94150 | item=103 | split=cross_session_016111ec6d53 | representation=csp_6__all_standard | model=logistic_regression | elapsed=0s
[2026-09-18 00:57:04] [Training] Progress 103/144 | remaining=41 | elapsed=42s | eta≈17s
[2026-09-18 00:57:04] [Training task] Starting | pid=94150 | item=104 | split=cross_session_016111ec6d53 | representation=standardized_signal | model=eegnet
[2026-09-18 00:57:04] [Training task] Done | pid=94150 | item=104 | split=cross_session_016111ec6d53 | representation=standardized_signal | model=eegnet | elapsed=0s
[2026-09-18 00:57:04] [Training] Progress 104/144 | remaining=40 | elapsed=42s | eta≈16s
[2026-09-18 00:57:04] [Training task] Starting | pid=94150 | item=105 | split=cross_session_e21fc9e540fd | representation=statistical__all_standard | model=logistic_regression
[2026-09-18 00:57:05] [Training task] Done | pid=94150 | item=105 | split=cross_session_e21fc9e540fd | representation=statistical__all_standard | model=logistic_regression | elapsed=0s
[2026-09-18 00:57:05] [Training] Progress 105/144 | remaining=39 | elapsed=42s | eta≈16s
[2026-09-18 00:57:05] [Training task] Starting | pid=94150 | item=106 | split=cross_session_e21fc9e540fd | representation=temporal__all_standard | model=logistic_regression
[2026-09-18 00:57:05] [Training task] Done | pid=94150 | item=106 | split=cross_session_e21fc9e540fd | representation=temporal__all_standard | model=logistic_regression | elapsed=0s
[2026-09-18 00:57:05] [Training] Progress 106/144 | remaining=38 | elapsed=43s | eta≈15s
[2026-09-18 00:57:05] [Training task] Starting | pid=94150 | item=107 | split=cross_session_e21fc9e540fd | representation=csp_6__all_standard | model=logistic_regression
[2026-09-18 00:57:05] [Training task] Done | pid=94150 | item=107 | split=cross_session_e21fc9e540fd | representation=csp_6__all_standard | model=logistic_regression | elapsed=0s
[2026-09-18 00:57:05] [Training] Progress 107/144 | remaining=37 | elapsed=43s | eta≈15s
[2026-09-18 00:57:05] [Training task] Starting | pid=94150 | item=108 | split=cross_session_e21fc9e540fd | representation=standardized_signal | model=eegnet
[2026-09-18 00:57:05] [Training task] Done | pid=94150 | item=108 | split=cross_session_e21fc9e540fd | representation=standardized_signal | model=eegnet | elapsed=0s
[2026-09-18 00:57:05] [Training] Progress 108/144 | remaining=36 | elapsed=43s | eta≈14s
[2026-09-18 00:57:05] [Training task] Starting | pid=94150 | item=109 | split=cross_session_5fec25c5d9e3 | representation=statistical__all_standard | model=logistic_regression
[2026-09-18 00:57:05] [Training task] Done | pid=94150 | item=109 | split=cross_session_5fec25c5d9e3 | representation=statistical__all_standard | model=logistic_regression | elapsed=0s
[2026-09-18 00:57:05] [Training] Progress 109/144 | remaining=35 | elapsed=43s | eta≈14s
[2026-09-18 00:57:05] [Training task] Starting | pid=94150 | item=110 | split=cross_session_5fec25c5d9e3 | representation=temporal__all_standard | model=logistic_regression
[2026-09-18 00:57:06] [Training task] Done | pid=94150 | item=110 | split=cross_session_5fec25c5d9e3 | representation=temporal__all_standard | model=logistic_regression | elapsed=0s
[2026-09-18 00:57:06] [Training] Progress 110/144 | remaining=34 | elapsed=43s | eta≈13s
[2026-09-18 00:57:06] [Training task] Starting | pid=94150 | item=111 | split=cross_session_5fec25c5d9e3 | representation=csp_6__all_standard | model=logistic_regression
[2026-09-18 00:57:06] [Training task] Done | pid=94150 | item=111 | split=cross_session_5fec25c5d9e3 | representation=csp_6__all_standard | model=logistic_regression | elapsed=0s
[2026-09-18 00:57:06] [Training] Progress 111/144 | remaining=33 | elapsed=44s | eta≈13s
[2026-09-18 00:57:06] [Training task] Starting | pid=94150 | item=112 | split=cross_session_5fec25c5d9e3 | representation=standardized_signal | model=eegnet
[2026-09-18 00:57:06] [Training task] Done | pid=94150 | item=112 | split=cross_session_5fec25c5d9e3 | representation=standardized_signal | model=eegnet | elapsed=0s
[2026-09-18 00:57:06] [Training] Progress 112/144 | remaining=32 | elapsed=44s | eta≈13s
[2026-09-18 00:57:06] [Training task] Starting | pid=94150 | item=113 | split=cross_session_9287b0e7d963 | representation=statistical__all_standard | model=logistic_regression
[2026-09-18 00:57:06] [Training task] Done | pid=94150 | item=113 | split=cross_session_9287b0e7d963 | representation=statistical__all_standard | model=logistic_regression | elapsed=0s
[2026-09-18 00:57:06] [Training] Progress 113/144 | remaining=31 | elapsed=44s | eta≈12s
[2026-09-18 00:57:06] [Training task] Starting | pid=94150 | item=114 | split=cross_session_9287b0e7d963 | representation=temporal__all_standard | model=logistic_regression
[2026-09-18 00:57:06] [Training task] Done | pid=94150 | item=114 | split=cross_session_9287b0e7d963 | representation=temporal__all_standard | model=logistic_regression | elapsed=0s
[2026-09-18 00:57:06] [Training] Progress 114/144 | remaining=30 | elapsed=44s | eta≈12s
[2026-09-18 00:57:06] [Training task] Starting | pid=94150 | item=115 | split=cross_session_9287b0e7d963 | representation=csp_6__all_standard | model=logistic_regression
[2026-09-18 00:57:06] [Training task] Done | pid=94150 | item=115 | split=cross_session_9287b0e7d963 | representation=csp_6__all_standard | model=logistic_regression | elapsed=0s
[2026-09-18 00:57:06] [Training] Progress 115/144 | remaining=29 | elapsed=44s | eta≈11s
[2026-09-18 00:57:06] [Training task] Starting | pid=94150 | item=116 | split=cross_session_9287b0e7d963 | representation=standardized_signal | model=eegnet
[2026-09-18 00:57:07] [Training task] Done | pid=94150 | item=116 | split=cross_session_9287b0e7d963 | representation=standardized_signal | model=eegnet | elapsed=0s
[2026-09-18 00:57:07] [Training] Progress 116/144 | remaining=28 | elapsed=45s | eta≈11s
[2026-09-18 00:57:07] [Training task] Starting | pid=94150 | item=117 | split=cross_session_1319f0eca7a4 | representation=statistical__all_standard | model=logistic_regression
[2026-09-18 00:57:07] [Training task] Done | pid=94150 | item=117 | split=cross_session_1319f0eca7a4 | representation=statistical__all_standard | model=logistic_regression | elapsed=0s
[2026-09-18 00:57:07] [Training] Progress 117/144 | remaining=27 | elapsed=45s | eta≈10s
[2026-09-18 00:57:07] [Training task] Starting | pid=94150 | item=118 | split=cross_session_1319f0eca7a4 | representation=temporal__all_standard | model=logistic_regression
[2026-09-18 00:57:07] [Training task] Done | pid=94150 | item=118 | split=cross_session_1319f0eca7a4 | representation=temporal__all_standard | model=logistic_regression | elapsed=0s
[2026-09-18 00:57:07] [Training] Progress 118/144 | remaining=26 | elapsed=45s | eta≈10s
[2026-09-18 00:57:07] [Training task] Starting | pid=94150 | item=119 | split=cross_session_1319f0eca7a4 | representation=csp_6__all_standard | model=logistic_regression
[2026-09-18 00:57:07] [Training task] Done | pid=94150 | item=119 | split=cross_session_1319f0eca7a4 | representation=csp_6__all_standard | model=logistic_regression | elapsed=0s
[2026-09-18 00:57:07] [Training] Progress 119/144 | remaining=25 | elapsed=45s | eta≈9s
[2026-09-18 00:57:07] [Training task] Starting | pid=94150 | item=120 | split=cross_session_1319f0eca7a4 | representation=standardized_signal | model=eegnet
[2026-09-18 00:57:07] [Training task] Done | pid=94150 | item=120 | split=cross_session_1319f0eca7a4 | representation=standardized_signal | model=eegnet | elapsed=0s
[2026-09-18 00:57:07] [Training] Progress 120/144 | remaining=24 | elapsed=45s | eta≈9s
[2026-09-18 00:57:07] [Training task] Starting | pid=94150 | item=121 | split=cross_session_b2af4721298d | representation=statistical__all_standard | model=logistic_regression
[2026-09-18 00:57:08] [Training task] Done | pid=94150 | item=121 | split=cross_session_b2af4721298d | representation=statistical__all_standard | model=logistic_regression | elapsed=0s
[2026-09-18 00:57:08] [Training] Progress 121/144 | remaining=23 | elapsed=46s | eta≈9s
[2026-09-18 00:57:08] [Training task] Starting | pid=94150 | item=122 | split=cross_session_b2af4721298d | representation=temporal__all_standard | model=logistic_regression
[2026-09-18 00:57:08] [Training task] Done | pid=94150 | item=122 | split=cross_session_b2af4721298d | representation=temporal__all_standard | model=logistic_regression | elapsed=0s
[2026-09-18 00:57:08] [Training] Progress 122/144 | remaining=22 | elapsed=46s | eta≈8s
[2026-09-18 00:57:08] [Training task] Starting | pid=94150 | item=123 | split=cross_session_b2af4721298d | representation=csp_6__all_standard | model=logistic_regression
[2026-09-18 00:57:08] [Training task] Done | pid=94150 | item=123 | split=cross_session_b2af4721298d | representation=csp_6__all_standard | model=logistic_regression | elapsed=0s
[2026-09-18 00:57:08] [Training] Progress 123/144 | remaining=21 | elapsed=46s | eta≈8s
[2026-09-18 00:57:08] [Training task] Starting | pid=94150 | item=124 | split=cross_session_b2af4721298d | representation=standardized_signal | model=eegnet
[2026-09-18 00:57:08] [Training task] Done | pid=94150 | item=124 | split=cross_session_b2af4721298d | representation=standardized_signal | model=eegnet | elapsed=0s
[2026-09-18 00:57:08] [Training] Progress 124/144 | remaining=20 | elapsed=46s | eta≈7s
[2026-09-18 00:57:08] [Training task] Starting | pid=94150 | item=125 | split=cross_session_65539e158fb4 | representation=statistical__all_standard | model=logistic_regression
[2026-09-18 00:57:09] [Training task] Done | pid=94150 | item=125 | split=cross_session_65539e158fb4 | representation=statistical__all_standard | model=logistic_regression | elapsed=0s
[2026-09-18 00:57:09] [Training] Progress 125/144 | remaining=19 | elapsed=46s | eta≈7s
[2026-09-18 00:57:09] [Training task] Starting | pid=94150 | item=126 | split=cross_session_65539e158fb4 | representation=temporal__all_standard | model=logistic_regression
[2026-09-18 00:57:09] [Training task] Done | pid=94150 | item=126 | split=cross_session_65539e158fb4 | representation=temporal__all_standard | model=logistic_regression | elapsed=0s
[2026-09-18 00:57:09] [Training] Progress 126/144 | remaining=18 | elapsed=47s | eta≈7s
[2026-09-18 00:57:09] [Training task] Starting | pid=94150 | item=127 | split=cross_session_65539e158fb4 | representation=csp_6__all_standard | model=logistic_regression
[2026-09-18 00:57:09] [Training task] Done | pid=94150 | item=127 | split=cross_session_65539e158fb4 | representation=csp_6__all_standard | model=logistic_regression | elapsed=0s
[2026-09-18 00:57:09] [Training] Progress 127/144 | remaining=17 | elapsed=47s | eta≈6s
[2026-09-18 00:57:09] [Training task] Starting | pid=94150 | item=128 | split=cross_session_65539e158fb4 | representation=standardized_signal | model=eegnet
[2026-09-18 00:57:09] [Training task] Done | pid=94150 | item=128 | split=cross_session_65539e158fb4 | representation=standardized_signal | model=eegnet | elapsed=0s
[2026-09-18 00:57:09] [Training] Progress 128/144 | remaining=16 | elapsed=47s | eta≈6s
[2026-09-18 00:57:09] [Training task] Starting | pid=94150 | item=129 | split=cross_session_03dabef0ce5a | representation=statistical__all_standard | model=logistic_regression
[2026-09-18 00:57:09] [Training task] Done | pid=94150 | item=129 | split=cross_session_03dabef0ce5a | representation=statistical__all_standard | model=logistic_regression | elapsed=0s
[2026-09-18 00:57:09] [Training] Progress 129/144 | remaining=15 | elapsed=47s | eta≈6s
[2026-09-18 00:57:09] [Training task] Starting | pid=94150 | item=130 | split=cross_session_03dabef0ce5a | representation=temporal__all_standard | model=logistic_regression
[2026-09-18 00:57:09] [Training task] Done | pid=94150 | item=130 | split=cross_session_03dabef0ce5a | representation=temporal__all_standard | model=logistic_regression | elapsed=0s
[2026-09-18 00:57:09] [Training] Progress 130/144 | remaining=14 | elapsed=47s | eta≈5s
[2026-09-18 00:57:09] [Training task] Starting | pid=94150 | item=131 | split=cross_session_03dabef0ce5a | representation=csp_6__all_standard | model=logistic_regression
[2026-09-18 00:57:10] [Training task] Done | pid=94150 | item=131 | split=cross_session_03dabef0ce5a | representation=csp_6__all_standard | model=logistic_regression | elapsed=0s
[2026-09-18 00:57:10] [Training] Progress 131/144 | remaining=13 | elapsed=48s | eta≈5s
[2026-09-18 00:57:10] [Training task] Starting | pid=94150 | item=132 | split=cross_session_03dabef0ce5a | representation=standardized_signal | model=eegnet
[2026-09-18 00:57:10] [Training task] Done | pid=94150 | item=132 | split=cross_session_03dabef0ce5a | representation=standardized_signal | model=eegnet | elapsed=0s
[2026-09-18 00:57:10] [Training] Progress 132/144 | remaining=12 | elapsed=48s | eta≈4s
[2026-09-18 00:57:10] [Training task] Starting | pid=94150 | item=133 | split=cross_session_f26c340bf90c | representation=statistical__all_standard | model=logistic_regression
[2026-09-18 00:57:10] [Training task] Done | pid=94150 | item=133 | split=cross_session_f26c340bf90c | representation=statistical__all_standard | model=logistic_regression | elapsed=0s
[2026-09-18 00:57:10] [Training] Progress 133/144 | remaining=11 | elapsed=48s | eta≈4s
[2026-09-18 00:57:10] [Training task] Starting | pid=94150 | item=134 | split=cross_session_f26c340bf90c | representation=temporal__all_standard | model=logistic_regression
[2026-09-18 00:57:10] [Training task] Done | pid=94150 | item=134 | split=cross_session_f26c340bf90c | representation=temporal__all_standard | model=logistic_regression | elapsed=0s
[2026-09-18 00:57:10] [Training] Progress 134/144 | remaining=10 | elapsed=48s | eta≈4s
[2026-09-18 00:57:10] [Training task] Starting | pid=94150 | item=135 | split=cross_session_f26c340bf90c | representation=csp_6__all_standard | model=logistic_regression
[2026-09-18 00:57:10] [Training task] Done | pid=94150 | item=135 | split=cross_session_f26c340bf90c | representation=csp_6__all_standard | model=logistic_regression | elapsed=0s
[2026-09-18 00:57:10] [Training] Progress 135/144 | remaining=9 | elapsed=48s | eta≈3s
[2026-09-18 00:57:10] [Training task] Starting | pid=94150 | item=136 | split=cross_session_f26c340bf90c | representation=standardized_signal | model=eegnet
[2026-09-18 00:57:11] [Training task] Done | pid=94150 | item=136 | split=cross_session_f26c340bf90c | representation=standardized_signal | model=eegnet | elapsed=0s
[2026-09-18 00:57:11] [Training] Progress 136/144 | remaining=8 | elapsed=49s | eta≈3s
[2026-09-18 00:57:11] [Training task] Starting | pid=94150 | item=137 | split=cross_session_6e742fe790fa | representation=statistical__all_standard | model=logistic_regression
[2026-09-18 00:57:11] [Training task] Done | pid=94150 | item=137 | split=cross_session_6e742fe790fa | representation=statistical__all_standard | model=logistic_regression | elapsed=0s
[2026-09-18 00:57:11] [Training] Progress 137/144 | remaining=7 | elapsed=49s | eta≈3s
[2026-09-18 00:57:11] [Training task] Starting | pid=94150 | item=138 | split=cross_session_6e742fe790fa | representation=temporal__all_standard | model=logistic_regression
[2026-09-18 00:57:11] [Training task] Done | pid=94150 | item=138 | split=cross_session_6e742fe790fa | representation=temporal__all_standard | model=logistic_regression | elapsed=0s
[2026-09-18 00:57:11] [Training] Progress 138/144 | remaining=6 | elapsed=49s | eta≈2s
[2026-09-18 00:57:11] [Training task] Starting | pid=94150 | item=139 | split=cross_session_6e742fe790fa | representation=csp_6__all_standard | model=logistic_regression
[2026-09-18 00:57:11] [Training task] Done | pid=94150 | item=139 | split=cross_session_6e742fe790fa | representation=csp_6__all_standard | model=logistic_regression | elapsed=0s
[2026-09-18 00:57:11] [Training] Progress 139/144 | remaining=5 | elapsed=49s | eta≈2s
[2026-09-18 00:57:11] [Training task] Starting | pid=94150 | item=140 | split=cross_session_6e742fe790fa | representation=standardized_signal | model=eegnet
[2026-09-18 00:57:12] [Training task] Done | pid=94150 | item=140 | split=cross_session_6e742fe790fa | representation=standardized_signal | model=eegnet | elapsed=0s
[2026-09-18 00:57:12] [Training] Progress 140/144 | remaining=4 | elapsed=50s | eta≈1s
[2026-09-18 00:57:12] [Training task] Starting | pid=94150 | item=141 | split=cross_session_3a77bf661561 | representation=statistical__all_standard | model=logistic_regression
[2026-09-18 00:57:12] [Training task] Done | pid=94150 | item=141 | split=cross_session_3a77bf661561 | representation=statistical__all_standard | model=logistic_regression | elapsed=0s
[2026-09-18 00:57:12] [Training] Progress 141/144 | remaining=3 | elapsed=50s | eta≈1s
[2026-09-18 00:57:12] [Training task] Starting | pid=94150 | item=142 | split=cross_session_3a77bf661561 | representation=temporal__all_standard | model=logistic_regression
[2026-09-18 00:57:12] [Training task] Done | pid=94150 | item=142 | split=cross_session_3a77bf661561 | representation=temporal__all_standard | model=logistic_regression | elapsed=0s
[2026-09-18 00:57:12] [Training] Progress 142/144 | remaining=2 | elapsed=50s | eta≈1s
[2026-09-18 00:57:12] [Training task] Starting | pid=94150 | item=143 | split=cross_session_3a77bf661561 | representation=csp_6__all_standard | model=logistic_regression
[2026-09-18 00:57:12] [Training task] Done | pid=94150 | item=143 | split=cross_session_3a77bf661561 | representation=csp_6__all_standard | model=logistic_regression | elapsed=0s
[2026-09-18 00:57:12] [Training] Progress 143/144 | remaining=1 | elapsed=50s | eta≈0s
[2026-09-18 00:57:12] [Training task] Starting | pid=94150 | item=144 | split=cross_session_3a77bf661561 | representation=standardized_signal | model=eegnet
[2026-09-18 00:57:12] [Training task] Done | pid=94150 | item=144 | split=cross_session_3a77bf661561 | representation=standardized_signal | model=eegnet | elapsed=0s
[2026-09-18 00:57:12] [Training] Progress 144/144 | remaining=0 | elapsed=50s | eta≈0s
[2026-09-18 00:57:12] [Training] Done | elapsed=50s
[2026-09-18 00:57:12] [Evaluation] Starting...
[Evaluation] 1/144 models[Evaluation] 2/144 models[Evaluation] 3/144 models[Evaluation] 4/144 models[Evaluation] 5/144 models[Evaluation] 6/144 models[Evaluation] 7/144 models[Evaluation] 8/144 models[Evaluation] 9/144 models[Evaluation] 10/144 models[Evaluation] 11/144 models[Evaluation] 12/144 models[Evaluation] 13/144 models[Evaluation] 14/144 models[Evaluation] 15/144 models[Evaluation] 16/144 models[Evaluation] 17/144 models[Evaluation] 18/144 models[Evaluation] 19/144 models[Evaluation] 20/144 models[Evaluation] 21/144 models[Evaluation] 22/144 models[Evaluation] 23/144 models[Evaluation] 24/144 models[Evaluation] 25/144 models[Evaluation] 26/144 models[Evaluation] 27/144 models[Evaluation] 28/144 models[Evaluation] 29/144 models[Evaluation] 30/144 models[Evaluation] 31/144 models[Evaluation] 32/144 models[Evaluation] 33/144 models[Evaluation] 34/144 models[Evaluation] 35/144 models[Evaluation] 36/144 models[Evaluation] 37/144 models[Evaluation] 38/144 models[Evaluation] 39/144 models[Evaluation] 40/144 models[Evaluation] 41/144 models[Evaluation] 42/144 models[Evaluation] 43/144 models[Evaluation] 44/144 models[Evaluation] 45/144 models[Evaluation] 46/144 models[Evaluation] 47/144 models[Evaluation] 48/144 models[Evaluation] 49/144 models[Evaluation] 50/144 models[Evaluation] 51/144 models[Evaluation] 52/144 models[Evaluation] 53/144 models[Evaluation] 54/144 models[Evaluation] 55/144 models[Evaluation] 56/144 models[Evaluation] 57/144 models[Evaluation] 58/144 models[Evaluation] 59/144 models[Evaluation] 60/144 models[Evaluation] 61/144 models[Evaluation] 62/144 models[Evaluation] 63/144 models[Evaluation] 64/144 models[Evaluation] 65/144 models[Evaluation] 66/144 models[Evaluation] 67/144 models[Evaluation] 68/144 models[Evaluation] 69/144 models[Evaluation] 70/144 models[Evaluation] 71/144 models[Evaluation] 72/144 models[Evaluation] 73/144 models[Evaluation] 74/144 models[Evaluation] 75/144 models[Evaluation] 76/144 models[Evaluation] 77/144 models[Evaluation] 78/144 models[Evaluation] 79/144 models[Evaluation] 80/144 models[Evaluation] 81/144 models[Evaluation] 82/144 models[Evaluation] 83/144 models[Evaluation] 84/144 models[Evaluation] 85/144 models[Evaluation] 86/144 models[Evaluation] 87/144 models[Evaluation] 88/144 models[Evaluation] 89/144 models[Evaluation] 90/144 models[Evaluation] 91/144 models[Evaluation] 92/144 models[Evaluation] 93/144 models[Evaluation] 94/144 models[Evaluation] 95/144 models[Evaluation] 96/144 models[Evaluation] 97/144 models[Evaluation] 98/144 models[Evaluation] 99/144 models[Evaluation] 100/144 models[Evaluation] 101/144 models[Evaluation] 102/144 models[Evaluation] 103/144 models[Evaluation] 104/144 models[Evaluation] 105/144 models[Evaluation] 106/144 models[Evaluation] 107/144 models[Evaluation] 108/144 models[Evaluation] 109/144 models[Evaluation] 110/144 models[Evaluation] 111/144 models[Evaluation] 112/144 models[Evaluation] 113/144 models[Evaluation] 114/144 models[Evaluation] 115/144 models[Evaluation] 116/144 models[Evaluation] 117/144 models[Evaluation] 118/144 models[Evaluation] 119/144 models[Evaluation] 120/144 models[Evaluation] 121/144 models[Evaluation] 122/144 models[Evaluation] 123/144 models[Evaluation] 124/144 models[Evaluation] 125/144 models[Evaluation] 126/144 models[Evaluation] 127/144 models[Evaluation] 128/144 models[Evaluation] 129/144 models[Evaluation] 130/144 models[Evaluation] 131/144 models[Evaluation] 132/144 models[Evaluation] 133/144 models[Evaluation] 134/144 models[Evaluation] 135/144 models[Evaluation] 136/144 models[Evaluation] 137/144 models[Evaluation] 138/144 models[Evaluation] 139/144 models[Evaluation] 140/144 models[Evaluation] 141/144 models[Evaluation] 142/144 models[Evaluation] 143/144 models[Evaluation] 144/144 models
[2026-09-18 00:57:46] [Evaluation] Done | elapsed=34s
[2026-09-18 00:57:46] [Benchmark] Starting...
[2026-09-18 00:57:46] [Benchmark] Done | elapsed=0s
[2026-09-18 00:57:46] [Paper 1 Analysis] Starting...
[Paper 1] Waiting for scenarios: cross_subject
[2026-09-18 00:57:46] [Paper 1 Analysis] Done | elapsed=0s
[2026-09-18 00:57:46] [Pipeline] Finished | total=2.0m
