[2026-09-17 23:58:36] [Pipeline] Starting | pid=93671 | scenario=cross_session | workers=1
[2026-09-17 23:58:36] [Pipeline] Params | main/feature_grid/params/cross_session/params_bci2a.py
[2026-09-17 23:58:36] [Preprocessing] Starting...
[2026-09-18 00:16:04] [Preprocessing] Done | elapsed=1.0m
[2026-09-18 00:16:04] [Scenarios] Starting...
[2026-09-18 00:16:04] [Scenarios] Done | elapsed=0s
[2026-09-18 00:16:04] [Representation] Starting...
[2026-09-18 00:16:04] [Representation] Tasks=216 | workers=1
[2026-09-18 00:16:04] [Representation task] Starting | pid=93671 | split=cross_session_1b876c6750c6 | group=bci2a_cross_session_broad_1_38 | representation=statistical__all_standard
[2026-09-18 00:16:05] [Representation task] Done | pid=93671 | split=cross_session_1b876c6750c6 | group=bci2a_cross_session_broad_1_38 | representation=statistical__all_standard | elapsed=1s
[2026-09-18 00:16:05] [Representation] Progress 1/216 | remaining=215 | elapsed=1s | eta≈3.1m
[2026-09-18 00:16:05] [Representation task] Starting | pid=93671 | split=cross_session_1b876c6750c6 | group=bci2a_cross_session_broad_1_38 | representation=temporal__all_standard
[2026-09-18 00:16:06] [Representation task] Done | pid=93671 | split=cross_session_1b876c6750c6 | group=bci2a_cross_session_broad_1_38 | representation=temporal__all_standard | elapsed=1s
[2026-09-18 00:16:06] [Representation] Progress 2/216 | remaining=214 | elapsed=2s | eta≈2.7m
[2026-09-18 00:16:06] [Representation task] Starting | pid=93671 | split=cross_session_1b876c6750c6 | group=bci2a_cross_session_broad_1_38 | representation=csp_6__all_standard
[2026-09-18 00:16:07] [Representation task] Done | pid=93671 | split=cross_session_1b876c6750c6 | group=bci2a_cross_session_broad_1_38 | representation=csp_6__all_standard | elapsed=1s
[2026-09-18 00:16:07] [Representation] Progress 3/216 | remaining=213 | elapsed=3s | eta≈3.0m
[2026-09-18 00:16:07] [Representation task] Starting | pid=93671 | split=cross_session_1b876c6750c6 | group=bci2a_cross_session_broad_1_38 | representation=standardized_signal
[2026-09-18 00:16:07] [Representation task] Done | pid=93671 | split=cross_session_1b876c6750c6 | group=bci2a_cross_session_broad_1_38 | representation=standardized_signal | elapsed=0s
[2026-09-18 00:16:07] [Representation] Progress 4/216 | remaining=212 | elapsed=3s | eta≈2.6m
[2026-09-18 00:16:07] [Representation task] Starting | pid=93671 | split=cross_session_b244bedb6ccf | group=bci2a_cross_session_broad_1_38 | representation=statistical__all_standard
[2026-09-18 00:16:08] [Representation task] Done | pid=93671 | split=cross_session_b244bedb6ccf | group=bci2a_cross_session_broad_1_38 | representation=statistical__all_standard | elapsed=1s
[2026-09-18 00:16:08] [Representation] Progress 5/216 | remaining=211 | elapsed=4s | eta≈2.6m
[2026-09-18 00:16:08] [Representation task] Starting | pid=93671 | split=cross_session_b244bedb6ccf | group=bci2a_cross_session_broad_1_38 | representation=temporal__all_standard
[2026-09-18 00:16:08] [Representation task] Done | pid=93671 | split=cross_session_b244bedb6ccf | group=bci2a_cross_session_broad_1_38 | representation=temporal__all_standard | elapsed=0s
[2026-09-18 00:16:08] [Representation] Progress 6/216 | remaining=210 | elapsed=4s | eta≈2.4m
[2026-09-18 00:16:08] [Representation task] Starting | pid=93671 | split=cross_session_b244bedb6ccf | group=bci2a_cross_session_broad_1_38 | representation=csp_6__all_standard
[2026-09-18 00:16:09] [Representation task] Done | pid=93671 | split=cross_session_b244bedb6ccf | group=bci2a_cross_session_broad_1_38 | representation=csp_6__all_standard | elapsed=0s
[2026-09-18 00:16:09] [Representation] Progress 7/216 | remaining=209 | elapsed=5s | eta≈2.3m
[2026-09-18 00:16:09] [Representation task] Starting | pid=93671 | split=cross_session_b244bedb6ccf | group=bci2a_cross_session_broad_1_38 | representation=standardized_signal
[2026-09-18 00:16:09] [Representation task] Done | pid=93671 | split=cross_session_b244bedb6ccf | group=bci2a_cross_session_broad_1_38 | representation=standardized_signal | elapsed=0s
[2026-09-18 00:16:09] [Representation] Progress 8/216 | remaining=208 | elapsed=5s | eta≈2.1m
[2026-09-18 00:16:09] [Representation task] Starting | pid=93671 | split=cross_session_7d0c3c21e647 | group=bci2a_cross_session_broad_1_38 | representation=statistical__all_standard
[2026-09-18 00:16:10] [Representation task] Done | pid=93671 | split=cross_session_7d0c3c21e647 | group=bci2a_cross_session_broad_1_38 | representation=statistical__all_standard | elapsed=1s
[2026-09-18 00:16:10] [Representation] Progress 9/216 | remaining=207 | elapsed=6s | eta≈2.1m
[2026-09-18 00:16:10] [Representation task] Starting | pid=93671 | split=cross_session_7d0c3c21e647 | group=bci2a_cross_session_broad_1_38 | representation=temporal__all_standard
[2026-09-18 00:16:10] [Representation task] Done | pid=93671 | split=cross_session_7d0c3c21e647 | group=bci2a_cross_session_broad_1_38 | representation=temporal__all_standard | elapsed=0s
[2026-09-18 00:16:10] [Representation] Progress 10/216 | remaining=206 | elapsed=6s | eta≈2.1m
[2026-09-18 00:16:10] [Representation task] Starting | pid=93671 | split=cross_session_7d0c3c21e647 | group=bci2a_cross_session_broad_1_38 | representation=csp_6__all_standard
[2026-09-18 00:16:11] [Representation task] Done | pid=93671 | split=cross_session_7d0c3c21e647 | group=bci2a_cross_session_broad_1_38 | representation=csp_6__all_standard | elapsed=0s
[2026-09-18 00:16:11] [Representation] Progress 11/216 | remaining=205 | elapsed=7s | eta≈2.0m
[2026-09-18 00:16:11] [Representation task] Starting | pid=93671 | split=cross_session_7d0c3c21e647 | group=bci2a_cross_session_broad_1_38 | representation=standardized_signal
[2026-09-18 00:16:11] [Representation task] Done | pid=93671 | split=cross_session_7d0c3c21e647 | group=bci2a_cross_session_broad_1_38 | representation=standardized_signal | elapsed=0s
[2026-09-18 00:16:11] [Representation] Progress 12/216 | remaining=204 | elapsed=7s | eta≈1.9m
[2026-09-18 00:16:11] [Representation task] Starting | pid=93671 | split=cross_session_54cbc56ae5af | group=bci2a_cross_session_broad_1_38 | representation=statistical__all_standard
[2026-09-18 00:16:12] [Representation task] Done | pid=93671 | split=cross_session_54cbc56ae5af | group=bci2a_cross_session_broad_1_38 | representation=statistical__all_standard | elapsed=1s
[2026-09-18 00:16:12] [Representation] Progress 13/216 | remaining=203 | elapsed=7s | eta≈1.9m
[2026-09-18 00:16:12] [Representation task] Starting | pid=93671 | split=cross_session_54cbc56ae5af | group=bci2a_cross_session_broad_1_38 | representation=temporal__all_standard
[2026-09-18 00:16:12] [Representation task] Done | pid=93671 | split=cross_session_54cbc56ae5af | group=bci2a_cross_session_broad_1_38 | representation=temporal__all_standard | elapsed=0s
[2026-09-18 00:16:12] [Representation] Progress 14/216 | remaining=202 | elapsed=8s | eta≈1.9m
[2026-09-18 00:16:12] [Representation task] Starting | pid=93671 | split=cross_session_54cbc56ae5af | group=bci2a_cross_session_broad_1_38 | representation=csp_6__all_standard
[2026-09-18 00:16:13] [Representation task] Done | pid=93671 | split=cross_session_54cbc56ae5af | group=bci2a_cross_session_broad_1_38 | representation=csp_6__all_standard | elapsed=1s
[2026-09-18 00:16:13] [Representation] Progress 15/216 | remaining=201 | elapsed=8s | eta≈1.9m
[2026-09-18 00:16:13] [Representation task] Starting | pid=93671 | split=cross_session_54cbc56ae5af | group=bci2a_cross_session_broad_1_38 | representation=standardized_signal
[2026-09-18 00:16:13] [Representation task] Done | pid=93671 | split=cross_session_54cbc56ae5af | group=bci2a_cross_session_broad_1_38 | representation=standardized_signal | elapsed=1s
[2026-09-18 00:16:13] [Representation] Progress 16/216 | remaining=200 | elapsed=9s | eta≈1.9m
[2026-09-18 00:16:13] [Representation task] Starting | pid=93671 | split=cross_session_604d3d53674b | group=bci2a_cross_session_broad_1_38 | representation=statistical__all_standard
[2026-09-18 00:16:14] [Representation task] Done | pid=93671 | split=cross_session_604d3d53674b | group=bci2a_cross_session_broad_1_38 | representation=statistical__all_standard | elapsed=1s
[2026-09-18 00:16:14] [Representation] Progress 17/216 | remaining=199 | elapsed=10s | eta≈1.9m
[2026-09-18 00:16:14] [Representation task] Starting | pid=93671 | split=cross_session_604d3d53674b | group=bci2a_cross_session_broad_1_38 | representation=temporal__all_standard
[2026-09-18 00:16:14] [Representation task] Done | pid=93671 | split=cross_session_604d3d53674b | group=bci2a_cross_session_broad_1_38 | representation=temporal__all_standard | elapsed=0s
[2026-09-18 00:16:14] [Representation] Progress 18/216 | remaining=198 | elapsed=10s | eta≈1.9m
[2026-09-18 00:16:14] [Representation task] Starting | pid=93671 | split=cross_session_604d3d53674b | group=bci2a_cross_session_broad_1_38 | representation=csp_6__all_standard
[2026-09-18 00:16:15] [Representation task] Done | pid=93671 | split=cross_session_604d3d53674b | group=bci2a_cross_session_broad_1_38 | representation=csp_6__all_standard | elapsed=0s
[2026-09-18 00:16:15] [Representation] Progress 19/216 | remaining=197 | elapsed=11s | eta≈1.8m
[2026-09-18 00:16:15] [Representation task] Starting | pid=93671 | split=cross_session_604d3d53674b | group=bci2a_cross_session_broad_1_38 | representation=standardized_signal
[2026-09-18 00:16:15] [Representation task] Done | pid=93671 | split=cross_session_604d3d53674b | group=bci2a_cross_session_broad_1_38 | representation=standardized_signal | elapsed=0s
[2026-09-18 00:16:15] [Representation] Progress 20/216 | remaining=196 | elapsed=11s | eta≈1.8m
[2026-09-18 00:16:15] [Representation task] Starting | pid=93671 | split=cross_session_d470a4c875d7 | group=bci2a_cross_session_broad_1_38 | representation=statistical__all_standard
[2026-09-18 00:16:15] [Representation task] Done | pid=93671 | split=cross_session_d470a4c875d7 | group=bci2a_cross_session_broad_1_38 | representation=statistical__all_standard | elapsed=1s
[2026-09-18 00:16:15] [Representation] Progress 21/216 | remaining=195 | elapsed=11s | eta≈1.8m
[2026-09-18 00:16:15] [Representation task] Starting | pid=93671 | split=cross_session_d470a4c875d7 | group=bci2a_cross_session_broad_1_38 | representation=temporal__all_standard
[2026-09-18 00:16:16] [Representation task] Done | pid=93671 | split=cross_session_d470a4c875d7 | group=bci2a_cross_session_broad_1_38 | representation=temporal__all_standard | elapsed=0s
[2026-09-18 00:16:16] [Representation] Progress 22/216 | remaining=194 | elapsed=12s | eta≈1.7m
[2026-09-18 00:16:16] [Representation task] Starting | pid=93671 | split=cross_session_d470a4c875d7 | group=bci2a_cross_session_broad_1_38 | representation=csp_6__all_standard
[2026-09-18 00:16:16] [Representation task] Done | pid=93671 | split=cross_session_d470a4c875d7 | group=bci2a_cross_session_broad_1_38 | representation=csp_6__all_standard | elapsed=1s
[2026-09-18 00:16:16] [Representation] Progress 23/216 | remaining=193 | elapsed=12s | eta≈1.7m
[2026-09-18 00:16:16] [Representation task] Starting | pid=93671 | split=cross_session_d470a4c875d7 | group=bci2a_cross_session_broad_1_38 | representation=standardized_signal
[2026-09-18 00:16:17] [Representation task] Done | pid=93671 | split=cross_session_d470a4c875d7 | group=bci2a_cross_session_broad_1_38 | representation=standardized_signal | elapsed=0s
[2026-09-18 00:16:17] [Representation] Progress 24/216 | remaining=192 | elapsed=13s | eta≈1.7m
[2026-09-18 00:16:17] [Representation task] Starting | pid=93671 | split=cross_session_9f6162b3e24c | group=bci2a_cross_session_broad_1_38 | representation=statistical__all_standard
[2026-09-18 00:16:17] [Representation task] Done | pid=93671 | split=cross_session_9f6162b3e24c | group=bci2a_cross_session_broad_1_38 | representation=statistical__all_standard | elapsed=1s
[2026-09-18 00:16:17] [Representation] Progress 25/216 | remaining=191 | elapsed=13s | eta≈1.7m
[2026-09-18 00:16:17] [Representation task] Starting | pid=93671 | split=cross_session_9f6162b3e24c | group=bci2a_cross_session_broad_1_38 | representation=temporal__all_standard
[2026-09-18 00:16:17] [Representation task] Done | pid=93671 | split=cross_session_9f6162b3e24c | group=bci2a_cross_session_broad_1_38 | representation=temporal__all_standard | elapsed=0s
[2026-09-18 00:16:17] [Representation] Progress 26/216 | remaining=190 | elapsed=13s | eta≈1.6m
[2026-09-18 00:16:17] [Representation task] Starting | pid=93671 | split=cross_session_9f6162b3e24c | group=bci2a_cross_session_broad_1_38 | representation=csp_6__all_standard
[2026-09-18 00:16:18] [Representation task] Done | pid=93671 | split=cross_session_9f6162b3e24c | group=bci2a_cross_session_broad_1_38 | representation=csp_6__all_standard | elapsed=0s
[2026-09-18 00:16:18] [Representation] Progress 27/216 | remaining=189 | elapsed=14s | eta≈1.6m
[2026-09-18 00:16:18] [Representation task] Starting | pid=93671 | split=cross_session_9f6162b3e24c | group=bci2a_cross_session_broad_1_38 | representation=standardized_signal
[2026-09-18 00:16:18] [Representation task] Done | pid=93671 | split=cross_session_9f6162b3e24c | group=bci2a_cross_session_broad_1_38 | representation=standardized_signal | elapsed=0s
[2026-09-18 00:16:18] [Representation] Progress 28/216 | remaining=188 | elapsed=14s | eta≈1.6m
[2026-09-18 00:16:18] [Representation task] Starting | pid=93671 | split=cross_session_a6d19810d2cf | group=bci2a_cross_session_broad_1_38 | representation=statistical__all_standard
[2026-09-18 00:16:19] [Representation task] Done | pid=93671 | split=cross_session_a6d19810d2cf | group=bci2a_cross_session_broad_1_38 | representation=statistical__all_standard | elapsed=1s
[2026-09-18 00:16:19] [Representation] Progress 29/216 | remaining=187 | elapsed=15s | eta≈1.6m
[2026-09-18 00:16:19] [Representation task] Starting | pid=93671 | split=cross_session_a6d19810d2cf | group=bci2a_cross_session_broad_1_38 | representation=temporal__all_standard
[2026-09-18 00:16:20] [Representation task] Done | pid=93671 | split=cross_session_a6d19810d2cf | group=bci2a_cross_session_broad_1_38 | representation=temporal__all_standard | elapsed=0s
[2026-09-18 00:16:20] [Representation] Progress 30/216 | remaining=186 | elapsed=16s | eta≈1.6m
[2026-09-18 00:16:20] [Representation task] Starting | pid=93671 | split=cross_session_a6d19810d2cf | group=bci2a_cross_session_broad_1_38 | representation=csp_6__all_standard
[2026-09-18 00:16:20] [Representation task] Done | pid=93671 | split=cross_session_a6d19810d2cf | group=bci2a_cross_session_broad_1_38 | representation=csp_6__all_standard | elapsed=0s
[2026-09-18 00:16:20] [Representation] Progress 31/216 | remaining=185 | elapsed=16s | eta≈1.6m
[2026-09-18 00:16:20] [Representation task] Starting | pid=93671 | split=cross_session_a6d19810d2cf | group=bci2a_cross_session_broad_1_38 | representation=standardized_signal
[2026-09-18 00:16:20] [Representation task] Done | pid=93671 | split=cross_session_a6d19810d2cf | group=bci2a_cross_session_broad_1_38 | representation=standardized_signal | elapsed=0s
[2026-09-18 00:16:20] [Representation] Progress 32/216 | remaining=184 | elapsed=16s | eta≈1.6m
[2026-09-18 00:16:20] [Representation task] Starting | pid=93671 | split=cross_session_101bba2ac83d | group=bci2a_cross_session_broad_1_38 | representation=statistical__all_standard
[2026-09-18 00:16:21] [Representation task] Done | pid=93671 | split=cross_session_101bba2ac83d | group=bci2a_cross_session_broad_1_38 | representation=statistical__all_standard | elapsed=1s
[2026-09-18 00:16:21] [Representation] Progress 33/216 | remaining=183 | elapsed=17s | eta≈1.6m
[2026-09-18 00:16:21] [Representation task] Starting | pid=93671 | split=cross_session_101bba2ac83d | group=bci2a_cross_session_broad_1_38 | representation=temporal__all_standard
[2026-09-18 00:16:22] [Representation task] Done | pid=93671 | split=cross_session_101bba2ac83d | group=bci2a_cross_session_broad_1_38 | representation=temporal__all_standard | elapsed=0s
[2026-09-18 00:16:22] [Representation] Progress 34/216 | remaining=182 | elapsed=17s | eta≈1.6m
[2026-09-18 00:16:22] [Representation task] Starting | pid=93671 | split=cross_session_101bba2ac83d | group=bci2a_cross_session_broad_1_38 | representation=csp_6__all_standard
[2026-09-18 00:16:22] [Representation task] Done | pid=93671 | split=cross_session_101bba2ac83d | group=bci2a_cross_session_broad_1_38 | representation=csp_6__all_standard | elapsed=1s
[2026-09-18 00:16:22] [Representation] Progress 35/216 | remaining=181 | elapsed=18s | eta≈1.6m
[2026-09-18 00:16:22] [Representation task] Starting | pid=93671 | split=cross_session_101bba2ac83d | group=bci2a_cross_session_broad_1_38 | representation=standardized_signal
[2026-09-18 00:16:22] [Representation task] Done | pid=93671 | split=cross_session_101bba2ac83d | group=bci2a_cross_session_broad_1_38 | representation=standardized_signal | elapsed=0s
[2026-09-18 00:16:22] [Representation] Progress 36/216 | remaining=180 | elapsed=18s | eta≈1.5m
[2026-09-18 00:16:22] [Representation task] Starting | pid=93671 | split=cross_session_4c0541c9688c | group=bci2a_cross_session_broad_1_38 | representation=statistical__all_standard
[2026-09-18 00:16:23] [Representation task] Done | pid=93671 | split=cross_session_4c0541c9688c | group=bci2a_cross_session_broad_1_38 | representation=statistical__all_standard | elapsed=1s
[2026-09-18 00:16:23] [Representation] Progress 37/216 | remaining=179 | elapsed=19s | eta≈1.5m
[2026-09-18 00:16:23] [Representation task] Starting | pid=93671 | split=cross_session_4c0541c9688c | group=bci2a_cross_session_broad_1_38 | representation=temporal__all_standard
[2026-09-18 00:16:24] [Representation task] Done | pid=93671 | split=cross_session_4c0541c9688c | group=bci2a_cross_session_broad_1_38 | representation=temporal__all_standard | elapsed=0s
[2026-09-18 00:16:24] [Representation] Progress 38/216 | remaining=178 | elapsed=20s | eta≈1.5m
[2026-09-18 00:16:24] [Representation task] Starting | pid=93671 | split=cross_session_4c0541c9688c | group=bci2a_cross_session_broad_1_38 | representation=csp_6__all_standard
[2026-09-18 00:16:24] [Representation task] Done | pid=93671 | split=cross_session_4c0541c9688c | group=bci2a_cross_session_broad_1_38 | representation=csp_6__all_standard | elapsed=1s
[2026-09-18 00:16:24] [Representation] Progress 39/216 | remaining=177 | elapsed=20s | eta≈1.5m
[2026-09-18 00:16:24] [Representation task] Starting | pid=93671 | split=cross_session_4c0541c9688c | group=bci2a_cross_session_broad_1_38 | representation=standardized_signal
[2026-09-18 00:16:24] [Representation task] Done | pid=93671 | split=cross_session_4c0541c9688c | group=bci2a_cross_session_broad_1_38 | representation=standardized_signal | elapsed=0s
[2026-09-18 00:16:24] [Representation] Progress 40/216 | remaining=176 | elapsed=20s | eta≈1.5m
[2026-09-18 00:16:24] [Representation task] Starting | pid=93671 | split=cross_session_325ebffcfcb2 | group=bci2a_cross_session_broad_1_38 | representation=statistical__all_standard
[2026-09-18 00:16:25] [Representation task] Done | pid=93671 | split=cross_session_325ebffcfcb2 | group=bci2a_cross_session_broad_1_38 | representation=statistical__all_standard | elapsed=1s
[2026-09-18 00:16:25] [Representation] Progress 41/216 | remaining=175 | elapsed=21s | eta≈1.5m
[2026-09-18 00:16:25] [Representation task] Starting | pid=93671 | split=cross_session_325ebffcfcb2 | group=bci2a_cross_session_broad_1_38 | representation=temporal__all_standard
[2026-09-18 00:16:25] [Representation task] Done | pid=93671 | split=cross_session_325ebffcfcb2 | group=bci2a_cross_session_broad_1_38 | representation=temporal__all_standard | elapsed=0s
[2026-09-18 00:16:25] [Representation] Progress 42/216 | remaining=174 | elapsed=21s | eta≈1.5m
[2026-09-18 00:16:25] [Representation task] Starting | pid=93671 | split=cross_session_325ebffcfcb2 | group=bci2a_cross_session_broad_1_38 | representation=csp_6__all_standard
[2026-09-18 00:16:26] [Representation task] Done | pid=93671 | split=cross_session_325ebffcfcb2 | group=bci2a_cross_session_broad_1_38 | representation=csp_6__all_standard | elapsed=1s
[2026-09-18 00:16:26] [Representation] Progress 43/216 | remaining=173 | elapsed=22s | eta≈1.5m
[2026-09-18 00:16:26] [Representation task] Starting | pid=93671 | split=cross_session_325ebffcfcb2 | group=bci2a_cross_session_broad_1_38 | representation=standardized_signal
[2026-09-18 00:16:26] [Representation task] Done | pid=93671 | split=cross_session_325ebffcfcb2 | group=bci2a_cross_session_broad_1_38 | representation=standardized_signal | elapsed=0s
[2026-09-18 00:16:26] [Representation] Progress 44/216 | remaining=172 | elapsed=22s | eta≈1.5m
[2026-09-18 00:16:26] [Representation task] Starting | pid=93671 | split=cross_session_f9911b9cb057 | group=bci2a_cross_session_broad_1_38 | representation=statistical__all_standard
[2026-09-18 00:16:27] [Representation task] Done | pid=93671 | split=cross_session_f9911b9cb057 | group=bci2a_cross_session_broad_1_38 | representation=statistical__all_standard | elapsed=1s
[2026-09-18 00:16:27] [Representation] Progress 45/216 | remaining=171 | elapsed=23s | eta≈1.5m
[2026-09-18 00:16:27] [Representation task] Starting | pid=93671 | split=cross_session_f9911b9cb057 | group=bci2a_cross_session_broad_1_38 | representation=temporal__all_standard
[2026-09-18 00:16:27] [Representation task] Done | pid=93671 | split=cross_session_f9911b9cb057 | group=bci2a_cross_session_broad_1_38 | representation=temporal__all_standard | elapsed=0s
[2026-09-18 00:16:27] [Representation] Progress 46/216 | remaining=170 | elapsed=23s | eta≈1.4m
[2026-09-18 00:16:27] [Representation task] Starting | pid=93671 | split=cross_session_f9911b9cb057 | group=bci2a_cross_session_broad_1_38 | representation=csp_6__all_standard
[2026-09-18 00:16:28] [Representation task] Done | pid=93671 | split=cross_session_f9911b9cb057 | group=bci2a_cross_session_broad_1_38 | representation=csp_6__all_standard | elapsed=1s
[2026-09-18 00:16:28] [Representation] Progress 47/216 | remaining=169 | elapsed=24s | eta≈1.4m
[2026-09-18 00:16:28] [Representation task] Starting | pid=93671 | split=cross_session_f9911b9cb057 | group=bci2a_cross_session_broad_1_38 | representation=standardized_signal
[2026-09-18 00:16:29] [Representation task] Done | pid=93671 | split=cross_session_f9911b9cb057 | group=bci2a_cross_session_broad_1_38 | representation=standardized_signal | elapsed=0s
[2026-09-18 00:16:29] [Representation] Progress 48/216 | remaining=168 | elapsed=25s | eta≈1.4m
[2026-09-18 00:16:29] [Representation task] Starting | pid=93671 | split=cross_session_5520fb22cf29 | group=bci2a_cross_session_broad_1_38 | representation=statistical__all_standard
[2026-09-18 00:16:29] [Representation task] Done | pid=93671 | split=cross_session_5520fb22cf29 | group=bci2a_cross_session_broad_1_38 | representation=statistical__all_standard | elapsed=1s
[2026-09-18 00:16:29] [Representation] Progress 49/216 | remaining=167 | elapsed=25s | eta≈1.4m
[2026-09-18 00:16:29] [Representation task] Starting | pid=93671 | split=cross_session_5520fb22cf29 | group=bci2a_cross_session_broad_1_38 | representation=temporal__all_standard
[2026-09-18 00:16:30] [Representation task] Done | pid=93671 | split=cross_session_5520fb22cf29 | group=bci2a_cross_session_broad_1_38 | representation=temporal__all_standard | elapsed=1s
[2026-09-18 00:16:30] [Representation] Progress 50/216 | remaining=166 | elapsed=26s | eta≈1.4m
[2026-09-18 00:16:30] [Representation task] Starting | pid=93671 | split=cross_session_5520fb22cf29 | group=bci2a_cross_session_broad_1_38 | representation=csp_6__all_standard
[2026-09-18 00:16:30] [Representation task] Done | pid=93671 | split=cross_session_5520fb22cf29 | group=bci2a_cross_session_broad_1_38 | representation=csp_6__all_standard | elapsed=1s
[2026-09-18 00:16:30] [Representation] Progress 51/216 | remaining=165 | elapsed=26s | eta≈1.4m
[2026-09-18 00:16:30] [Representation task] Starting | pid=93671 | split=cross_session_5520fb22cf29 | group=bci2a_cross_session_broad_1_38 | representation=standardized_signal
[2026-09-18 00:16:31] [Representation task] Done | pid=93671 | split=cross_session_5520fb22cf29 | group=bci2a_cross_session_broad_1_38 | representation=standardized_signal | elapsed=0s
[2026-09-18 00:16:31] [Representation] Progress 52/216 | remaining=164 | elapsed=27s | eta≈1.4m
[2026-09-18 00:16:31] [Representation task] Starting | pid=93671 | split=cross_session_0f01d69d3fbf | group=bci2a_cross_session_broad_1_38 | representation=statistical__all_standard
[2026-09-18 00:16:31] [Representation task] Done | pid=93671 | split=cross_session_0f01d69d3fbf | group=bci2a_cross_session_broad_1_38 | representation=statistical__all_standard | elapsed=1s
[2026-09-18 00:16:31] [Representation] Progress 53/216 | remaining=163 | elapsed=27s | eta≈1.4m
[2026-09-18 00:16:31] [Representation task] Starting | pid=93671 | split=cross_session_0f01d69d3fbf | group=bci2a_cross_session_broad_1_38 | representation=temporal__all_standard
[2026-09-18 00:16:32] [Representation task] Done | pid=93671 | split=cross_session_0f01d69d3fbf | group=bci2a_cross_session_broad_1_38 | representation=temporal__all_standard | elapsed=0s
[2026-09-18 00:16:32] [Representation] Progress 54/216 | remaining=162 | elapsed=28s | eta≈1.4m
[2026-09-18 00:16:32] [Representation task] Starting | pid=93671 | split=cross_session_0f01d69d3fbf | group=bci2a_cross_session_broad_1_38 | representation=csp_6__all_standard
[2026-09-18 00:16:32] [Representation task] Done | pid=93671 | split=cross_session_0f01d69d3fbf | group=bci2a_cross_session_broad_1_38 | representation=csp_6__all_standard | elapsed=0s
[2026-09-18 00:16:32] [Representation] Progress 55/216 | remaining=161 | elapsed=28s | eta≈1.4m
[2026-09-18 00:16:32] [Representation task] Starting | pid=93671 | split=cross_session_0f01d69d3fbf | group=bci2a_cross_session_broad_1_38 | representation=standardized_signal
[2026-09-18 00:16:32] [Representation task] Done | pid=93671 | split=cross_session_0f01d69d3fbf | group=bci2a_cross_session_broad_1_38 | representation=standardized_signal | elapsed=0s
[2026-09-18 00:16:32] [Representation] Progress 56/216 | remaining=160 | elapsed=28s | eta≈1.4m
[2026-09-18 00:16:32] [Representation task] Starting | pid=93671 | split=cross_session_36c157397a02 | group=bci2a_cross_session_broad_1_38 | representation=statistical__all_standard
[2026-09-18 00:16:33] [Representation task] Done | pid=93671 | split=cross_session_36c157397a02 | group=bci2a_cross_session_broad_1_38 | representation=statistical__all_standard | elapsed=1s
[2026-09-18 00:16:33] [Representation] Progress 57/216 | remaining=159 | elapsed=29s | eta≈1.4m
[2026-09-18 00:16:33] [Representation task] Starting | pid=93671 | split=cross_session_36c157397a02 | group=bci2a_cross_session_broad_1_38 | representation=temporal__all_standard
[2026-09-18 00:16:34] [Representation task] Done | pid=93671 | split=cross_session_36c157397a02 | group=bci2a_cross_session_broad_1_38 | representation=temporal__all_standard | elapsed=0s
[2026-09-18 00:16:34] [Representation] Progress 58/216 | remaining=158 | elapsed=30s | eta≈1.3m
[2026-09-18 00:16:34] [Representation task] Starting | pid=93671 | split=cross_session_36c157397a02 | group=bci2a_cross_session_broad_1_38 | representation=csp_6__all_standard
[2026-09-18 00:16:34] [Representation task] Done | pid=93671 | split=cross_session_36c157397a02 | group=bci2a_cross_session_broad_1_38 | representation=csp_6__all_standard | elapsed=0s
[2026-09-18 00:16:34] [Representation] Progress 59/216 | remaining=157 | elapsed=30s | eta≈1.3m
[2026-09-18 00:16:34] [Representation task] Starting | pid=93671 | split=cross_session_36c157397a02 | group=bci2a_cross_session_broad_1_38 | representation=standardized_signal
[2026-09-18 00:16:34] [Representation task] Done | pid=93671 | split=cross_session_36c157397a02 | group=bci2a_cross_session_broad_1_38 | representation=standardized_signal | elapsed=0s
[2026-09-18 00:16:34] [Representation] Progress 60/216 | remaining=156 | elapsed=30s | eta≈1.3m
[2026-09-18 00:16:34] [Representation task] Starting | pid=93671 | split=cross_session_d8f4f115dd09 | group=bci2a_cross_session_broad_1_38 | representation=statistical__all_standard
[2026-09-18 00:16:35] [Representation task] Done | pid=93671 | split=cross_session_d8f4f115dd09 | group=bci2a_cross_session_broad_1_38 | representation=statistical__all_standard | elapsed=1s
[2026-09-18 00:16:35] [Representation] Progress 61/216 | remaining=155 | elapsed=31s | eta≈1.3m
[2026-09-18 00:16:35] [Representation task] Starting | pid=93671 | split=cross_session_d8f4f115dd09 | group=bci2a_cross_session_broad_1_38 | representation=temporal__all_standard
[2026-09-18 00:16:35] [Representation task] Done | pid=93671 | split=cross_session_d8f4f115dd09 | group=bci2a_cross_session_broad_1_38 | representation=temporal__all_standard | elapsed=0s
[2026-09-18 00:16:35] [Representation] Progress 62/216 | remaining=154 | elapsed=31s | eta≈1.3m
[2026-09-18 00:16:35] [Representation task] Starting | pid=93671 | split=cross_session_d8f4f115dd09 | group=bci2a_cross_session_broad_1_38 | representation=csp_6__all_standard
[2026-09-18 00:16:36] [Representation task] Done | pid=93671 | split=cross_session_d8f4f115dd09 | group=bci2a_cross_session_broad_1_38 | representation=csp_6__all_standard | elapsed=1s
[2026-09-18 00:16:36] [Representation] Progress 63/216 | remaining=153 | elapsed=32s | eta≈1.3m
[2026-09-18 00:16:36] [Representation task] Starting | pid=93671 | split=cross_session_d8f4f115dd09 | group=bci2a_cross_session_broad_1_38 | representation=standardized_signal
[2026-09-18 00:16:36] [Representation task] Done | pid=93671 | split=cross_session_d8f4f115dd09 | group=bci2a_cross_session_broad_1_38 | representation=standardized_signal | elapsed=0s
[2026-09-18 00:16:36] [Representation] Progress 64/216 | remaining=152 | elapsed=32s | eta≈1.3m
[2026-09-18 00:16:36] [Representation task] Starting | pid=93671 | split=cross_session_e0fced86ada0 | group=bci2a_cross_session_broad_1_38 | representation=statistical__all_standard
[2026-09-18 00:16:37] [Representation task] Done | pid=93671 | split=cross_session_e0fced86ada0 | group=bci2a_cross_session_broad_1_38 | representation=statistical__all_standard | elapsed=1s
[2026-09-18 00:16:37] [Representation] Progress 65/216 | remaining=151 | elapsed=33s | eta≈1.3m
[2026-09-18 00:16:37] [Representation task] Starting | pid=93671 | split=cross_session_e0fced86ada0 | group=bci2a_cross_session_broad_1_38 | representation=temporal__all_standard
[2026-09-18 00:16:38] [Representation task] Done | pid=93671 | split=cross_session_e0fced86ada0 | group=bci2a_cross_session_broad_1_38 | representation=temporal__all_standard | elapsed=0s
[2026-09-18 00:16:38] [Representation] Progress 66/216 | remaining=150 | elapsed=34s | eta≈1.3m
[2026-09-18 00:16:38] [Representation task] Starting | pid=93671 | split=cross_session_e0fced86ada0 | group=bci2a_cross_session_broad_1_38 | representation=csp_6__all_standard
[2026-09-18 00:16:38] [Representation task] Done | pid=93671 | split=cross_session_e0fced86ada0 | group=bci2a_cross_session_broad_1_38 | representation=csp_6__all_standard | elapsed=0s
[2026-09-18 00:16:38] [Representation] Progress 67/216 | remaining=149 | elapsed=34s | eta≈1.3m
[2026-09-18 00:16:38] [Representation task] Starting | pid=93671 | split=cross_session_e0fced86ada0 | group=bci2a_cross_session_broad_1_38 | representation=standardized_signal
[2026-09-18 00:16:38] [Representation task] Done | pid=93671 | split=cross_session_e0fced86ada0 | group=bci2a_cross_session_broad_1_38 | representation=standardized_signal | elapsed=0s
[2026-09-18 00:16:38] [Representation] Progress 68/216 | remaining=148 | elapsed=34s | eta≈1.2m
[2026-09-18 00:16:38] [Representation task] Starting | pid=93671 | split=cross_session_a4a512d44495 | group=bci2a_cross_session_broad_1_38 | representation=statistical__all_standard
[2026-09-18 00:16:39] [Representation task] Done | pid=93671 | split=cross_session_a4a512d44495 | group=bci2a_cross_session_broad_1_38 | representation=statistical__all_standard | elapsed=1s
[2026-09-18 00:16:39] [Representation] Progress 69/216 | remaining=147 | elapsed=35s | eta≈1.2m
[2026-09-18 00:16:39] [Representation task] Starting | pid=93671 | split=cross_session_a4a512d44495 | group=bci2a_cross_session_broad_1_38 | representation=temporal__all_standard
[2026-09-18 00:16:39] [Representation task] Done | pid=93671 | split=cross_session_a4a512d44495 | group=bci2a_cross_session_broad_1_38 | representation=temporal__all_standard | elapsed=0s
[2026-09-18 00:16:39] [Representation] Progress 70/216 | remaining=146 | elapsed=35s | eta≈1.2m
[2026-09-18 00:16:39] [Representation task] Starting | pid=93671 | split=cross_session_a4a512d44495 | group=bci2a_cross_session_broad_1_38 | representation=csp_6__all_standard
[2026-09-18 00:16:40] [Representation task] Done | pid=93671 | split=cross_session_a4a512d44495 | group=bci2a_cross_session_broad_1_38 | representation=csp_6__all_standard | elapsed=1s
[2026-09-18 00:16:40] [Representation] Progress 71/216 | remaining=145 | elapsed=36s | eta≈1.2m
[2026-09-18 00:16:40] [Representation task] Starting | pid=93671 | split=cross_session_a4a512d44495 | group=bci2a_cross_session_broad_1_38 | representation=standardized_signal
[2026-09-18 00:16:40] [Representation task] Done | pid=93671 | split=cross_session_a4a512d44495 | group=bci2a_cross_session_broad_1_38 | representation=standardized_signal | elapsed=0s
[2026-09-18 00:16:40] [Representation] Progress 72/216 | remaining=144 | elapsed=36s | eta≈1.2m
[2026-09-18 00:16:40] [Representation task] Starting | pid=93671 | split=cross_session_1b876c6750c6 | group=bci2a_cross_session_delta_1_4 | representation=statistical__all_standard
[2026-09-18 00:16:41] [Representation task] Done | pid=93671 | split=cross_session_1b876c6750c6 | group=bci2a_cross_session_delta_1_4 | representation=statistical__all_standard | elapsed=1s
[2026-09-18 00:16:41] [Representation] Progress 73/216 | remaining=143 | elapsed=37s | eta≈1.2m
[2026-09-18 00:16:41] [Representation task] Starting | pid=93671 | split=cross_session_1b876c6750c6 | group=bci2a_cross_session_delta_1_4 | representation=temporal__all_standard
[2026-09-18 00:16:41] [Representation task] Done | pid=93671 | split=cross_session_1b876c6750c6 | group=bci2a_cross_session_delta_1_4 | representation=temporal__all_standard | elapsed=0s
[2026-09-18 00:16:41] [Representation] Progress 74/216 | remaining=142 | elapsed=37s | eta≈1.2m
[2026-09-18 00:16:41] [Representation task] Starting | pid=93671 | split=cross_session_1b876c6750c6 | group=bci2a_cross_session_delta_1_4 | representation=csp_6__all_standard
[2026-09-18 00:16:42] [Representation task] Done | pid=93671 | split=cross_session_1b876c6750c6 | group=bci2a_cross_session_delta_1_4 | representation=csp_6__all_standard | elapsed=0s
[2026-09-18 00:16:42] [Representation] Progress 75/216 | remaining=141 | elapsed=38s | eta≈1.2m
[2026-09-18 00:16:42] [Representation task] Starting | pid=93671 | split=cross_session_1b876c6750c6 | group=bci2a_cross_session_delta_1_4 | representation=standardized_signal
[2026-09-18 00:16:42] [Representation task] Done | pid=93671 | split=cross_session_1b876c6750c6 | group=bci2a_cross_session_delta_1_4 | representation=standardized_signal | elapsed=0s
[2026-09-18 00:16:42] [Representation] Progress 76/216 | remaining=140 | elapsed=38s | eta≈1.2m
[2026-09-18 00:16:42] [Representation task] Starting | pid=93671 | split=cross_session_b244bedb6ccf | group=bci2a_cross_session_delta_1_4 | representation=statistical__all_standard
[2026-09-18 00:16:43] [Representation task] Done | pid=93671 | split=cross_session_b244bedb6ccf | group=bci2a_cross_session_delta_1_4 | representation=statistical__all_standard | elapsed=1s
[2026-09-18 00:16:43] [Representation] Progress 77/216 | remaining=139 | elapsed=39s | eta≈1.2m
[2026-09-18 00:16:43] [Representation task] Starting | pid=93671 | split=cross_session_b244bedb6ccf | group=bci2a_cross_session_delta_1_4 | representation=temporal__all_standard
[2026-09-18 00:16:43] [Representation task] Done | pid=93671 | split=cross_session_b244bedb6ccf | group=bci2a_cross_session_delta_1_4 | representation=temporal__all_standard | elapsed=0s
[2026-09-18 00:16:43] [Representation] Progress 78/216 | remaining=138 | elapsed=39s | eta≈1.2m
[2026-09-18 00:16:43] [Representation task] Starting | pid=93671 | split=cross_session_b244bedb6ccf | group=bci2a_cross_session_delta_1_4 | representation=csp_6__all_standard
[2026-09-18 00:16:44] [Representation task] Done | pid=93671 | split=cross_session_b244bedb6ccf | group=bci2a_cross_session_delta_1_4 | representation=csp_6__all_standard | elapsed=1s
[2026-09-18 00:16:44] [Representation] Progress 79/216 | remaining=137 | elapsed=40s | eta≈1.2m
[2026-09-18 00:16:44] [Representation task] Starting | pid=93671 | split=cross_session_b244bedb6ccf | group=bci2a_cross_session_delta_1_4 | representation=standardized_signal
[2026-09-18 00:16:44] [Representation task] Done | pid=93671 | split=cross_session_b244bedb6ccf | group=bci2a_cross_session_delta_1_4 | representation=standardized_signal | elapsed=0s
[2026-09-18 00:16:44] [Representation] Progress 80/216 | remaining=136 | elapsed=40s | eta≈1.1m
[2026-09-18 00:16:44] [Representation task] Starting | pid=93671 | split=cross_session_7d0c3c21e647 | group=bci2a_cross_session_delta_1_4 | representation=statistical__all_standard
[2026-09-18 00:16:45] [Representation task] Done | pid=93671 | split=cross_session_7d0c3c21e647 | group=bci2a_cross_session_delta_1_4 | representation=statistical__all_standard | elapsed=1s
[2026-09-18 00:16:45] [Representation] Progress 81/216 | remaining=135 | elapsed=41s | eta≈1.1m
[2026-09-18 00:16:45] [Representation task] Starting | pid=93671 | split=cross_session_7d0c3c21e647 | group=bci2a_cross_session_delta_1_4 | representation=temporal__all_standard
[2026-09-18 00:16:45] [Representation task] Done | pid=93671 | split=cross_session_7d0c3c21e647 | group=bci2a_cross_session_delta_1_4 | representation=temporal__all_standard | elapsed=0s
[2026-09-18 00:16:45] [Representation] Progress 82/216 | remaining=134 | elapsed=41s | eta≈1.1m
[2026-09-18 00:16:45] [Representation task] Starting | pid=93671 | split=cross_session_7d0c3c21e647 | group=bci2a_cross_session_delta_1_4 | representation=csp_6__all_standard
[2026-09-18 00:16:46] [Representation task] Done | pid=93671 | split=cross_session_7d0c3c21e647 | group=bci2a_cross_session_delta_1_4 | representation=csp_6__all_standard | elapsed=1s
[2026-09-18 00:16:46] [Representation] Progress 83/216 | remaining=133 | elapsed=42s | eta≈1.1m
[2026-09-18 00:16:46] [Representation task] Starting | pid=93671 | split=cross_session_7d0c3c21e647 | group=bci2a_cross_session_delta_1_4 | representation=standardized_signal
[2026-09-18 00:16:46] [Representation task] Done | pid=93671 | split=cross_session_7d0c3c21e647 | group=bci2a_cross_session_delta_1_4 | representation=standardized_signal | elapsed=0s
[2026-09-18 00:16:46] [Representation] Progress 84/216 | remaining=132 | elapsed=42s | eta≈1.1m
[2026-09-18 00:16:46] [Representation task] Starting | pid=93671 | split=cross_session_54cbc56ae5af | group=bci2a_cross_session_delta_1_4 | representation=statistical__all_standard
[2026-09-18 00:16:47] [Representation task] Done | pid=93671 | split=cross_session_54cbc56ae5af | group=bci2a_cross_session_delta_1_4 | representation=statistical__all_standard | elapsed=1s
[2026-09-18 00:16:47] [Representation] Progress 85/216 | remaining=131 | elapsed=43s | eta≈1.1m
[2026-09-18 00:16:47] [Representation task] Starting | pid=93671 | split=cross_session_54cbc56ae5af | group=bci2a_cross_session_delta_1_4 | representation=temporal__all_standard
[2026-09-18 00:16:48] [Representation task] Done | pid=93671 | split=cross_session_54cbc56ae5af | group=bci2a_cross_session_delta_1_4 | representation=temporal__all_standard | elapsed=1s
[2026-09-18 00:16:48] [Representation] Progress 86/216 | remaining=130 | elapsed=44s | eta≈1.1m
[2026-09-18 00:16:48] [Representation task] Starting | pid=93671 | split=cross_session_54cbc56ae5af | group=bci2a_cross_session_delta_1_4 | representation=csp_6__all_standard
[2026-09-18 00:16:49] [Representation task] Done | pid=93671 | split=cross_session_54cbc56ae5af | group=bci2a_cross_session_delta_1_4 | representation=csp_6__all_standard | elapsed=1s
[2026-09-18 00:16:49] [Representation] Progress 87/216 | remaining=129 | elapsed=45s | eta≈1.1m
[2026-09-18 00:16:49] [Representation task] Starting | pid=93671 | split=cross_session_54cbc56ae5af | group=bci2a_cross_session_delta_1_4 | representation=standardized_signal
[2026-09-18 00:16:49] [Representation task] Done | pid=93671 | split=cross_session_54cbc56ae5af | group=bci2a_cross_session_delta_1_4 | representation=standardized_signal | elapsed=0s
[2026-09-18 00:16:49] [Representation] Progress 88/216 | remaining=128 | elapsed=45s | eta≈1.1m
[2026-09-18 00:16:49] [Representation task] Starting | pid=93671 | split=cross_session_604d3d53674b | group=bci2a_cross_session_delta_1_4 | representation=statistical__all_standard
[2026-09-18 00:16:50] [Representation task] Done | pid=93671 | split=cross_session_604d3d53674b | group=bci2a_cross_session_delta_1_4 | representation=statistical__all_standard | elapsed=1s
[2026-09-18 00:16:50] [Representation] Progress 89/216 | remaining=127 | elapsed=46s | eta≈1.1m
[2026-09-18 00:16:50] [Representation task] Starting | pid=93671 | split=cross_session_604d3d53674b | group=bci2a_cross_session_delta_1_4 | representation=temporal__all_standard
[2026-09-18 00:16:50] [Representation task] Done | pid=93671 | split=cross_session_604d3d53674b | group=bci2a_cross_session_delta_1_4 | representation=temporal__all_standard | elapsed=0s
[2026-09-18 00:16:50] [Representation] Progress 90/216 | remaining=126 | elapsed=46s | eta≈1.1m
[2026-09-18 00:16:50] [Representation task] Starting | pid=93671 | split=cross_session_604d3d53674b | group=bci2a_cross_session_delta_1_4 | representation=csp_6__all_standard
[2026-09-18 00:16:51] [Representation task] Done | pid=93671 | split=cross_session_604d3d53674b | group=bci2a_cross_session_delta_1_4 | representation=csp_6__all_standard | elapsed=1s
[2026-09-18 00:16:51] [Representation] Progress 91/216 | remaining=125 | elapsed=46s | eta≈1.1m
[2026-09-18 00:16:51] [Representation task] Starting | pid=93671 | split=cross_session_604d3d53674b | group=bci2a_cross_session_delta_1_4 | representation=standardized_signal
[2026-09-18 00:16:51] [Representation task] Done | pid=93671 | split=cross_session_604d3d53674b | group=bci2a_cross_session_delta_1_4 | representation=standardized_signal | elapsed=0s
[2026-09-18 00:16:51] [Representation] Progress 92/216 | remaining=124 | elapsed=47s | eta≈1.1m
[2026-09-18 00:16:51] [Representation task] Starting | pid=93671 | split=cross_session_d470a4c875d7 | group=bci2a_cross_session_delta_1_4 | representation=statistical__all_standard
[2026-09-18 00:16:51] [Representation task] Done | pid=93671 | split=cross_session_d470a4c875d7 | group=bci2a_cross_session_delta_1_4 | representation=statistical__all_standard | elapsed=1s
[2026-09-18 00:16:51] [Representation] Progress 93/216 | remaining=123 | elapsed=47s | eta≈1.0m
[2026-09-18 00:16:51] [Representation task] Starting | pid=93671 | split=cross_session_d470a4c875d7 | group=bci2a_cross_session_delta_1_4 | representation=temporal__all_standard
[2026-09-18 00:16:52] [Representation task] Done | pid=93671 | split=cross_session_d470a4c875d7 | group=bci2a_cross_session_delta_1_4 | representation=temporal__all_standard | elapsed=0s
[2026-09-18 00:16:52] [Representation] Progress 94/216 | remaining=122 | elapsed=48s | eta≈1.0m
[2026-09-18 00:16:52] [Representation task] Starting | pid=93671 | split=cross_session_d470a4c875d7 | group=bci2a_cross_session_delta_1_4 | representation=csp_6__all_standard
[2026-09-18 00:16:52] [Representation task] Done | pid=93671 | split=cross_session_d470a4c875d7 | group=bci2a_cross_session_delta_1_4 | representation=csp_6__all_standard | elapsed=0s
[2026-09-18 00:16:52] [Representation] Progress 95/216 | remaining=121 | elapsed=48s | eta≈1.0m
[2026-09-18 00:16:52] [Representation task] Starting | pid=93671 | split=cross_session_d470a4c875d7 | group=bci2a_cross_session_delta_1_4 | representation=standardized_signal
[2026-09-18 00:16:52] [Representation task] Done | pid=93671 | split=cross_session_d470a4c875d7 | group=bci2a_cross_session_delta_1_4 | representation=standardized_signal | elapsed=0s
[2026-09-18 00:16:52] [Representation] Progress 96/216 | remaining=120 | elapsed=48s | eta≈1.0m
[2026-09-18 00:16:52] [Representation task] Starting | pid=93671 | split=cross_session_9f6162b3e24c | group=bci2a_cross_session_delta_1_4 | representation=statistical__all_standard
[2026-09-18 00:16:53] [Representation task] Done | pid=93671 | split=cross_session_9f6162b3e24c | group=bci2a_cross_session_delta_1_4 | representation=statistical__all_standard | elapsed=1s
[2026-09-18 00:16:53] [Representation] Progress 97/216 | remaining=119 | elapsed=49s | eta≈1.0m
[2026-09-18 00:16:53] [Representation task] Starting | pid=93671 | split=cross_session_9f6162b3e24c | group=bci2a_cross_session_delta_1_4 | representation=temporal__all_standard
[2026-09-18 00:16:54] [Representation task] Done | pid=93671 | split=cross_session_9f6162b3e24c | group=bci2a_cross_session_delta_1_4 | representation=temporal__all_standard | elapsed=0s
[2026-09-18 00:16:54] [Representation] Progress 98/216 | remaining=118 | elapsed=49s | eta≈60s
[2026-09-18 00:16:54] [Representation task] Starting | pid=93671 | split=cross_session_9f6162b3e24c | group=bci2a_cross_session_delta_1_4 | representation=csp_6__all_standard
[2026-09-18 00:16:54] [Representation task] Done | pid=93671 | split=cross_session_9f6162b3e24c | group=bci2a_cross_session_delta_1_4 | representation=csp_6__all_standard | elapsed=1s
[2026-09-18 00:16:54] [Representation] Progress 99/216 | remaining=117 | elapsed=50s | eta≈59s
[2026-09-18 00:16:54] [Representation task] Starting | pid=93671 | split=cross_session_9f6162b3e24c | group=bci2a_cross_session_delta_1_4 | representation=standardized_signal
[2026-09-18 00:16:54] [Representation task] Done | pid=93671 | split=cross_session_9f6162b3e24c | group=bci2a_cross_session_delta_1_4 | representation=standardized_signal | elapsed=0s
[2026-09-18 00:16:54] [Representation] Progress 100/216 | remaining=116 | elapsed=50s | eta≈58s
[2026-09-18 00:16:54] [Representation task] Starting | pid=93671 | split=cross_session_a6d19810d2cf | group=bci2a_cross_session_delta_1_4 | representation=statistical__all_standard
[2026-09-18 00:16:55] [Representation task] Done | pid=93671 | split=cross_session_a6d19810d2cf | group=bci2a_cross_session_delta_1_4 | representation=statistical__all_standard | elapsed=1s
[2026-09-18 00:16:55] [Representation] Progress 101/216 | remaining=115 | elapsed=51s | eta≈58s
[2026-09-18 00:16:55] [Representation task] Starting | pid=93671 | split=cross_session_a6d19810d2cf | group=bci2a_cross_session_delta_1_4 | representation=temporal__all_standard
[2026-09-18 00:16:56] [Representation task] Done | pid=93671 | split=cross_session_a6d19810d2cf | group=bci2a_cross_session_delta_1_4 | representation=temporal__all_standard | elapsed=0s
[2026-09-18 00:16:56] [Representation] Progress 102/216 | remaining=114 | elapsed=52s | eta≈58s
[2026-09-18 00:16:56] [Representation task] Starting | pid=93671 | split=cross_session_a6d19810d2cf | group=bci2a_cross_session_delta_1_4 | representation=csp_6__all_standard
[2026-09-18 00:16:56] [Representation task] Done | pid=93671 | split=cross_session_a6d19810d2cf | group=bci2a_cross_session_delta_1_4 | representation=csp_6__all_standard | elapsed=1s
[2026-09-18 00:16:56] [Representation] Progress 103/216 | remaining=113 | elapsed=52s | eta≈57s
[2026-09-18 00:16:56] [Representation task] Starting | pid=93671 | split=cross_session_a6d19810d2cf | group=bci2a_cross_session_delta_1_4 | representation=standardized_signal
[2026-09-18 00:16:56] [Representation task] Done | pid=93671 | split=cross_session_a6d19810d2cf | group=bci2a_cross_session_delta_1_4 | representation=standardized_signal | elapsed=0s
[2026-09-18 00:16:56] [Representation] Progress 104/216 | remaining=112 | elapsed=52s | eta≈56s
[2026-09-18 00:16:56] [Representation task] Starting | pid=93671 | split=cross_session_101bba2ac83d | group=bci2a_cross_session_delta_1_4 | representation=statistical__all_standard
[2026-09-18 00:16:57] [Representation task] Done | pid=93671 | split=cross_session_101bba2ac83d | group=bci2a_cross_session_delta_1_4 | representation=statistical__all_standard | elapsed=1s
[2026-09-18 00:16:57] [Representation] Progress 105/216 | remaining=111 | elapsed=53s | eta≈56s
[2026-09-18 00:16:57] [Representation task] Starting | pid=93671 | split=cross_session_101bba2ac83d | group=bci2a_cross_session_delta_1_4 | representation=temporal__all_standard
[2026-09-18 00:16:57] [Representation task] Done | pid=93671 | split=cross_session_101bba2ac83d | group=bci2a_cross_session_delta_1_4 | representation=temporal__all_standard | elapsed=0s
[2026-09-18 00:16:57] [Representation] Progress 106/216 | remaining=110 | elapsed=53s | eta≈55s
[2026-09-18 00:16:57] [Representation task] Starting | pid=93671 | split=cross_session_101bba2ac83d | group=bci2a_cross_session_delta_1_4 | representation=csp_6__all_standard
[2026-09-18 00:16:58] [Representation task] Done | pid=93671 | split=cross_session_101bba2ac83d | group=bci2a_cross_session_delta_1_4 | representation=csp_6__all_standard | elapsed=1s
[2026-09-18 00:16:58] [Representation] Progress 107/216 | remaining=109 | elapsed=54s | eta≈55s
[2026-09-18 00:16:58] [Representation task] Starting | pid=93671 | split=cross_session_101bba2ac83d | group=bci2a_cross_session_delta_1_4 | representation=standardized_signal
[2026-09-18 00:16:58] [Representation task] Done | pid=93671 | split=cross_session_101bba2ac83d | group=bci2a_cross_session_delta_1_4 | representation=standardized_signal | elapsed=0s
[2026-09-18 00:16:58] [Representation] Progress 108/216 | remaining=108 | elapsed=54s | eta≈54s
[2026-09-18 00:16:58] [Representation task] Starting | pid=93671 | split=cross_session_4c0541c9688c | group=bci2a_cross_session_delta_1_4 | representation=statistical__all_standard
[2026-09-18 00:16:59] [Representation task] Done | pid=93671 | split=cross_session_4c0541c9688c | group=bci2a_cross_session_delta_1_4 | representation=statistical__all_standard | elapsed=1s
[2026-09-18 00:16:59] [Representation] Progress 109/216 | remaining=107 | elapsed=55s | eta≈54s
[2026-09-18 00:16:59] [Representation task] Starting | pid=93671 | split=cross_session_4c0541c9688c | group=bci2a_cross_session_delta_1_4 | representation=temporal__all_standard
[2026-09-18 00:17:00] [Representation task] Done | pid=93671 | split=cross_session_4c0541c9688c | group=bci2a_cross_session_delta_1_4 | representation=temporal__all_standard | elapsed=1s
[2026-09-18 00:17:00] [Representation] Progress 110/216 | remaining=106 | elapsed=56s | eta≈54s
[2026-09-18 00:17:00] [Representation task] Starting | pid=93671 | split=cross_session_4c0541c9688c | group=bci2a_cross_session_delta_1_4 | representation=csp_6__all_standard
[2026-09-18 00:17:00] [Representation task] Done | pid=93671 | split=cross_session_4c0541c9688c | group=bci2a_cross_session_delta_1_4 | representation=csp_6__all_standard | elapsed=1s
[2026-09-18 00:17:00] [Representation] Progress 111/216 | remaining=105 | elapsed=56s | eta≈53s
[2026-09-18 00:17:00] [Representation task] Starting | pid=93671 | split=cross_session_4c0541c9688c | group=bci2a_cross_session_delta_1_4 | representation=standardized_signal
[2026-09-18 00:17:00] [Representation task] Done | pid=93671 | split=cross_session_4c0541c9688c | group=bci2a_cross_session_delta_1_4 | representation=standardized_signal | elapsed=0s
[2026-09-18 00:17:00] [Representation] Progress 112/216 | remaining=104 | elapsed=56s | eta≈52s
[2026-09-18 00:17:00] [Representation task] Starting | pid=93671 | split=cross_session_325ebffcfcb2 | group=bci2a_cross_session_delta_1_4 | representation=statistical__all_standard
[2026-09-18 00:17:01] [Representation task] Done | pid=93671 | split=cross_session_325ebffcfcb2 | group=bci2a_cross_session_delta_1_4 | representation=statistical__all_standard | elapsed=1s
[2026-09-18 00:17:01] [Representation] Progress 113/216 | remaining=103 | elapsed=57s | eta≈52s
[2026-09-18 00:17:01] [Representation task] Starting | pid=93671 | split=cross_session_325ebffcfcb2 | group=bci2a_cross_session_delta_1_4 | representation=temporal__all_standard
[2026-09-18 00:17:01] [Representation task] Done | pid=93671 | split=cross_session_325ebffcfcb2 | group=bci2a_cross_session_delta_1_4 | representation=temporal__all_standard | elapsed=0s
[2026-09-18 00:17:01] [Representation] Progress 114/216 | remaining=102 | elapsed=57s | eta≈51s
[2026-09-18 00:17:01] [Representation task] Starting | pid=93671 | split=cross_session_325ebffcfcb2 | group=bci2a_cross_session_delta_1_4 | representation=csp_6__all_standard
[2026-09-18 00:17:02] [Representation task] Done | pid=93671 | split=cross_session_325ebffcfcb2 | group=bci2a_cross_session_delta_1_4 | representation=csp_6__all_standard | elapsed=0s
[2026-09-18 00:17:02] [Representation] Progress 115/216 | remaining=101 | elapsed=58s | eta≈51s
[2026-09-18 00:17:02] [Representation task] Starting | pid=93671 | split=cross_session_325ebffcfcb2 | group=bci2a_cross_session_delta_1_4 | representation=standardized_signal
[2026-09-18 00:17:02] [Representation task] Done | pid=93671 | split=cross_session_325ebffcfcb2 | group=bci2a_cross_session_delta_1_4 | representation=standardized_signal | elapsed=0s
[2026-09-18 00:17:02] [Representation] Progress 116/216 | remaining=100 | elapsed=58s | eta≈50s
[2026-09-18 00:17:02] [Representation task] Starting | pid=93671 | split=cross_session_f9911b9cb057 | group=bci2a_cross_session_delta_1_4 | representation=statistical__all_standard
[2026-09-18 00:17:02] [Representation task] Done | pid=93671 | split=cross_session_f9911b9cb057 | group=bci2a_cross_session_delta_1_4 | representation=statistical__all_standard | elapsed=1s
[2026-09-18 00:17:02] [Representation] Progress 117/216 | remaining=99 | elapsed=58s | eta≈49s
[2026-09-18 00:17:02] [Representation task] Starting | pid=93671 | split=cross_session_f9911b9cb057 | group=bci2a_cross_session_delta_1_4 | representation=temporal__all_standard
[2026-09-18 00:17:03] [Representation task] Done | pid=93671 | split=cross_session_f9911b9cb057 | group=bci2a_cross_session_delta_1_4 | representation=temporal__all_standard | elapsed=0s
[2026-09-18 00:17:03] [Representation] Progress 118/216 | remaining=98 | elapsed=59s | eta≈49s
[2026-09-18 00:17:03] [Representation task] Starting | pid=93671 | split=cross_session_f9911b9cb057 | group=bci2a_cross_session_delta_1_4 | representation=csp_6__all_standard
[2026-09-18 00:17:03] [Representation task] Done | pid=93671 | split=cross_session_f9911b9cb057 | group=bci2a_cross_session_delta_1_4 | representation=csp_6__all_standard | elapsed=0s
[2026-09-18 00:17:03] [Representation] Progress 119/216 | remaining=97 | elapsed=59s | eta≈48s
[2026-09-18 00:17:03] [Representation task] Starting | pid=93671 | split=cross_session_f9911b9cb057 | group=bci2a_cross_session_delta_1_4 | representation=standardized_signal
[2026-09-18 00:17:03] [Representation task] Done | pid=93671 | split=cross_session_f9911b9cb057 | group=bci2a_cross_session_delta_1_4 | representation=standardized_signal | elapsed=0s
[2026-09-18 00:17:03] [Representation] Progress 120/216 | remaining=96 | elapsed=59s | eta≈47s
[2026-09-18 00:17:03] [Representation task] Starting | pid=93671 | split=cross_session_5520fb22cf29 | group=bci2a_cross_session_delta_1_4 | representation=statistical__all_standard
[2026-09-18 00:17:04] [Representation task] Done | pid=93671 | split=cross_session_5520fb22cf29 | group=bci2a_cross_session_delta_1_4 | representation=statistical__all_standard | elapsed=1s
[2026-09-18 00:17:04] [Representation] Progress 121/216 | remaining=95 | elapsed=60s | eta≈47s
[2026-09-18 00:17:04] [Representation task] Starting | pid=93671 | split=cross_session_5520fb22cf29 | group=bci2a_cross_session_delta_1_4 | representation=temporal__all_standard
[2026-09-18 00:17:04] [Representation task] Done | pid=93671 | split=cross_session_5520fb22cf29 | group=bci2a_cross_session_delta_1_4 | representation=temporal__all_standard | elapsed=0s
[2026-09-18 00:17:04] [Representation] Progress 122/216 | remaining=94 | elapsed=1.0m | eta≈46s
[2026-09-18 00:17:04] [Representation task] Starting | pid=93671 | split=cross_session_5520fb22cf29 | group=bci2a_cross_session_delta_1_4 | representation=csp_6__all_standard
[2026-09-18 00:17:04] [Representation task] Done | pid=93671 | split=cross_session_5520fb22cf29 | group=bci2a_cross_session_delta_1_4 | representation=csp_6__all_standard | elapsed=0s
[2026-09-18 00:17:04] [Representation] Progress 123/216 | remaining=93 | elapsed=1.0m | eta≈46s
[2026-09-18 00:17:04] [Representation task] Starting | pid=93671 | split=cross_session_5520fb22cf29 | group=bci2a_cross_session_delta_1_4 | representation=standardized_signal
[2026-09-18 00:17:05] [Representation task] Done | pid=93671 | split=cross_session_5520fb22cf29 | group=bci2a_cross_session_delta_1_4 | representation=standardized_signal | elapsed=0s
[2026-09-18 00:17:05] [Representation] Progress 124/216 | remaining=92 | elapsed=1.0m | eta≈45s
[2026-09-18 00:17:05] [Representation task] Starting | pid=93671 | split=cross_session_0f01d69d3fbf | group=bci2a_cross_session_delta_1_4 | representation=statistical__all_standard
[2026-09-18 00:17:05] [Representation task] Done | pid=93671 | split=cross_session_0f01d69d3fbf | group=bci2a_cross_session_delta_1_4 | representation=statistical__all_standard | elapsed=1s
[2026-09-18 00:17:05] [Representation] Progress 125/216 | remaining=91 | elapsed=1.0m | eta≈45s
[2026-09-18 00:17:05] [Representation task] Starting | pid=93671 | split=cross_session_0f01d69d3fbf | group=bci2a_cross_session_delta_1_4 | representation=temporal__all_standard
[2026-09-18 00:17:06] [Representation task] Done | pid=93671 | split=cross_session_0f01d69d3fbf | group=bci2a_cross_session_delta_1_4 | representation=temporal__all_standard | elapsed=0s
[2026-09-18 00:17:06] [Representation] Progress 126/216 | remaining=90 | elapsed=1.0m | eta≈44s
[2026-09-18 00:17:06] [Representation task] Starting | pid=93671 | split=cross_session_0f01d69d3fbf | group=bci2a_cross_session_delta_1_4 | representation=csp_6__all_standard
[2026-09-18 00:17:06] [Representation task] Done | pid=93671 | split=cross_session_0f01d69d3fbf | group=bci2a_cross_session_delta_1_4 | representation=csp_6__all_standard | elapsed=0s
[2026-09-18 00:17:06] [Representation] Progress 127/216 | remaining=89 | elapsed=1.0m | eta≈43s
[2026-09-18 00:17:06] [Representation task] Starting | pid=93671 | split=cross_session_0f01d69d3fbf | group=bci2a_cross_session_delta_1_4 | representation=standardized_signal
[2026-09-18 00:17:06] [Representation task] Done | pid=93671 | split=cross_session_0f01d69d3fbf | group=bci2a_cross_session_delta_1_4 | representation=standardized_signal | elapsed=0s
[2026-09-18 00:17:06] [Representation] Progress 128/216 | remaining=88 | elapsed=1.0m | eta≈43s
[2026-09-18 00:17:06] [Representation task] Starting | pid=93671 | split=cross_session_36c157397a02 | group=bci2a_cross_session_delta_1_4 | representation=statistical__all_standard
[2026-09-18 00:17:07] [Representation task] Done | pid=93671 | split=cross_session_36c157397a02 | group=bci2a_cross_session_delta_1_4 | representation=statistical__all_standard | elapsed=1s
[2026-09-18 00:17:07] [Representation] Progress 129/216 | remaining=87 | elapsed=1.0m | eta≈42s
[2026-09-18 00:17:07] [Representation task] Starting | pid=93671 | split=cross_session_36c157397a02 | group=bci2a_cross_session_delta_1_4 | representation=temporal__all_standard
[2026-09-18 00:17:07] [Representation task] Done | pid=93671 | split=cross_session_36c157397a02 | group=bci2a_cross_session_delta_1_4 | representation=temporal__all_standard | elapsed=0s
[2026-09-18 00:17:07] [Representation] Progress 130/216 | remaining=86 | elapsed=1.0m | eta≈42s
[2026-09-18 00:17:07] [Representation task] Starting | pid=93671 | split=cross_session_36c157397a02 | group=bci2a_cross_session_delta_1_4 | representation=csp_6__all_standard
[2026-09-18 00:17:07] [Representation task] Done | pid=93671 | split=cross_session_36c157397a02 | group=bci2a_cross_session_delta_1_4 | representation=csp_6__all_standard | elapsed=0s
[2026-09-18 00:17:07] [Representation] Progress 131/216 | remaining=85 | elapsed=1.1m | eta≈41s
[2026-09-18 00:17:07] [Representation task] Starting | pid=93671 | split=cross_session_36c157397a02 | group=bci2a_cross_session_delta_1_4 | representation=standardized_signal
[2026-09-18 00:17:08] [Representation task] Done | pid=93671 | split=cross_session_36c157397a02 | group=bci2a_cross_session_delta_1_4 | representation=standardized_signal | elapsed=0s
[2026-09-18 00:17:08] [Representation] Progress 132/216 | remaining=84 | elapsed=1.1m | eta≈40s
[2026-09-18 00:17:08] [Representation task] Starting | pid=93671 | split=cross_session_d8f4f115dd09 | group=bci2a_cross_session_delta_1_4 | representation=statistical__all_standard
[2026-09-18 00:17:08] [Representation task] Done | pid=93671 | split=cross_session_d8f4f115dd09 | group=bci2a_cross_session_delta_1_4 | representation=statistical__all_standard | elapsed=1s
[2026-09-18 00:17:08] [Representation] Progress 133/216 | remaining=83 | elapsed=1.1m | eta≈40s
[2026-09-18 00:17:08] [Representation task] Starting | pid=93671 | split=cross_session_d8f4f115dd09 | group=bci2a_cross_session_delta_1_4 | representation=temporal__all_standard
[2026-09-18 00:17:08] [Representation task] Done | pid=93671 | split=cross_session_d8f4f115dd09 | group=bci2a_cross_session_delta_1_4 | representation=temporal__all_standard | elapsed=0s
[2026-09-18 00:17:08] [Representation] Progress 134/216 | remaining=82 | elapsed=1.1m | eta≈39s
[2026-09-18 00:17:08] [Representation task] Starting | pid=93671 | split=cross_session_d8f4f115dd09 | group=bci2a_cross_session_delta_1_4 | representation=csp_6__all_standard
[2026-09-18 00:17:09] [Representation task] Done | pid=93671 | split=cross_session_d8f4f115dd09 | group=bci2a_cross_session_delta_1_4 | representation=csp_6__all_standard | elapsed=0s
[2026-09-18 00:17:09] [Representation] Progress 135/216 | remaining=81 | elapsed=1.1m | eta≈39s
[2026-09-18 00:17:09] [Representation task] Starting | pid=93671 | split=cross_session_d8f4f115dd09 | group=bci2a_cross_session_delta_1_4 | representation=standardized_signal
[2026-09-18 00:17:09] [Representation task] Done | pid=93671 | split=cross_session_d8f4f115dd09 | group=bci2a_cross_session_delta_1_4 | representation=standardized_signal | elapsed=0s
[2026-09-18 00:17:09] [Representation] Progress 136/216 | remaining=80 | elapsed=1.1m | eta≈38s
[2026-09-18 00:17:09] [Representation task] Starting | pid=93671 | split=cross_session_e0fced86ada0 | group=bci2a_cross_session_delta_1_4 | representation=statistical__all_standard
[2026-09-18 00:17:10] [Representation task] Done | pid=93671 | split=cross_session_e0fced86ada0 | group=bci2a_cross_session_delta_1_4 | representation=statistical__all_standard | elapsed=1s
[2026-09-18 00:17:10] [Representation] Progress 137/216 | remaining=79 | elapsed=1.1m | eta≈38s
[2026-09-18 00:17:10] [Representation task] Starting | pid=93671 | split=cross_session_e0fced86ada0 | group=bci2a_cross_session_delta_1_4 | representation=temporal__all_standard
[2026-09-18 00:17:10] [Representation task] Done | pid=93671 | split=cross_session_e0fced86ada0 | group=bci2a_cross_session_delta_1_4 | representation=temporal__all_standard | elapsed=0s
[2026-09-18 00:17:10] [Representation] Progress 138/216 | remaining=78 | elapsed=1.1m | eta≈37s
[2026-09-18 00:17:10] [Representation task] Starting | pid=93671 | split=cross_session_e0fced86ada0 | group=bci2a_cross_session_delta_1_4 | representation=csp_6__all_standard
[2026-09-18 00:17:10] [Representation task] Done | pid=93671 | split=cross_session_e0fced86ada0 | group=bci2a_cross_session_delta_1_4 | representation=csp_6__all_standard | elapsed=0s
[2026-09-18 00:17:10] [Representation] Progress 139/216 | remaining=77 | elapsed=1.1m | eta≈37s
[2026-09-18 00:17:10] [Representation task] Starting | pid=93671 | split=cross_session_e0fced86ada0 | group=bci2a_cross_session_delta_1_4 | representation=standardized_signal
[2026-09-18 00:17:11] [Representation task] Done | pid=93671 | split=cross_session_e0fced86ada0 | group=bci2a_cross_session_delta_1_4 | representation=standardized_signal | elapsed=0s
[2026-09-18 00:17:11] [Representation] Progress 140/216 | remaining=76 | elapsed=1.1m | eta≈36s
[2026-09-18 00:17:11] [Representation task] Starting | pid=93671 | split=cross_session_a4a512d44495 | group=bci2a_cross_session_delta_1_4 | representation=statistical__all_standard
[2026-09-18 00:17:11] [Representation task] Done | pid=93671 | split=cross_session_a4a512d44495 | group=bci2a_cross_session_delta_1_4 | representation=statistical__all_standard | elapsed=1s
[2026-09-18 00:17:11] [Representation] Progress 141/216 | remaining=75 | elapsed=1.1m | eta≈36s
[2026-09-18 00:17:11] [Representation task] Starting | pid=93671 | split=cross_session_a4a512d44495 | group=bci2a_cross_session_delta_1_4 | representation=temporal__all_standard
[2026-09-18 00:17:12] [Representation task] Done | pid=93671 | split=cross_session_a4a512d44495 | group=bci2a_cross_session_delta_1_4 | representation=temporal__all_standard | elapsed=0s
[2026-09-18 00:17:12] [Representation] Progress 142/216 | remaining=74 | elapsed=1.1m | eta≈35s
[2026-09-18 00:17:12] [Representation task] Starting | pid=93671 | split=cross_session_a4a512d44495 | group=bci2a_cross_session_delta_1_4 | representation=csp_6__all_standard
[2026-09-18 00:17:12] [Representation task] Done | pid=93671 | split=cross_session_a4a512d44495 | group=bci2a_cross_session_delta_1_4 | representation=csp_6__all_standard | elapsed=1s
[2026-09-18 00:17:12] [Representation] Progress 143/216 | remaining=73 | elapsed=1.1m | eta≈35s
[2026-09-18 00:17:12] [Representation task] Starting | pid=93671 | split=cross_session_a4a512d44495 | group=bci2a_cross_session_delta_1_4 | representation=standardized_signal
[2026-09-18 00:17:13] [Representation task] Done | pid=93671 | split=cross_session_a4a512d44495 | group=bci2a_cross_session_delta_1_4 | representation=standardized_signal | elapsed=1s
[2026-09-18 00:17:13] [Representation] Progress 144/216 | remaining=72 | elapsed=1.2m | eta≈35s
[2026-09-18 00:17:13] [Representation task] Starting | pid=93671 | split=cross_session_1b876c6750c6 | group=bci2a_cross_session_theta_4_8 | representation=statistical__all_standard
[2026-09-18 00:17:14] [Representation task] Done | pid=93671 | split=cross_session_1b876c6750c6 | group=bci2a_cross_session_theta_4_8 | representation=statistical__all_standard | elapsed=1s
[2026-09-18 00:17:14] [Representation] Progress 145/216 | remaining=71 | elapsed=1.2m | eta≈34s
[2026-09-18 00:17:14] [Representation task] Starting | pid=93671 | split=cross_session_1b876c6750c6 | group=bci2a_cross_session_theta_4_8 | representation=temporal__all_standard
[2026-09-18 00:17:14] [Representation task] Done | pid=93671 | split=cross_session_1b876c6750c6 | group=bci2a_cross_session_theta_4_8 | representation=temporal__all_standard | elapsed=0s
[2026-09-18 00:17:14] [Representation] Progress 146/216 | remaining=70 | elapsed=1.2m | eta≈34s
[2026-09-18 00:17:14] [Representation task] Starting | pid=93671 | split=cross_session_1b876c6750c6 | group=bci2a_cross_session_theta_4_8 | representation=csp_6__all_standard
[2026-09-18 00:17:15] [Representation task] Done | pid=93671 | split=cross_session_1b876c6750c6 | group=bci2a_cross_session_theta_4_8 | representation=csp_6__all_standard | elapsed=0s
[2026-09-18 00:17:15] [Representation] Progress 147/216 | remaining=69 | elapsed=1.2m | eta≈33s
[2026-09-18 00:17:15] [Representation task] Starting | pid=93671 | split=cross_session_1b876c6750c6 | group=bci2a_cross_session_theta_4_8 | representation=standardized_signal
[2026-09-18 00:17:15] [Representation task] Done | pid=93671 | split=cross_session_1b876c6750c6 | group=bci2a_cross_session_theta_4_8 | representation=standardized_signal | elapsed=0s
[2026-09-18 00:17:15] [Representation] Progress 148/216 | remaining=68 | elapsed=1.2m | eta≈33s
[2026-09-18 00:17:15] [Representation task] Starting | pid=93671 | split=cross_session_b244bedb6ccf | group=bci2a_cross_session_theta_4_8 | representation=statistical__all_standard
[2026-09-18 00:17:16] [Representation task] Done | pid=93671 | split=cross_session_b244bedb6ccf | group=bci2a_cross_session_theta_4_8 | representation=statistical__all_standard | elapsed=1s
[2026-09-18 00:17:16] [Representation] Progress 149/216 | remaining=67 | elapsed=1.2m | eta≈32s
[2026-09-18 00:17:16] [Representation task] Starting | pid=93671 | split=cross_session_b244bedb6ccf | group=bci2a_cross_session_theta_4_8 | representation=temporal__all_standard
[2026-09-18 00:17:16] [Representation task] Done | pid=93671 | split=cross_session_b244bedb6ccf | group=bci2a_cross_session_theta_4_8 | representation=temporal__all_standard | elapsed=0s
[2026-09-18 00:17:16] [Representation] Progress 150/216 | remaining=66 | elapsed=1.2m | eta≈32s
[2026-09-18 00:17:16] [Representation task] Starting | pid=93671 | split=cross_session_b244bedb6ccf | group=bci2a_cross_session_theta_4_8 | representation=csp_6__all_standard
[2026-09-18 00:17:17] [Representation task] Done | pid=93671 | split=cross_session_b244bedb6ccf | group=bci2a_cross_session_theta_4_8 | representation=csp_6__all_standard | elapsed=1s
[2026-09-18 00:17:17] [Representation] Progress 151/216 | remaining=65 | elapsed=1.2m | eta≈31s
[2026-09-18 00:17:17] [Representation task] Starting | pid=93671 | split=cross_session_b244bedb6ccf | group=bci2a_cross_session_theta_4_8 | representation=standardized_signal
[2026-09-18 00:17:17] [Representation task] Done | pid=93671 | split=cross_session_b244bedb6ccf | group=bci2a_cross_session_theta_4_8 | representation=standardized_signal | elapsed=0s
[2026-09-18 00:17:17] [Representation] Progress 152/216 | remaining=64 | elapsed=1.2m | eta≈31s
[2026-09-18 00:17:17] [Representation task] Starting | pid=93671 | split=cross_session_7d0c3c21e647 | group=bci2a_cross_session_theta_4_8 | representation=statistical__all_standard
[2026-09-18 00:17:17] [Representation task] Done | pid=93671 | split=cross_session_7d0c3c21e647 | group=bci2a_cross_session_theta_4_8 | representation=statistical__all_standard | elapsed=1s
[2026-09-18 00:17:17] [Representation] Progress 153/216 | remaining=63 | elapsed=1.2m | eta≈30s
[2026-09-18 00:17:17] [Representation task] Starting | pid=93671 | split=cross_session_7d0c3c21e647 | group=bci2a_cross_session_theta_4_8 | representation=temporal__all_standard
[2026-09-18 00:17:18] [Representation task] Done | pid=93671 | split=cross_session_7d0c3c21e647 | group=bci2a_cross_session_theta_4_8 | representation=temporal__all_standard | elapsed=0s
[2026-09-18 00:17:18] [Representation] Progress 154/216 | remaining=62 | elapsed=1.2m | eta≈30s
[2026-09-18 00:17:18] [Representation task] Starting | pid=93671 | split=cross_session_7d0c3c21e647 | group=bci2a_cross_session_theta_4_8 | representation=csp_6__all_standard
[2026-09-18 00:17:18] [Representation task] Done | pid=93671 | split=cross_session_7d0c3c21e647 | group=bci2a_cross_session_theta_4_8 | representation=csp_6__all_standard | elapsed=1s
[2026-09-18 00:17:18] [Representation] Progress 155/216 | remaining=61 | elapsed=1.2m | eta≈29s
[2026-09-18 00:17:18] [Representation task] Starting | pid=93671 | split=cross_session_7d0c3c21e647 | group=bci2a_cross_session_theta_4_8 | representation=standardized_signal
[2026-09-18 00:17:19] [Representation task] Done | pid=93671 | split=cross_session_7d0c3c21e647 | group=bci2a_cross_session_theta_4_8 | representation=standardized_signal | elapsed=0s
[2026-09-18 00:17:19] [Representation] Progress 156/216 | remaining=60 | elapsed=1.2m | eta≈29s
[2026-09-18 00:17:19] [Representation task] Starting | pid=93671 | split=cross_session_54cbc56ae5af | group=bci2a_cross_session_theta_4_8 | representation=statistical__all_standard
[2026-09-18 00:17:20] [Representation task] Done | pid=93671 | split=cross_session_54cbc56ae5af | group=bci2a_cross_session_theta_4_8 | representation=statistical__all_standard | elapsed=1s
[2026-09-18 00:17:20] [Representation] Progress 157/216 | remaining=59 | elapsed=1.3m | eta≈28s
[2026-09-18 00:17:20] [Representation task] Starting | pid=93671 | split=cross_session_54cbc56ae5af | group=bci2a_cross_session_theta_4_8 | representation=temporal__all_standard
[2026-09-18 00:17:20] [Representation task] Done | pid=93671 | split=cross_session_54cbc56ae5af | group=bci2a_cross_session_theta_4_8 | representation=temporal__all_standard | elapsed=0s
[2026-09-18 00:17:20] [Representation] Progress 158/216 | remaining=58 | elapsed=1.3m | eta≈28s
[2026-09-18 00:17:20] [Representation task] Starting | pid=93671 | split=cross_session_54cbc56ae5af | group=bci2a_cross_session_theta_4_8 | representation=csp_6__all_standard
[2026-09-18 00:17:21] [Representation task] Done | pid=93671 | split=cross_session_54cbc56ae5af | group=bci2a_cross_session_theta_4_8 | representation=csp_6__all_standard | elapsed=1s
[2026-09-18 00:17:21] [Representation] Progress 159/216 | remaining=57 | elapsed=1.3m | eta≈27s
[2026-09-18 00:17:21] [Representation task] Starting | pid=93671 | split=cross_session_54cbc56ae5af | group=bci2a_cross_session_theta_4_8 | representation=standardized_signal
[2026-09-18 00:17:21] [Representation task] Done | pid=93671 | split=cross_session_54cbc56ae5af | group=bci2a_cross_session_theta_4_8 | representation=standardized_signal | elapsed=0s
[2026-09-18 00:17:21] [Representation] Progress 160/216 | remaining=56 | elapsed=1.3m | eta≈27s
[2026-09-18 00:17:21] [Representation task] Starting | pid=93671 | split=cross_session_604d3d53674b | group=bci2a_cross_session_theta_4_8 | representation=statistical__all_standard
[2026-09-18 00:17:21] [Representation task] Done | pid=93671 | split=cross_session_604d3d53674b | group=bci2a_cross_session_theta_4_8 | representation=statistical__all_standard | elapsed=1s
[2026-09-18 00:17:21] [Representation] Progress 161/216 | remaining=55 | elapsed=1.3m | eta≈26s
[2026-09-18 00:17:21] [Representation task] Starting | pid=93671 | split=cross_session_604d3d53674b | group=bci2a_cross_session_theta_4_8 | representation=temporal__all_standard
[2026-09-18 00:17:22] [Representation task] Done | pid=93671 | split=cross_session_604d3d53674b | group=bci2a_cross_session_theta_4_8 | representation=temporal__all_standard | elapsed=0s
[2026-09-18 00:17:22] [Representation] Progress 162/216 | remaining=54 | elapsed=1.3m | eta≈26s
[2026-09-18 00:17:22] [Representation task] Starting | pid=93671 | split=cross_session_604d3d53674b | group=bci2a_cross_session_theta_4_8 | representation=csp_6__all_standard
[2026-09-18 00:17:22] [Representation task] Done | pid=93671 | split=cross_session_604d3d53674b | group=bci2a_cross_session_theta_4_8 | representation=csp_6__all_standard | elapsed=1s
[2026-09-18 00:17:22] [Representation] Progress 163/216 | remaining=53 | elapsed=1.3m | eta≈25s
[2026-09-18 00:17:22] [Representation task] Starting | pid=93671 | split=cross_session_604d3d53674b | group=bci2a_cross_session_theta_4_8 | representation=standardized_signal
[2026-09-18 00:17:23] [Representation task] Done | pid=93671 | split=cross_session_604d3d53674b | group=bci2a_cross_session_theta_4_8 | representation=standardized_signal | elapsed=0s
[2026-09-18 00:17:23] [Representation] Progress 164/216 | remaining=52 | elapsed=1.3m | eta≈25s
[2026-09-18 00:17:23] [Representation task] Starting | pid=93671 | split=cross_session_d470a4c875d7 | group=bci2a_cross_session_theta_4_8 | representation=statistical__all_standard
[2026-09-18 00:17:23] [Representation task] Done | pid=93671 | split=cross_session_d470a4c875d7 | group=bci2a_cross_session_theta_4_8 | representation=statistical__all_standard | elapsed=1s
[2026-09-18 00:17:23] [Representation] Progress 165/216 | remaining=51 | elapsed=1.3m | eta≈25s
[2026-09-18 00:17:23] [Representation task] Starting | pid=93671 | split=cross_session_d470a4c875d7 | group=bci2a_cross_session_theta_4_8 | representation=temporal__all_standard
[2026-09-18 00:17:24] [Representation task] Done | pid=93671 | split=cross_session_d470a4c875d7 | group=bci2a_cross_session_theta_4_8 | representation=temporal__all_standard | elapsed=0s
[2026-09-18 00:17:24] [Representation] Progress 166/216 | remaining=50 | elapsed=1.3m | eta≈24s
[2026-09-18 00:17:24] [Representation task] Starting | pid=93671 | split=cross_session_d470a4c875d7 | group=bci2a_cross_session_theta_4_8 | representation=csp_6__all_standard
[2026-09-18 00:17:24] [Representation task] Done | pid=93671 | split=cross_session_d470a4c875d7 | group=bci2a_cross_session_theta_4_8 | representation=csp_6__all_standard | elapsed=0s
[2026-09-18 00:17:24] [Representation] Progress 167/216 | remaining=49 | elapsed=1.3m | eta≈24s
[2026-09-18 00:17:24] [Representation task] Starting | pid=93671 | split=cross_session_d470a4c875d7 | group=bci2a_cross_session_theta_4_8 | representation=standardized_signal
[2026-09-18 00:17:24] [Representation task] Done | pid=93671 | split=cross_session_d470a4c875d7 | group=bci2a_cross_session_theta_4_8 | representation=standardized_signal | elapsed=0s
[2026-09-18 00:17:24] [Representation] Progress 168/216 | remaining=48 | elapsed=1.3m | eta≈23s
[2026-09-18 00:17:24] [Representation task] Starting | pid=93671 | split=cross_session_9f6162b3e24c | group=bci2a_cross_session_theta_4_8 | representation=statistical__all_standard
[2026-09-18 00:17:25] [Representation task] Done | pid=93671 | split=cross_session_9f6162b3e24c | group=bci2a_cross_session_theta_4_8 | representation=statistical__all_standard | elapsed=1s
[2026-09-18 00:17:25] [Representation] Progress 169/216 | remaining=47 | elapsed=1.4m | eta≈23s
[2026-09-18 00:17:25] [Representation task] Starting | pid=93671 | split=cross_session_9f6162b3e24c | group=bci2a_cross_session_theta_4_8 | representation=temporal__all_standard
[2026-09-18 00:17:25] [Representation task] Done | pid=93671 | split=cross_session_9f6162b3e24c | group=bci2a_cross_session_theta_4_8 | representation=temporal__all_standard | elapsed=0s
[2026-09-18 00:17:25] [Representation] Progress 170/216 | remaining=46 | elapsed=1.4m | eta≈22s
[2026-09-18 00:17:25] [Representation task] Starting | pid=93671 | split=cross_session_9f6162b3e24c | group=bci2a_cross_session_theta_4_8 | representation=csp_6__all_standard
[2026-09-18 00:17:26] [Representation task] Done | pid=93671 | split=cross_session_9f6162b3e24c | group=bci2a_cross_session_theta_4_8 | representation=csp_6__all_standard | elapsed=0s
[2026-09-18 00:17:26] [Representation] Progress 171/216 | remaining=45 | elapsed=1.4m | eta≈22s
[2026-09-18 00:17:26] [Representation task] Starting | pid=93671 | split=cross_session_9f6162b3e24c | group=bci2a_cross_session_theta_4_8 | representation=standardized_signal
[2026-09-18 00:17:26] [Representation task] Done | pid=93671 | split=cross_session_9f6162b3e24c | group=bci2a_cross_session_theta_4_8 | representation=standardized_signal | elapsed=0s
[2026-09-18 00:17:26] [Representation] Progress 172/216 | remaining=44 | elapsed=1.4m | eta≈21s
[2026-09-18 00:17:26] [Representation task] Starting | pid=93671 | split=cross_session_a6d19810d2cf | group=bci2a_cross_session_theta_4_8 | representation=statistical__all_standard
[2026-09-18 00:17:27] [Representation task] Done | pid=93671 | split=cross_session_a6d19810d2cf | group=bci2a_cross_session_theta_4_8 | representation=statistical__all_standard | elapsed=1s
[2026-09-18 00:17:27] [Representation] Progress 173/216 | remaining=43 | elapsed=1.4m | eta≈21s
[2026-09-18 00:17:27] [Representation task] Starting | pid=93671 | split=cross_session_a6d19810d2cf | group=bci2a_cross_session_theta_4_8 | representation=temporal__all_standard
[2026-09-18 00:17:27] [Representation task] Done | pid=93671 | split=cross_session_a6d19810d2cf | group=bci2a_cross_session_theta_4_8 | representation=temporal__all_standard | elapsed=0s
[2026-09-18 00:17:27] [Representation] Progress 174/216 | remaining=42 | elapsed=1.4m | eta≈20s
[2026-09-18 00:17:27] [Representation task] Starting | pid=93671 | split=cross_session_a6d19810d2cf | group=bci2a_cross_session_theta_4_8 | representation=csp_6__all_standard
[2026-09-18 00:17:28] [Representation task] Done | pid=93671 | split=cross_session_a6d19810d2cf | group=bci2a_cross_session_theta_4_8 | representation=csp_6__all_standard | elapsed=1s
[2026-09-18 00:17:28] [Representation] Progress 175/216 | remaining=41 | elapsed=1.4m | eta≈20s
[2026-09-18 00:17:28] [Representation task] Starting | pid=93671 | split=cross_session_a6d19810d2cf | group=bci2a_cross_session_theta_4_8 | representation=standardized_signal
[2026-09-18 00:17:28] [Representation task] Done | pid=93671 | split=cross_session_a6d19810d2cf | group=bci2a_cross_session_theta_4_8 | representation=standardized_signal | elapsed=0s
[2026-09-18 00:17:28] [Representation] Progress 176/216 | remaining=40 | elapsed=1.4m | eta≈19s
[2026-09-18 00:17:28] [Representation task] Starting | pid=93671 | split=cross_session_101bba2ac83d | group=bci2a_cross_session_theta_4_8 | representation=statistical__all_standard
[2026-09-18 00:17:29] [Representation task] Done | pid=93671 | split=cross_session_101bba2ac83d | group=bci2a_cross_session_theta_4_8 | representation=statistical__all_standard | elapsed=1s
[2026-09-18 00:17:29] [Representation] Progress 177/216 | remaining=39 | elapsed=1.4m | eta≈19s
[2026-09-18 00:17:29] [Representation task] Starting | pid=93671 | split=cross_session_101bba2ac83d | group=bci2a_cross_session_theta_4_8 | representation=temporal__all_standard
[2026-09-18 00:17:29] [Representation task] Done | pid=93671 | split=cross_session_101bba2ac83d | group=bci2a_cross_session_theta_4_8 | representation=temporal__all_standard | elapsed=0s
[2026-09-18 00:17:29] [Representation] Progress 178/216 | remaining=38 | elapsed=1.4m | eta≈18s
[2026-09-18 00:17:29] [Representation task] Starting | pid=93671 | split=cross_session_101bba2ac83d | group=bci2a_cross_session_theta_4_8 | representation=csp_6__all_standard
[2026-09-18 00:17:30] [Representation task] Done | pid=93671 | split=cross_session_101bba2ac83d | group=bci2a_cross_session_theta_4_8 | representation=csp_6__all_standard | elapsed=0s
[2026-09-18 00:17:30] [Representation] Progress 179/216 | remaining=37 | elapsed=1.4m | eta≈18s
[2026-09-18 00:17:30] [Representation task] Starting | pid=93671 | split=cross_session_101bba2ac83d | group=bci2a_cross_session_theta_4_8 | representation=standardized_signal
[2026-09-18 00:17:30] [Representation task] Done | pid=93671 | split=cross_session_101bba2ac83d | group=bci2a_cross_session_theta_4_8 | representation=standardized_signal | elapsed=0s
[2026-09-18 00:17:30] [Representation] Progress 180/216 | remaining=36 | elapsed=1.4m | eta≈17s
[2026-09-18 00:17:30] [Representation task] Starting | pid=93671 | split=cross_session_4c0541c9688c | group=bci2a_cross_session_theta_4_8 | representation=statistical__all_standard
[2026-09-18 00:17:31] [Representation task] Done | pid=93671 | split=cross_session_4c0541c9688c | group=bci2a_cross_session_theta_4_8 | representation=statistical__all_standard | elapsed=1s
[2026-09-18 00:17:31] [Representation] Progress 181/216 | remaining=35 | elapsed=1.4m | eta≈17s
[2026-09-18 00:17:31] [Representation task] Starting | pid=93671 | split=cross_session_4c0541c9688c | group=bci2a_cross_session_theta_4_8 | representation=temporal__all_standard
[2026-09-18 00:17:31] [Representation task] Done | pid=93671 | split=cross_session_4c0541c9688c | group=bci2a_cross_session_theta_4_8 | representation=temporal__all_standard | elapsed=0s
[2026-09-18 00:17:31] [Representation] Progress 182/216 | remaining=34 | elapsed=1.5m | eta≈16s
[2026-09-18 00:17:31] [Representation task] Starting | pid=93671 | split=cross_session_4c0541c9688c | group=bci2a_cross_session_theta_4_8 | representation=csp_6__all_standard
[2026-09-18 00:17:32] [Representation task] Done | pid=93671 | split=cross_session_4c0541c9688c | group=bci2a_cross_session_theta_4_8 | representation=csp_6__all_standard | elapsed=0s
[2026-09-18 00:17:32] [Representation] Progress 183/216 | remaining=33 | elapsed=1.5m | eta≈16s
[2026-09-18 00:17:32] [Representation task] Starting | pid=93671 | split=cross_session_4c0541c9688c | group=bci2a_cross_session_theta_4_8 | representation=standardized_signal
[2026-09-18 00:17:32] [Representation task] Done | pid=93671 | split=cross_session_4c0541c9688c | group=bci2a_cross_session_theta_4_8 | representation=standardized_signal | elapsed=0s
[2026-09-18 00:17:32] [Representation] Progress 184/216 | remaining=32 | elapsed=1.5m | eta≈15s
[2026-09-18 00:17:32] [Representation task] Starting | pid=93671 | split=cross_session_325ebffcfcb2 | group=bci2a_cross_session_theta_4_8 | representation=statistical__all_standard
[2026-09-18 00:17:32] [Representation task] Done | pid=93671 | split=cross_session_325ebffcfcb2 | group=bci2a_cross_session_theta_4_8 | representation=statistical__all_standard | elapsed=1s
[2026-09-18 00:17:32] [Representation] Progress 185/216 | remaining=31 | elapsed=1.5m | eta≈15s
[2026-09-18 00:17:32] [Representation task] Starting | pid=93671 | split=cross_session_325ebffcfcb2 | group=bci2a_cross_session_theta_4_8 | representation=temporal__all_standard
[2026-09-18 00:17:33] [Representation task] Done | pid=93671 | split=cross_session_325ebffcfcb2 | group=bci2a_cross_session_theta_4_8 | representation=temporal__all_standard | elapsed=0s
[2026-09-18 00:17:33] [Representation] Progress 186/216 | remaining=30 | elapsed=1.5m | eta≈14s
[2026-09-18 00:17:33] [Representation task] Starting | pid=93671 | split=cross_session_325ebffcfcb2 | group=bci2a_cross_session_theta_4_8 | representation=csp_6__all_standard
[2026-09-18 00:17:33] [Representation task] Done | pid=93671 | split=cross_session_325ebffcfcb2 | group=bci2a_cross_session_theta_4_8 | representation=csp_6__all_standard | elapsed=0s
[2026-09-18 00:17:33] [Representation] Progress 187/216 | remaining=29 | elapsed=1.5m | eta≈14s
[2026-09-18 00:17:33] [Representation task] Starting | pid=93671 | split=cross_session_325ebffcfcb2 | group=bci2a_cross_session_theta_4_8 | representation=standardized_signal
[2026-09-18 00:17:33] [Representation task] Done | pid=93671 | split=cross_session_325ebffcfcb2 | group=bci2a_cross_session_theta_4_8 | representation=standardized_signal | elapsed=0s
[2026-09-18 00:17:33] [Representation] Progress 188/216 | remaining=28 | elapsed=1.5m | eta≈13s
[2026-09-18 00:17:33] [Representation task] Starting | pid=93671 | split=cross_session_f9911b9cb057 | group=bci2a_cross_session_theta_4_8 | representation=statistical__all_standard
[2026-09-18 00:17:34] [Representation task] Done | pid=93671 | split=cross_session_f9911b9cb057 | group=bci2a_cross_session_theta_4_8 | representation=statistical__all_standard | elapsed=1s
[2026-09-18 00:17:34] [Representation] Progress 189/216 | remaining=27 | elapsed=1.5m | eta≈13s
[2026-09-18 00:17:34] [Representation task] Starting | pid=93671 | split=cross_session_f9911b9cb057 | group=bci2a_cross_session_theta_4_8 | representation=temporal__all_standard
[2026-09-18 00:17:34] [Representation task] Done | pid=93671 | split=cross_session_f9911b9cb057 | group=bci2a_cross_session_theta_4_8 | representation=temporal__all_standard | elapsed=0s
[2026-09-18 00:17:34] [Representation] Progress 190/216 | remaining=26 | elapsed=1.5m | eta≈12s
[2026-09-18 00:17:34] [Representation task] Starting | pid=93671 | split=cross_session_f9911b9cb057 | group=bci2a_cross_session_theta_4_8 | representation=csp_6__all_standard
[2026-09-18 00:17:35] [Representation task] Done | pid=93671 | split=cross_session_f9911b9cb057 | group=bci2a_cross_session_theta_4_8 | representation=csp_6__all_standard | elapsed=0s
[2026-09-18 00:17:35] [Representation] Progress 191/216 | remaining=25 | elapsed=1.5m | eta≈12s
[2026-09-18 00:17:35] [Representation task] Starting | pid=93671 | split=cross_session_f9911b9cb057 | group=bci2a_cross_session_theta_4_8 | representation=standardized_signal
[2026-09-18 00:17:35] [Representation task] Done | pid=93671 | split=cross_session_f9911b9cb057 | group=bci2a_cross_session_theta_4_8 | representation=standardized_signal | elapsed=0s
[2026-09-18 00:17:35] [Representation] Progress 192/216 | remaining=24 | elapsed=1.5m | eta≈11s
[2026-09-18 00:17:35] [Representation task] Starting | pid=93671 | split=cross_session_5520fb22cf29 | group=bci2a_cross_session_theta_4_8 | representation=statistical__all_standard
[2026-09-18 00:17:36] [Representation task] Done | pid=93671 | split=cross_session_5520fb22cf29 | group=bci2a_cross_session_theta_4_8 | representation=statistical__all_standard | elapsed=1s
[2026-09-18 00:17:36] [Representation] Progress 193/216 | remaining=23 | elapsed=1.5m | eta≈11s
[2026-09-18 00:17:36] [Representation task] Starting | pid=93671 | split=cross_session_5520fb22cf29 | group=bci2a_cross_session_theta_4_8 | representation=temporal__all_standard
[2026-09-18 00:17:36] [Representation task] Done | pid=93671 | split=cross_session_5520fb22cf29 | group=bci2a_cross_session_theta_4_8 | representation=temporal__all_standard | elapsed=0s
[2026-09-18 00:17:36] [Representation] Progress 194/216 | remaining=22 | elapsed=1.5m | eta≈10s
[2026-09-18 00:17:36] [Representation task] Starting | pid=93671 | split=cross_session_5520fb22cf29 | group=bci2a_cross_session_theta_4_8 | representation=csp_6__all_standard
[2026-09-18 00:17:36] [Representation task] Done | pid=93671 | split=cross_session_5520fb22cf29 | group=bci2a_cross_session_theta_4_8 | representation=csp_6__all_standard | elapsed=0s
[2026-09-18 00:17:36] [Representation] Progress 195/216 | remaining=21 | elapsed=1.5m | eta≈10s
[2026-09-18 00:17:36] [Representation task] Starting | pid=93671 | split=cross_session_5520fb22cf29 | group=bci2a_cross_session_theta_4_8 | representation=standardized_signal
[2026-09-18 00:17:37] [Representation task] Done | pid=93671 | split=cross_session_5520fb22cf29 | group=bci2a_cross_session_theta_4_8 | representation=standardized_signal | elapsed=0s
[2026-09-18 00:17:37] [Representation] Progress 196/216 | remaining=20 | elapsed=1.5m | eta≈9s
[2026-09-18 00:17:37] [Representation task] Starting | pid=93671 | split=cross_session_0f01d69d3fbf | group=bci2a_cross_session_theta_4_8 | representation=statistical__all_standard
[2026-09-18 00:17:37] [Representation task] Done | pid=93671 | split=cross_session_0f01d69d3fbf | group=bci2a_cross_session_theta_4_8 | representation=statistical__all_standard | elapsed=1s
[2026-09-18 00:17:37] [Representation] Progress 197/216 | remaining=19 | elapsed=1.6m | eta≈9s
[2026-09-18 00:17:37] [Representation task] Starting | pid=93671 | split=cross_session_0f01d69d3fbf | group=bci2a_cross_session_theta_4_8 | representation=temporal__all_standard
[2026-09-18 00:17:38] [Representation task] Done | pid=93671 | split=cross_session_0f01d69d3fbf | group=bci2a_cross_session_theta_4_8 | representation=temporal__all_standard | elapsed=0s
[2026-09-18 00:17:38] [Representation] Progress 198/216 | remaining=18 | elapsed=1.6m | eta≈9s
[2026-09-18 00:17:38] [Representation task] Starting | pid=93671 | split=cross_session_0f01d69d3fbf | group=bci2a_cross_session_theta_4_8 | representation=csp_6__all_standard
[2026-09-18 00:17:38] [Representation task] Done | pid=93671 | split=cross_session_0f01d69d3fbf | group=bci2a_cross_session_theta_4_8 | representation=csp_6__all_standard | elapsed=0s
[2026-09-18 00:17:38] [Representation] Progress 199/216 | remaining=17 | elapsed=1.6m | eta≈8s
[2026-09-18 00:17:38] [Representation task] Starting | pid=93671 | split=cross_session_0f01d69d3fbf | group=bci2a_cross_session_theta_4_8 | representation=standardized_signal
[2026-09-18 00:17:38] [Representation task] Done | pid=93671 | split=cross_session_0f01d69d3fbf | group=bci2a_cross_session_theta_4_8 | representation=standardized_signal | elapsed=0s
[2026-09-18 00:17:38] [Representation] Progress 200/216 | remaining=16 | elapsed=1.6m | eta≈8s
[2026-09-18 00:17:38] [Representation task] Starting | pid=93671 | split=cross_session_36c157397a02 | group=bci2a_cross_session_theta_4_8 | representation=statistical__all_standard
[2026-09-18 00:17:39] [Representation task] Done | pid=93671 | split=cross_session_36c157397a02 | group=bci2a_cross_session_theta_4_8 | representation=statistical__all_standard | elapsed=1s
[2026-09-18 00:17:39] [Representation] Progress 201/216 | remaining=15 | elapsed=1.6m | eta≈7s
[2026-09-18 00:17:39] [Representation task] Starting | pid=93671 | split=cross_session_36c157397a02 | group=bci2a_cross_session_theta_4_8 | representation=temporal__all_standard
[2026-09-18 00:17:40] [Representation task] Done | pid=93671 | split=cross_session_36c157397a02 | group=bci2a_cross_session_theta_4_8 | representation=temporal__all_standard | elapsed=1s
[2026-09-18 00:17:40] [Representation] Progress 202/216 | remaining=14 | elapsed=1.6m | eta≈7s
[2026-09-18 00:17:40] [Representation task] Starting | pid=93671 | split=cross_session_36c157397a02 | group=bci2a_cross_session_theta_4_8 | representation=csp_6__all_standard
[2026-09-18 00:17:40] [Representation task] Done | pid=93671 | split=cross_session_36c157397a02 | group=bci2a_cross_session_theta_4_8 | representation=csp_6__all_standard | elapsed=1s
[2026-09-18 00:17:40] [Representation] Progress 203/216 | remaining=13 | elapsed=1.6m | eta≈6s
[2026-09-18 00:17:40] [Representation task] Starting | pid=93671 | split=cross_session_36c157397a02 | group=bci2a_cross_session_theta_4_8 | representation=standardized_signal
[2026-09-18 00:17:41] [Representation task] Done | pid=93671 | split=cross_session_36c157397a02 | group=bci2a_cross_session_theta_4_8 | representation=standardized_signal | elapsed=0s
[2026-09-18 00:17:41] [Representation] Progress 204/216 | remaining=12 | elapsed=1.6m | eta≈6s
[2026-09-18 00:17:41] [Representation task] Starting | pid=93671 | split=cross_session_d8f4f115dd09 | group=bci2a_cross_session_theta_4_8 | representation=statistical__all_standard
[2026-09-18 00:17:41] [Representation task] Done | pid=93671 | split=cross_session_d8f4f115dd09 | group=bci2a_cross_session_theta_4_8 | representation=statistical__all_standard | elapsed=1s
[2026-09-18 00:17:41] [Representation] Progress 205/216 | remaining=11 | elapsed=1.6m | eta≈5s
[2026-09-18 00:17:41] [Representation task] Starting | pid=93671 | split=cross_session_d8f4f115dd09 | group=bci2a_cross_session_theta_4_8 | representation=temporal__all_standard
[2026-09-18 00:17:42] [Representation task] Done | pid=93671 | split=cross_session_d8f4f115dd09 | group=bci2a_cross_session_theta_4_8 | representation=temporal__all_standard | elapsed=0s
[2026-09-18 00:17:42] [Representation] Progress 206/216 | remaining=10 | elapsed=1.6m | eta≈5s
[2026-09-18 00:17:42] [Representation task] Starting | pid=93671 | split=cross_session_d8f4f115dd09 | group=bci2a_cross_session_theta_4_8 | representation=csp_6__all_standard
[2026-09-18 00:17:42] [Representation task] Done | pid=93671 | split=cross_session_d8f4f115dd09 | group=bci2a_cross_session_theta_4_8 | representation=csp_6__all_standard | elapsed=0s
[2026-09-18 00:17:42] [Representation] Progress 207/216 | remaining=9 | elapsed=1.6m | eta≈4s
[2026-09-18 00:17:42] [Representation task] Starting | pid=93671 | split=cross_session_d8f4f115dd09 | group=bci2a_cross_session_theta_4_8 | representation=standardized_signal
[2026-09-18 00:17:42] [Representation task] Done | pid=93671 | split=cross_session_d8f4f115dd09 | group=bci2a_cross_session_theta_4_8 | representation=standardized_signal | elapsed=0s
[2026-09-18 00:17:42] [Representation] Progress 208/216 | remaining=8 | elapsed=1.6m | eta≈4s
[2026-09-18 00:17:42] [Representation task] Starting | pid=93671 | split=cross_session_e0fced86ada0 | group=bci2a_cross_session_theta_4_8 | representation=statistical__all_standard
[2026-09-18 00:17:43] [Representation task] Done | pid=93671 | split=cross_session_e0fced86ada0 | group=bci2a_cross_session_theta_4_8 | representation=statistical__all_standard | elapsed=1s
[2026-09-18 00:17:43] [Representation] Progress 209/216 | remaining=7 | elapsed=1.6m | eta≈3s
[2026-09-18 00:17:43] [Representation task] Starting | pid=93671 | split=cross_session_e0fced86ada0 | group=bci2a_cross_session_theta_4_8 | representation=temporal__all_standard
[2026-09-18 00:17:43] [Representation task] Done | pid=93671 | split=cross_session_e0fced86ada0 | group=bci2a_cross_session_theta_4_8 | representation=temporal__all_standard | elapsed=0s
[2026-09-18 00:17:43] [Representation] Progress 210/216 | remaining=6 | elapsed=1.7m | eta≈3s
[2026-09-18 00:17:43] [Representation task] Starting | pid=93671 | split=cross_session_e0fced86ada0 | group=bci2a_cross_session_theta_4_8 | representation=csp_6__all_standard
[2026-09-18 00:17:43] [Representation task] Done | pid=93671 | split=cross_session_e0fced86ada0 | group=bci2a_cross_session_theta_4_8 | representation=csp_6__all_standard | elapsed=0s
[2026-09-18 00:17:43] [Representation] Progress 211/216 | remaining=5 | elapsed=1.7m | eta≈2s
[2026-09-18 00:17:43] [Representation task] Starting | pid=93671 | split=cross_session_e0fced86ada0 | group=bci2a_cross_session_theta_4_8 | representation=standardized_signal
[2026-09-18 00:17:44] [Representation task] Done | pid=93671 | split=cross_session_e0fced86ada0 | group=bci2a_cross_session_theta_4_8 | representation=standardized_signal | elapsed=0s
[2026-09-18 00:17:44] [Representation] Progress 212/216 | remaining=4 | elapsed=1.7m | eta≈2s
[2026-09-18 00:17:44] [Representation task] Starting | pid=93671 | split=cross_session_a4a512d44495 | group=bci2a_cross_session_theta_4_8 | representation=statistical__all_standard
[2026-09-18 00:17:44] [Representation task] Done | pid=93671 | split=cross_session_a4a512d44495 | group=bci2a_cross_session_theta_4_8 | representation=statistical__all_standard | elapsed=1s
[2026-09-18 00:17:44] [Representation] Progress 213/216 | remaining=3 | elapsed=1.7m | eta≈1s
[2026-09-18 00:17:44] [Representation task] Starting | pid=93671 | split=cross_session_a4a512d44495 | group=bci2a_cross_session_theta_4_8 | representation=temporal__all_standard
[2026-09-18 00:17:45] [Representation task] Done | pid=93671 | split=cross_session_a4a512d44495 | group=bci2a_cross_session_theta_4_8 | representation=temporal__all_standard | elapsed=0s
[2026-09-18 00:17:45] [Representation] Progress 214/216 | remaining=2 | elapsed=1.7m | eta≈1s
[2026-09-18 00:17:45] [Representation task] Starting | pid=93671 | split=cross_session_a4a512d44495 | group=bci2a_cross_session_theta_4_8 | representation=csp_6__all_standard
[2026-09-18 00:17:45] [Representation task] Done | pid=93671 | split=cross_session_a4a512d44495 | group=bci2a_cross_session_theta_4_8 | representation=csp_6__all_standard | elapsed=0s
[2026-09-18 00:17:45] [Representation] Progress 215/216 | remaining=1 | elapsed=1.7m | eta≈0s
[2026-09-18 00:17:45] [Representation task] Starting | pid=93671 | split=cross_session_a4a512d44495 | group=bci2a_cross_session_theta_4_8 | representation=standardized_signal
[2026-09-18 00:17:45] [Representation task] Done | pid=93671 | split=cross_session_a4a512d44495 | group=bci2a_cross_session_theta_4_8 | representation=standardized_signal | elapsed=0s
[2026-09-18 00:17:45] [Representation] Progress 216/216 | remaining=0 | elapsed=1.7m | eta≈0s
[2026-09-18 00:17:45] [Representation] Done | elapsed=1.7m
[2026-09-18 00:17:45] [Training] Starting...
[2026-09-18 00:17:45] [Training] Tasks=216 | workers=1
[2026-09-18 00:17:45] [Training task] Starting | pid=93671 | item=1 | split=cross_session_1b876c6750c6 | representation=statistical__all_standard | model=logistic_regression
[2026-09-18 00:17:46] [Training task] Done | pid=93671 | item=1 | split=cross_session_1b876c6750c6 | representation=statistical__all_standard | model=logistic_regression | elapsed=1s
[2026-09-18 00:17:46] [Training] Progress 1/216 | remaining=215 | elapsed=1s | eta≈4.0m
[2026-09-18 00:17:46] [Training task] Starting | pid=93671 | item=2 | split=cross_session_1b876c6750c6 | representation=temporal__all_standard | model=logistic_regression
[2026-09-18 00:17:47] [Training task] Done | pid=93671 | item=2 | split=cross_session_1b876c6750c6 | representation=temporal__all_standard | model=logistic_regression | elapsed=1s
[2026-09-18 00:17:47] [Training] Progress 2/216 | remaining=214 | elapsed=2s | eta≈3.2m
[2026-09-18 00:17:47] [Training task] Starting | pid=93671 | item=3 | split=cross_session_1b876c6750c6 | representation=csp_6__all_standard | model=logistic_regression
[2026-09-18 00:17:48] [Training task] Done | pid=93671 | item=3 | split=cross_session_1b876c6750c6 | representation=csp_6__all_standard | model=logistic_regression | elapsed=1s
[2026-09-18 00:17:48] [Training] Progress 3/216 | remaining=213 | elapsed=2s | eta≈2.7m
[2026-09-18 00:17:48] [Training task] Starting | pid=93671 | item=4 | split=cross_session_1b876c6750c6 | representation=standardized_signal | model=eegnet
[2026-09-18 00:17:52] [Training task] Done | pid=93671 | item=4 | split=cross_session_1b876c6750c6 | representation=standardized_signal | model=eegnet | elapsed=5s
[2026-09-18 00:17:52] [Training] Progress 4/216 | remaining=212 | elapsed=7s | eta≈6.1m
[2026-09-18 00:17:52] [Training task] Starting | pid=93671 | item=5 | split=cross_session_b244bedb6ccf | representation=statistical__all_standard | model=logistic_regression
[2026-09-18 00:17:53] [Training task] Done | pid=93671 | item=5 | split=cross_session_b244bedb6ccf | representation=statistical__all_standard | model=logistic_regression | elapsed=1s
[2026-09-18 00:17:53] [Training] Progress 5/216 | remaining=211 | elapsed=8s | eta≈5.4m
[2026-09-18 00:17:53] [Training task] Starting | pid=93671 | item=6 | split=cross_session_b244bedb6ccf | representation=temporal__all_standard | model=logistic_regression
[2026-09-18 00:17:53] [Training task] Done | pid=93671 | item=6 | split=cross_session_b244bedb6ccf | representation=temporal__all_standard | model=logistic_regression | elapsed=0s
[2026-09-18 00:17:53] [Training] Progress 6/216 | remaining=210 | elapsed=8s | eta≈4.7m
[2026-09-18 00:17:53] [Training task] Starting | pid=93671 | item=7 | split=cross_session_b244bedb6ccf | representation=csp_6__all_standard | model=logistic_regression
[2026-09-18 00:17:54] [Training task] Done | pid=93671 | item=7 | split=cross_session_b244bedb6ccf | representation=csp_6__all_standard | model=logistic_regression | elapsed=0s
[2026-09-18 00:17:54] [Training] Progress 7/216 | remaining=209 | elapsed=9s | eta≈4.3m
[2026-09-18 00:17:54] [Training task] Starting | pid=93671 | item=8 | split=cross_session_b244bedb6ccf | representation=standardized_signal | model=eegnet
[2026-09-18 00:17:55] [Training task] Done | pid=93671 | item=8 | split=cross_session_b244bedb6ccf | representation=standardized_signal | model=eegnet | elapsed=1s
[2026-09-18 00:17:55] [Training] Progress 8/216 | remaining=208 | elapsed=10s | eta≈4.2m
[2026-09-18 00:17:55] [Training task] Starting | pid=93671 | item=9 | split=cross_session_7d0c3c21e647 | representation=statistical__all_standard | model=logistic_regression
[2026-09-18 00:17:56] [Training task] Done | pid=93671 | item=9 | split=cross_session_7d0c3c21e647 | representation=statistical__all_standard | model=logistic_regression | elapsed=1s
[2026-09-18 00:17:56] [Training] Progress 9/216 | remaining=207 | elapsed=11s | eta≈4.1m
[2026-09-18 00:17:56] [Training task] Starting | pid=93671 | item=10 | split=cross_session_7d0c3c21e647 | representation=temporal__all_standard | model=logistic_regression
[2026-09-18 00:17:57] [Training task] Done | pid=93671 | item=10 | split=cross_session_7d0c3c21e647 | representation=temporal__all_standard | model=logistic_regression | elapsed=1s
[2026-09-18 00:17:57] [Training] Progress 10/216 | remaining=206 | elapsed=11s | eta≈3.9m
[2026-09-18 00:17:57] [Training task] Starting | pid=93671 | item=11 | split=cross_session_7d0c3c21e647 | representation=csp_6__all_standard | model=logistic_regression
[2026-09-18 00:17:57] [Training task] Done | pid=93671 | item=11 | split=cross_session_7d0c3c21e647 | representation=csp_6__all_standard | model=logistic_regression | elapsed=1s
[2026-09-18 00:17:57] [Training] Progress 11/216 | remaining=205 | elapsed=12s | eta≈3.7m
[2026-09-18 00:17:57] [Training task] Starting | pid=93671 | item=12 | split=cross_session_7d0c3c21e647 | representation=standardized_signal | model=eegnet
[2026-09-18 00:17:58] [Training task] Done | pid=93671 | item=12 | split=cross_session_7d0c3c21e647 | representation=standardized_signal | model=eegnet | elapsed=1s
[2026-09-18 00:17:58] [Training] Progress 12/216 | remaining=204 | elapsed=13s | eta≈3.7m
[2026-09-18 00:17:58] [Training task] Starting | pid=93671 | item=13 | split=cross_session_54cbc56ae5af | representation=statistical__all_standard | model=logistic_regression
[2026-09-18 00:18:00] [Training task] Done | pid=93671 | item=13 | split=cross_session_54cbc56ae5af | representation=statistical__all_standard | model=logistic_regression | elapsed=1s
[2026-09-18 00:18:00] [Training] Progress 13/216 | remaining=203 | elapsed=14s | eta≈3.7m
[2026-09-18 00:18:00] [Training task] Starting | pid=93671 | item=14 | split=cross_session_54cbc56ae5af | representation=temporal__all_standard | model=logistic_regression
[2026-09-18 00:18:00] [Training task] Done | pid=93671 | item=14 | split=cross_session_54cbc56ae5af | representation=temporal__all_standard | model=logistic_regression | elapsed=1s
[2026-09-18 00:18:00] [Training] Progress 14/216 | remaining=202 | elapsed=15s | eta≈3.6m
[2026-09-18 00:18:00] [Training task] Starting | pid=93671 | item=15 | split=cross_session_54cbc56ae5af | representation=csp_6__all_standard | model=logistic_regression
[2026-09-18 00:18:01] [Training task] Done | pid=93671 | item=15 | split=cross_session_54cbc56ae5af | representation=csp_6__all_standard | model=logistic_regression | elapsed=0s
[2026-09-18 00:18:01] [Training] Progress 15/216 | remaining=201 | elapsed=15s | eta≈3.4m
[2026-09-18 00:18:01] [Training task] Starting | pid=93671 | item=16 | split=cross_session_54cbc56ae5af | representation=standardized_signal | model=eegnet
[2026-09-18 00:18:02] [Training task] Done | pid=93671 | item=16 | split=cross_session_54cbc56ae5af | representation=standardized_signal | model=eegnet | elapsed=1s
[2026-09-18 00:18:02] [Training] Progress 16/216 | remaining=200 | elapsed=17s | eta≈3.4m
[2026-09-18 00:18:02] [Training task] Starting | pid=93671 | item=17 | split=cross_session_604d3d53674b | representation=statistical__all_standard | model=logistic_regression
[2026-09-18 00:18:03] [Training task] Done | pid=93671 | item=17 | split=cross_session_604d3d53674b | representation=statistical__all_standard | model=logistic_regression | elapsed=1s
[2026-09-18 00:18:03] [Training] Progress 17/216 | remaining=199 | elapsed=17s | eta≈3.4m
[2026-09-18 00:18:03] [Training task] Starting | pid=93671 | item=18 | split=cross_session_604d3d53674b | representation=temporal__all_standard | model=logistic_regression
[2026-09-18 00:18:03] [Training task] Done | pid=93671 | item=18 | split=cross_session_604d3d53674b | representation=temporal__all_standard | model=logistic_regression | elapsed=1s
[2026-09-18 00:18:03] [Training] Progress 18/216 | remaining=198 | elapsed=18s | eta≈3.3m
[2026-09-18 00:18:03] [Training task] Starting | pid=93671 | item=19 | split=cross_session_604d3d53674b | representation=csp_6__all_standard | model=logistic_regression
[2026-09-18 00:18:04] [Training task] Done | pid=93671 | item=19 | split=cross_session_604d3d53674b | representation=csp_6__all_standard | model=logistic_regression | elapsed=0s
[2026-09-18 00:18:04] [Training] Progress 19/216 | remaining=197 | elapsed=18s | eta≈3.2m
[2026-09-18 00:18:04] [Training task] Starting | pid=93671 | item=20 | split=cross_session_604d3d53674b | representation=standardized_signal | model=eegnet
[2026-09-18 00:18:05] [Training task] Done | pid=93671 | item=20 | split=cross_session_604d3d53674b | representation=standardized_signal | model=eegnet | elapsed=1s
[2026-09-18 00:18:05] [Training] Progress 20/216 | remaining=196 | elapsed=19s | eta≈3.2m
[2026-09-18 00:18:05] [Training task] Starting | pid=93671 | item=21 | split=cross_session_d470a4c875d7 | representation=statistical__all_standard | model=logistic_regression
[2026-09-18 00:18:06] [Training task] Done | pid=93671 | item=21 | split=cross_session_d470a4c875d7 | representation=statistical__all_standard | model=logistic_regression | elapsed=1s
[2026-09-18 00:18:06] [Training] Progress 21/216 | remaining=195 | elapsed=20s | eta≈3.2m
[2026-09-18 00:18:06] [Training task] Starting | pid=93671 | item=22 | split=cross_session_d470a4c875d7 | representation=temporal__all_standard | model=logistic_regression
[2026-09-18 00:18:06] [Training task] Done | pid=93671 | item=22 | split=cross_session_d470a4c875d7 | representation=temporal__all_standard | model=logistic_regression | elapsed=0s
[2026-09-18 00:18:06] [Training] Progress 22/216 | remaining=194 | elapsed=21s | eta≈3.1m
[2026-09-18 00:18:06] [Training task] Starting | pid=93671 | item=23 | split=cross_session_d470a4c875d7 | representation=csp_6__all_standard | model=logistic_regression
[2026-09-18 00:18:07] [Training task] Done | pid=93671 | item=23 | split=cross_session_d470a4c875d7 | representation=csp_6__all_standard | model=logistic_regression | elapsed=1s
[2026-09-18 00:18:07] [Training] Progress 23/216 | remaining=193 | elapsed=22s | eta≈3.0m
[2026-09-18 00:18:07] [Training task] Starting | pid=93671 | item=24 | split=cross_session_d470a4c875d7 | representation=standardized_signal | model=eegnet
[2026-09-18 00:18:08] [Training task] Done | pid=93671 | item=24 | split=cross_session_d470a4c875d7 | representation=standardized_signal | model=eegnet | elapsed=1s
[2026-09-18 00:18:08] [Training] Progress 24/216 | remaining=192 | elapsed=23s | eta≈3.0m
[2026-09-18 00:18:08] [Training task] Starting | pid=93671 | item=25 | split=cross_session_9f6162b3e24c | representation=statistical__all_standard | model=logistic_regression
[2026-09-18 00:18:09] [Training task] Done | pid=93671 | item=25 | split=cross_session_9f6162b3e24c | representation=statistical__all_standard | model=logistic_regression | elapsed=1s
[2026-09-18 00:18:09] [Training] Progress 25/216 | remaining=191 | elapsed=24s | eta≈3.0m
[2026-09-18 00:18:09] [Training task] Starting | pid=93671 | item=26 | split=cross_session_9f6162b3e24c | representation=temporal__all_standard | model=logistic_regression
[2026-09-18 00:18:10] [Training task] Done | pid=93671 | item=26 | split=cross_session_9f6162b3e24c | representation=temporal__all_standard | model=logistic_regression | elapsed=1s
[2026-09-18 00:18:10] [Training] Progress 26/216 | remaining=190 | elapsed=24s | eta≈3.0m
[2026-09-18 00:18:10] [Training task] Starting | pid=93671 | item=27 | split=cross_session_9f6162b3e24c | representation=csp_6__all_standard | model=logistic_regression
[2026-09-18 00:18:10] [Training task] Done | pid=93671 | item=27 | split=cross_session_9f6162b3e24c | representation=csp_6__all_standard | model=logistic_regression | elapsed=0s
[2026-09-18 00:18:10] [Training] Progress 27/216 | remaining=189 | elapsed=25s | eta≈2.9m
[2026-09-18 00:18:10] [Training task] Starting | pid=93671 | item=28 | split=cross_session_9f6162b3e24c | representation=standardized_signal | model=eegnet
[2026-09-18 00:18:11] [Training task] Done | pid=93671 | item=28 | split=cross_session_9f6162b3e24c | representation=standardized_signal | model=eegnet | elapsed=1s
[2026-09-18 00:18:11] [Training] Progress 28/216 | remaining=188 | elapsed=26s | eta≈2.9m
[2026-09-18 00:18:11] [Training task] Starting | pid=93671 | item=29 | split=cross_session_a6d19810d2cf | representation=statistical__all_standard | model=logistic_regression
[2026-09-18 00:18:12] [Training task] Done | pid=93671 | item=29 | split=cross_session_a6d19810d2cf | representation=statistical__all_standard | model=logistic_regression | elapsed=1s
[2026-09-18 00:18:12] [Training] Progress 29/216 | remaining=187 | elapsed=27s | eta≈2.9m
[2026-09-18 00:18:12] [Training task] Starting | pid=93671 | item=30 | split=cross_session_a6d19810d2cf | representation=temporal__all_standard | model=logistic_regression
[2026-09-18 00:18:13] [Training task] Done | pid=93671 | item=30 | split=cross_session_a6d19810d2cf | representation=temporal__all_standard | model=logistic_regression | elapsed=1s
[2026-09-18 00:18:13] [Training] Progress 30/216 | remaining=186 | elapsed=28s | eta≈2.8m
[2026-09-18 00:18:13] [Training task] Starting | pid=93671 | item=31 | split=cross_session_a6d19810d2cf | representation=csp_6__all_standard | model=logistic_regression
[2026-09-18 00:18:13] [Training task] Done | pid=93671 | item=31 | split=cross_session_a6d19810d2cf | representation=csp_6__all_standard | model=logistic_regression | elapsed=0s
[2026-09-18 00:18:13] [Training] Progress 31/216 | remaining=185 | elapsed=28s | eta≈2.8m
[2026-09-18 00:18:13] [Training task] Starting | pid=93671 | item=32 | split=cross_session_a6d19810d2cf | representation=standardized_signal | model=eegnet
[2026-09-18 00:18:14] [Training task] Done | pid=93671 | item=32 | split=cross_session_a6d19810d2cf | representation=standardized_signal | model=eegnet | elapsed=1s
[2026-09-18 00:18:14] [Training] Progress 32/216 | remaining=184 | elapsed=29s | eta≈2.8m
[2026-09-18 00:18:14] [Training task] Starting | pid=93671 | item=33 | split=cross_session_101bba2ac83d | representation=statistical__all_standard | model=logistic_regression
[2026-09-18 00:18:15] [Training task] Done | pid=93671 | item=33 | split=cross_session_101bba2ac83d | representation=statistical__all_standard | model=logistic_regression | elapsed=1s
[2026-09-18 00:18:15] [Training] Progress 33/216 | remaining=183 | elapsed=30s | eta≈2.8m
[2026-09-18 00:18:15] [Training task] Starting | pid=93671 | item=34 | split=cross_session_101bba2ac83d | representation=temporal__all_standard | model=logistic_regression
[2026-09-18 00:18:16] [Training task] Done | pid=93671 | item=34 | split=cross_session_101bba2ac83d | representation=temporal__all_standard | model=logistic_regression | elapsed=1s
[2026-09-18 00:18:16] [Training] Progress 34/216 | remaining=182 | elapsed=31s | eta≈2.7m
[2026-09-18 00:18:16] [Training task] Starting | pid=93671 | item=35 | split=cross_session_101bba2ac83d | representation=csp_6__all_standard | model=logistic_regression
[2026-09-18 00:18:16] [Training task] Done | pid=93671 | item=35 | split=cross_session_101bba2ac83d | representation=csp_6__all_standard | model=logistic_regression | elapsed=0s
[2026-09-18 00:18:16] [Training] Progress 35/216 | remaining=181 | elapsed=31s | eta≈2.7m
[2026-09-18 00:18:16] [Training task] Starting | pid=93671 | item=36 | split=cross_session_101bba2ac83d | representation=standardized_signal | model=eegnet
[2026-09-18 00:18:17] [Training task] Done | pid=93671 | item=36 | split=cross_session_101bba2ac83d | representation=standardized_signal | model=eegnet | elapsed=1s
[2026-09-18 00:18:17] [Training] Progress 36/216 | remaining=180 | elapsed=32s | eta≈2.7m
[2026-09-18 00:18:17] [Training task] Starting | pid=93671 | item=37 | split=cross_session_4c0541c9688c | representation=statistical__all_standard | model=logistic_regression
[2026-09-18 00:18:18] [Training task] Done | pid=93671 | item=37 | split=cross_session_4c0541c9688c | representation=statistical__all_standard | model=logistic_regression | elapsed=1s
[2026-09-18 00:18:18] [Training] Progress 37/216 | remaining=179 | elapsed=33s | eta≈2.7m
[2026-09-18 00:18:18] [Training task] Starting | pid=93671 | item=38 | split=cross_session_4c0541c9688c | representation=temporal__all_standard | model=logistic_regression
[2026-09-18 00:18:19] [Training task] Done | pid=93671 | item=38 | split=cross_session_4c0541c9688c | representation=temporal__all_standard | model=logistic_regression | elapsed=1s
[2026-09-18 00:18:19] [Training] Progress 38/216 | remaining=178 | elapsed=34s | eta≈2.6m
[2026-09-18 00:18:19] [Training task] Starting | pid=93671 | item=39 | split=cross_session_4c0541c9688c | representation=csp_6__all_standard | model=logistic_regression
[2026-09-18 00:18:19] [Training task] Done | pid=93671 | item=39 | split=cross_session_4c0541c9688c | representation=csp_6__all_standard | model=logistic_regression | elapsed=0s
[2026-09-18 00:18:19] [Training] Progress 39/216 | remaining=177 | elapsed=34s | eta≈2.6m
[2026-09-18 00:18:19] [Training task] Starting | pid=93671 | item=40 | split=cross_session_4c0541c9688c | representation=standardized_signal | model=eegnet
[2026-09-18 00:18:21] [Training task] Done | pid=93671 | item=40 | split=cross_session_4c0541c9688c | representation=standardized_signal | model=eegnet | elapsed=1s
[2026-09-18 00:18:21] [Training] Progress 40/216 | remaining=176 | elapsed=35s | eta≈2.6m
[2026-09-18 00:18:21] [Training task] Starting | pid=93671 | item=41 | split=cross_session_325ebffcfcb2 | representation=statistical__all_standard | model=logistic_regression
[2026-09-18 00:18:25] [Training task] Done | pid=93671 | item=41 | split=cross_session_325ebffcfcb2 | representation=statistical__all_standard | model=logistic_regression | elapsed=4s
[2026-09-18 00:18:25] [Training] Progress 41/216 | remaining=175 | elapsed=40s | eta≈2.8m
[2026-09-18 00:18:25] [Training task] Starting | pid=93671 | item=42 | split=cross_session_325ebffcfcb2 | representation=temporal__all_standard | model=logistic_regression
[2026-09-18 00:35:04] [Training task] Done | pid=93671 | item=42 | split=cross_session_325ebffcfcb2 | representation=temporal__all_standard | model=logistic_regression | elapsed=2s
[2026-09-18 00:35:04] [Training] Progress 42/216 | remaining=174 | elapsed=42s | eta≈2.9m
[2026-09-18 00:35:04] [Training task] Starting | pid=93671 | item=43 | split=cross_session_325ebffcfcb2 | representation=csp_6__all_standard | model=logistic_regression
[2026-09-18 00:35:05] [Training task] Done | pid=93671 | item=43 | split=cross_session_325ebffcfcb2 | representation=csp_6__all_standard | model=logistic_regression | elapsed=1s
[2026-09-18 00:35:05] [Training] Progress 43/216 | remaining=173 | elapsed=42s | eta≈2.8m
[2026-09-18 00:35:05] [Training task] Starting | pid=93671 | item=44 | split=cross_session_325ebffcfcb2 | representation=standardized_signal | model=eegnet
[2026-09-18 00:35:06] [Training task] Done | pid=93671 | item=44 | split=cross_session_325ebffcfcb2 | representation=standardized_signal | model=eegnet | elapsed=2s
[2026-09-18 00:35:06] [Training] Progress 44/216 | remaining=172 | elapsed=44s | eta≈2.9m
[2026-09-18 00:35:06] [Training task] Starting | pid=93671 | item=45 | split=cross_session_f9911b9cb057 | representation=statistical__all_standard | model=logistic_regression
[2026-09-18 00:35:09] [Training task] Done | pid=93671 | item=45 | split=cross_session_f9911b9cb057 | representation=statistical__all_standard | model=logistic_regression | elapsed=2s
[2026-09-18 00:35:09] [Training] Progress 45/216 | remaining=171 | elapsed=46s | eta≈2.9m
[2026-09-18 00:35:09] [Training task] Starting | pid=93671 | item=46 | split=cross_session_f9911b9cb057 | representation=temporal__all_standard | model=logistic_regression
[2026-09-18 00:35:10] [Training task] Done | pid=93671 | item=46 | split=cross_session_f9911b9cb057 | representation=temporal__all_standard | model=logistic_regression | elapsed=1s
[2026-09-18 00:35:10] [Training] Progress 46/216 | remaining=170 | elapsed=47s | eta≈2.9m
[2026-09-18 00:35:10] [Training task] Starting | pid=93671 | item=47 | split=cross_session_f9911b9cb057 | representation=csp_6__all_standard | model=logistic_regression
[2026-09-18 00:35:10] [Training task] Done | pid=93671 | item=47 | split=cross_session_f9911b9cb057 | representation=csp_6__all_standard | model=logistic_regression | elapsed=1s
[2026-09-18 00:35:10] [Training] Progress 47/216 | remaining=169 | elapsed=48s | eta≈2.9m
[2026-09-18 00:35:10] [Training task] Starting | pid=93671 | item=48 | split=cross_session_f9911b9cb057 | representation=standardized_signal | model=eegnet
[2026-09-18 00:35:12] [Training task] Done | pid=93671 | item=48 | split=cross_session_f9911b9cb057 | representation=standardized_signal | model=eegnet | elapsed=2s
[2026-09-18 00:35:12] [Training] Progress 48/216 | remaining=168 | elapsed=49s | eta≈2.9m
[2026-09-18 00:35:12] [Training task] Starting | pid=93671 | item=49 | split=cross_session_5520fb22cf29 | representation=statistical__all_standard | model=logistic_regression
[2026-09-18 00:35:14] [Training task] Done | pid=93671 | item=49 | split=cross_session_5520fb22cf29 | representation=statistical__all_standard | model=logistic_regression | elapsed=2s
[2026-09-18 00:35:14] [Training] Progress 49/216 | remaining=167 | elapsed=51s | eta≈2.9m
[2026-09-18 00:35:14] [Training task] Starting | pid=93671 | item=50 | split=cross_session_5520fb22cf29 | representation=temporal__all_standard | model=logistic_regression
[2026-09-18 00:35:14] [Training task] Done | pid=93671 | item=50 | split=cross_session_5520fb22cf29 | representation=temporal__all_standard | model=logistic_regression | elapsed=1s
[2026-09-18 00:35:14] [Training] Progress 50/216 | remaining=166 | elapsed=52s | eta≈2.9m
[2026-09-18 00:35:14] [Training task] Starting | pid=93671 | item=51 | split=cross_session_5520fb22cf29 | representation=csp_6__all_standard | model=logistic_regression
[2026-09-18 00:35:15] [Training task] Done | pid=93671 | item=51 | split=cross_session_5520fb22cf29 | representation=csp_6__all_standard | model=logistic_regression | elapsed=0s
[2026-09-18 00:35:15] [Training] Progress 51/216 | remaining=165 | elapsed=52s | eta≈2.8m
[2026-09-18 00:35:15] [Training task] Starting | pid=93671 | item=52 | split=cross_session_5520fb22cf29 | representation=standardized_signal | model=eegnet
[2026-09-18 00:35:16] [Training task] Done | pid=93671 | item=52 | split=cross_session_5520fb22cf29 | representation=standardized_signal | model=eegnet | elapsed=1s
[2026-09-18 00:35:16] [Training] Progress 52/216 | remaining=164 | elapsed=53s | eta≈2.8m
[2026-09-18 00:35:16] [Training task] Starting | pid=93671 | item=53 | split=cross_session_0f01d69d3fbf | representation=statistical__all_standard | model=logistic_regression
[2026-09-18 00:35:17] [Training task] Done | pid=93671 | item=53 | split=cross_session_0f01d69d3fbf | representation=statistical__all_standard | model=logistic_regression | elapsed=1s
[2026-09-18 00:35:17] [Training] Progress 53/216 | remaining=163 | elapsed=54s | eta≈2.8m
[2026-09-18 00:35:17] [Training task] Starting | pid=93671 | item=54 | split=cross_session_0f01d69d3fbf | representation=temporal__all_standard | model=logistic_regression
[2026-09-18 00:35:18] [Training task] Done | pid=93671 | item=54 | split=cross_session_0f01d69d3fbf | representation=temporal__all_standard | model=logistic_regression | elapsed=1s
[2026-09-18 00:35:18] [Training] Progress 54/216 | remaining=162 | elapsed=55s | eta≈2.8m
[2026-09-18 00:35:18] [Training task] Starting | pid=93671 | item=55 | split=cross_session_0f01d69d3fbf | representation=csp_6__all_standard | model=logistic_regression
[2026-09-18 00:35:18] [Training task] Done | pid=93671 | item=55 | split=cross_session_0f01d69d3fbf | representation=csp_6__all_standard | model=logistic_regression | elapsed=0s
[2026-09-18 00:35:18] [Training] Progress 55/216 | remaining=161 | elapsed=55s | eta≈2.7m
[2026-09-18 00:35:18] [Training task] Starting | pid=93671 | item=56 | split=cross_session_0f01d69d3fbf | representation=standardized_signal | model=eegnet
[2026-09-18 00:35:19] [Training task] Done | pid=93671 | item=56 | split=cross_session_0f01d69d3fbf | representation=standardized_signal | model=eegnet | elapsed=1s
[2026-09-18 00:35:19] [Training] Progress 56/216 | remaining=160 | elapsed=57s | eta≈2.7m
[2026-09-18 00:35:19] [Training task] Starting | pid=93671 | item=57 | split=cross_session_36c157397a02 | representation=statistical__all_standard | model=logistic_regression
[2026-09-18 00:35:20] [Training task] Done | pid=93671 | item=57 | split=cross_session_36c157397a02 | representation=statistical__all_standard | model=logistic_regression | elapsed=1s
[2026-09-18 00:35:20] [Training] Progress 57/216 | remaining=159 | elapsed=58s | eta≈2.7m
[2026-09-18 00:35:20] [Training task] Starting | pid=93671 | item=58 | split=cross_session_36c157397a02 | representation=temporal__all_standard | model=logistic_regression
[2026-09-18 00:35:21] [Training task] Done | pid=93671 | item=58 | split=cross_session_36c157397a02 | representation=temporal__all_standard | model=logistic_regression | elapsed=1s
[2026-09-18 00:35:21] [Training] Progress 58/216 | remaining=158 | elapsed=59s | eta≈2.7m
[2026-09-18 00:35:21] [Training task] Starting | pid=93671 | item=59 | split=cross_session_36c157397a02 | representation=csp_6__all_standard | model=logistic_regression
[2026-09-18 00:35:22] [Training task] Done | pid=93671 | item=59 | split=cross_session_36c157397a02 | representation=csp_6__all_standard | model=logistic_regression | elapsed=0s
[2026-09-18 00:35:22] [Training] Progress 59/216 | remaining=157 | elapsed=59s | eta≈2.6m
[2026-09-18 00:35:22] [Training task] Starting | pid=93671 | item=60 | split=cross_session_36c157397a02 | representation=standardized_signal | model=eegnet
[2026-09-18 00:35:23] [Training task] Done | pid=93671 | item=60 | split=cross_session_36c157397a02 | representation=standardized_signal | model=eegnet | elapsed=1s
[2026-09-18 00:35:23] [Training] Progress 60/216 | remaining=156 | elapsed=1.0m | eta≈2.6m
[2026-09-18 00:35:23] [Training task] Starting | pid=93671 | item=61 | split=cross_session_d8f4f115dd09 | representation=statistical__all_standard | model=logistic_regression
[2026-09-18 00:35:24] [Training task] Done | pid=93671 | item=61 | split=cross_session_d8f4f115dd09 | representation=statistical__all_standard | model=logistic_regression | elapsed=1s
[2026-09-18 00:35:24] [Training] Progress 61/216 | remaining=155 | elapsed=1.0m | eta≈2.6m
[2026-09-18 00:35:24] [Training task] Starting | pid=93671 | item=62 | split=cross_session_d8f4f115dd09 | representation=temporal__all_standard | model=logistic_regression
[2026-09-18 00:35:25] [Training task] Done | pid=93671 | item=62 | split=cross_session_d8f4f115dd09 | representation=temporal__all_standard | model=logistic_regression | elapsed=1s
[2026-09-18 00:35:25] [Training] Progress 62/216 | remaining=154 | elapsed=1.0m | eta≈2.6m
[2026-09-18 00:35:25] [Training task] Starting | pid=93671 | item=63 | split=cross_session_d8f4f115dd09 | representation=csp_6__all_standard | model=logistic_regression
[2026-09-18 00:35:25] [Training task] Done | pid=93671 | item=63 | split=cross_session_d8f4f115dd09 | representation=csp_6__all_standard | model=logistic_regression | elapsed=0s
[2026-09-18 00:35:25] [Training] Progress 63/216 | remaining=153 | elapsed=1.0m | eta≈2.5m
[2026-09-18 00:35:25] [Training task] Starting | pid=93671 | item=64 | split=cross_session_d8f4f115dd09 | representation=standardized_signal | model=eegnet
[2026-09-18 00:35:26] [Training task] Done | pid=93671 | item=64 | split=cross_session_d8f4f115dd09 | representation=standardized_signal | model=eegnet | elapsed=1s
[2026-09-18 00:35:26] [Training] Progress 64/216 | remaining=152 | elapsed=1.1m | eta≈2.5m
[2026-09-18 00:35:26] [Training task] Starting | pid=93671 | item=65 | split=cross_session_e0fced86ada0 | representation=statistical__all_standard | model=logistic_regression
[2026-09-18 00:35:28] [Training task] Done | pid=93671 | item=65 | split=cross_session_e0fced86ada0 | representation=statistical__all_standard | model=logistic_regression | elapsed=1s
[2026-09-18 00:35:28] [Training] Progress 65/216 | remaining=151 | elapsed=1.1m | eta≈2.5m
[2026-09-18 00:35:28] [Training task] Starting | pid=93671 | item=66 | split=cross_session_e0fced86ada0 | representation=temporal__all_standard | model=logistic_regression
[2026-09-18 00:35:28] [Training task] Done | pid=93671 | item=66 | split=cross_session_e0fced86ada0 | representation=temporal__all_standard | model=logistic_regression | elapsed=1s
[2026-09-18 00:35:28] [Training] Progress 66/216 | remaining=150 | elapsed=1.1m | eta≈2.5m
[2026-09-18 00:35:28] [Training task] Starting | pid=93671 | item=67 | split=cross_session_e0fced86ada0 | representation=csp_6__all_standard | model=logistic_regression
[2026-09-18 00:35:29] [Training task] Done | pid=93671 | item=67 | split=cross_session_e0fced86ada0 | representation=csp_6__all_standard | model=logistic_regression | elapsed=0s
[2026-09-18 00:35:29] [Training] Progress 67/216 | remaining=149 | elapsed=1.1m | eta≈2.5m
[2026-09-18 00:35:29] [Training task] Starting | pid=93671 | item=68 | split=cross_session_e0fced86ada0 | representation=standardized_signal | model=eegnet
[2026-09-18 00:35:30] [Training task] Done | pid=93671 | item=68 | split=cross_session_e0fced86ada0 | representation=standardized_signal | model=eegnet | elapsed=1s
[2026-09-18 00:35:30] [Training] Progress 68/216 | remaining=148 | elapsed=1.1m | eta≈2.4m
[2026-09-18 00:35:30] [Training task] Starting | pid=93671 | item=69 | split=cross_session_a4a512d44495 | representation=statistical__all_standard | model=logistic_regression
[2026-09-18 00:35:31] [Training task] Done | pid=93671 | item=69 | split=cross_session_a4a512d44495 | representation=statistical__all_standard | model=logistic_regression | elapsed=1s
[2026-09-18 00:35:31] [Training] Progress 69/216 | remaining=147 | elapsed=1.1m | eta≈2.4m
[2026-09-18 00:35:31] [Training task] Starting | pid=93671 | item=70 | split=cross_session_a4a512d44495 | representation=temporal__all_standard | model=logistic_regression
[2026-09-18 00:35:32] [Training task] Done | pid=93671 | item=70 | split=cross_session_a4a512d44495 | representation=temporal__all_standard | model=logistic_regression | elapsed=1s
[2026-09-18 00:35:32] [Training] Progress 70/216 | remaining=146 | elapsed=1.2m | eta≈2.4m
[2026-09-18 00:35:32] [Training task] Starting | pid=93671 | item=71 | split=cross_session_a4a512d44495 | representation=csp_6__all_standard | model=logistic_regression
[2026-09-18 00:35:33] [Training task] Done | pid=93671 | item=71 | split=cross_session_a4a512d44495 | representation=csp_6__all_standard | model=logistic_regression | elapsed=1s
[2026-09-18 00:35:33] [Training] Progress 71/216 | remaining=145 | elapsed=1.2m | eta≈2.4m
[2026-09-18 00:35:33] [Training task] Starting | pid=93671 | item=72 | split=cross_session_a4a512d44495 | representation=standardized_signal | model=eegnet
[2026-09-18 00:35:34] [Training task] Done | pid=93671 | item=72 | split=cross_session_a4a512d44495 | representation=standardized_signal | model=eegnet | elapsed=1s
[2026-09-18 00:35:34] [Training] Progress 72/216 | remaining=144 | elapsed=1.2m | eta≈2.4m
[2026-09-18 00:35:34] [Training task] Starting | pid=93671 | item=73 | split=cross_session_1b876c6750c6 | representation=statistical__all_standard | model=logistic_regression
[2026-09-18 00:35:35] [Training task] Done | pid=93671 | item=73 | split=cross_session_1b876c6750c6 | representation=statistical__all_standard | model=logistic_regression | elapsed=1s
[2026-09-18 00:35:35] [Training] Progress 73/216 | remaining=143 | elapsed=1.2m | eta≈2.4m
[2026-09-18 00:35:35] [Training task] Starting | pid=93671 | item=74 | split=cross_session_1b876c6750c6 | representation=temporal__all_standard | model=logistic_regression
[2026-09-18 00:35:36] [Training task] Done | pid=93671 | item=74 | split=cross_session_1b876c6750c6 | representation=temporal__all_standard | model=logistic_regression | elapsed=0s
[2026-09-18 00:35:36] [Training] Progress 74/216 | remaining=142 | elapsed=1.2m | eta≈2.3m
[2026-09-18 00:35:36] [Training task] Starting | pid=93671 | item=75 | split=cross_session_1b876c6750c6 | representation=csp_6__all_standard | model=logistic_regression
[2026-09-18 00:35:36] [Training task] Done | pid=93671 | item=75 | split=cross_session_1b876c6750c6 | representation=csp_6__all_standard | model=logistic_regression | elapsed=0s
[2026-09-18 00:35:36] [Training] Progress 75/216 | remaining=141 | elapsed=1.2m | eta≈2.3m
[2026-09-18 00:35:36] [Training task] Starting | pid=93671 | item=76 | split=cross_session_1b876c6750c6 | representation=standardized_signal | model=eegnet
[2026-09-18 00:35:37] [Training task] Done | pid=93671 | item=76 | split=cross_session_1b876c6750c6 | representation=standardized_signal | model=eegnet | elapsed=1s
[2026-09-18 00:35:37] [Training] Progress 76/216 | remaining=140 | elapsed=1.2m | eta≈2.3m
[2026-09-18 00:35:37] [Training task] Starting | pid=93671 | item=77 | split=cross_session_b244bedb6ccf | representation=statistical__all_standard | model=logistic_regression
[2026-09-18 00:35:38] [Training task] Done | pid=93671 | item=77 | split=cross_session_b244bedb6ccf | representation=statistical__all_standard | model=logistic_regression | elapsed=1s
[2026-09-18 00:35:38] [Training] Progress 77/216 | remaining=139 | elapsed=1.3m | eta≈2.3m
[2026-09-18 00:35:38] [Training task] Starting | pid=93671 | item=78 | split=cross_session_b244bedb6ccf | representation=temporal__all_standard | model=logistic_regression
[2026-09-18 00:35:39] [Training task] Done | pid=93671 | item=78 | split=cross_session_b244bedb6ccf | representation=temporal__all_standard | model=logistic_regression | elapsed=1s
[2026-09-18 00:35:39] [Training] Progress 78/216 | remaining=138 | elapsed=1.3m | eta≈2.2m
[2026-09-18 00:35:39] [Training task] Starting | pid=93671 | item=79 | split=cross_session_b244bedb6ccf | representation=csp_6__all_standard | model=logistic_regression
[2026-09-18 00:35:39] [Training task] Done | pid=93671 | item=79 | split=cross_session_b244bedb6ccf | representation=csp_6__all_standard | model=logistic_regression | elapsed=0s
[2026-09-18 00:35:39] [Training] Progress 79/216 | remaining=137 | elapsed=1.3m | eta≈2.2m
[2026-09-18 00:35:39] [Training task] Starting | pid=93671 | item=80 | split=cross_session_b244bedb6ccf | representation=standardized_signal | model=eegnet
[2026-09-18 00:35:40] [Training task] Done | pid=93671 | item=80 | split=cross_session_b244bedb6ccf | representation=standardized_signal | model=eegnet | elapsed=1s
[2026-09-18 00:35:40] [Training] Progress 80/216 | remaining=136 | elapsed=1.3m | eta≈2.2m
[2026-09-18 00:35:40] [Training task] Starting | pid=93671 | item=81 | split=cross_session_7d0c3c21e647 | representation=statistical__all_standard | model=logistic_regression
[2026-09-18 00:35:41] [Training task] Done | pid=93671 | item=81 | split=cross_session_7d0c3c21e647 | representation=statistical__all_standard | model=logistic_regression | elapsed=1s
[2026-09-18 00:35:41] [Training] Progress 81/216 | remaining=135 | elapsed=1.3m | eta≈2.2m
[2026-09-18 00:35:41] [Training task] Starting | pid=93671 | item=82 | split=cross_session_7d0c3c21e647 | representation=temporal__all_standard | model=logistic_regression
[2026-09-18 00:35:42] [Training task] Done | pid=93671 | item=82 | split=cross_session_7d0c3c21e647 | representation=temporal__all_standard | model=logistic_regression | elapsed=1s
[2026-09-18 00:35:42] [Training] Progress 82/216 | remaining=134 | elapsed=1.3m | eta≈2.2m
[2026-09-18 00:35:42] [Training task] Starting | pid=93671 | item=83 | split=cross_session_7d0c3c21e647 | representation=csp_6__all_standard | model=logistic_regression
[2026-09-18 00:35:43] [Training task] Done | pid=93671 | item=83 | split=cross_session_7d0c3c21e647 | representation=csp_6__all_standard | model=logistic_regression | elapsed=0s
[2026-09-18 00:35:43] [Training] Progress 83/216 | remaining=133 | elapsed=1.3m | eta≈2.1m
[2026-09-18 00:35:43] [Training task] Starting | pid=93671 | item=84 | split=cross_session_7d0c3c21e647 | representation=standardized_signal | model=eegnet
[2026-09-18 00:35:44] [Training task] Done | pid=93671 | item=84 | split=cross_session_7d0c3c21e647 | representation=standardized_signal | model=eegnet | elapsed=1s
[2026-09-18 00:35:44] [Training] Progress 84/216 | remaining=132 | elapsed=1.4m | eta≈2.1m
[2026-09-18 00:35:44] [Training task] Starting | pid=93671 | item=85 | split=cross_session_54cbc56ae5af | representation=statistical__all_standard | model=logistic_regression
[2026-09-18 00:35:45] [Training task] Done | pid=93671 | item=85 | split=cross_session_54cbc56ae5af | representation=statistical__all_standard | model=logistic_regression | elapsed=1s
[2026-09-18 00:35:45] [Training] Progress 85/216 | remaining=131 | elapsed=1.4m | eta≈2.1m
[2026-09-18 00:35:45] [Training task] Starting | pid=93671 | item=86 | split=cross_session_54cbc56ae5af | representation=temporal__all_standard | model=logistic_regression
[2026-09-18 00:35:45] [Training task] Done | pid=93671 | item=86 | split=cross_session_54cbc56ae5af | representation=temporal__all_standard | model=logistic_regression | elapsed=0s
[2026-09-18 00:35:45] [Training] Progress 86/216 | remaining=130 | elapsed=1.4m | eta≈2.1m
[2026-09-18 00:35:45] [Training task] Starting | pid=93671 | item=87 | split=cross_session_54cbc56ae5af | representation=csp_6__all_standard | model=logistic_regression
[2026-09-18 00:35:46] [Training task] Done | pid=93671 | item=87 | split=cross_session_54cbc56ae5af | representation=csp_6__all_standard | model=logistic_regression | elapsed=0s
[2026-09-18 00:35:46] [Training] Progress 87/216 | remaining=129 | elapsed=1.4m | eta≈2.1m
[2026-09-18 00:35:46] [Training task] Starting | pid=93671 | item=88 | split=cross_session_54cbc56ae5af | representation=standardized_signal | model=eegnet
[2026-09-18 00:35:47] [Training task] Done | pid=93671 | item=88 | split=cross_session_54cbc56ae5af | representation=standardized_signal | model=eegnet | elapsed=1s
[2026-09-18 00:35:47] [Training] Progress 88/216 | remaining=128 | elapsed=1.4m | eta≈2.0m
[2026-09-18 00:35:47] [Training task] Starting | pid=93671 | item=89 | split=cross_session_604d3d53674b | representation=statistical__all_standard | model=logistic_regression
[2026-09-18 00:35:48] [Training task] Done | pid=93671 | item=89 | split=cross_session_604d3d53674b | representation=statistical__all_standard | model=logistic_regression | elapsed=1s
[2026-09-18 00:35:48] [Training] Progress 89/216 | remaining=127 | elapsed=1.4m | eta≈2.0m
[2026-09-18 00:35:48] [Training task] Starting | pid=93671 | item=90 | split=cross_session_604d3d53674b | representation=temporal__all_standard | model=logistic_regression
[2026-09-18 00:35:48] [Training task] Done | pid=93671 | item=90 | split=cross_session_604d3d53674b | representation=temporal__all_standard | model=logistic_regression | elapsed=0s
[2026-09-18 00:35:48] [Training] Progress 90/216 | remaining=126 | elapsed=1.4m | eta≈2.0m
[2026-09-18 00:35:48] [Training task] Starting | pid=93671 | item=91 | split=cross_session_604d3d53674b | representation=csp_6__all_standard | model=logistic_regression
[2026-09-18 00:35:49] [Training task] Done | pid=93671 | item=91 | split=cross_session_604d3d53674b | representation=csp_6__all_standard | model=logistic_regression | elapsed=1s
[2026-09-18 00:35:49] [Training] Progress 91/216 | remaining=125 | elapsed=1.4m | eta≈2.0m
[2026-09-18 00:35:49] [Training task] Starting | pid=93671 | item=92 | split=cross_session_604d3d53674b | representation=standardized_signal | model=eegnet
[2026-09-18 00:35:50] [Training task] Done | pid=93671 | item=92 | split=cross_session_604d3d53674b | representation=standardized_signal | model=eegnet | elapsed=1s
[2026-09-18 00:35:50] [Training] Progress 92/216 | remaining=124 | elapsed=1.5m | eta≈2.0m
[2026-09-18 00:35:50] [Training task] Starting | pid=93671 | item=93 | split=cross_session_d470a4c875d7 | representation=statistical__all_standard | model=logistic_regression
[2026-09-18 00:35:51] [Training task] Done | pid=93671 | item=93 | split=cross_session_d470a4c875d7 | representation=statistical__all_standard | model=logistic_regression | elapsed=1s
[2026-09-18 00:35:51] [Training] Progress 93/216 | remaining=123 | elapsed=1.5m | eta≈1.9m
[2026-09-18 00:35:51] [Training task] Starting | pid=93671 | item=94 | split=cross_session_d470a4c875d7 | representation=temporal__all_standard | model=logistic_regression
[2026-09-18 00:35:51] [Training task] Done | pid=93671 | item=94 | split=cross_session_d470a4c875d7 | representation=temporal__all_standard | model=logistic_regression | elapsed=0s
[2026-09-18 00:35:51] [Training] Progress 94/216 | remaining=122 | elapsed=1.5m | eta≈1.9m
[2026-09-18 00:35:51] [Training task] Starting | pid=93671 | item=95 | split=cross_session_d470a4c875d7 | representation=csp_6__all_standard | model=logistic_regression
[2026-09-18 00:35:52] [Training task] Done | pid=93671 | item=95 | split=cross_session_d470a4c875d7 | representation=csp_6__all_standard | model=logistic_regression | elapsed=1s
[2026-09-18 00:35:52] [Training] Progress 95/216 | remaining=121 | elapsed=1.5m | eta≈1.9m
[2026-09-18 00:35:52] [Training task] Starting | pid=93671 | item=96 | split=cross_session_d470a4c875d7 | representation=standardized_signal | model=eegnet
[2026-09-18 00:35:53] [Training task] Done | pid=93671 | item=96 | split=cross_session_d470a4c875d7 | representation=standardized_signal | model=eegnet | elapsed=1s
[2026-09-18 00:35:53] [Training] Progress 96/216 | remaining=120 | elapsed=1.5m | eta≈1.9m
[2026-09-18 00:35:53] [Training task] Starting | pid=93671 | item=97 | split=cross_session_9f6162b3e24c | representation=statistical__all_standard | model=logistic_regression
[2026-09-18 00:35:54] [Training task] Done | pid=93671 | item=97 | split=cross_session_9f6162b3e24c | representation=statistical__all_standard | model=logistic_regression | elapsed=1s
[2026-09-18 00:35:54] [Training] Progress 97/216 | remaining=119 | elapsed=1.5m | eta≈1.9m
[2026-09-18 00:35:54] [Training task] Starting | pid=93671 | item=98 | split=cross_session_9f6162b3e24c | representation=temporal__all_standard | model=logistic_regression
[2026-09-18 00:35:55] [Training task] Done | pid=93671 | item=98 | split=cross_session_9f6162b3e24c | representation=temporal__all_standard | model=logistic_regression | elapsed=0s
[2026-09-18 00:35:55] [Training] Progress 98/216 | remaining=118 | elapsed=1.5m | eta≈1.8m
[2026-09-18 00:35:55] [Training task] Starting | pid=93671 | item=99 | split=cross_session_9f6162b3e24c | representation=csp_6__all_standard | model=logistic_regression
[2026-09-18 00:35:55] [Training task] Done | pid=93671 | item=99 | split=cross_session_9f6162b3e24c | representation=csp_6__all_standard | model=logistic_regression | elapsed=0s
[2026-09-18 00:35:55] [Training] Progress 99/216 | remaining=117 | elapsed=1.5m | eta≈1.8m
[2026-09-18 00:35:55] [Training task] Starting | pid=93671 | item=100 | split=cross_session_9f6162b3e24c | representation=standardized_signal | model=eegnet
[2026-09-18 00:35:56] [Training task] Done | pid=93671 | item=100 | split=cross_session_9f6162b3e24c | representation=standardized_signal | model=eegnet | elapsed=1s
[2026-09-18 00:35:56] [Training] Progress 100/216 | remaining=116 | elapsed=1.6m | eta≈1.8m
[2026-09-18 00:35:56] [Training task] Starting | pid=93671 | item=101 | split=cross_session_a6d19810d2cf | representation=statistical__all_standard | model=logistic_regression
[2026-09-18 00:35:57] [Training task] Done | pid=93671 | item=101 | split=cross_session_a6d19810d2cf | representation=statistical__all_standard | model=logistic_regression | elapsed=1s
[2026-09-18 00:35:57] [Training] Progress 101/216 | remaining=115 | elapsed=1.6m | eta≈1.8m
[2026-09-18 00:35:57] [Training task] Starting | pid=93671 | item=102 | split=cross_session_a6d19810d2cf | representation=temporal__all_standard | model=logistic_regression
[2026-09-18 00:35:58] [Training task] Done | pid=93671 | item=102 | split=cross_session_a6d19810d2cf | representation=temporal__all_standard | model=logistic_regression | elapsed=1s
[2026-09-18 00:35:58] [Training] Progress 102/216 | remaining=114 | elapsed=1.6m | eta≈1.8m
[2026-09-18 00:35:58] [Training task] Starting | pid=93671 | item=103 | split=cross_session_a6d19810d2cf | representation=csp_6__all_standard | model=logistic_regression
[2026-09-18 00:35:58] [Training task] Done | pid=93671 | item=103 | split=cross_session_a6d19810d2cf | representation=csp_6__all_standard | model=logistic_regression | elapsed=1s
[2026-09-18 00:35:58] [Training] Progress 103/216 | remaining=113 | elapsed=1.6m | eta≈1.8m
[2026-09-18 00:35:58] [Training task] Starting | pid=93671 | item=104 | split=cross_session_a6d19810d2cf | representation=standardized_signal | model=eegnet
[2026-09-18 00:36:00] [Training task] Done | pid=93671 | item=104 | split=cross_session_a6d19810d2cf | representation=standardized_signal | model=eegnet | elapsed=2s
[2026-09-18 00:36:00] [Training] Progress 104/216 | remaining=112 | elapsed=1.6m | eta≈1.8m
[2026-09-18 00:36:00] [Training task] Starting | pid=93671 | item=105 | split=cross_session_101bba2ac83d | representation=statistical__all_standard | model=logistic_regression
[2026-09-18 00:36:02] [Training task] Done | pid=93671 | item=105 | split=cross_session_101bba2ac83d | representation=statistical__all_standard | model=logistic_regression | elapsed=2s
[2026-09-18 00:36:02] [Training] Progress 105/216 | remaining=111 | elapsed=1.7m | eta≈1.8m
[2026-09-18 00:36:02] [Training task] Starting | pid=93671 | item=106 | split=cross_session_101bba2ac83d | representation=temporal__all_standard | model=logistic_regression
[2026-09-18 00:36:03] [Training task] Done | pid=93671 | item=106 | split=cross_session_101bba2ac83d | representation=temporal__all_standard | model=logistic_regression | elapsed=1s
[2026-09-18 00:36:03] [Training] Progress 106/216 | remaining=110 | elapsed=1.7m | eta≈1.7m
[2026-09-18 00:36:03] [Training task] Starting | pid=93671 | item=107 | split=cross_session_101bba2ac83d | representation=csp_6__all_standard | model=logistic_regression
[2026-09-18 00:36:03] [Training task] Done | pid=93671 | item=107 | split=cross_session_101bba2ac83d | representation=csp_6__all_standard | model=logistic_regression | elapsed=1s
[2026-09-18 00:36:03] [Training] Progress 107/216 | remaining=109 | elapsed=1.7m | eta≈1.7m
[2026-09-18 00:36:03] [Training task] Starting | pid=93671 | item=108 | split=cross_session_101bba2ac83d | representation=standardized_signal | model=eegnet
[2026-09-18 00:36:05] [Training task] Done | pid=93671 | item=108 | split=cross_session_101bba2ac83d | representation=standardized_signal | model=eegnet | elapsed=1s
[2026-09-18 00:36:05] [Training] Progress 108/216 | remaining=108 | elapsed=1.7m | eta≈1.7m
[2026-09-18 00:36:05] [Training task] Starting | pid=93671 | item=109 | split=cross_session_4c0541c9688c | representation=statistical__all_standard | model=logistic_regression
[2026-09-18 00:36:06] [Training task] Done | pid=93671 | item=109 | split=cross_session_4c0541c9688c | representation=statistical__all_standard | model=logistic_regression | elapsed=1s
[2026-09-18 00:36:06] [Training] Progress 109/216 | remaining=107 | elapsed=1.7m | eta≈1.7m
[2026-09-18 00:36:06] [Training task] Starting | pid=93671 | item=110 | split=cross_session_4c0541c9688c | representation=temporal__all_standard | model=logistic_regression
[2026-09-18 00:36:06] [Training task] Done | pid=93671 | item=110 | split=cross_session_4c0541c9688c | representation=temporal__all_standard | model=logistic_regression | elapsed=0s
[2026-09-18 00:36:06] [Training] Progress 110/216 | remaining=106 | elapsed=1.7m | eta≈1.7m
[2026-09-18 00:36:06] [Training task] Starting | pid=93671 | item=111 | split=cross_session_4c0541c9688c | representation=csp_6__all_standard | model=logistic_regression
[2026-09-18 00:36:06] [Training task] Done | pid=93671 | item=111 | split=cross_session_4c0541c9688c | representation=csp_6__all_standard | model=logistic_regression | elapsed=0s
[2026-09-18 00:36:06] [Training] Progress 111/216 | remaining=105 | elapsed=1.7m | eta≈1.6m
[2026-09-18 00:36:06] [Training task] Starting | pid=93671 | item=112 | split=cross_session_4c0541c9688c | representation=standardized_signal | model=eegnet
[2026-09-18 00:36:08] [Training task] Done | pid=93671 | item=112 | split=cross_session_4c0541c9688c | representation=standardized_signal | model=eegnet | elapsed=1s
[2026-09-18 00:36:08] [Training] Progress 112/216 | remaining=104 | elapsed=1.8m | eta≈1.6m
[2026-09-18 00:36:08] [Training task] Starting | pid=93671 | item=113 | split=cross_session_325ebffcfcb2 | representation=statistical__all_standard | model=logistic_regression
[2026-09-18 00:36:08] [Training task] Done | pid=93671 | item=113 | split=cross_session_325ebffcfcb2 | representation=statistical__all_standard | model=logistic_regression | elapsed=1s
[2026-09-18 00:36:08] [Training] Progress 113/216 | remaining=103 | elapsed=1.8m | eta≈1.6m
[2026-09-18 00:36:08] [Training task] Starting | pid=93671 | item=114 | split=cross_session_325ebffcfcb2 | representation=temporal__all_standard | model=logistic_regression
[2026-09-18 00:36:09] [Training task] Done | pid=93671 | item=114 | split=cross_session_325ebffcfcb2 | representation=temporal__all_standard | model=logistic_regression | elapsed=1s
[2026-09-18 00:36:09] [Training] Progress 114/216 | remaining=102 | elapsed=1.8m | eta≈1.6m
[2026-09-18 00:36:09] [Training task] Starting | pid=93671 | item=115 | split=cross_session_325ebffcfcb2 | representation=csp_6__all_standard | model=logistic_regression
[2026-09-18 00:36:10] [Training task] Done | pid=93671 | item=115 | split=cross_session_325ebffcfcb2 | representation=csp_6__all_standard | model=logistic_regression | elapsed=1s
[2026-09-18 00:36:10] [Training] Progress 115/216 | remaining=101 | elapsed=1.8m | eta≈1.6m
[2026-09-18 00:36:10] [Training task] Starting | pid=93671 | item=116 | split=cross_session_325ebffcfcb2 | representation=standardized_signal | model=eegnet
[2026-09-18 00:36:11] [Training task] Done | pid=93671 | item=116 | split=cross_session_325ebffcfcb2 | representation=standardized_signal | model=eegnet | elapsed=1s
[2026-09-18 00:36:11] [Training] Progress 116/216 | remaining=100 | elapsed=1.8m | eta≈1.6m
[2026-09-18 00:36:11] [Training task] Starting | pid=93671 | item=117 | split=cross_session_f9911b9cb057 | representation=statistical__all_standard | model=logistic_regression
[2026-09-18 00:36:12] [Training task] Done | pid=93671 | item=117 | split=cross_session_f9911b9cb057 | representation=statistical__all_standard | model=logistic_regression | elapsed=1s
[2026-09-18 00:36:12] [Training] Progress 117/216 | remaining=99 | elapsed=1.8m | eta≈1.5m
[2026-09-18 00:36:12] [Training task] Starting | pid=93671 | item=118 | split=cross_session_f9911b9cb057 | representation=temporal__all_standard | model=logistic_regression
[2026-09-18 00:36:12] [Training task] Done | pid=93671 | item=118 | split=cross_session_f9911b9cb057 | representation=temporal__all_standard | model=logistic_regression | elapsed=1s
[2026-09-18 00:36:12] [Training] Progress 118/216 | remaining=98 | elapsed=1.8m | eta≈1.5m
[2026-09-18 00:36:12] [Training task] Starting | pid=93671 | item=119 | split=cross_session_f9911b9cb057 | representation=csp_6__all_standard | model=logistic_regression
[2026-09-18 00:36:13] [Training task] Done | pid=93671 | item=119 | split=cross_session_f9911b9cb057 | representation=csp_6__all_standard | model=logistic_regression | elapsed=0s
[2026-09-18 00:36:13] [Training] Progress 119/216 | remaining=97 | elapsed=1.8m | eta≈1.5m
[2026-09-18 00:36:13] [Training task] Starting | pid=93671 | item=120 | split=cross_session_f9911b9cb057 | representation=standardized_signal | model=eegnet
[2026-09-18 00:36:14] [Training task] Done | pid=93671 | item=120 | split=cross_session_f9911b9cb057 | representation=standardized_signal | model=eegnet | elapsed=1s
[2026-09-18 00:36:14] [Training] Progress 120/216 | remaining=96 | elapsed=1.9m | eta≈1.5m
[2026-09-18 00:36:14] [Training task] Starting | pid=93671 | item=121 | split=cross_session_5520fb22cf29 | representation=statistical__all_standard | model=logistic_regression
[2026-09-18 00:36:15] [Training task] Done | pid=93671 | item=121 | split=cross_session_5520fb22cf29 | representation=statistical__all_standard | model=logistic_regression | elapsed=1s
[2026-09-18 00:36:15] [Training] Progress 121/216 | remaining=95 | elapsed=1.9m | eta≈1.5m
[2026-09-18 00:36:15] [Training task] Starting | pid=93671 | item=122 | split=cross_session_5520fb22cf29 | representation=temporal__all_standard | model=logistic_regression
[2026-09-18 00:36:16] [Training task] Done | pid=93671 | item=122 | split=cross_session_5520fb22cf29 | representation=temporal__all_standard | model=logistic_regression | elapsed=1s
[2026-09-18 00:36:16] [Training] Progress 122/216 | remaining=94 | elapsed=1.9m | eta≈1.5m
[2026-09-18 00:36:16] [Training task] Starting | pid=93671 | item=123 | split=cross_session_5520fb22cf29 | representation=csp_6__all_standard | model=logistic_regression
[2026-09-18 00:36:16] [Training task] Done | pid=93671 | item=123 | split=cross_session_5520fb22cf29 | representation=csp_6__all_standard | model=logistic_regression | elapsed=0s
[2026-09-18 00:36:16] [Training] Progress 123/216 | remaining=93 | elapsed=1.9m | eta≈1.4m
[2026-09-18 00:36:16] [Training task] Starting | pid=93671 | item=124 | split=cross_session_5520fb22cf29 | representation=standardized_signal | model=eegnet
[2026-09-18 00:36:17] [Training task] Done | pid=93671 | item=124 | split=cross_session_5520fb22cf29 | representation=standardized_signal | model=eegnet | elapsed=1s
[2026-09-18 00:36:17] [Training] Progress 124/216 | remaining=92 | elapsed=1.9m | eta≈1.4m
[2026-09-18 00:36:17] [Training task] Starting | pid=93671 | item=125 | split=cross_session_0f01d69d3fbf | representation=statistical__all_standard | model=logistic_regression
[2026-09-18 00:36:18] [Training task] Done | pid=93671 | item=125 | split=cross_session_0f01d69d3fbf | representation=statistical__all_standard | model=logistic_regression | elapsed=1s
[2026-09-18 00:36:18] [Training] Progress 125/216 | remaining=91 | elapsed=1.9m | eta≈1.4m
[2026-09-18 00:36:18] [Training task] Starting | pid=93671 | item=126 | split=cross_session_0f01d69d3fbf | representation=temporal__all_standard | model=logistic_regression
[2026-09-18 00:36:18] [Training task] Done | pid=93671 | item=126 | split=cross_session_0f01d69d3fbf | representation=temporal__all_standard | model=logistic_regression | elapsed=1s
[2026-09-18 00:36:18] [Training] Progress 126/216 | remaining=90 | elapsed=1.9m | eta≈1.4m
[2026-09-18 00:36:18] [Training task] Starting | pid=93671 | item=127 | split=cross_session_0f01d69d3fbf | representation=csp_6__all_standard | model=logistic_regression
[2026-09-18 00:36:19] [Training task] Done | pid=93671 | item=127 | split=cross_session_0f01d69d3fbf | representation=csp_6__all_standard | model=logistic_regression | elapsed=1s
[2026-09-18 00:36:19] [Training] Progress 127/216 | remaining=89 | elapsed=1.9m | eta≈1.4m
[2026-09-18 00:36:19] [Training task] Starting | pid=93671 | item=128 | split=cross_session_0f01d69d3fbf | representation=standardized_signal | model=eegnet
[2026-09-18 00:36:20] [Training task] Done | pid=93671 | item=128 | split=cross_session_0f01d69d3fbf | representation=standardized_signal | model=eegnet | elapsed=1s
[2026-09-18 00:36:20] [Training] Progress 128/216 | remaining=88 | elapsed=2.0m | eta≈1.3m
[2026-09-18 00:36:20] [Training task] Starting | pid=93671 | item=129 | split=cross_session_36c157397a02 | representation=statistical__all_standard | model=logistic_regression
[2026-09-18 00:36:21] [Training task] Done | pid=93671 | item=129 | split=cross_session_36c157397a02 | representation=statistical__all_standard | model=logistic_regression | elapsed=1s
[2026-09-18 00:36:21] [Training] Progress 129/216 | remaining=87 | elapsed=2.0m | eta≈1.3m
[2026-09-18 00:36:21] [Training task] Starting | pid=93671 | item=130 | split=cross_session_36c157397a02 | representation=temporal__all_standard | model=logistic_regression
[2026-09-18 00:36:22] [Training task] Done | pid=93671 | item=130 | split=cross_session_36c157397a02 | representation=temporal__all_standard | model=logistic_regression | elapsed=1s
[2026-09-18 00:36:22] [Training] Progress 130/216 | remaining=86 | elapsed=2.0m | eta≈1.3m
[2026-09-18 00:36:22] [Training task] Starting | pid=93671 | item=131 | split=cross_session_36c157397a02 | representation=csp_6__all_standard | model=logistic_regression
[2026-09-18 00:36:22] [Training task] Done | pid=93671 | item=131 | split=cross_session_36c157397a02 | representation=csp_6__all_standard | model=logistic_regression | elapsed=1s
[2026-09-18 00:36:22] [Training] Progress 131/216 | remaining=85 | elapsed=2.0m | eta≈1.3m
[2026-09-18 00:36:22] [Training task] Starting | pid=93671 | item=132 | split=cross_session_36c157397a02 | representation=standardized_signal | model=eegnet
[2026-09-18 00:36:23] [Training task] Done | pid=93671 | item=132 | split=cross_session_36c157397a02 | representation=standardized_signal | model=eegnet | elapsed=1s
[2026-09-18 00:36:23] [Training] Progress 132/216 | remaining=84 | elapsed=2.0m | eta≈1.3m
[2026-09-18 00:36:23] [Training task] Starting | pid=93671 | item=133 | split=cross_session_d8f4f115dd09 | representation=statistical__all_standard | model=logistic_regression
[2026-09-18 00:36:24] [Training task] Done | pid=93671 | item=133 | split=cross_session_d8f4f115dd09 | representation=statistical__all_standard | model=logistic_regression | elapsed=1s
[2026-09-18 00:36:24] [Training] Progress 133/216 | remaining=83 | elapsed=2.0m | eta≈1.3m
[2026-09-18 00:36:24] [Training task] Starting | pid=93671 | item=134 | split=cross_session_d8f4f115dd09 | representation=temporal__all_standard | model=logistic_regression
[2026-09-18 00:36:25] [Training task] Done | pid=93671 | item=134 | split=cross_session_d8f4f115dd09 | representation=temporal__all_standard | model=logistic_regression | elapsed=1s
[2026-09-18 00:36:25] [Training] Progress 134/216 | remaining=82 | elapsed=2.0m | eta≈1.3m
[2026-09-18 00:36:25] [Training task] Starting | pid=93671 | item=135 | split=cross_session_d8f4f115dd09 | representation=csp_6__all_standard | model=logistic_regression
[2026-09-18 00:36:26] [Training task] Done | pid=93671 | item=135 | split=cross_session_d8f4f115dd09 | representation=csp_6__all_standard | model=logistic_regression | elapsed=0s
[2026-09-18 00:36:26] [Training] Progress 135/216 | remaining=81 | elapsed=2.1m | eta≈1.2m
[2026-09-18 00:36:26] [Training task] Starting | pid=93671 | item=136 | split=cross_session_d8f4f115dd09 | representation=standardized_signal | model=eegnet
[2026-09-18 00:36:27] [Training task] Done | pid=93671 | item=136 | split=cross_session_d8f4f115dd09 | representation=standardized_signal | model=eegnet | elapsed=1s
[2026-09-18 00:36:27] [Training] Progress 136/216 | remaining=80 | elapsed=2.1m | eta≈1.2m
[2026-09-18 00:36:27] [Training task] Starting | pid=93671 | item=137 | split=cross_session_e0fced86ada0 | representation=statistical__all_standard | model=logistic_regression
[2026-09-18 00:36:28] [Training task] Done | pid=93671 | item=137 | split=cross_session_e0fced86ada0 | representation=statistical__all_standard | model=logistic_regression | elapsed=1s
[2026-09-18 00:36:28] [Training] Progress 137/216 | remaining=79 | elapsed=2.1m | eta≈1.2m
[2026-09-18 00:36:28] [Training task] Starting | pid=93671 | item=138 | split=cross_session_e0fced86ada0 | representation=temporal__all_standard | model=logistic_regression
[2026-09-18 00:36:28] [Training task] Done | pid=93671 | item=138 | split=cross_session_e0fced86ada0 | representation=temporal__all_standard | model=logistic_regression | elapsed=0s
[2026-09-18 00:36:28] [Training] Progress 138/216 | remaining=78 | elapsed=2.1m | eta≈1.2m
[2026-09-18 00:36:28] [Training task] Starting | pid=93671 | item=139 | split=cross_session_e0fced86ada0 | representation=csp_6__all_standard | model=logistic_regression
[2026-09-18 00:36:29] [Training task] Done | pid=93671 | item=139 | split=cross_session_e0fced86ada0 | representation=csp_6__all_standard | model=logistic_regression | elapsed=0s
[2026-09-18 00:36:29] [Training] Progress 139/216 | remaining=77 | elapsed=2.1m | eta≈1.2m
[2026-09-18 00:36:29] [Training task] Starting | pid=93671 | item=140 | split=cross_session_e0fced86ada0 | representation=standardized_signal | model=eegnet
[2026-09-18 00:36:30] [Training task] Done | pid=93671 | item=140 | split=cross_session_e0fced86ada0 | representation=standardized_signal | model=eegnet | elapsed=1s
[2026-09-18 00:36:30] [Training] Progress 140/216 | remaining=76 | elapsed=2.1m | eta≈1.2m
[2026-09-18 00:36:30] [Training task] Starting | pid=93671 | item=141 | split=cross_session_a4a512d44495 | representation=statistical__all_standard | model=logistic_regression
[2026-09-18 00:36:30] [Training task] Done | pid=93671 | item=141 | split=cross_session_a4a512d44495 | representation=statistical__all_standard | model=logistic_regression | elapsed=1s
[2026-09-18 00:36:30] [Training] Progress 141/216 | remaining=75 | elapsed=2.1m | eta≈1.1m
[2026-09-18 00:36:30] [Training task] Starting | pid=93671 | item=142 | split=cross_session_a4a512d44495 | representation=temporal__all_standard | model=logistic_regression
[2026-09-18 00:36:31] [Training task] Done | pid=93671 | item=142 | split=cross_session_a4a512d44495 | representation=temporal__all_standard | model=logistic_regression | elapsed=1s
[2026-09-18 00:36:31] [Training] Progress 142/216 | remaining=74 | elapsed=2.1m | eta≈1.1m
[2026-09-18 00:36:31] [Training task] Starting | pid=93671 | item=143 | split=cross_session_a4a512d44495 | representation=csp_6__all_standard | model=logistic_regression
[2026-09-18 00:36:32] [Training task] Done | pid=93671 | item=143 | split=cross_session_a4a512d44495 | representation=csp_6__all_standard | model=logistic_regression | elapsed=1s
[2026-09-18 00:36:32] [Training] Progress 143/216 | remaining=73 | elapsed=2.2m | eta≈1.1m
[2026-09-18 00:36:32] [Training task] Starting | pid=93671 | item=144 | split=cross_session_a4a512d44495 | representation=standardized_signal | model=eegnet
[2026-09-18 00:36:33] [Training task] Done | pid=93671 | item=144 | split=cross_session_a4a512d44495 | representation=standardized_signal | model=eegnet | elapsed=1s
[2026-09-18 00:36:33] [Training] Progress 144/216 | remaining=72 | elapsed=2.2m | eta≈1.1m
[2026-09-18 00:36:33] [Training task] Starting | pid=93671 | item=145 | split=cross_session_1b876c6750c6 | representation=statistical__all_standard | model=logistic_regression
[2026-09-18 00:36:33] [Training task] Done | pid=93671 | item=145 | split=cross_session_1b876c6750c6 | representation=statistical__all_standard | model=logistic_regression | elapsed=1s
[2026-09-18 00:36:33] [Training] Progress 145/216 | remaining=71 | elapsed=2.2m | eta≈1.1m
[2026-09-18 00:36:33] [Training task] Starting | pid=93671 | item=146 | split=cross_session_1b876c6750c6 | representation=temporal__all_standard | model=logistic_regression
[2026-09-18 00:36:34] [Training task] Done | pid=93671 | item=146 | split=cross_session_1b876c6750c6 | representation=temporal__all_standard | model=logistic_regression | elapsed=0s
[2026-09-18 00:36:34] [Training] Progress 146/216 | remaining=70 | elapsed=2.2m | eta≈1.1m
[2026-09-18 00:36:34] [Training task] Starting | pid=93671 | item=147 | split=cross_session_1b876c6750c6 | representation=csp_6__all_standard | model=logistic_regression
[2026-09-18 00:36:34] [Training task] Done | pid=93671 | item=147 | split=cross_session_1b876c6750c6 | representation=csp_6__all_standard | model=logistic_regression | elapsed=0s
[2026-09-18 00:36:34] [Training] Progress 147/216 | remaining=69 | elapsed=2.2m | eta≈1.0m
[2026-09-18 00:36:34] [Training task] Starting | pid=93671 | item=148 | split=cross_session_1b876c6750c6 | representation=standardized_signal | model=eegnet
[2026-09-18 00:36:36] [Training task] Done | pid=93671 | item=148 | split=cross_session_1b876c6750c6 | representation=standardized_signal | model=eegnet | elapsed=1s
[2026-09-18 00:36:36] [Training] Progress 148/216 | remaining=68 | elapsed=2.2m | eta≈1.0m
[2026-09-18 00:36:36] [Training task] Starting | pid=93671 | item=149 | split=cross_session_b244bedb6ccf | representation=statistical__all_standard | model=logistic_regression
[2026-09-18 00:36:37] [Training task] Done | pid=93671 | item=149 | split=cross_session_b244bedb6ccf | representation=statistical__all_standard | model=logistic_regression | elapsed=1s
[2026-09-18 00:36:37] [Training] Progress 149/216 | remaining=67 | elapsed=2.2m | eta≈1.0m
[2026-09-18 00:36:37] [Training task] Starting | pid=93671 | item=150 | split=cross_session_b244bedb6ccf | representation=temporal__all_standard | model=logistic_regression
[2026-09-18 00:36:37] [Training task] Done | pid=93671 | item=150 | split=cross_session_b244bedb6ccf | representation=temporal__all_standard | model=logistic_regression | elapsed=1s
[2026-09-18 00:36:37] [Training] Progress 150/216 | remaining=66 | elapsed=2.2m | eta≈59s
[2026-09-18 00:36:37] [Training task] Starting | pid=93671 | item=151 | split=cross_session_b244bedb6ccf | representation=csp_6__all_standard | model=logistic_regression
[2026-09-18 00:36:38] [Training task] Done | pid=93671 | item=151 | split=cross_session_b244bedb6ccf | representation=csp_6__all_standard | model=logistic_regression | elapsed=1s
[2026-09-18 00:36:38] [Training] Progress 151/216 | remaining=65 | elapsed=2.3m | eta≈58s
[2026-09-18 00:36:38] [Training task] Starting | pid=93671 | item=152 | split=cross_session_b244bedb6ccf | representation=standardized_signal | model=eegnet
[2026-09-18 00:36:39] [Training task] Done | pid=93671 | item=152 | split=cross_session_b244bedb6ccf | representation=standardized_signal | model=eegnet | elapsed=1s
[2026-09-18 00:36:39] [Training] Progress 152/216 | remaining=64 | elapsed=2.3m | eta≈57s
[2026-09-18 00:36:39] [Training task] Starting | pid=93671 | item=153 | split=cross_session_7d0c3c21e647 | representation=statistical__all_standard | model=logistic_regression
[2026-09-18 00:36:40] [Training task] Done | pid=93671 | item=153 | split=cross_session_7d0c3c21e647 | representation=statistical__all_standard | model=logistic_regression | elapsed=1s
[2026-09-18 00:36:40] [Training] Progress 153/216 | remaining=63 | elapsed=2.3m | eta≈57s
[2026-09-18 00:36:40] [Training task] Starting | pid=93671 | item=154 | split=cross_session_7d0c3c21e647 | representation=temporal__all_standard | model=logistic_regression
[2026-09-18 00:36:41] [Training task] Done | pid=93671 | item=154 | split=cross_session_7d0c3c21e647 | representation=temporal__all_standard | model=logistic_regression | elapsed=1s
[2026-09-18 00:36:41] [Training] Progress 154/216 | remaining=62 | elapsed=2.3m | eta≈56s
[2026-09-18 00:36:41] [Training task] Starting | pid=93671 | item=155 | split=cross_session_7d0c3c21e647 | representation=csp_6__all_standard | model=logistic_regression
[2026-09-18 00:36:41] [Training task] Done | pid=93671 | item=155 | split=cross_session_7d0c3c21e647 | representation=csp_6__all_standard | model=logistic_regression | elapsed=0s
[2026-09-18 00:36:41] [Training] Progress 155/216 | remaining=61 | elapsed=2.3m | eta≈55s
[2026-09-18 00:36:41] [Training task] Starting | pid=93671 | item=156 | split=cross_session_7d0c3c21e647 | representation=standardized_signal | model=eegnet
[2026-09-18 00:36:42] [Training task] Done | pid=93671 | item=156 | split=cross_session_7d0c3c21e647 | representation=standardized_signal | model=eegnet | elapsed=1s
[2026-09-18 00:36:42] [Training] Progress 156/216 | remaining=60 | elapsed=2.3m | eta≈54s
[2026-09-18 00:36:42] [Training task] Starting | pid=93671 | item=157 | split=cross_session_54cbc56ae5af | representation=statistical__all_standard | model=logistic_regression
[2026-09-18 00:36:43] [Training task] Done | pid=93671 | item=157 | split=cross_session_54cbc56ae5af | representation=statistical__all_standard | model=logistic_regression | elapsed=1s
[2026-09-18 00:36:43] [Training] Progress 157/216 | remaining=59 | elapsed=2.3m | eta≈53s
[2026-09-18 00:36:43] [Training task] Starting | pid=93671 | item=158 | split=cross_session_54cbc56ae5af | representation=temporal__all_standard | model=logistic_regression
[2026-09-18 00:36:44] [Training task] Done | pid=93671 | item=158 | split=cross_session_54cbc56ae5af | representation=temporal__all_standard | model=logistic_regression | elapsed=1s
[2026-09-18 00:36:44] [Training] Progress 158/216 | remaining=58 | elapsed=2.4m | eta≈52s
[2026-09-18 00:36:44] [Training task] Starting | pid=93671 | item=159 | split=cross_session_54cbc56ae5af | representation=csp_6__all_standard | model=logistic_regression
[2026-09-18 00:36:44] [Training task] Done | pid=93671 | item=159 | split=cross_session_54cbc56ae5af | representation=csp_6__all_standard | model=logistic_regression | elapsed=1s
[2026-09-18 00:36:44] [Training] Progress 159/216 | remaining=57 | elapsed=2.4m | eta≈51s
[2026-09-18 00:36:44] [Training task] Starting | pid=93671 | item=160 | split=cross_session_54cbc56ae5af | representation=standardized_signal | model=eegnet
[2026-09-18 00:36:46] [Training task] Done | pid=93671 | item=160 | split=cross_session_54cbc56ae5af | representation=standardized_signal | model=eegnet | elapsed=1s
[2026-09-18 00:36:46] [Training] Progress 160/216 | remaining=56 | elapsed=2.4m | eta≈50s
[2026-09-18 00:36:46] [Training task] Starting | pid=93671 | item=161 | split=cross_session_604d3d53674b | representation=statistical__all_standard | model=logistic_regression
[2026-09-18 00:36:47] [Training task] Done | pid=93671 | item=161 | split=cross_session_604d3d53674b | representation=statistical__all_standard | model=logistic_regression | elapsed=1s
[2026-09-18 00:36:47] [Training] Progress 161/216 | remaining=55 | elapsed=2.4m | eta≈49s
[2026-09-18 00:36:47] [Training task] Starting | pid=93671 | item=162 | split=cross_session_604d3d53674b | representation=temporal__all_standard | model=logistic_regression
[2026-09-18 00:36:47] [Training task] Done | pid=93671 | item=162 | split=cross_session_604d3d53674b | representation=temporal__all_standard | model=logistic_regression | elapsed=1s
[2026-09-18 00:36:47] [Training] Progress 162/216 | remaining=54 | elapsed=2.4m | eta≈48s
[2026-09-18 00:36:47] [Training task] Starting | pid=93671 | item=163 | split=cross_session_604d3d53674b | representation=csp_6__all_standard | model=logistic_regression
[2026-09-18 00:36:47] [Training task] Done | pid=93671 | item=163 | split=cross_session_604d3d53674b | representation=csp_6__all_standard | model=logistic_regression | elapsed=0s
[2026-09-18 00:36:47] [Training] Progress 163/216 | remaining=53 | elapsed=2.4m | eta≈47s
[2026-09-18 00:36:47] [Training task] Starting | pid=93671 | item=164 | split=cross_session_604d3d53674b | representation=standardized_signal | model=eegnet
[2026-09-18 00:36:48] [Training task] Done | pid=93671 | item=164 | split=cross_session_604d3d53674b | representation=standardized_signal | model=eegnet | elapsed=1s
[2026-09-18 00:36:48] [Training] Progress 164/216 | remaining=52 | elapsed=2.4m | eta≈46s
[2026-09-18 00:36:48] [Training task] Starting | pid=93671 | item=165 | split=cross_session_d470a4c875d7 | representation=statistical__all_standard | model=logistic_regression
[2026-09-18 00:36:50] [Training task] Done | pid=93671 | item=165 | split=cross_session_d470a4c875d7 | representation=statistical__all_standard | model=logistic_regression | elapsed=1s
[2026-09-18 00:36:50] [Training] Progress 165/216 | remaining=51 | elapsed=2.5m | eta≈45s
[2026-09-18 00:36:50] [Training task] Starting | pid=93671 | item=166 | split=cross_session_d470a4c875d7 | representation=temporal__all_standard | model=logistic_regression
[2026-09-18 00:36:50] [Training task] Done | pid=93671 | item=166 | split=cross_session_d470a4c875d7 | representation=temporal__all_standard | model=logistic_regression | elapsed=1s
[2026-09-18 00:36:50] [Training] Progress 166/216 | remaining=50 | elapsed=2.5m | eta≈44s
[2026-09-18 00:36:50] [Training task] Starting | pid=93671 | item=167 | split=cross_session_d470a4c875d7 | representation=csp_6__all_standard | model=logistic_regression
[2026-09-18 00:36:51] [Training task] Done | pid=93671 | item=167 | split=cross_session_d470a4c875d7 | representation=csp_6__all_standard | model=logistic_regression | elapsed=1s
[2026-09-18 00:36:51] [Training] Progress 167/216 | remaining=49 | elapsed=2.5m | eta≈43s
[2026-09-18 00:36:51] [Training task] Starting | pid=93671 | item=168 | split=cross_session_d470a4c875d7 | representation=standardized_signal | model=eegnet
[2026-09-18 00:36:52] [Training task] Done | pid=93671 | item=168 | split=cross_session_d470a4c875d7 | representation=standardized_signal | model=eegnet | elapsed=1s
[2026-09-18 00:36:52] [Training] Progress 168/216 | remaining=48 | elapsed=2.5m | eta≈43s
[2026-09-18 00:36:52] [Training task] Starting | pid=93671 | item=169 | split=cross_session_9f6162b3e24c | representation=statistical__all_standard | model=logistic_regression
[2026-09-18 00:36:54] [Training task] Done | pid=93671 | item=169 | split=cross_session_9f6162b3e24c | representation=statistical__all_standard | model=logistic_regression | elapsed=2s
[2026-09-18 00:36:54] [Training] Progress 169/216 | remaining=47 | elapsed=2.5m | eta≈42s
[2026-09-18 00:36:54] [Training task] Starting | pid=93671 | item=170 | split=cross_session_9f6162b3e24c | representation=temporal__all_standard | model=logistic_regression
[2026-09-18 00:36:54] [Training task] Done | pid=93671 | item=170 | split=cross_session_9f6162b3e24c | representation=temporal__all_standard | model=logistic_regression | elapsed=0s
[2026-09-18 00:36:54] [Training] Progress 170/216 | remaining=46 | elapsed=2.5m | eta≈41s
[2026-09-18 00:36:54] [Training task] Starting | pid=93671 | item=171 | split=cross_session_9f6162b3e24c | representation=csp_6__all_standard | model=logistic_regression
[2026-09-18 00:36:55] [Training task] Done | pid=93671 | item=171 | split=cross_session_9f6162b3e24c | representation=csp_6__all_standard | model=logistic_regression | elapsed=0s
[2026-09-18 00:36:55] [Training] Progress 171/216 | remaining=45 | elapsed=2.5m | eta≈40s
[2026-09-18 00:36:55] [Training task] Starting | pid=93671 | item=172 | split=cross_session_9f6162b3e24c | representation=standardized_signal | model=eegnet
[2026-09-18 00:36:56] [Training task] Done | pid=93671 | item=172 | split=cross_session_9f6162b3e24c | representation=standardized_signal | model=eegnet | elapsed=1s
[2026-09-18 00:36:56] [Training] Progress 172/216 | remaining=44 | elapsed=2.6m | eta≈39s
[2026-09-18 00:36:56] [Training task] Starting | pid=93671 | item=173 | split=cross_session_a6d19810d2cf | representation=statistical__all_standard | model=logistic_regression
[2026-09-18 00:36:57] [Training task] Done | pid=93671 | item=173 | split=cross_session_a6d19810d2cf | representation=statistical__all_standard | model=logistic_regression | elapsed=1s
[2026-09-18 00:36:57] [Training] Progress 173/216 | remaining=43 | elapsed=2.6m | eta≈38s
[2026-09-18 00:36:57] [Training task] Starting | pid=93671 | item=174 | split=cross_session_a6d19810d2cf | representation=temporal__all_standard | model=logistic_regression
[2026-09-18 00:36:57] [Training task] Done | pid=93671 | item=174 | split=cross_session_a6d19810d2cf | representation=temporal__all_standard | model=logistic_regression | elapsed=1s
[2026-09-18 00:36:57] [Training] Progress 174/216 | remaining=42 | elapsed=2.6m | eta≈37s
[2026-09-18 00:36:57] [Training task] Starting | pid=93671 | item=175 | split=cross_session_a6d19810d2cf | representation=csp_6__all_standard | model=logistic_regression
[2026-09-18 00:36:58] [Training task] Done | pid=93671 | item=175 | split=cross_session_a6d19810d2cf | representation=csp_6__all_standard | model=logistic_regression | elapsed=0s
[2026-09-18 00:36:58] [Training] Progress 175/216 | remaining=41 | elapsed=2.6m | eta≈36s
[2026-09-18 00:36:58] [Training task] Starting | pid=93671 | item=176 | split=cross_session_a6d19810d2cf | representation=standardized_signal | model=eegnet
[2026-09-18 00:36:59] [Training task] Done | pid=93671 | item=176 | split=cross_session_a6d19810d2cf | representation=standardized_signal | model=eegnet | elapsed=1s
[2026-09-18 00:36:59] [Training] Progress 176/216 | remaining=40 | elapsed=2.6m | eta≈36s
[2026-09-18 00:36:59] [Training task] Starting | pid=93671 | item=177 | split=cross_session_101bba2ac83d | representation=statistical__all_standard | model=logistic_regression
[2026-09-18 00:37:00] [Training task] Done | pid=93671 | item=177 | split=cross_session_101bba2ac83d | representation=statistical__all_standard | model=logistic_regression | elapsed=1s
[2026-09-18 00:37:00] [Training] Progress 177/216 | remaining=39 | elapsed=2.6m | eta≈35s
[2026-09-18 00:37:00] [Training task] Starting | pid=93671 | item=178 | split=cross_session_101bba2ac83d | representation=temporal__all_standard | model=logistic_regression
[2026-09-18 00:37:01] [Training task] Done | pid=93671 | item=178 | split=cross_session_101bba2ac83d | representation=temporal__all_standard | model=logistic_regression | elapsed=1s
[2026-09-18 00:37:01] [Training] Progress 178/216 | remaining=38 | elapsed=2.6m | eta≈34s
[2026-09-18 00:37:01] [Training task] Starting | pid=93671 | item=179 | split=cross_session_101bba2ac83d | representation=csp_6__all_standard | model=logistic_regression
[2026-09-18 00:37:01] [Training task] Done | pid=93671 | item=179 | split=cross_session_101bba2ac83d | representation=csp_6__all_standard | model=logistic_regression | elapsed=0s
[2026-09-18 00:37:01] [Training] Progress 179/216 | remaining=37 | elapsed=2.6m | eta≈33s
[2026-09-18 00:37:01] [Training task] Starting | pid=93671 | item=180 | split=cross_session_101bba2ac83d | representation=standardized_signal | model=eegnet
[2026-09-18 00:37:02] [Training task] Done | pid=93671 | item=180 | split=cross_session_101bba2ac83d | representation=standardized_signal | model=eegnet | elapsed=1s
[2026-09-18 00:37:02] [Training] Progress 180/216 | remaining=36 | elapsed=2.7m | eta≈32s
[2026-09-18 00:37:02] [Training task] Starting | pid=93671 | item=181 | split=cross_session_4c0541c9688c | representation=statistical__all_standard | model=logistic_regression
[2026-09-18 00:37:04] [Training task] Done | pid=93671 | item=181 | split=cross_session_4c0541c9688c | representation=statistical__all_standard | model=logistic_regression | elapsed=1s
[2026-09-18 00:37:04] [Training] Progress 181/216 | remaining=35 | elapsed=2.7m | eta≈31s
[2026-09-18 00:37:04] [Training task] Starting | pid=93671 | item=182 | split=cross_session_4c0541c9688c | representation=temporal__all_standard | model=logistic_regression
[2026-09-18 00:37:04] [Training task] Done | pid=93671 | item=182 | split=cross_session_4c0541c9688c | representation=temporal__all_standard | model=logistic_regression | elapsed=1s
[2026-09-18 00:37:04] [Training] Progress 182/216 | remaining=34 | elapsed=2.7m | eta≈30s
[2026-09-18 00:37:04] [Training task] Starting | pid=93671 | item=183 | split=cross_session_4c0541c9688c | representation=csp_6__all_standard | model=logistic_regression
[2026-09-18 00:37:05] [Training task] Done | pid=93671 | item=183 | split=cross_session_4c0541c9688c | representation=csp_6__all_standard | model=logistic_regression | elapsed=0s
[2026-09-18 00:37:05] [Training] Progress 183/216 | remaining=33 | elapsed=2.7m | eta≈29s
[2026-09-18 00:37:05] [Training task] Starting | pid=93671 | item=184 | split=cross_session_4c0541c9688c | representation=standardized_signal | model=eegnet
[2026-09-18 00:37:06] [Training task] Done | pid=93671 | item=184 | split=cross_session_4c0541c9688c | representation=standardized_signal | model=eegnet | elapsed=1s
[2026-09-18 00:37:06] [Training] Progress 184/216 | remaining=32 | elapsed=2.7m | eta≈28s
[2026-09-18 00:37:06] [Training task] Starting | pid=93671 | item=185 | split=cross_session_325ebffcfcb2 | representation=statistical__all_standard | model=logistic_regression
[2026-09-18 00:37:07] [Training task] Done | pid=93671 | item=185 | split=cross_session_325ebffcfcb2 | representation=statistical__all_standard | model=logistic_regression | elapsed=1s
[2026-09-18 00:37:07] [Training] Progress 185/216 | remaining=31 | elapsed=2.7m | eta≈28s
[2026-09-18 00:37:07] [Training task] Starting | pid=93671 | item=186 | split=cross_session_325ebffcfcb2 | representation=temporal__all_standard | model=logistic_regression
[2026-09-18 00:37:08] [Training task] Done | pid=93671 | item=186 | split=cross_session_325ebffcfcb2 | representation=temporal__all_standard | model=logistic_regression | elapsed=1s
[2026-09-18 00:37:08] [Training] Progress 186/216 | remaining=30 | elapsed=2.8m | eta≈27s
[2026-09-18 00:37:08] [Training task] Starting | pid=93671 | item=187 | split=cross_session_325ebffcfcb2 | representation=csp_6__all_standard | model=logistic_regression
[2026-09-18 00:37:08] [Training task] Done | pid=93671 | item=187 | split=cross_session_325ebffcfcb2 | representation=csp_6__all_standard | model=logistic_regression | elapsed=0s
[2026-09-18 00:37:08] [Training] Progress 187/216 | remaining=29 | elapsed=2.8m | eta≈26s
[2026-09-18 00:37:08] [Training task] Starting | pid=93671 | item=188 | split=cross_session_325ebffcfcb2 | representation=standardized_signal | model=eegnet
[2026-09-18 00:37:09] [Training task] Done | pid=93671 | item=188 | split=cross_session_325ebffcfcb2 | representation=standardized_signal | model=eegnet | elapsed=1s
[2026-09-18 00:37:09] [Training] Progress 188/216 | remaining=28 | elapsed=2.8m | eta≈25s
[2026-09-18 00:37:09] [Training task] Starting | pid=93671 | item=189 | split=cross_session_f9911b9cb057 | representation=statistical__all_standard | model=logistic_regression
[2026-09-18 00:37:10] [Training task] Done | pid=93671 | item=189 | split=cross_session_f9911b9cb057 | representation=statistical__all_standard | model=logistic_regression | elapsed=1s
[2026-09-18 00:37:10] [Training] Progress 189/216 | remaining=27 | elapsed=2.8m | eta≈24s
[2026-09-18 00:37:10] [Training task] Starting | pid=93671 | item=190 | split=cross_session_f9911b9cb057 | representation=temporal__all_standard | model=logistic_regression
[2026-09-18 00:37:11] [Training task] Done | pid=93671 | item=190 | split=cross_session_f9911b9cb057 | representation=temporal__all_standard | model=logistic_regression | elapsed=1s
[2026-09-18 00:37:11] [Training] Progress 190/216 | remaining=26 | elapsed=2.8m | eta≈23s
[2026-09-18 00:37:11] [Training task] Starting | pid=93671 | item=191 | split=cross_session_f9911b9cb057 | representation=csp_6__all_standard | model=logistic_regression
[2026-09-18 00:37:12] [Training task] Done | pid=93671 | item=191 | split=cross_session_f9911b9cb057 | representation=csp_6__all_standard | model=logistic_regression | elapsed=0s
[2026-09-18 00:37:12] [Training] Progress 191/216 | remaining=25 | elapsed=2.8m | eta≈22s
[2026-09-18 00:37:12] [Training task] Starting | pid=93671 | item=192 | split=cross_session_f9911b9cb057 | representation=standardized_signal | model=eegnet
[2026-09-18 00:37:13] [Training task] Done | pid=93671 | item=192 | split=cross_session_f9911b9cb057 | representation=standardized_signal | model=eegnet | elapsed=1s
[2026-09-18 00:37:13] [Training] Progress 192/216 | remaining=24 | elapsed=2.8m | eta≈21s
[2026-09-18 00:37:13] [Training task] Starting | pid=93671 | item=193 | split=cross_session_5520fb22cf29 | representation=statistical__all_standard | model=logistic_regression
[2026-09-18 00:37:14] [Training task] Done | pid=93671 | item=193 | split=cross_session_5520fb22cf29 | representation=statistical__all_standard | model=logistic_regression | elapsed=1s
[2026-09-18 00:37:14] [Training] Progress 193/216 | remaining=23 | elapsed=2.9m | eta≈20s
[2026-09-18 00:37:14] [Training task] Starting | pid=93671 | item=194 | split=cross_session_5520fb22cf29 | representation=temporal__all_standard | model=logistic_regression
[2026-09-18 00:37:14] [Training task] Done | pid=93671 | item=194 | split=cross_session_5520fb22cf29 | representation=temporal__all_standard | model=logistic_regression | elapsed=1s
[2026-09-18 00:37:14] [Training] Progress 194/216 | remaining=22 | elapsed=2.9m | eta≈20s
[2026-09-18 00:37:14] [Training task] Starting | pid=93671 | item=195 | split=cross_session_5520fb22cf29 | representation=csp_6__all_standard | model=logistic_regression
[2026-09-18 00:37:15] [Training task] Done | pid=93671 | item=195 | split=cross_session_5520fb22cf29 | representation=csp_6__all_standard | model=logistic_regression | elapsed=0s
[2026-09-18 00:37:15] [Training] Progress 195/216 | remaining=21 | elapsed=2.9m | eta≈19s
[2026-09-18 00:37:15] [Training task] Starting | pid=93671 | item=196 | split=cross_session_5520fb22cf29 | representation=standardized_signal | model=eegnet
[2026-09-18 00:37:16] [Training task] Done | pid=93671 | item=196 | split=cross_session_5520fb22cf29 | representation=standardized_signal | model=eegnet | elapsed=1s
[2026-09-18 00:37:16] [Training] Progress 196/216 | remaining=20 | elapsed=2.9m | eta≈18s
[2026-09-18 00:37:16] [Training task] Starting | pid=93671 | item=197 | split=cross_session_0f01d69d3fbf | representation=statistical__all_standard | model=logistic_regression
[2026-09-18 00:37:17] [Training task] Done | pid=93671 | item=197 | split=cross_session_0f01d69d3fbf | representation=statistical__all_standard | model=logistic_regression | elapsed=1s
[2026-09-18 00:37:17] [Training] Progress 197/216 | remaining=19 | elapsed=2.9m | eta≈17s
[2026-09-18 00:37:17] [Training task] Starting | pid=93671 | item=198 | split=cross_session_0f01d69d3fbf | representation=temporal__all_standard | model=logistic_regression
[2026-09-18 00:37:18] [Training task] Done | pid=93671 | item=198 | split=cross_session_0f01d69d3fbf | representation=temporal__all_standard | model=logistic_regression | elapsed=1s
[2026-09-18 00:37:18] [Training] Progress 198/216 | remaining=18 | elapsed=2.9m | eta≈16s
[2026-09-18 00:37:18] [Training task] Starting | pid=93671 | item=199 | split=cross_session_0f01d69d3fbf | representation=csp_6__all_standard | model=logistic_regression
[2026-09-18 00:37:18] [Training task] Done | pid=93671 | item=199 | split=cross_session_0f01d69d3fbf | representation=csp_6__all_standard | model=logistic_regression | elapsed=0s
[2026-09-18 00:37:18] [Training] Progress 199/216 | remaining=17 | elapsed=2.9m | eta≈15s
[2026-09-18 00:37:18] [Training task] Starting | pid=93671 | item=200 | split=cross_session_0f01d69d3fbf | representation=standardized_signal | model=eegnet
[2026-09-18 00:37:19] [Training task] Done | pid=93671 | item=200 | split=cross_session_0f01d69d3fbf | representation=standardized_signal | model=eegnet | elapsed=1s
[2026-09-18 00:37:19] [Training] Progress 200/216 | remaining=16 | elapsed=2.9m | eta≈14s
[2026-09-18 00:37:19] [Training task] Starting | pid=93671 | item=201 | split=cross_session_36c157397a02 | representation=statistical__all_standard | model=logistic_regression
[2026-09-18 00:37:21] [Training task] Done | pid=93671 | item=201 | split=cross_session_36c157397a02 | representation=statistical__all_standard | model=logistic_regression | elapsed=1s
[2026-09-18 00:37:21] [Training] Progress 201/216 | remaining=15 | elapsed=3.0m | eta≈13s
[2026-09-18 00:37:21] [Training task] Starting | pid=93671 | item=202 | split=cross_session_36c157397a02 | representation=temporal__all_standard | model=logistic_regression
[2026-09-18 00:37:21] [Training task] Done | pid=93671 | item=202 | split=cross_session_36c157397a02 | representation=temporal__all_standard | model=logistic_regression | elapsed=1s
[2026-09-18 00:37:21] [Training] Progress 202/216 | remaining=14 | elapsed=3.0m | eta≈12s
[2026-09-18 00:37:21] [Training task] Starting | pid=93671 | item=203 | split=cross_session_36c157397a02 | representation=csp_6__all_standard | model=logistic_regression
[2026-09-18 00:37:22] [Training task] Done | pid=93671 | item=203 | split=cross_session_36c157397a02 | representation=csp_6__all_standard | model=logistic_regression | elapsed=0s
[2026-09-18 00:37:22] [Training] Progress 203/216 | remaining=13 | elapsed=3.0m | eta≈11s
[2026-09-18 00:37:22] [Training task] Starting | pid=93671 | item=204 | split=cross_session_36c157397a02 | representation=standardized_signal | model=eegnet
[2026-09-18 00:37:23] [Training task] Done | pid=93671 | item=204 | split=cross_session_36c157397a02 | representation=standardized_signal | model=eegnet | elapsed=1s
[2026-09-18 00:37:23] [Training] Progress 204/216 | remaining=12 | elapsed=3.0m | eta≈11s
[2026-09-18 00:37:23] [Training task] Starting | pid=93671 | item=205 | split=cross_session_d8f4f115dd09 | representation=statistical__all_standard | model=logistic_regression
[2026-09-18 00:37:23] [Training task] Done | pid=93671 | item=205 | split=cross_session_d8f4f115dd09 | representation=statistical__all_standard | model=logistic_regression | elapsed=1s
[2026-09-18 00:37:23] [Training] Progress 205/216 | remaining=11 | elapsed=3.0m | eta≈10s
[2026-09-18 00:37:23] [Training task] Starting | pid=93671 | item=206 | split=cross_session_d8f4f115dd09 | representation=temporal__all_standard | model=logistic_regression
[2026-09-18 00:37:24] [Training task] Done | pid=93671 | item=206 | split=cross_session_d8f4f115dd09 | representation=temporal__all_standard | model=logistic_regression | elapsed=1s
[2026-09-18 00:37:24] [Training] Progress 206/216 | remaining=10 | elapsed=3.0m | eta≈9s
[2026-09-18 00:37:24] [Training task] Starting | pid=93671 | item=207 | split=cross_session_d8f4f115dd09 | representation=csp_6__all_standard | model=logistic_regression
[2026-09-18 00:37:25] [Training task] Done | pid=93671 | item=207 | split=cross_session_d8f4f115dd09 | representation=csp_6__all_standard | model=logistic_regression | elapsed=1s
[2026-09-18 00:37:25] [Training] Progress 207/216 | remaining=9 | elapsed=3.0m | eta≈8s
[2026-09-18 00:37:25] [Training task] Starting | pid=93671 | item=208 | split=cross_session_d8f4f115dd09 | representation=standardized_signal | model=eegnet
[2026-09-18 00:37:26] [Training task] Done | pid=93671 | item=208 | split=cross_session_d8f4f115dd09 | representation=standardized_signal | model=eegnet | elapsed=1s
[2026-09-18 00:37:26] [Training] Progress 208/216 | remaining=8 | elapsed=3.1m | eta≈7s
[2026-09-18 00:37:26] [Training task] Starting | pid=93671 | item=209 | split=cross_session_e0fced86ada0 | representation=statistical__all_standard | model=logistic_regression
[2026-09-18 00:37:27] [Training task] Done | pid=93671 | item=209 | split=cross_session_e0fced86ada0 | representation=statistical__all_standard | model=logistic_regression | elapsed=1s
[2026-09-18 00:37:27] [Training] Progress 209/216 | remaining=7 | elapsed=3.1m | eta≈6s
[2026-09-18 00:37:27] [Training task] Starting | pid=93671 | item=210 | split=cross_session_e0fced86ada0 | representation=temporal__all_standard | model=logistic_regression
[2026-09-18 00:37:28] [Training task] Done | pid=93671 | item=210 | split=cross_session_e0fced86ada0 | representation=temporal__all_standard | model=logistic_regression | elapsed=1s
[2026-09-18 00:37:28] [Training] Progress 210/216 | remaining=6 | elapsed=3.1m | eta≈5s
[2026-09-18 00:37:28] [Training task] Starting | pid=93671 | item=211 | split=cross_session_e0fced86ada0 | representation=csp_6__all_standard | model=logistic_regression
[2026-09-18 00:37:28] [Training task] Done | pid=93671 | item=211 | split=cross_session_e0fced86ada0 | representation=csp_6__all_standard | model=logistic_regression | elapsed=0s
[2026-09-18 00:37:28] [Training] Progress 211/216 | remaining=5 | elapsed=3.1m | eta≈4s
[2026-09-18 00:37:28] [Training task] Starting | pid=93671 | item=212 | split=cross_session_e0fced86ada0 | representation=standardized_signal | model=eegnet
[2026-09-18 00:37:29] [Training task] Done | pid=93671 | item=212 | split=cross_session_e0fced86ada0 | representation=standardized_signal | model=eegnet | elapsed=1s
[2026-09-18 00:37:29] [Training] Progress 212/216 | remaining=4 | elapsed=3.1m | eta≈4s
[2026-09-18 00:37:29] [Training task] Starting | pid=93671 | item=213 | split=cross_session_a4a512d44495 | representation=statistical__all_standard | model=logistic_regression
[2026-09-18 00:37:31] [Training task] Done | pid=93671 | item=213 | split=cross_session_a4a512d44495 | representation=statistical__all_standard | model=logistic_regression | elapsed=1s
[2026-09-18 00:37:31] [Training] Progress 213/216 | remaining=3 | elapsed=3.1m | eta≈3s
[2026-09-18 00:37:31] [Training task] Starting | pid=93671 | item=214 | split=cross_session_a4a512d44495 | representation=temporal__all_standard | model=logistic_regression
[2026-09-18 00:37:31] [Training task] Done | pid=93671 | item=214 | split=cross_session_a4a512d44495 | representation=temporal__all_standard | model=logistic_regression | elapsed=1s
[2026-09-18 00:37:31] [Training] Progress 214/216 | remaining=2 | elapsed=3.1m | eta≈2s
[2026-09-18 00:37:31] [Training task] Starting | pid=93671 | item=215 | split=cross_session_a4a512d44495 | representation=csp_6__all_standard | model=logistic_regression
[2026-09-18 00:37:32] [Training task] Done | pid=93671 | item=215 | split=cross_session_a4a512d44495 | representation=csp_6__all_standard | model=logistic_regression | elapsed=0s
[2026-09-18 00:37:32] [Training] Progress 215/216 | remaining=1 | elapsed=3.2m | eta≈1s
[2026-09-18 00:37:32] [Training task] Starting | pid=93671 | item=216 | split=cross_session_a4a512d44495 | representation=standardized_signal | model=eegnet
[2026-09-18 00:37:33] [Training task] Done | pid=93671 | item=216 | split=cross_session_a4a512d44495 | representation=standardized_signal | model=eegnet | elapsed=1s
[2026-09-18 00:37:33] [Training] Progress 216/216 | remaining=0 | elapsed=3.2m | eta≈0s
[2026-09-18 00:37:33] [Training] Done | elapsed=3.2m
[2026-09-18 00:37:33] [Evaluation] Starting...
[Evaluation] 1/216 models[Evaluation] 2/216 models[Evaluation] 3/216 models[Evaluation] 4/216 models[Evaluation] 5/216 models[Evaluation] 6/216 models[Evaluation] 7/216 models[Evaluation] 8/216 models[Evaluation] 9/216 models[Evaluation] 10/216 models[Evaluation] 11/216 models[Evaluation] 12/216 models[Evaluation] 13/216 models[Evaluation] 14/216 models[Evaluation] 15/216 models[Evaluation] 16/216 models[Evaluation] 17/216 models[Evaluation] 18/216 models[Evaluation] 19/216 models[Evaluation] 20/216 models[Evaluation] 21/216 models[Evaluation] 22/216 models[Evaluation] 23/216 models[Evaluation] 24/216 models[Evaluation] 25/216 models[Evaluation] 26/216 models[Evaluation] 27/216 models[Evaluation] 28/216 models[Evaluation] 29/216 models[Evaluation] 30/216 models[Evaluation] 31/216 models[Evaluation] 32/216 models[Evaluation] 33/216 models[Evaluation] 34/216 models[Evaluation] 35/216 models[Evaluation] 36/216 models[Evaluation] 37/216 models[Evaluation] 38/216 models[Evaluation] 39/216 models[Evaluation] 40/216 models[Evaluation] 41/216 models[Evaluation] 42/216 models[Evaluation] 43/216 models[Evaluation] 44/216 models[Evaluation] 45/216 models[Evaluation] 46/216 models[Evaluation] 47/216 models[Evaluation] 48/216 models[Evaluation] 49/216 models[Evaluation] 50/216 models[Evaluation] 51/216 models[Evaluation] 52/216 models[Evaluation] 53/216 models[Evaluation] 54/216 models[Evaluation] 55/216 models[Evaluation] 56/216 models[Evaluation] 57/216 models[Evaluation] 58/216 models[Evaluation] 59/216 models[Evaluation] 60/216 models[Evaluation] 61/216 models[Evaluation] 62/216 models[Evaluation] 63/216 models[Evaluation] 64/216 models[Evaluation] 65/216 models[Evaluation] 66/216 models[Evaluation] 67/216 models[Evaluation] 68/216 models[Evaluation] 69/216 models[Evaluation] 70/216 models[Evaluation] 71/216 models[Evaluation] 72/216 models[Evaluation] 73/216 models[Evaluation] 74/216 models[Evaluation] 75/216 models[Evaluation] 76/216 models[Evaluation] 77/216 models[Evaluation] 78/216 models[Evaluation] 79/216 models[Evaluation] 80/216 models[Evaluation] 81/216 models[Evaluation] 82/216 models[Evaluation] 83/216 models[Evaluation] 84/216 models[Evaluation] 85/216 models[Evaluation] 86/216 models[Evaluation] 87/216 models[Evaluation] 88/216 models[Evaluation] 89/216 models[Evaluation] 90/216 models[Evaluation] 91/216 models[Evaluation] 92/216 models[Evaluation] 93/216 models[Evaluation] 94/216 models[Evaluation] 95/216 models[Evaluation] 96/216 models[Evaluation] 97/216 models[Evaluation] 98/216 models[Evaluation] 99/216 models[Evaluation] 100/216 models[Evaluation] 101/216 models[Evaluation] 102/216 models[Evaluation] 103/216 models[Evaluation] 104/216 models[Evaluation] 105/216 models[Evaluation] 106/216 models[Evaluation] 107/216 models[Evaluation] 108/216 models[Evaluation] 109/216 models[Evaluation] 110/216 models[Evaluation] 111/216 models[Evaluation] 112/216 models[Evaluation] 113/216 models[Evaluation] 114/216 models[Evaluation] 115/216 models[Evaluation] 116/216 models[Evaluation] 117/216 models[Evaluation] 118/216 models[Evaluation] 119/216 models[Evaluation] 120/216 models[Evaluation] 121/216 models[Evaluation] 122/216 models[Evaluation] 123/216 models[Evaluation] 124/216 models[Evaluation] 125/216 models[Evaluation] 126/216 models[Evaluation] 127/216 models[Evaluation] 128/216 models[Evaluation] 129/216 models[Evaluation] 130/216 models[Evaluation] 131/216 models[Evaluation] 132/216 models[Evaluation] 133/216 models[Evaluation] 134/216 models[Evaluation] 135/216 models[Evaluation] 136/216 models[Evaluation] 137/216 models[Evaluation] 138/216 models[Evaluation] 139/216 models[Evaluation] 140/216 models[Evaluation] 141/216 models[Evaluation] 142/216 models[Evaluation] 143/216 models[Evaluation] 144/216 models[Evaluation] 145/216 models[Evaluation] 146/216 models[Evaluation] 147/216 models[Evaluation] 148/216 models[Evaluation] 149/216 models[Evaluation] 150/216 models[Evaluation] 151/216 models[Evaluation] 152/216 models[Evaluation] 153/216 models[Evaluation] 154/216 models[Evaluation] 155/216 models[Evaluation] 156/216 models[Evaluation] 157/216 models[Evaluation] 158/216 models[Evaluation] 159/216 models[Evaluation] 160/216 models[Evaluation] 161/216 models[Evaluation] 162/216 models[Evaluation] 163/216 models[Evaluation] 164/216 models[Evaluation] 165/216 models[Evaluation] 166/216 models[Evaluation] 167/216 models[Evaluation] 168/216 models[Evaluation] 169/216 models[Evaluation] 170/216 models[Evaluation] 171/216 models[Evaluation] 172/216 models[Evaluation] 173/216 models[Evaluation] 174/216 models[Evaluation] 175/216 models[Evaluation] 176/216 models[Evaluation] 177/216 models[Evaluation] 178/216 models[Evaluation] 179/216 models[Evaluation] 180/216 models[Evaluation] 181/216 models[Evaluation] 182/216 models[Evaluation] 183/216 models[Evaluation] 184/216 models[Evaluation] 185/216 models[Evaluation] 186/216 models[Evaluation] 187/216 models[Evaluation] 188/216 models[Evaluation] 189/216 models[Evaluation] 190/216 models[Evaluation] 191/216 models[Evaluation] 192/216 models[Evaluation] 193/216 models[Evaluation] 194/216 models[Evaluation] 195/216 models[Evaluation] 196/216 models[Evaluation] 197/216 models[Evaluation] 198/216 models[Evaluation] 199/216 models[Evaluation] 200/216 models[Evaluation] 201/216 models[Evaluation] 202/216 models[Evaluation] 203/216 models[Evaluation] 204/216 models[Evaluation] 205/216 models[Evaluation] 206/216 models[Evaluation] 207/216 models[Evaluation] 208/216 models[Evaluation] 209/216 models[Evaluation] 210/216 models[Evaluation] 211/216 models[Evaluation] 212/216 models[Evaluation] 213/216 models[Evaluation] 214/216 models[Evaluation] 215/216 models[Evaluation] 216/216 models
[2026-09-18 00:39:54] [Evaluation] Done | elapsed=2.3m
[2026-09-18 00:39:54] [Benchmark] Starting...
[2026-09-18 00:39:54] [Benchmark] Done | elapsed=0s
[2026-09-18 00:39:54] [Paper 1 Analysis] Starting...
[Paper 1] Waiting for scenarios: cross_subject
[2026-09-18 00:39:54] [Paper 1 Analysis] Done | elapsed=0s
[2026-09-18 00:39:54] [Pipeline] Finished | total=8.2m
