subject,session,split_type,split,fs_method,model,y_true,y_pred,y_prob
A01,session1,intra_session,train,pca_32,nn_erm,3,3,"[0.007101177703589201, 3.3858603273984045e-05, 0.028249455615878105, 0.964615523815155]"
A01,session1,intra_session,train,pca_32,nn_erm,2,2,"[0.000105132712633349, 3.2647486136738735e-07, 0.9996975660324097, 0.00019706989405676723]"
A01,session1,intra_session,train,pca_32,nn_erm,1,1,"[0.004902757704257965, 0.9881384968757629, 0.006954388692975044, 4.408466338645667e-06]"
A01,session1,intra_session,train,pca_32,nn_erm,0,0,"[0.9936639070510864, 8.635612175567076e-05, 0.003850379027426243, 0.002399411518126726]"
A01,session1,intra_session,train,pca_32,nn_erm,0,0,"[0.9841139316558838, 0.01128724217414856, 0.002232856582850218, 0.002365985419601202]"
A01,session1,intra_session,train,pca_32,nn_erm,1,1,"[0.012595503591001034, 0.9856707453727722, 0.0016673088539391756, 6.647626287303865e-05]"
A01,session1,intra_session,train,pca_32,nn_erm,2,2,"[0.0018057635752484202, 0.0005694043356925249, 0.9804995656013489, 0.017125248908996582]"
A01,session1,intra_session,train,pca_32,nn_erm,3,3,"[0.0009491994860582054, 4.6139473852235824e-05, 0.01594807580113411, 0.9830564856529236]"
A01,session1,intra_session,train,pca_32,nn_erm,1,1,"[0.007185529917478561, 0.9901186227798462, 0.0025839318986982107, 0.0001118876098189503]"
A01,session1,intra_session,train,pca_32,nn_erm,2,2,"[0.0022995807230472565, 0.0013174499617889524, 0.9912276864051819, 0.005155337508767843]"
A01,session1,intra_session,train,pca_32,nn_erm,0,0,"[0.9875532388687134, 0.0074129169806838036, 0.0015495159896090627, 0.0034843271132558584]"
A01,session1,intra_session,train,pca_32,nn_erm,0,0,"[0.9880753755569458, 0.011408144608139992, 0.00030276880715973675, 0.00021378522797022015]"
A01,session1,intra_session,train,pca_32,nn_erm,0,0,"[0.9739920496940613, 0.01310765091329813, 0.006920176558196545, 0.005980107467621565]"
A01,session1,intra_session,train,pca_32,nn_erm,3,3,"[3.1621496532352467e-08, 1.3685127622862624e-14, 0.00022541353246197104, 0.9997745156288147]"
A01,session1,intra_session,train,pca_32,nn_erm,1,1,"[0.010862328112125397, 0.9875531196594238, 0.0014667281648144126, 0.00011787290713982657]"
A01,session1,intra_session,train,pca_32,nn_erm,1,1,"[0.01564938575029373, 0.9801021218299866, 0.0007607769803144038, 0.00348765985108912]"
A01,session1,intra_session,train,pca_32,nn_erm,0,0,"[0.9575389623641968, 0.02883804216980934, 0.013247303664684296, 0.0003756838268600404]"
A01,session1,intra_session,train,pca_32,nn_erm,0,0,"[0.988581120967865, 0.007243934087455273, 0.004163836594671011, 1.11501994979335e-05]"
A01,session1,intra_session,train,pca_32,nn_erm,2,2,"[0.0013985838741064072, 0.0007244680309668183, 0.9913942217826843, 0.006482753902673721]"
A01,session1,intra_session,train,pca_32,nn_erm,0,0,"[0.9874366521835327, 0.009953172877430916, 9.576515731168911e-05, 0.0025143446400761604]"
A01,session1,intra_session,train,pca_32,nn_erm,1,1,"[0.0012422837316989899, 0.994707465171814, 0.0001850099943112582, 0.0038652210496366024]"
A01,session1,intra_session,train,pca_32,nn_erm,3,3,"[0.0009758298401720822, 0.0006848199991509318, 0.0067792851477861404, 0.9915600419044495]"
A01,session1,intra_session,train,pca_32,nn_erm,3,3,"[0.0009741506655700505, 0.0008988060872070491, 0.0030024489387869835, 0.9951245188713074]"
A01,session1,intra_session,train,pca_32,nn_erm,2,2,"[0.011409606784582138, 0.016662269830703735, 0.9691374897956848, 0.0027905378956347704]"
A01,session1,intra_session,train,pca_32,nn_erm,0,0,"[0.9865525364875793, 0.012594970874488354, 5.8697642089100555e-05, 0.000793781946413219]"
A01,session1,intra_session,train,pca_32,nn_erm,3,3,"[0.004613540135324001, 0.0007561213569715619, 0.019687311723828316, 0.9749430418014526]"
A01,session1,intra_session,train,pca_32,nn_erm,3,3,"[0.00028290797490626574, 0.0007251137867569923, 0.03365679085254669, 0.9653351306915283]"
A01,session1,intra_session,train,pca_32,nn_erm,1,1,"[0.0038472518790513277, 0.9928516745567322, 0.0029006036929786205, 0.00040044766501523554]"
A01,session1,intra_session,train,pca_32,nn_erm,3,3,"[8.182258898159489e-05, 2.8265509172342718e-05, 0.004537635017186403, 0.9953522682189941]"
A01,session1,intra_session,train,pca_32,nn_erm,3,3,"[0.009064101614058018, 0.0017958434764295816, 0.021763388067483902, 0.9673765897750854]"
A01,session1,intra_session,train,pca_32,nn_erm,1,1,"[0.022120852023363113, 0.9777982234954834, 2.512692844902631e-05, 5.5883538152556866e-05]"
A01,session1,intra_session,train,pca_32,nn_erm,0,0,"[0.9791942238807678, 0.020781297236680984, 9.746509022079408e-06, 1.4769696463190485e-05]"
A01,session1,intra_session,train,pca_32,nn_erm,1,1,"[0.007531460840255022, 0.9924061894416809, 3.328486855025403e-05, 2.908758688136004e-05]"
A01,session1,intra_session,train,pca_32,nn_erm,2,2,"[0.00025443543563596904, 0.003390260273590684, 0.9949479103088379, 0.0014073870843276381]"
A01,session1,intra_session,train,pca_32,nn_erm,2,2,"[0.0020953973289579153, 0.010174122639000416, 0.9858602285385132, 0.0018701836233958602]"
A01,session1,intra_session,train,pca_32,nn_erm,2,2,"[0.00016956578474491835, 0.00026371789863333106, 0.9963412880897522, 0.0032254052348434925]"
A01,session1,intra_session,train,pca_32,nn_erm,3,3,"[0.0002296778402524069, 3.4258155210409313e-05, 0.009840461425483227, 0.9898955821990967]"
A01,session1,intra_session,train,pca_32,nn_erm,2,2,"[0.008881783112883568, 0.006936749443411827, 0.9790640473365784, 0.005117419175803661]"
A01,session1,intra_session,train,pca_32,nn_erm,0,0,"[0.9783490300178528, 0.021004971116781235, 0.0006026143091730773, 4.34125613537617e-05]"
A01,session1,intra_session,train,pca_32,nn_erm,3,3,"[0.0036971468944102526, 2.354172283958178e-05, 0.013283828273415565, 0.9829954504966736]"
A01,session1,intra_session,train,pca_32,nn_erm,1,1,"[0.005807144101709127, 0.9883939027786255, 0.005688464269042015, 0.00011040239769499749]"
A01,session1,intra_session,train,pca_32,nn_erm,2,2,"[0.017797159031033516, 0.0009263114770874381, 0.9629154205322266, 0.018361151218414307]"
A01,session1,intra_session,train,pca_32,nn_erm,1,1,"[0.005301325581967831, 0.9942157864570618, 0.00039781731902621686, 8.504366269335151e-05]"
A01,session1,intra_session,train,pca_32,nn_erm,2,2,"[0.0009469123324379325, 0.010603110305964947, 0.9771435260772705, 0.011306469328701496]"
A01,session1,intra_session,train,pca_32,nn_erm,3,3,"[4.400921170599759e-06, 2.8738402306771604e-06, 0.004919962491840124, 0.9950727820396423]"
A01,session1,intra_session,train,pca_32,nn_erm,1,1,"[0.01886698603630066, 0.9801487326622009, 0.0003416845283936709, 0.0006425143219530582]"
A01,session1,intra_session,train,pca_32,nn_erm,2,2,"[0.005472969263792038, 0.0178151223808527, 0.9699539542198181, 0.0067579601891338825]"
A01,session1,intra_session,train,pca_32,nn_erm,0,0,"[0.9964537620544434, 0.0018110350938513875, 0.0012928079813718796, 0.0004424832877703011]"
A01,session1,intra_session,train,pca_32,nn_erm,0,0,"[0.9879768490791321, 0.011961248703300953, 5.700057954527438e-05, 4.944210104440572e-06]"
A01,session1,intra_session,train,pca_32,nn_erm,0,0,"[0.9608100652694702, 0.03812973573803902, 0.0010252129286527634, 3.494975680951029e-05]"
A01,session1,intra_session,train,pca_32,nn_erm,3,3,"[0.0001237813849002123, 9.03721866052365e-06, 0.003916317597031593, 0.9959508180618286]"
A01,session1,intra_session,train,pca_32,nn_erm,1,1,"[0.0027761671226471663, 0.995114803314209, 0.0019479267066344619, 0.00016111366858240217]"
A01,session1,intra_session,train,pca_32,nn_erm,0,0,"[0.9984612464904785, 0.0014895767671987414, 2.5811882551352028e-06, 4.6606397518189624e-05]"
A01,session1,intra_session,train,pca_32,nn_erm,2,2,"[0.0054605137556791306, 0.00015442364383488894, 0.9546775817871094, 0.03970745950937271]"
A01,session1,intra_session,train,pca_32,nn_erm,0,0,"[0.9788846969604492, 0.020919598639011383, 0.00011073972564190626, 8.502823766320944e-05]"
A01,session1,intra_session,train,pca_32,nn_erm,2,2,"[0.0009266193374060094, 3.9344904507743195e-05, 0.9883765578269958, 0.010657565668225288]"
A01,session1,intra_session,train,pca_32,nn_erm,1,1,"[0.00010176956129726022, 0.999879002571106, 1.884613448055461e-05, 3.3700644053169526e-07]"
A01,session1,intra_session,train,pca_32,nn_erm,3,3,"[0.0005385324475355446, 8.808558504824759e-07, 0.00040960460319183767, 0.999051034450531]"
A01,session1,intra_session,train,pca_32,nn_erm,0,0,"[0.9886259436607361, 0.010923624038696289, 7.842692139092833e-05, 0.00037209183210507035]"
A01,session1,intra_session,train,pca_32,nn_erm,2,2,"[0.0011353319277986884, 0.00012161674385424703, 0.9902055859565735, 0.00853743590414524]"
A01,session1,intra_session,train,pca_32,nn_erm,2,2,"[2.2797361452830955e-05, 2.637906618474517e-06, 0.9996423721313477, 0.00033223835634998977]"
A01,session1,intra_session,train,pca_32,nn_erm,0,0,"[0.9788980484008789, 0.019504813477396965, 0.000462945579783991, 0.0011342697544023395]"
A01,session1,intra_session,train,pca_32,nn_erm,2,2,"[0.00013922264042776078, 2.4073162876447896e-06, 0.983018159866333, 0.01684018410742283]"
A01,session1,intra_session,train,pca_32,nn_erm,1,1,"[0.022161848843097687, 0.9768158197402954, 0.00041102891555055976, 0.0006113736308179796]"
A01,session1,intra_session,train,pca_32,nn_erm,3,3,"[0.00021519421716220677, 1.0818858982020174e-06, 0.005400157533586025, 0.9943835735321045]"
A01,session1,intra_session,train,pca_32,nn_erm,3,3,"[9.31579852476716e-05, 4.476545200304827e-06, 0.0031462283805012703, 0.9967561364173889]"
A01,session1,intra_session,train,pca_32,nn_erm,3,3,"[2.4747765564825386e-05, 4.4185489400661027e-07, 6.258083158172667e-05, 0.9999121427536011]"
A01,session1,intra_session,train,pca_32,nn_erm,2,2,"[0.0007080700597725809, 0.00012862164294347167, 0.9854873418807983, 0.013675984926521778]"
A01,session1,intra_session,train,pca_32,nn_erm,0,0,"[0.9527112245559692, 0.04572272300720215, 0.0015074820257723331, 5.861081081093289e-05]"
A01,session1,intra_session,train,pca_32,nn_erm,3,3,"[1.3550207768275868e-05, 7.808091027072805e-07, 0.007697980385273695, 0.9922876358032227]"
A01,session1,intra_session,train,pca_32,nn_erm,1,1,"[0.010271373204886913, 0.9887214303016663, 0.0007802431937307119, 0.00022695297957397997]"
A01,session1,intra_session,train,pca_32,nn_erm,3,3,"[0.010894522070884705, 0.0006703881663270295, 0.014366019517183304, 0.9740691184997559]"
A01,session1,intra_session,train,pca_32,nn_erm,1,1,"[0.03725757822394371, 0.9614752531051636, 0.0010584299452602863, 0.00020870969456154853]"
A01,session1,intra_session,train,pca_32,nn_erm,0,0,"[0.9694291353225708, 0.03034074977040291, 0.00013236149970907718, 9.778657113201916e-05]"
A01,session1,intra_session,train,pca_32,nn_erm,2,2,"[0.00038763435441069305, 0.0013672108761966228, 0.9759120345115662, 0.02233317121863365]"
A01,session1,intra_session,train,pca_32,nn_erm,1,1,"[0.005786310415714979, 0.991371750831604, 0.0007013384019955993, 0.0021406500600278378]"
A01,session1,intra_session,train,pca_32,nn_erm,0,0,"[0.9829846024513245, 0.006616179831326008, 0.008519448339939117, 0.0018798359669744968]"
A01,session1,intra_session,train,pca_32,nn_erm,2,2,"[0.0028629570733755827, 0.0003169625997543335, 0.9940350651741028, 0.002785041695460677]"
A01,session1,intra_session,train,pca_32,nn_erm,2,2,"[0.00019877626618836075, 0.00033018653630279005, 0.9823394417762756, 0.017131714150309563]"
A01,session1,intra_session,train,pca_32,nn_erm,0,0,"[0.9805359840393066, 0.018979212269186974, 0.00028708946774713695, 0.000197713787201792]"
A01,session1,intra_session,train,pca_32,nn_erm,2,2,"[0.0007513759192079306, 0.0002746583195403218, 0.9906710386276245, 0.008302981965243816]"
A01,session1,intra_session,train,pca_32,nn_erm,3,3,"[6.165088416310027e-05, 1.847594467108138e-05, 0.00953671894967556, 0.9903832077980042]"
A01,session1,intra_session,train,pca_32,nn_erm,3,3,"[3.923557960661128e-05, 0.006241478957235813, 0.016361713409423828, 0.9773576855659485]"
A01,session1,intra_session,train,pca_32,nn_erm,1,1,"[0.03904637694358826, 0.946435272693634, 0.0131884990260005, 0.0013298955745995045]"
A01,session1,intra_session,train,pca_32,nn_erm,0,0,"[0.9784983992576599, 0.00047249221825040877, 0.010928301140666008, 0.01010078750550747]"
A01,session1,intra_session,train,pca_32,nn_erm,1,1,"[0.004683180712163448, 0.9920489192008972, 0.0029845796525478363, 0.0002833208127412945]"
A01,session1,intra_session,train,pca_32,nn_erm,3,3,"[8.730206900509074e-05, 7.80945410951972e-05, 0.0033421015832573175, 0.9964925646781921]"
A01,session1,intra_session,train,pca_32,nn_erm,1,1,"[0.030139734968543053, 0.9687548279762268, 0.0007220430416055024, 0.0003833819937426597]"
A01,session1,intra_session,train,pca_32,nn_erm,3,3,"[3.61614947905764e-05, 4.874000296695158e-06, 0.00615518307313323, 0.9938037395477295]"
A01,session1,intra_session,train,pca_32,nn_erm,2,2,"[0.0006326564471237361, 0.0026971607003360987, 0.9714563488960266, 0.025213811546564102]"
A01,session1,intra_session,train,pca_32,nn_erm,1,1,"[0.006958821788430214, 0.9923856258392334, 0.0006469108629971743, 8.583152521168813e-06]"
A01,session1,intra_session,train,pca_32,nn_erm,1,1,"[0.003222056897357106, 0.9926750063896179, 0.002553024096414447, 0.0015499789733439684]"
A01,session1,intra_session,train,pca_32,nn_erm,1,1,"[0.025616364553570747, 0.969738245010376, 0.004553114529699087, 9.225910616805777e-05]"
A01,session1,intra_session,train,pca_32,nn_erm,2,2,"[5.192439130041748e-05, 1.0360662599850912e-05, 0.9772289991378784, 0.02270863950252533]"
A01,session1,intra_session,train,pca_32,nn_erm,3,3,"[0.00032438989728689194, 0.00030306499684229493, 0.03480314463376999, 0.9645693898200989]"
A01,session1,intra_session,train,pca_32,nn_erm,0,0,"[0.9688279032707214, 0.023729493841528893, 0.0018579942407086492, 0.005584651604294777]"
A01,session1,intra_session,train,pca_32,nn_erm,1,1,"[0.0062799169681966305, 0.992405116558075, 0.0012893364764750004, 2.5620860469643958e-05]"
A01,session1,intra_session,train,pca_32,nn_erm,3,3,"[0.0016483841463923454, 5.58924803044647e-05, 0.0077718826942145824, 0.9905238747596741]"
A01,session1,intra_session,train,pca_32,nn_erm,0,0,"[0.9999816417694092, 7.63774642109638e-06, 6.8335675678099506e-06, 3.935048425773857e-06]"
A01,session1,intra_session,train,pca_32,nn_erm,2,2,"[0.004947921261191368, 0.003377627581357956, 0.98294997215271, 0.008724505081772804]"
A01,session1,intra_session,train,pca_32,nn_erm,2,2,"[0.00033050597994588315, 0.00044579501263797283, 0.9952782392501831, 0.003945393022149801]"
A01,session1,intra_session,train,pca_32,nn_erm,3,3,"[0.0002016041544266045, 2.9533552151406184e-05, 0.00534043088555336, 0.9944285154342651]"
A01,session1,intra_session,train,pca_32,nn_erm,0,0,"[0.9968296885490417, 0.0020798996556550264, 0.0008881789981387556, 0.0002023115666816011]"
A01,session1,intra_session,train,pca_32,nn_erm,0,0,"[0.9730622172355652, 0.02547001838684082, 0.001083135837689042, 0.00038458933704532683]"
A01,session1,intra_session,train,pca_32,nn_erm,2,2,"[4.609492316376418e-05, 2.7334126571076922e-05, 0.9974742531776428, 0.002452237531542778]"
A01,session1,intra_session,train,pca_32,nn_erm,1,1,"[0.013025801628828049, 0.9866898059844971, 0.0002552935329731554, 2.908155511249788e-05]"
A01,session1,intra_session,train,pca_32,nn_erm,3,3,"[0.00025924600777216256, 0.00010719015699578449, 0.011363854631781578, 0.9882696866989136]"
A01,session1,intra_session,train,pca_32,nn_erm,3,3,"[3.1669526379118906e-06, 7.758609172014985e-06, 0.010524660348892212, 0.9894644021987915]"
A01,session1,intra_session,train,pca_32,nn_erm,3,3,"[0.0034567515831440687, 3.597833853064003e-08, 0.006354220677167177, 0.9901890158653259]"
A01,session1,intra_session,train,pca_32,nn_erm,1,1,"[0.005076250061392784, 0.9933632612228394, 0.0012418626574799418, 0.0003187112743034959]"
A01,session1,intra_session,train,pca_32,nn_erm,0,0,"[0.9722715020179749, 0.0012284527765586972, 0.011569519527256489, 0.01493050716817379]"
A01,session1,intra_session,train,pca_32,nn_erm,2,2,"[0.006775580812245607, 7.996450585778803e-05, 0.9834077954292297, 0.009736628271639347]"
A01,session1,intra_session,train,pca_32,nn_erm,1,1,"[0.007727616932243109, 0.9866853952407837, 0.005583231803029776, 3.721769189724e-06]"
A01,session1,intra_session,train,pca_32,nn_erm,3,3,"[0.0010110007133334875, 3.5132907783008704e-07, 0.014920050278306007, 0.9840685725212097]"
A01,session1,intra_session,train,pca_32,nn_erm,0,0,"[0.9711088538169861, 0.024707403033971786, 0.002290792064741254, 0.001892995205707848]"
A01,session1,intra_session,train,pca_32,nn_erm,3,3,"[0.0013436886947602034, 8.265930773632135e-06, 0.0076056537218391895, 0.9910423755645752]"
A01,session1,intra_session,train,pca_32,nn_erm,2,2,"[0.002906869864091277, 0.002022014232352376, 0.9621912837028503, 0.03287975490093231]"
A01,session1,intra_session,train,pca_32,nn_erm,1,1,"[0.06365574896335602, 0.9350594282150269, 0.0009600215125828981, 0.0003248603024985641]"
A01,session1,intra_session,train,pca_32,nn_erm,3,3,"[0.011245008558034897, 0.00010736295371316373, 1.026374775392469e-05, 0.988637387752533]"
A01,session1,intra_session,train,pca_32,nn_erm,3,3,"[2.844923255906906e-05, 0.0070113008841872215, 0.009065664373338223, 0.9838945269584656]"
A01,session1,intra_session,train,pca_32,nn_erm,0,0,"[0.991915225982666, 0.003160935128107667, 0.00021868351905141026, 0.004705177620053291]"
A01,session1,intra_session,train,pca_32,nn_erm,1,1,"[0.019642306491732597, 0.9796834588050842, 0.0006734128692187369, 8.619256277597742e-07]"
A01,session1,intra_session,train,pca_32,nn_erm,1,1,"[0.025814488530158997, 0.9569860100746155, 0.017041590064764023, 0.00015792361227795482]"
A01,session1,intra_session,train,pca_32,nn_erm,2,2,"[0.00031344930175691843, 0.00019176640489604324, 0.9960141181945801, 0.003480638610199094]"
A01,session1,intra_session,train,pca_32,nn_erm,3,3,"[0.007406862918287516, 3.3811254979809746e-05, 0.012500451877713203, 0.9800589680671692]"
A01,session1,intra_session,train,pca_32,nn_erm,1,1,"[0.0005638983566313982, 0.9963896870613098, 0.0025174373295158148, 0.0005288664251565933]"
A01,session1,intra_session,train,pca_32,nn_erm,0,0,"[0.9724156856536865, 0.02077430486679077, 0.005333896726369858, 0.00147616071626544]"
A01,session1,intra_session,train,pca_32,nn_erm,0,0,"[0.9449408054351807, 0.03521864116191864, 0.008571409620344639, 0.011269128881394863]"
A01,session1,intra_session,train,pca_32,nn_erm,3,3,"[0.0009124197531491518, 2.6591180358082056e-05, 0.01242789812386036, 0.9866330623626709]"
A01,session1,intra_session,train,pca_32,nn_erm,1,1,"[0.002388381166383624, 0.9970874190330505, 0.0005173654644750059, 6.881614808662562e-06]"
A01,session1,intra_session,train,pca_32,nn_erm,0,0,"[0.973946750164032, 0.02486894465982914, 0.00039394653867930174, 0.0007903468213044107]"
A01,session1,intra_session,train,pca_32,nn_erm,2,2,"[0.00010194343485636637, 5.250739377515856e-06, 0.9657520055770874, 0.03414083272218704]"
A01,session1,intra_session,train,pca_32,nn_erm,1,1,"[0.006713932380080223, 0.9928309917449951, 2.265202419948764e-05, 0.00043231036397628486]"
A01,session1,intra_session,train,pca_32,nn_erm,1,1,"[0.0008737255120649934, 0.9988222718238831, 1.0066103641293012e-05, 0.00029391582938842475]"
A01,session1,intra_session,train,pca_32,nn_erm,2,2,"[0.032417748123407364, 0.008334700018167496, 0.9501104950904846, 0.009137087501585484]"
A01,session1,intra_session,train,pca_32,nn_erm,0,0,"[0.9851300716400146, 0.004310650285333395, 0.009762939997017384, 0.0007963584503158927]"
A01,session1,intra_session,train,pca_32,nn_erm,3,3,"[1.9942036999509583e-07, 5.586813131230883e-06, 0.0007036208990029991, 0.9992905855178833]"
A01,session1,intra_session,train,pca_32,nn_erm,2,2,"[0.0004675383970607072, 0.0024373834021389484, 0.9848558306694031, 0.01223931834101677]"
A01,session1,intra_session,train,pca_32,nn_erm,2,2,"[5.525936330741388e-07, 2.868378260245663e-06, 0.9968547821044922, 0.0031417750287801027]"
A01,session1,intra_session,train,pca_32,nn_erm,2,2,"[0.000283036264590919, 1.4564276398232323e-06, 0.9808095097541809, 0.01890590414404869]"
A01,session1,intra_session,train,pca_32,nn_erm,2,2,"[0.0005949521437287331, 2.7330823286320083e-05, 0.9988366961479187, 0.0005410308949649334]"
A01,session1,intra_session,train,pca_32,nn_erm,0,0,"[0.9957574009895325, 0.0004204639117233455, 0.00325578055344522, 0.0005663144984282553]"
A01,session1,intra_session,train,pca_32,nn_erm,1,1,"[0.04111776128411293, 0.9587623476982117, 0.0001086351549020037, 1.1185194125573616e-05]"
A01,session1,intra_session,train,pca_32,nn_erm,0,0,"[0.995070219039917, 0.000376263604266569, 0.003914486151188612, 0.0006390765192918479]"
A01,session1,intra_session,train,pca_32,nn_erm,1,1,"[0.014829262159764767, 0.9848238229751587, 0.0002886018482968211, 5.837347271153703e-05]"
A01,session1,intra_session,train,pca_32,nn_erm,0,0,"[0.9953095316886902, 0.004161323886364698, 0.00023113470524549484, 0.0002980162971653044]"
A01,session1,intra_session,train,pca_32,nn_erm,0,0,"[0.9869409203529358, 0.009084753692150116, 0.0037924975622445345, 0.00018176212324760854]"
A01,session1,intra_session,train,pca_32,nn_erm,2,2,"[0.00017389850108884275, 0.00033892461215145886, 0.9836413860321045, 0.0158457700163126]"
A01,session1,intra_session,train,pca_32,nn_erm,2,2,"[0.004268665798008442, 0.0004282388254068792, 0.9825794696807861, 0.012723625637590885]"
A01,session1,intra_session,train,pca_32,nn_erm,1,1,"[0.006881944835186005, 0.9931032657623291, 7.660428309463896e-06, 7.113104857126018e-06]"
A01,session1,intra_session,train,pca_32,nn_erm,2,2,"[0.0005029005114920437, 0.0005048784078098834, 0.9979167580604553, 0.0010755029506981373]"
A01,session1,intra_session,train,pca_32,nn_erm,3,3,"[0.020819108933210373, 0.0001310131192440167, 0.007347379811108112, 0.9717025756835938]"
A01,session1,intra_session,train,pca_32,nn_erm,0,0,"[0.9919151067733765, 0.006544800940901041, 0.001466902787797153, 7.311125955311581e-05]"
A01,session1,intra_session,train,pca_32,nn_erm,3,3,"[0.0017232330283150077, 3.8044606753828702e-06, 0.028815587982535362, 0.9694573879241943]"
A01,session1,intra_session,train,pca_32,nn_erm,0,0,"[0.9821289777755737, 0.016611387953162193, 0.0005126785254105926, 0.0007469982374459505]"
A01,session1,intra_session,train,pca_32,nn_erm,0,0,"[0.9983041286468506, 0.001666596974246204, 1.3673601642949507e-05, 1.556200186314527e-05]"
A01,session1,intra_session,train,pca_32,nn_erm,1,1,"[0.0005312316352501512, 0.9953344464302063, 0.004129691515117884, 4.60004912383738e-06]"
A01,session1,intra_session,train,pca_32,nn_erm,3,3,"[0.00042916162055917084, 0.0002014946803683415, 0.018614882603287697, 0.9807544946670532]"
A01,session1,intra_session,train,pca_32,nn_erm,2,2,"[0.007400600705295801, 0.0006521304021589458, 0.9643490314483643, 0.027598204091191292]"
A01,session1,intra_session,train,pca_32,nn_erm,1,1,"[0.015708517283201218, 0.9842578172683716, 3.0080553187872283e-05, 3.5487332752381917e-06]"
A01,session1,intra_session,train,pca_32,nn_erm,3,3,"[0.0006300937966443598, 0.009417097084224224, 0.013657549396157265, 0.9762952327728271]"
A01,session1,intra_session,train,pca_32,nn_erm,2,2,"[0.0017624510219320655, 0.001933627761900425, 0.9872111082077026, 0.009092836640775204]"
A01,session1,intra_session,train,pca_32,nn_erm,3,3,"[3.3201647511305055e-06, 7.298165292013437e-05, 0.010771198198199272, 0.9891525506973267]"
A01,session1,intra_session,train,pca_32,nn_erm,2,2,"[0.00023020742810331285, 2.335447106815991e-06, 0.9953045845031738, 0.004462957847863436]"
A01,session1,intra_session,train,pca_32,nn_erm,3,3,"[0.000387040083296597, 7.303773600142449e-05, 0.0006637806072831154, 0.99887615442276]"
A01,session1,intra_session,train,pca_32,nn_erm,1,1,"[0.0069986493326723576, 0.9927071928977966, 0.0002534966042730957, 4.07467559853103e-05]"
A01,session1,intra_session,train,pca_32,nn_erm,1,1,"[0.0224715918302536, 0.9650248885154724, 0.012367481365799904, 0.0001361396280117333]"
A01,session1,intra_session,train,pca_32,nn_erm,3,3,"[0.00026777244056575, 5.385528129409067e-05, 0.0006656191544607282, 0.9990127086639404]"
A01,session1,intra_session,train,pca_32,nn_erm,0,0,"[0.9778108596801758, 0.01113574206829071, 0.007308787666261196, 0.003744638990610838]"
A01,session1,intra_session,train,pca_32,nn_erm,1,1,"[0.0029166624881327152, 0.9946103096008301, 0.0023662869352847338, 0.00010673479118850082]"
A01,session1,intra_session,train,pca_32,nn_erm,1,1,"[0.01366727240383625, 0.9851601123809814, 0.0009226156398653984, 0.0002500767877791077]"
A01,session1,intra_session,train,pca_32,nn_erm,1,1,"[0.019654802978038788, 0.9797517657279968, 0.0005812209565192461, 1.2315582353039645e-05]"
A01,session1,intra_session,train,pca_32,nn_erm,2,2,"[1.3209904636823921e-06, 3.1405940603690397e-07, 0.996746301651001, 0.0032521120738238096]"
A01,session1,intra_session,train,pca_32,nn_erm,3,3,"[0.0012198108015581965, 0.00042976747499778867, 0.004608525428920984, 0.9937418103218079]"
A01,session1,intra_session,train,pca_32,nn_erm,0,0,"[0.9983533620834351, 2.0475101337069646e-05, 0.000898109283298254, 0.0007281320868059993]"
A01,session1,intra_session,train,pca_32,nn_erm,3,3,"[0.00022334886307362467, 0.00011731344420695677, 0.0031170793808996677, 0.9965421557426453]"
A01,session1,intra_session,train,pca_32,nn_erm,0,0,"[0.9833536148071289, 0.016306091099977493, 0.0002758298651315272, 6.452428351622075e-05]"
A01,session1,intra_session,train,pca_32,nn_erm,2,2,"[0.007784753106534481, 0.0020795452874153852, 0.9885751605033875, 0.0015605383086949587]"
A01,session1,intra_session,train,pca_32,nn_erm,0,0,"[0.9879418015480042, 0.006836009211838245, 0.004021001979708672, 0.0012011651415377855]"
A01,session1,intra_session,train,pca_32,nn_erm,3,3,"[4.977686884899413e-08, 2.3762517287195806e-08, 0.00015593550051562488, 0.999843955039978]"
A01,session1,intra_session,train,pca_32,nn_erm,0,0,"[0.9862291812896729, 0.009718487970530987, 0.003531345399096608, 0.0005209792871028185]"
A01,session1,intra_session,train,pca_32,nn_erm,2,2,"[0.000748912338167429, 0.00022755307145416737, 0.9944861531257629, 0.0045374431647360325]"
A01,session1,intra_session,train,pca_32,nn_erm,0,0,"[0.9756799340248108, 0.019793832674622536, 0.004160739481449127, 0.0003654980391729623]"
A01,session1,intra_session,train,pca_32,nn_erm,1,1,"[0.009940732270479202, 0.9808316826820374, 0.0012284452095627785, 0.007999193854629993]"
A01,session1,intra_session,train,pca_32,nn_erm,2,2,"[0.00039780556107871234, 4.031985554320272e-06, 0.9890187978744507, 0.010579420253634453]"
A01,session1,intra_session,train,pca_32,nn_erm,2,2,"[2.8516484235296957e-05, 1.6047806639107876e-05, 0.9958767890930176, 0.004078635945916176]"
A01,session1,intra_session,train,pca_32,nn_erm,3,3,"[9.451306937080517e-07, 2.6847028493648395e-05, 0.0022632856853306293, 0.9977089166641235]"
A01,session1,intra_session,train,pca_32,nn_erm,0,0,"[0.9853510856628418, 0.008265946991741657, 0.005614360794425011, 0.0007686075987294316]"
A01,session1,intra_session,train,pca_32,nn_erm,1,1,"[0.012899237684905529, 0.9841048121452332, 0.0029946553986519575, 1.3066257906757528e-06]"
A01,session1,intra_session,train,pca_32,nn_erm,3,3,"[0.008663952350616455, 3.6463948305254235e-08, 0.0003096391446888447, 0.9910263419151306]"
A01,session1,intra_session,train,pca_32,nn_erm,1,1,"[0.0029816131573170424, 0.9957828521728516, 0.0012147740926593542, 2.0825000319746323e-05]"
A01,session1,intra_session,train,pca_32,nn_erm,2,2,"[0.003084746189415455, 0.0035445631947368383, 0.991748571395874, 0.0016221702098846436]"
A01,session1,intra_session,train,pca_32,nn_erm,2,2,"[0.00047560600796714425, 0.00392859848216176, 0.9843519330024719, 0.011243844404816628]"
A01,session1,intra_session,train,pca_32,nn_erm,0,0,"[0.9954854846000671, 0.0041602496057748795, 0.000324858701787889, 2.946783024526667e-05]"
A01,session1,intra_session,train,pca_32,nn_erm,3,3,"[2.5041514163604006e-05, 1.0848737019841792e-06, 0.007525143213570118, 0.9924488067626953]"
A01,session1,intra_session,train,pca_32,nn_erm,1,1,"[0.013911977410316467, 0.9860592484474182, 1.534759758214932e-05, 1.3381357348407619e-05]"
A01,session1,intra_session,train,pca_32,nn_erm,3,3,"[0.0003288554435130209, 2.884872856157017e-06, 0.00604948028922081, 0.9936188459396362]"
A01,session1,intra_session,train,pca_32,nn_erm,0,0,"[0.9929625391960144, 0.0003890045336447656, 0.006411417853087187, 0.00023702956968918443]"
A01,session1,intra_session,train,pca_32,nn_erm,0,0,"[0.9827043414115906, 0.017269982025027275, 2.4830924303387292e-05, 8.643047522127745e-07]"
A01,session1,intra_session,train,pca_32,nn_erm,2,2,"[9.585961379343644e-05, 0.0031349998898804188, 0.9933300614356995, 0.0034389446955174208]"
A01,session1,intra_session,train,pca_32,nn_erm,2,2,"[6.023873538651969e-06, 0.0005307694082148373, 0.9926221370697021, 0.006841078866273165]"
A01,session1,intra_session,test,pca_32,nn_erm,1,2,"[0.007513667456805706, 0.04772396385669708, 0.9436139464378357, 0.001148372539319098]"
A01,session1,intra_session,test,pca_32,nn_erm,3,2,"[0.0032203542068600655, 0.0013746435288339853, 0.9816699028015137, 0.013735068030655384]"
A01,session1,intra_session,test,pca_32,nn_erm,1,0,"[0.9206250309944153, 0.06555302441120148, 0.012582395225763321, 0.0012395554222166538]"
A01,session1,intra_session,test,pca_32,nn_erm,1,2,"[0.02551802061498165, 0.18838341534137726, 0.4165506064891815, 0.3695479929447174]"
A01,session1,intra_session,test,pca_32,nn_erm,0,1,"[0.019845452159643173, 0.9711101651191711, 0.009024172089993954, 2.011826836678665e-05]"
A01,session1,intra_session,test,pca_32,nn_erm,1,3,"[0.15736769139766693, 0.02302696742117405, 0.2912749648094177, 0.5283303260803223]"
A01,session1,intra_session,test,pca_32,nn_erm,3,2,"[0.00041844340739771724, 0.0001841633056756109, 0.9902364611625671, 0.009160907007753849]"
A01,session1,intra_session,test,pca_32,nn_erm,3,2,"[1.3648654650921799e-08, 2.2590760373475405e-09, 0.9993574023246765, 0.0006425590254366398]"
A01,session1,intra_session,test,pca_32,nn_erm,1,0,"[0.47198471426963806, 0.08464423567056656, 0.40771570801734924, 0.03565531596541405]"
A01,session1,intra_session,test,pca_32,nn_erm,1,1,"[0.19237197935581207, 0.7081605195999146, 0.00015358110249508172, 0.0993138998746872]"
A01,session1,intra_session,test,pca_32,nn_erm,1,0,"[0.8132986426353455, 0.11490268260240555, 0.07063344120979309, 0.0011652314569801092]"
A01,session1,intra_session,test,pca_32,nn_erm,1,0,"[0.6519462466239929, 0.32036206126213074, 0.027333686128258705, 0.00035801518242806196]"
A01,session1,intra_session,test,pca_32,nn_erm,3,2,"[0.1441343128681183, 0.006384380627423525, 0.5006770491600037, 0.348804235458374]"
A01,session1,intra_session,test,pca_32,nn_erm,3,2,"[0.10022944957017899, 0.000454362656455487, 0.7656139731407166, 0.13370217382907867]"
A01,session1,intra_session,test,pca_32,nn_erm,2,0,"[0.5020814538002014, 0.24440829455852509, 0.07677164673805237, 0.1767386496067047]"
A01,session1,intra_session,test,pca_32,nn_erm,3,3,"[1.7480655287727132e-06, 6.118076356642632e-08, 0.0002335392200620845, 0.999764621257782]"
A01,session1,intra_session,test,pca_32,nn_erm,0,1,"[0.3233930170536041, 0.6746037006378174, 0.0006866354960948229, 0.0013166326098144054]"
A01,session1,intra_session,test,pca_32,nn_erm,1,0,"[0.8451927304267883, 0.12806712090969086, 0.022859573364257812, 0.003880620002746582]"
A01,session1,intra_session,test,pca_32,nn_erm,2,2,"[0.0942242369055748, 0.00554386293515563, 0.7189675569534302, 0.18126437067985535]"
A01,session1,intra_session,test,pca_32,nn_erm,1,0,"[0.5225204825401306, 0.02172970212996006, 0.403596967458725, 0.05215280130505562]"
A01,session1,intra_session,test,pca_32,nn_erm,0,0,"[0.9025470614433289, 0.0735519528388977, 0.021203506737947464, 0.002697475953027606]"
A01,session1,intra_session,test,pca_32,nn_erm,3,2,"[4.073076070199022e-06, 6.405369958883966e-07, 0.9774367809295654, 0.022558467462658882]"
A01,session1,intra_session,test,pca_32,nn_erm,0,0,"[0.9653404951095581, 0.03349022567272186, 0.0009327814332209527, 0.00023641854932066053]"
A01,session1,intra_session,test,pca_32,nn_erm,3,2,"[3.14453209284693e-05, 0.0001641500275582075, 0.9581254720687866, 0.04167895019054413]"
A01,session1,intra_session,test,pca_32,nn_erm,0,0,"[0.7096574902534485, 0.11511550098657608, 0.09239327907562256, 0.08283372968435287]"
A01,session1,intra_session,test,pca_32,nn_erm,0,0,"[0.8004207015037537, 0.07889881730079651, 0.11543132364749908, 0.005249221809208393]"
A01,session1,intra_session,test,pca_32,nn_erm,0,1,"[0.08191573619842529, 0.9035854339599609, 0.010349264368414879, 0.0041495636105537415]"
A01,session1,intra_session,test,pca_32,nn_erm,0,0,"[0.806924045085907, 0.13480399549007416, 0.028146425262093544, 0.030125541612505913]"
A01,session1,intra_session,test,pca_32,nn_erm,2,2,"[0.05566557124257088, 0.02811940759420395, 0.730536162853241, 0.18567891418933868]"
A01,session1,intra_session,test,pca_32,nn_erm,2,2,"[0.0003827230248134583, 0.0018117588479071856, 0.957872211933136, 0.039933234453201294]"
A01,session1,intra_session,test,pca_32,nn_erm,3,3,"[0.005767547991126776, 0.0001317258138442412, 0.048653434962034225, 0.9454472064971924]"
A01,session1,intra_session,test,pca_32,nn_erm,1,1,"[0.1714959591627121, 0.5527657270431519, 0.2712911367416382, 0.004447143524885178]"
A01,session1,intra_session,test,pca_32,nn_erm,2,2,"[0.00010737036791397259, 9.538754142113248e-08, 0.9722212553024292, 0.02767130546271801]"
A01,session1,intra_session,test,pca_32,nn_erm,2,0,"[0.3737301230430603, 0.0012730439193546772, 0.36840417981147766, 0.25659263134002686]"
A01,session1,intra_session,test,pca_32,nn_erm,2,0,"[0.5204058289527893, 0.46818917989730835, 0.0019268002361059189, 0.009478220716118813]"
A01,session1,intra_session,test,pca_32,nn_erm,3,2,"[0.03145865350961685, 0.07124532014131546, 0.5913466215133667, 0.3059493601322174]"
A01,session1,intra_session,test,pca_32,nn_erm,2,2,"[0.16711679100990295, 0.17637713253498077, 0.39420053362846375, 0.2623055875301361]"
A01,session1,intra_session,test,pca_32,nn_erm,0,0,"[0.7635740637779236, 0.23458771407604218, 0.0009016052354127169, 0.0009365591686218977]"
A01,session1,intra_session,test,pca_32,nn_erm,2,3,"[0.018037699162960052, 0.001320568728260696, 0.07766423374414444, 0.9029775261878967]"
A01,session1,intra_session,test,pca_32,nn_erm,0,1,"[0.039576467126607895, 0.9602257609367371, 0.00017333202413283288, 2.4519458747818135e-05]"
A01,session1,intra_session,test,pca_32,nn_erm,3,3,"[0.2745271921157837, 0.17334043979644775, 0.15508170425891876, 0.397050678730011]"
A01,session1,intra_session,test,pca_32,nn_erm,1,1,"[0.42216402292251587, 0.577509880065918, 0.00013677527022082359, 0.00018937153799925]"
A01,session1,intra_session,test,pca_32,nn_erm,3,3,"[0.00039270505658350885, 5.8885227190330625e-05, 0.05107714608311653, 0.9484712481498718]"
A01,session1,intra_session,test,pca_32,nn_erm,3,1,"[0.27558115124702454, 0.625423014163971, 0.09084546566009521, 0.008150443434715271]"
A01,session1,intra_session,test,pca_32,nn_erm,2,0,"[0.8187748789787292, 0.11105707287788391, 0.05288577452301979, 0.01728224568068981]"
A01,session1,intra_session,test,pca_32,nn_erm,3,2,"[0.18487519025802612, 0.0016195339849218726, 0.7920743227005005, 0.021431034430861473]"
A01,session1,intra_session,test,pca_32,nn_erm,3,2,"[0.15816445648670197, 0.07550167292356491, 0.7254396677017212, 0.040894124656915665]"
A01,session1,intra_session,test,pca_32,nn_erm,2,1,"[0.007657418493181467, 0.7050894498825073, 0.28068503737449646, 0.006568077020347118]"
A01,session1,intra_session,test,pca_32,nn_erm,1,1,"[0.010047547519207, 0.9865890741348267, 0.0028976579196751118, 0.00046571108396165073]"
A01,session1,intra_session,test,pca_32,nn_erm,3,3,"[0.07712936401367188, 0.06739100068807602, 0.15142980217933655, 0.7040497660636902]"
A01,session1,intra_session,test,pca_32,nn_erm,2,1,"[0.007526062894612551, 0.742967963218689, 0.15057028830051422, 0.09893571585416794]"
A01,session1,intra_session,test,pca_32,nn_erm,0,1,"[0.18260270357131958, 0.8148801922798157, 0.0019411692628636956, 0.0005759200430475175]"
A01,session1,intra_session,test,pca_32,nn_erm,1,1,"[0.2573178708553314, 0.7389138340950012, 0.001818972872570157, 0.0019493710715323687]"
A01,session1,intra_session,test,pca_32,nn_erm,1,0,"[0.933262050151825, 0.048528771847486496, 0.014264359138906002, 0.00394481560215354]"
A01,session1,intra_session,test,pca_32,nn_erm,1,2,"[0.14045505225658417, 0.04946308583021164, 0.8019826412200928, 0.008099189028143883]"
A01,session1,intra_session,test,pca_32,nn_erm,2,2,"[0.07769280672073364, 0.037291351705789566, 0.5736076235771179, 0.3114081621170044]"
A01,session1,intra_session,test,pca_32,nn_erm,1,0,"[0.5443892478942871, 0.4542258083820343, 0.0012962435139343143, 8.876681386027485e-05]"
A01,session1,intra_session,test,pca_32,nn_erm,3,2,"[0.0019429208477959037, 0.0033466487657278776, 0.8917378187179565, 0.10297256708145142]"
A01,session1,intra_session,test,pca_32,nn_erm,2,3,"[0.01979874074459076, 0.0015648143598809838, 0.255633682012558, 0.7230027914047241]"
A01,session1,intra_session,test,pca_32,nn_erm,3,2,"[0.01052413322031498, 0.001837479998357594, 0.9628396034240723, 0.024798862636089325]"
A01,session1,intra_session,test,pca_32,nn_erm,1,1,"[0.14289093017578125, 0.8328779339790344, 0.019195931032299995, 0.0050352104008197784]"
A01,session1,intra_session,test,pca_32,nn_erm,2,3,"[0.09745635092258453, 0.05218992382287979, 0.3365592956542969, 0.513794481754303]"
A01,session1,intra_session,test,pca_32,nn_erm,0,1,"[0.07584987580776215, 0.9081975221633911, 0.002940130652859807, 0.013012554496526718]"
A01,session1,intra_session,test,pca_32,nn_erm,3,3,"[0.04073033481836319, 2.652963848959189e-05, 0.06265692412853241, 0.8965862393379211]"
A01,session1,intra_session,test,pca_32,nn_erm,0,2,"[0.37230002880096436, 0.06080332770943642, 0.5547534823417664, 0.01214313693344593]"
A01,session1,intra_session,test,pca_32,nn_erm,2,3,"[4.093550887773745e-05, 2.110283503498067e-06, 0.016643637791275978, 0.9833133816719055]"
A01,session1,intra_session,test,pca_32,nn_erm,3,2,"[0.029706759378314018, 0.0005049104220233858, 0.6331181526184082, 0.3366701304912567]"
A01,session1,intra_session,test,pca_32,nn_erm,0,1,"[0.11327767372131348, 0.8415297269821167, 0.01602831296622753, 0.02916431613266468]"
A01,session1,intra_session,test,pca_32,nn_erm,2,2,"[0.017488084733486176, 6.769456376787275e-05, 0.7666763067245483, 0.21576790511608124]"
A01,session1,intra_session,test,pca_32,nn_erm,0,0,"[0.5973461866378784, 0.34748557209968567, 0.04957065358757973, 0.005597515031695366]"
A01,session1,intra_session,test,pca_32,nn_erm,1,0,"[0.7794797420501709, 0.16584190726280212, 0.04753585159778595, 0.007142454851418734]"
A01,session1,intra_session,test,pca_32,nn_erm,1,0,"[0.8334436416625977, 0.15787272155284882, 0.008517532609403133, 0.00016605760902166367]"
A01,session1,intra_session,test,pca_32,nn_erm,0,0,"[0.8979888558387756, 0.08018957823514938, 0.018718848004937172, 0.00310274469666183]"
A01,session1,intra_session,test,pca_32,nn_erm,3,3,"[0.09369809180498123, 0.0012740794336423278, 0.04047125577926636, 0.8645565509796143]"
A01,session1,intra_session,test,pca_32,nn_erm,0,1,"[0.3578867018222809, 0.4677526652812958, 0.1690085530281067, 0.005352060776203871]"
A01,session1,intra_session,test,pca_32,nn_erm,3,3,"[0.00022917638125363737, 3.457098500803113e-06, 0.01554039679467678, 0.9842270016670227]"
A01,session1,intra_session,test,pca_32,nn_erm,2,3,"[0.021360723301768303, 0.003759603714570403, 0.3155195415019989, 0.6593601703643799]"
A01,session1,intra_session,test,pca_32,nn_erm,2,1,"[0.2711564004421234, 0.5973017811775208, 0.12502926588058472, 0.0065125832334160805]"
A01,session1,intra_session,test,pca_32,nn_erm,0,3,"[0.23270545899868011, 0.04521339014172554, 0.14238789677619934, 0.5796933174133301]"
A01,session1,intra_session,test,pca_32,nn_erm,2,2,"[0.0009374772198498249, 1.0849291811609874e-06, 0.9063454866409302, 0.09271594882011414]"
A01,session1,intra_session,test,pca_32,nn_erm,1,1,"[0.02101883850991726, 0.9509496092796326, 0.0233458299189806, 0.004685711115598679]"
A01,session1,intra_session,test,pca_32,nn_erm,1,0,"[0.8373777866363525, 0.023463772609829903, 0.10470763593912125, 0.0344507060945034]"
A01,session1,intra_session,test,pca_32,nn_erm,0,3,"[0.3607120215892792, 0.00635063461959362, 0.07739277184009552, 0.5555445551872253]"
A01,session1,intra_session,test,pca_32,nn_erm,2,3,"[0.0764659121632576, 0.11760763078927994, 0.35791686177253723, 0.4480096101760864]"
A01,session1,intra_session,test,pca_32,nn_erm,0,0,"[0.7291881442070007, 0.11968661844730377, 0.13046123087406158, 0.020664013922214508]"
A01,session1,intra_session,test,pca_32,nn_erm,1,0,"[0.5897184610366821, 0.21557682752609253, 0.1912519335746765, 0.003452822333201766]"
A01,session1,intra_session,test,pca_32,nn_erm,0,1,"[0.0693424642086029, 0.9002644419670105, 0.02713925577700138, 0.0032538289669901133]"
A01,session2,intra_session,train,pca_32,nn_erm,0,0,"[0.9923712015151978, 0.003003934631124139, 0.0035146509762853384, 0.001110122655518353]"
A01,session2,intra_session,train,pca_32,nn_erm,1,1,"[0.01421396154910326, 0.984533429145813, 0.0009294269257225096, 0.0003231542359571904]"
A01,session2,intra_session,train,pca_32,nn_erm,1,1,"[0.0006711740279570222, 0.9837603569030762, 0.0002580182917881757, 0.015310496091842651]"
A01,session2,intra_session,train,pca_32,nn_erm,0,0,"[0.9816598296165466, 0.010269076563417912, 0.007279275916516781, 0.0007917638868093491]"
A01,session2,intra_session,train,pca_32,nn_erm,1,1,"[0.008152779191732407, 0.9918436408042908, 4.944344027535408e-07, 3.0497308216581587e-06]"
A01,session2,intra_session,train,pca_32,nn_erm,0,0,"[0.9733024835586548, 0.01525009237229824, 0.0009145222138613462, 0.010532939806580544]"
A01,session2,intra_session,train,pca_32,nn_erm,1,1,"[0.0005166995688341558, 0.9988195300102234, 5.849960416526301e-06, 0.0006578877801075578]"
A01,session2,intra_session,train,pca_32,nn_erm,2,2,"[1.075934778782539e-05, 0.0006297713844105601, 0.9921174645423889, 0.0072420090436935425]"
A01,session2,intra_session,train,pca_32,nn_erm,1,1,"[0.0061634862795472145, 0.9795156121253967, 0.013054142706096172, 0.0012668223353102803]"
A01,session2,intra_session,train,pca_32,nn_erm,3,3,"[3.504594872083544e-07, 4.660921035792853e-07, 0.01271348912268877, 0.9872856736183167]"
A01,session2,intra_session,train,pca_32,nn_erm,0,0,"[0.9952656030654907, 0.0033482941798865795, 0.0008307158132083714, 0.0005553644732572138]"
A01,session2,intra_session,train,pca_32,nn_erm,2,2,"[0.000517588050570339, 2.6466446797712706e-05, 0.9819582104682922, 0.017497627064585686]"
A01,session2,intra_session,train,pca_32,nn_erm,1,1,"[0.020704548805952072, 0.9639824628829956, 0.001276075141504407, 0.014036953449249268]"
A01,session2,intra_session,train,pca_32,nn_erm,0,0,"[0.984188437461853, 0.0005031737382523715, 0.008080278523266315, 0.007228203117847443]"
A01,session2,intra_session,train,pca_32,nn_erm,3,3,"[7.185326467151754e-08, 0.0006877360865473747, 0.0037662482354789972, 0.9955458641052246]"
A01,session2,intra_session,train,pca_32,nn_erm,3,3,"[0.0004775749403052032, 4.371329123387113e-05, 0.002196199493482709, 0.9972825050354004]"
A01,session2,intra_session,train,pca_32,nn_erm,3,3,"[3.494736665743403e-05, 0.0001672494545346126, 0.015128806233406067, 0.984669029712677]"
A01,session2,intra_session,train,pca_32,nn_erm,3,3,"[0.00021759506489615887, 9.261849481845275e-05, 0.0034487906377762556, 0.9962409734725952]"
A01,session2,intra_session,train,pca_32,nn_erm,3,3,"[4.95771637361031e-05, 4.372931471152697e-06, 0.02052210085093975, 0.979423999786377]"
A01,session2,intra_session,train,pca_32,nn_erm,0,0,"[0.9986000657081604, 0.0007913140580058098, 0.000235105020692572, 0.0003735737700480968]"
A01,session2,intra_session,train,pca_32,nn_erm,2,2,"[6.36408876744099e-05, 0.00014318583998829126, 0.972162127494812, 0.027631103992462158]"
A01,session2,intra_session,train,pca_32,nn_erm,1,1,"[0.009040940552949905, 0.9908148646354675, 5.534329102374613e-05, 8.882080146577209e-05]"
A01,session2,intra_session,train,pca_32,nn_erm,0,0,"[0.9991043210029602, 0.0008494827779941261, 1.7107286112150177e-05, 2.9040174922556616e-05]"
A01,session2,intra_session,train,pca_32,nn_erm,0,0,"[0.9971505999565125, 0.0013754378305748105, 0.00019618633086793125, 0.00127789203543216]"
A01,session2,intra_session,train,pca_32,nn_erm,2,2,"[3.818412733380683e-05, 3.0391215659619775e-06, 0.9827387928962708, 0.017219966277480125]"
A01,session2,intra_session,train,pca_32,nn_erm,3,3,"[4.030500349472277e-05, 3.18884412990883e-05, 0.007095721084624529, 0.9928320646286011]"
A01,session2,intra_session,train,pca_32,nn_erm,0,0,"[0.9748370051383972, 0.023404426872730255, 8.700918988324702e-05, 0.0016715103993192315]"
A01,session2,intra_session,train,pca_32,nn_erm,2,2,"[0.005644693039357662, 0.0011004145490005612, 0.973469078540802, 0.019785745069384575]"
A01,session2,intra_session,train,pca_32,nn_erm,2,2,"[7.23677731002681e-05, 0.0012514123227447271, 0.9579112529754639, 0.04076496511697769]"
A01,session2,intra_session,train,pca_32,nn_erm,2,2,"[0.003355031833052635, 0.0018668685806915164, 0.9655201435089111, 0.029257912188768387]"
A01,session2,intra_session,train,pca_32,nn_erm,0,0,"[0.9916114211082458, 0.00811835378408432, 5.382512244977988e-05, 0.00021640797785948962]"
A01,session2,intra_session,train,pca_32,nn_erm,1,1,"[0.01074705459177494, 0.9792824387550354, 0.0010274616070091724, 0.008943109773099422]"
A01,session2,intra_session,train,pca_32,nn_erm,0,0,"[0.979278564453125, 0.020590877160429955, 2.2459033061750233e-05, 0.00010808552906382829]"
A01,session2,intra_session,train,pca_32,nn_erm,1,1,"[0.043394602835178375, 0.9558483362197876, 0.0006463384488597512, 0.00011076259397668764]"
A01,session2,intra_session,train,pca_32,nn_erm,1,1,"[0.0020898105576634407, 0.9855880737304688, 0.010028766468167305, 0.0022933536674827337]"
A01,session2,intra_session,train,pca_32,nn_erm,0,0,"[0.9595420360565186, 0.02169736847281456, 0.0003468194918241352, 0.018413759768009186]"
A01,session2,intra_session,train,pca_32,nn_erm,1,1,"[0.0027069218922406435, 0.9869982600212097, 0.006201541051268578, 0.0040932162664830685]"
A01,session2,intra_session,train,pca_32,nn_erm,2,2,"[0.0002984524762723595, 1.422971035935916e-05, 0.9899529814720154, 0.009734384715557098]"
A01,session2,intra_session,train,pca_32,nn_erm,1,1,"[0.0004924092791043222, 0.9995043277740479, 3.629729974363727e-07, 2.821784846673836e-06]"
A01,session2,intra_session,train,pca_32,nn_erm,2,2,"[7.130509516173333e-07, 6.196163440108649e-07, 0.9997370839118958, 0.0002615667472127825]"
A01,session2,intra_session,train,pca_32,nn_erm,2,2,"[0.00021823887072969228, 0.00010817978909472004, 0.9637212753295898, 0.03595227748155594]"
A01,session2,intra_session,train,pca_32,nn_erm,3,3,"[0.010304542258381844, 0.0014905277639627457, 0.01728425920009613, 0.9709206819534302]"
A01,session2,intra_session,train,pca_32,nn_erm,2,2,"[3.1752573704579845e-05, 8.942624845076352e-05, 0.9550237655639648, 0.04485498368740082]"
A01,session2,intra_session,train,pca_32,nn_erm,2,2,"[0.005020275246351957, 0.005104130133986473, 0.9787503480911255, 0.011125339195132256]"
A01,session2,intra_session,train,pca_32,nn_erm,3,3,"[0.0001178305028588511, 3.937295332434587e-06, 0.0006206351099535823, 0.9992576241493225]"
A01,session2,intra_session,train,pca_32,nn_erm,3,3,"[0.00027549994410946965, 0.0046592531725764275, 0.022027278319001198, 0.9730379581451416]"
A01,session2,intra_session,train,pca_32,nn_erm,3,3,"[5.799789141747169e-05, 0.0012173934374004602, 0.015880977734923363, 0.9828436374664307]"
A01,session2,intra_session,train,pca_32,nn_erm,3,3,"[0.000105427170637995, 0.0008366866386495531, 0.014975822530686855, 0.9840821027755737]"
A01,session2,intra_session,train,pca_32,nn_erm,3,3,"[0.0012894843239337206, 0.006245885975658894, 0.013713194988667965, 0.9787513613700867]"
A01,session2,intra_session,train,pca_32,nn_erm,2,2,"[4.914728563357174e-13, 2.1675643224750019e-10, 0.9985590577125549, 0.0014409511350095272]"
A01,session2,intra_session,train,pca_32,nn_erm,1,1,"[0.002731056185439229, 0.9970049262046814, 4.9196198233403265e-05, 0.00021477813425008208]"
A01,session2,intra_session,train,pca_32,nn_erm,0,0,"[0.9982374906539917, 0.0016228245804086328, 0.000112781192001421, 2.6889751097769476e-05]"
A01,session2,intra_session,train,pca_32,nn_erm,0,0,"[0.9972250461578369, 0.0010945737594738603, 0.0009717911016196012, 0.0007085414254106581]"
A01,session2,intra_session,train,pca_32,nn_erm,1,1,"[0.0016402332112193108, 0.9983475208282471, 4.2902649965981254e-07, 1.1821533007605467e-05]"
A01,session2,intra_session,train,pca_32,nn_erm,2,2,"[0.00729552935808897, 0.0040885163471102715, 0.9885783195495605, 3.76536809199024e-05]"
A01,session2,intra_session,train,pca_32,nn_erm,3,3,"[0.00242032203823328, 0.017715951427817345, 0.030529368668794632, 0.9493342638015747]"
A01,session2,intra_session,train,pca_32,nn_erm,1,1,"[0.04500313848257065, 0.9546034932136536, 0.00034631422022357583, 4.699392229667865e-05]"
A01,session2,intra_session,train,pca_32,nn_erm,2,2,"[2.63422498392174e-06, 2.418196527287364e-05, 0.9920461177825928, 0.007927147671580315]"
A01,session2,intra_session,train,pca_32,nn_erm,0,0,"[0.9839456677436829, 0.016008390113711357, 1.4781015806875075e-06, 4.4463140511652455e-05]"
A01,session2,intra_session,train,pca_32,nn_erm,0,0,"[0.9937896132469177, 0.005933370906859636, 0.00018305503181181848, 9.392818174092099e-05]"
A01,session2,intra_session,train,pca_32,nn_erm,0,0,"[0.9900834560394287, 0.002170697320252657, 0.007643296383321285, 0.00010244748409604654]"
A01,session2,intra_session,train,pca_32,nn_erm,3,3,"[0.007164749316871166, 0.0003437653067521751, 0.0005222719046287239, 0.9919692873954773]"
A01,session2,intra_session,train,pca_32,nn_erm,1,1,"[0.0018125150818377733, 0.9981781244277954, 9.37541790335672e-06, 4.2840976988145485e-08]"
A01,session2,intra_session,train,pca_32,nn_erm,1,1,"[0.0007404392817988992, 0.9922958612442017, 0.0007955406908877194, 0.006168189458549023]"
A01,session2,intra_session,train,pca_32,nn_erm,0,0,"[0.9577616453170776, 0.03992213308811188, 0.0014058909146115184, 0.0009103321353904903]"
A01,session2,intra_session,train,pca_32,nn_erm,0,0,"[0.9998716115951538, 4.677069955505431e-05, 7.85529991844669e-05, 3.031896312677418e-06]"
A01,session2,intra_session,train,pca_32,nn_erm,2,2,"[5.263103957986459e-06, 0.0002867928706109524, 0.987057626247406, 0.01265027467161417]"
A01,session2,intra_session,train,pca_32,nn_erm,0,0,"[0.9936619997024536, 9.336597031506244e-06, 1.4280531104304828e-05, 0.00631434703245759]"
A01,session2,intra_session,train,pca_32,nn_erm,1,1,"[4.100126349548816e-10, 0.9972084164619446, 0.0027915462851524353, 9.230960613948458e-12]"
A01,session2,intra_session,train,pca_32,nn_erm,3,3,"[0.015536986291408539, 0.00023816847533453256, 0.00843098759651184, 0.9757939577102661]"
A01,session2,intra_session,train,pca_32,nn_erm,3,3,"[0.005852778907865286, 0.00023461782257072628, 0.01507172267884016, 0.9788408279418945]"
A01,session2,intra_session,train,pca_32,nn_erm,2,2,"[2.6355610316386446e-06, 1.2468133718357421e-05, 0.9897164702415466, 0.010268432088196278]"
A01,session2,intra_session,train,pca_32,nn_erm,0,0,"[0.9782715439796448, 0.006638034246861935, 0.00015772554615978152, 0.014932714402675629]"
A01,session2,intra_session,train,pca_32,nn_erm,3,3,"[0.003124325070530176, 0.0031267674639821053, 0.011195437051355839, 0.9825534224510193]"
A01,session2,intra_session,train,pca_32,nn_erm,3,3,"[0.009348872117698193, 0.005479905754327774, 0.012492337264120579, 0.9726788401603699]"
A01,session2,intra_session,train,pca_32,nn_erm,1,1,"[0.002046532230451703, 0.9979388117790222, 3.3864596389321378e-06, 1.1316838936181739e-05]"
A01,session2,intra_session,train,pca_32,nn_erm,3,3,"[0.0015463816234841943, 0.011808708310127258, 0.02458181045949459, 0.9620630741119385]"
A01,session2,intra_session,train,pca_32,nn_erm,3,3,"[0.014210640452802181, 0.005187171511352062, 0.014117410406470299, 0.9664848446846008]"
A01,session2,intra_session,train,pca_32,nn_erm,1,1,"[0.0009667342528700829, 0.99868243932724, 0.0003339889517519623, 1.683644404693041e-05]"
A01,session2,intra_session,train,pca_32,nn_erm,0,0,"[0.9879989624023438, 0.011022817343473434, 0.0008953747455962002, 8.28486736281775e-05]"
A01,session2,intra_session,train,pca_32,nn_erm,1,1,"[1.6764028259785846e-05, 0.997393012046814, 0.0024225430097430944, 0.00016769328794907779]"
A01,session2,intra_session,train,pca_32,nn_erm,2,2,"[8.727395652385894e-06, 3.2541265682084486e-05, 0.9979731440544128, 0.001985583920031786]"
A01,session2,intra_session,train,pca_32,nn_erm,2,2,"[0.0001575571805005893, 0.008496992290019989, 0.9901968240737915, 0.0011485273716971278]"
A01,session2,intra_session,train,pca_32,nn_erm,2,2,"[2.7774156478699297e-05, 4.1371554289071355e-06, 0.9952989220619202, 0.004669238347560167]"
A01,session2,intra_session,train,pca_32,nn_erm,3,3,"[0.00017089847824536264, 3.353733700350858e-05, 0.0010234906803816557, 0.9987719655036926]"
A01,session2,intra_session,train,pca_32,nn_erm,2,2,"[4.5910019252914935e-05, 0.0012117181904613972, 0.989967942237854, 0.008774461224675179]"
A01,session2,intra_session,train,pca_32,nn_erm,0,0,"[0.973637580871582, 0.01913955621421337, 0.004550470970571041, 0.0026723933406174183]"
A01,session2,intra_session,train,pca_32,nn_erm,3,3,"[0.0012313275365158916, 1.50809864862822e-05, 0.0026390552520751953, 0.9961144924163818]"
A01,session2,intra_session,train,pca_32,nn_erm,1,1,"[0.02360082045197487, 0.976314902305603, 6.892344390507787e-05, 1.5313302355934866e-05]"
A01,session2,intra_session,train,pca_32,nn_erm,2,2,"[4.179863753961399e-05, 6.733777809131425e-06, 0.9994685053825378, 0.0004829669196624309]"
A01,session2,intra_session,train,pca_32,nn_erm,1,1,"[0.017540019005537033, 0.9824541211128235, 9.846478405961534e-07, 4.949234607920516e-06]"
A01,session2,intra_session,train,pca_32,nn_erm,2,2,"[1.8514991097617894e-05, 0.00010836545698111877, 0.9895246624946594, 0.01034846343100071]"
A01,session2,intra_session,train,pca_32,nn_erm,3,3,"[0.0001059303613146767, 0.0001383418421028182, 0.00888772588223219, 0.9908679723739624]"
A01,session2,intra_session,train,pca_32,nn_erm,1,1,"[0.016896994784474373, 0.9830396771430969, 1.382275513606146e-05, 4.950156653649174e-05]"
A01,session2,intra_session,train,pca_32,nn_erm,2,2,"[0.00047783396439626813, 3.631674189819023e-05, 0.9971170425415039, 0.002368868561461568]"
A01,session2,intra_session,train,pca_32,nn_erm,0,0,"[0.9524515867233276, 0.0026222108863294125, 0.015965986996889114, 0.02896016277372837]"
A01,session2,intra_session,train,pca_32,nn_erm,0,0,"[0.9835947155952454, 0.015086840838193893, 0.0011746191885322332, 0.00014383818779606372]"
A01,session2,intra_session,train,pca_32,nn_erm,0,0,"[0.9952706694602966, 0.0047238911502063274, 3.6575759168044897e-06, 1.7760237369657261e-06]"
A01,session2,intra_session,train,pca_32,nn_erm,3,3,"[0.014017526060342789, 0.0005235155113041401, 0.037245213985443115, 0.9482137560844421]"
A01,session2,intra_session,train,pca_32,nn_erm,1,1,"[0.009514511562883854, 0.989279568195343, 0.00021638203179463744, 0.0009896012488752604]"
A01,session2,intra_session,train,pca_32,nn_erm,0,0,"[0.9862068295478821, 0.009393231011927128, 9.006113032228313e-06, 0.004390922840684652]"
A01,session2,intra_session,train,pca_32,nn_erm,2,2,"[1.311355958932836e-06, 6.493871751445113e-06, 0.9996090531349182, 0.00038312841206789017]"
A01,session2,intra_session,train,pca_32,nn_erm,0,0,"[0.9996296167373657, 0.00034337956458330154, 4.327986971475184e-06, 2.2750571588403545e-05]"
A01,session2,intra_session,train,pca_32,nn_erm,2,2,"[7.995044143171981e-06, 7.256527169374749e-05, 0.9984551668167114, 0.0014642520109191537]"
A01,session2,intra_session,train,pca_32,nn_erm,1,1,"[0.024784687906503677, 0.9743753671646118, 2.2811072994954884e-05, 0.0008171426015906036]"
A01,session2,intra_session,train,pca_32,nn_erm,3,3,"[4.240300404489972e-05, 1.7724360077409074e-05, 0.017055775970220566, 0.9828841090202332]"
A01,session2,intra_session,train,pca_32,nn_erm,0,0,"[0.9908013939857483, 0.0013627625303342938, 0.0017695862334221601, 0.00606630090624094]"
A01,session2,intra_session,train,pca_32,nn_erm,2,2,"[6.178360081321443e-07, 1.9701721498677216e-07, 0.988131046295166, 0.011868234723806381]"
A01,session2,intra_session,train,pca_32,nn_erm,2,2,"[1.2439896636351477e-05, 0.0014741100603714585, 0.9782536029815674, 0.020259728655219078]"
A01,session2,intra_session,train,pca_32,nn_erm,0,0,"[0.9860261082649231, 0.01290331780910492, 0.000277932733297348, 0.0007925680838525295]"
A01,session2,intra_session,train,pca_32,nn_erm,2,2,"[0.0022404815535992384, 0.0001675326202530414, 0.9963024854660034, 0.0012894900282844901]"
A01,session2,intra_session,train,pca_32,nn_erm,1,1,"[0.0035049135331064463, 0.9953296184539795, 2.0497887817327864e-05, 0.0011450459714978933]"
A01,session2,intra_session,train,pca_32,nn_erm,3,3,"[1.3899311568366102e-07, 3.789086258620955e-05, 0.02566707134246826, 0.974294900894165]"
A01,session2,intra_session,train,pca_32,nn_erm,3,3,"[0.0006106452783569694, 0.001753903110511601, 0.0008653257973492146, 0.9967702627182007]"
A01,session2,intra_session,train,pca_32,nn_erm,3,3,"[0.02386840060353279, 0.006033187732100487, 0.03349553421139717, 0.9366028904914856]"
A01,session2,intra_session,train,pca_32,nn_erm,2,2,"[0.0012716429773718119, 0.003373814281076193, 0.9794848561286926, 0.015869710594415665]"
A01,session2,intra_session,train,pca_32,nn_erm,0,0,"[0.978760302066803, 0.02120969630777836, 2.296802995260805e-05, 7.057221409922931e-06]"
A01,session2,intra_session,train,pca_32,nn_erm,3,3,"[0.00020391274301800877, 0.0008866431307978928, 0.0038480283692479134, 0.9950613379478455]"
A01,session2,intra_session,train,pca_32,nn_erm,1,1,"[0.00496732397004962, 0.986562192440033, 0.0026671048253774643, 0.005803323816508055]"
A01,session2,intra_session,train,pca_32,nn_erm,3,3,"[0.006136087700724602, 0.012585332617163658, 0.02416556514799595, 0.9571129679679871]"
A01,session2,intra_session,train,pca_32,nn_erm,1,1,"[1.4139236554910894e-05, 0.9996943473815918, 0.000286714406684041, 4.779618848260725e-06]"
A01,session2,intra_session,train,pca_32,nn_erm,0,0,"[0.9879351854324341, 0.00028278844547457993, 0.007391273509711027, 0.004390663467347622]"
A01,session2,intra_session,train,pca_32,nn_erm,2,2,"[4.023896508442704e-06, 0.0002761719806585461, 0.9859902858734131, 0.013729531317949295]"
A01,session2,intra_session,train,pca_32,nn_erm,1,1,"[0.024239186197519302, 0.9682572484016418, 0.00017037415818776935, 0.007333141285926104]"
A01,session2,intra_session,train,pca_32,nn_erm,0,0,"[0.994869589805603, 0.005129581317305565, 2.613485037272767e-07, 6.062723514332902e-07]"
A01,session2,intra_session,train,pca_32,nn_erm,2,2,"[0.004715903662145138, 0.03931964933872223, 0.9430153369903564, 0.012949123047292233]"
A01,session2,intra_session,train,pca_32,nn_erm,2,2,"[0.004200234543532133, 3.090251630055718e-05, 0.9767774939537048, 0.018991388380527496]"
A01,session2,intra_session,train,pca_32,nn_erm,0,0,"[0.9947023987770081, 0.0046713752672076225, 0.00042261966154910624, 0.00020355945162009448]"
A01,session2,intra_session,train,pca_32,nn_erm,2,2,"[0.006874701473861933, 4.95453568873927e-05, 0.9927162528038025, 0.0003595720627345145]"
A01,session2,intra_session,train,pca_32,nn_erm,3,3,"[0.00020686371135525405, 0.0003871876106131822, 0.004806641489267349, 0.9945992231369019]"
A01,session2,intra_session,train,pca_32,nn_erm,3,3,"[0.0042342813685536385, 0.006150983739644289, 0.0055245221592485905, 0.984090268611908]"
A01,session2,intra_session,train,pca_32,nn_erm,1,1,"[2.0825633839649527e-07, 0.9999910593032837, 2.619585075080977e-06, 6.027031304256525e-06]"
A01,session2,intra_session,train,pca_32,nn_erm,0,0,"[0.9909093976020813, 0.005135732237249613, 0.0012260000221431255, 0.0027288845740258694]"
A01,session2,intra_session,train,pca_32,nn_erm,1,1,"[0.012636288069188595, 0.9775780439376831, 0.0036104389000684023, 0.006175283808261156]"
A01,session2,intra_session,train,pca_32,nn_erm,3,3,"[0.007158074993640184, 0.00019817196880467236, 0.00834120437502861, 0.9843025207519531]"
A01,session2,intra_session,train,pca_32,nn_erm,1,1,"[0.006026474293321371, 0.9816988706588745, 0.003548739477992058, 0.008725890889763832]"
A01,session2,intra_session,train,pca_32,nn_erm,3,3,"[7.496782927773893e-05, 4.446973616722971e-05, 0.059165049344301224, 0.9407154321670532]"
A01,session2,intra_session,train,pca_32,nn_erm,2,2,"[2.2179418301959686e-09, 5.032775334257167e-06, 0.9982288479804993, 0.0017661035526543856]"
A01,session2,intra_session,train,pca_32,nn_erm,1,1,"[0.00715754646807909, 0.9927721619606018, 5.9276007959851995e-06, 6.438441050704569e-05]"
A01,session2,intra_session,train,pca_32,nn_erm,1,1,"[0.0377151295542717, 0.9617674946784973, 5.8994191931560636e-05, 0.0004584136768244207]"
A01,session2,intra_session,train,pca_32,nn_erm,1,1,"[0.003953116480261087, 0.9943162798881531, 0.0005113576189614832, 0.0012191880960017443]"
A01,session2,intra_session,train,pca_32,nn_erm,2,2,"[0.012698506005108356, 0.0005305325612425804, 0.9790617823600769, 0.007709135301411152]"
A01,session2,intra_session,train,pca_32,nn_erm,3,3,"[0.006267030257731676, 0.003311346983537078, 0.002682716818526387, 0.9877389073371887]"
A01,session2,intra_session,train,pca_32,nn_erm,0,0,"[0.9804242849349976, 0.008253609761595726, 0.009312559850513935, 0.00200956454500556]"
A01,session2,intra_session,train,pca_32,nn_erm,1,1,"[0.0055247945711016655, 0.9944270849227905, 2.8454571747715818e-06, 4.525805343291722e-05]"
A01,session2,intra_session,train,pca_32,nn_erm,3,3,"[8.105504093691707e-06, 0.0007639941177330911, 0.007038391660898924, 0.9921895265579224]"
A01,session2,intra_session,train,pca_32,nn_erm,0,0,"[0.9872960448265076, 0.012676575221121311, 2.1043408196419477e-05, 6.32312685411307e-06]"
A01,session2,intra_session,train,pca_32,nn_erm,2,2,"[0.0003240922524128109, 7.193812052719295e-06, 0.9990235567092896, 0.0006451561348512769]"
A01,session2,intra_session,train,pca_32,nn_erm,2,2,"[8.119442645693198e-05, 0.0002359831123612821, 0.9991955161094666, 0.0004873222787864506]"
A01,session2,intra_session,train,pca_32,nn_erm,3,3,"[0.0005630819359794259, 0.00028449794626794755, 0.02752704918384552, 0.9716254472732544]"
A01,session2,intra_session,train,pca_32,nn_erm,0,0,"[0.9929445385932922, 0.006970982998609543, 7.880121847847477e-05, 5.6919998314697295e-06]"
A01,session2,intra_session,train,pca_32,nn_erm,0,0,"[0.9821343421936035, 0.00732797896489501, 0.0005505610606633127, 0.009987177327275276]"
A01,session2,intra_session,train,pca_32,nn_erm,2,2,"[0.0021027582697570324, 0.005316851194947958, 0.9852691292762756, 0.007311257068067789]"
A01,session2,intra_session,train,pca_32,nn_erm,1,1,"[0.0007228488684631884, 0.9992687106132507, 4.964359050063649e-06, 3.4427041555318283e-06]"
A01,session2,intra_session,train,pca_32,nn_erm,3,3,"[0.002730319742113352, 0.000930942187551409, 0.002276224782690406, 0.9940624833106995]"
A01,session2,intra_session,train,pca_32,nn_erm,3,3,"[0.004867566283792257, 0.0005303773214109242, 0.004773619119077921, 0.9898284673690796]"
A01,session2,intra_session,train,pca_32,nn_erm,3,3,"[0.000686118786688894, 0.00019259779946878552, 0.014280885457992554, 0.984840452671051]"
A01,session2,intra_session,train,pca_32,nn_erm,1,1,"[0.015952052548527718, 0.9831703305244446, 0.00033205104409717023, 0.0005455963546410203]"
A01,session2,intra_session,train,pca_32,nn_erm,0,0,"[0.999893307685852, 0.00010513133747735992, 5.777546334684303e-07, 9.508808602731733e-07]"
A01,session2,intra_session,train,pca_32,nn_erm,2,2,"[1.8691520153879537e-06, 2.112321089953184e-05, 0.9986634254455566, 0.0013134995242580771]"
A01,session2,intra_session,train,pca_32,nn_erm,1,1,"[0.0017740583280101418, 0.9981825351715088, 3.987248055636883e-05, 3.5929544992541196e-06]"
A01,session2,intra_session,train,pca_32,nn_erm,3,3,"[0.0007490045973099768, 0.0003332755877636373, 0.003565084422007203, 0.9953526258468628]"
A01,session2,intra_session,train,pca_32,nn_erm,0,0,"[0.9928412437438965, 0.0071174572221934795, 1.3092318113194779e-05, 2.8145739634055644e-05]"
A01,session2,intra_session,train,pca_32,nn_erm,3,3,"[0.0006572488928213716, 6.923789442225825e-06, 0.008710834197700024, 0.9906249642372131]"
A01,session2,intra_session,train,pca_32,nn_erm,2,2,"[0.007785618770867586, 0.00045766192488372326, 0.9577425122261047, 0.03401422128081322]"
A01,session2,intra_session,train,pca_32,nn_erm,1,1,"[0.01131504774093628, 0.9883557558059692, 3.4057075026794337e-06, 0.00032574502984061837]"
A01,session2,intra_session,train,pca_32,nn_erm,3,3,"[0.0008994115050882101, 1.1523362445586827e-05, 0.0017484209965914488, 0.9973406195640564]"
A01,session2,intra_session,train,pca_32,nn_erm,3,3,"[0.0008205918129533529, 0.0001348497171420604, 0.013939001597464085, 0.9851056337356567]"
A01,session2,intra_session,train,pca_32,nn_erm,0,0,"[0.9979043006896973, 0.0013869618996977806, 0.0007039207848720253, 4.8466977204952855e-06]"
A01,session2,intra_session,train,pca_32,nn_erm,1,1,"[0.005417126230895519, 0.9919988512992859, 0.0002018717786995694, 0.00238214829005301]"
A01,session2,intra_session,train,pca_32,nn_erm,1,1,"[6.930030940566212e-05, 0.9881700277328491, 0.011719715781509876, 4.0960905607789755e-05]"
A01,session2,intra_session,train,pca_32,nn_erm,2,2,"[0.006088705267757177, 0.005737351719290018, 0.9699798822402954, 0.018194008618593216]"
A01,session2,intra_session,train,pca_32,nn_erm,3,3,"[1.7248023141291924e-05, 2.0495821445365436e-05, 0.014307960867881775, 0.9856542944908142]"
A01,session2,intra_session,train,pca_32,nn_erm,1,1,"[0.008892405778169632, 0.9911028146743774, 8.907134656510607e-07, 3.884277703036787e-06]"
A01,session2,intra_session,train,pca_32,nn_erm,0,0,"[0.9962878227233887, 0.002098096301779151, 0.001147497445344925, 0.0004665264568757266]"
A01,session2,intra_session,train,pca_32,nn_erm,0,0,"[0.998525083065033, 2.6415542379254475e-05, 0.0003435927792452276, 0.001104912837035954]"
A01,session2,intra_session,train,pca_32,nn_erm,3,3,"[0.0001789886155165732, 0.0020052993204444647, 0.0003047760692425072, 0.9975109100341797]"
A01,session2,intra_session,train,pca_32,nn_erm,1,1,"[0.005848383996635675, 0.9890957474708557, 0.0018731236923485994, 0.003182772547006607]"
A01,session2,intra_session,train,pca_32,nn_erm,0,0,"[0.9561609029769897, 0.03893958404660225, 5.669118763762526e-05, 0.0048428247682750225]"
A01,session2,intra_session,train,pca_32,nn_erm,2,2,"[0.000321524974424392, 0.0006262256065383554, 0.985471785068512, 0.013580444268882275]"
A01,session2,intra_session,train,pca_32,nn_erm,1,1,"[0.03433370217680931, 0.9577972888946533, 0.0027663486544042826, 0.005102661903947592]"
A01,session2,intra_session,train,pca_32,nn_erm,1,1,"[0.0008295763400383294, 0.9990044236183167, 1.8935103071271442e-05, 0.0001470303541282192]"
A01,session2,intra_session,train,pca_32,nn_erm,2,2,"[0.004028087016195059, 0.000981439952738583, 0.9869096875190735, 0.008080758154392242]"
A01,session2,intra_session,train,pca_32,nn_erm,0,0,"[0.9854984283447266, 0.014331492595374584, 0.00016404238704126328, 6.015776307322085e-06]"
A01,session2,intra_session,train,pca_32,nn_erm,3,3,"[0.0015683777164667845, 0.00012842196156270802, 0.005087787285447121, 0.9932154417037964]"
A01,session2,intra_session,train,pca_32,nn_erm,2,2,"[1.7689953892841004e-05, 0.004156116861850023, 0.9918705224990845, 0.003955605439841747]"
A01,session2,intra_session,train,pca_32,nn_erm,2,2,"[0.0008312996942549944, 0.0005438243388198316, 0.9740368723869324, 0.024588024243712425]"
A01,session2,intra_session,train,pca_32,nn_erm,2,2,"[0.0023907774593681097, 0.00037046390934847295, 0.9911856055259705, 0.006053153425455093]"
A01,session2,intra_session,train,pca_32,nn_erm,2,2,"[6.217525765350729e-07, 0.00023172335932031274, 0.9953712821006775, 0.004396370146423578]"
A01,session2,intra_session,train,pca_32,nn_erm,0,0,"[0.9841169714927673, 0.01584215648472309, 3.405002280487679e-05, 6.9106458795431536e-06]"
A01,session2,intra_session,train,pca_32,nn_erm,1,1,"[0.013022984378039837, 0.9779924750328064, 0.008860896341502666, 0.000123706238809973]"
A01,session2,intra_session,train,pca_32,nn_erm,0,0,"[0.9839602112770081, 0.01263036485761404, 0.0021838624961674213, 0.0012255447218194604]"
A01,session2,intra_session,train,pca_32,nn_erm,1,1,"[0.0021068279165774584, 0.9977942705154419, 8.809777500573546e-05, 1.0828881386260036e-05]"
A01,session2,intra_session,train,pca_32,nn_erm,0,0,"[0.9917587637901306, 0.0024102195166051388, 0.005819505546241999, 1.151968081103405e-05]"
A01,session2,intra_session,train,pca_32,nn_erm,0,0,"[0.996374785900116, 0.0033783658873289824, 3.0771254387218505e-05, 0.0002160660660592839]"
A01,session2,intra_session,train,pca_32,nn_erm,2,2,"[6.651268631685525e-05, 5.2394067751038165e-08, 0.9962652325630188, 0.0036682630889117718]"
A01,session2,intra_session,train,pca_32,nn_erm,2,2,"[0.0013681328855454922, 0.003482245374470949, 0.9824888706207275, 0.012660760432481766]"
A01,session2,intra_session,train,pca_32,nn_erm,1,1,"[0.010576613247394562, 0.9831433892250061, 0.005434903781861067, 0.0008450999739579856]"
A01,session2,intra_session,train,pca_32,nn_erm,2,2,"[1.1988451831257407e-07, 3.488401034701383e-07, 0.9981040954589844, 0.001895436435006559]"
A01,session2,intra_session,train,pca_32,nn_erm,3,3,"[5.277800596559246e-07, 6.970472168177366e-05, 0.0002979329728987068, 0.9996317625045776]"
A01,session2,intra_session,train,pca_32,nn_erm,0,0,"[0.9858140349388123, 0.013797806575894356, 0.0003800488484557718, 8.12016151030548e-06]"
A01,session2,intra_session,test,pca_32,nn_erm,3,3,"[0.00014407896378543228, 0.00041551547474227846, 0.0022982261143624783, 0.9971421360969543]"
A01,session2,intra_session,test,pca_32,nn_erm,0,1,"[0.05157603695988655, 0.5378808379173279, 0.07995166629552841, 0.3305913805961609]"
A01,session2,intra_session,test,pca_32,nn_erm,0,2,"[0.0072416020557284355, 0.007479149382561445, 0.9434661865234375, 0.04181302711367607]"
A01,session2,intra_session,test,pca_32,nn_erm,1,3,"[0.05832666903734207, 0.2150362730026245, 0.06561505049467087, 0.6610220074653625]"
A01,session2,intra_session,test,pca_32,nn_erm,3,2,"[0.0743168368935585, 0.008449909277260303, 0.8186340928077698, 0.09859926998615265]"
A01,session2,intra_session,test,pca_32,nn_erm,2,2,"[0.005987459793686867, 0.001077987253665924, 0.9853804707527161, 0.007554003037512302]"
A01,session2,intra_session,test,pca_32,nn_erm,1,2,"[0.32670968770980835, 0.15398158133029938, 0.5057136416435242, 0.013595186173915863]"
A01,session2,intra_session,test,pca_32,nn_erm,3,2,"[0.047054339200258255, 0.00022219082165975124, 0.6670711636543274, 0.2856523096561432]"
A01,session2,intra_session,test,pca_32,nn_erm,2,3,"[0.3268093764781952, 0.28558796644210815, 0.03090330772101879, 0.35669928789138794]"
A01,session2,intra_session,test,pca_32,nn_erm,3,3,"[0.002703959820792079, 0.001029947423376143, 0.28511109948158264, 0.7111549973487854]"
A01,session2,intra_session,test,pca_32,nn_erm,2,2,"[0.01713719218969345, 0.0008502599666826427, 0.9667378067970276, 0.015274802222847939]"
A01,session2,intra_session,test,pca_32,nn_erm,3,3,"[0.007011703681200743, 2.9657330742338672e-05, 0.041855502873659134, 0.951103150844574]"
A01,session2,intra_session,test,pca_32,nn_erm,1,1,"[0.013149530626833439, 0.899804949760437, 0.08473813533782959, 0.00230741617269814]"
A01,session2,intra_session,test,pca_32,nn_erm,1,1,"[0.22465798258781433, 0.7630139589309692, 0.0011701493058353662, 0.011157946661114693]"
A01,session2,intra_session,test,pca_32,nn_erm,3,3,"[6.226686673471704e-05, 0.0006175399175845087, 0.1078595370054245, 0.891460657119751]"
A01,session2,intra_session,test,pca_32,nn_erm,0,2,"[0.3282765746116638, 0.22599171102046967, 0.4250352680683136, 0.02069646120071411]"
A01,session2,intra_session,test,pca_32,nn_erm,1,0,"[0.4995056390762329, 0.4947952926158905, 0.003231415757909417, 0.002467624843120575]"
A01,session2,intra_session,test,pca_32,nn_erm,1,0,"[0.9046320915222168, 0.09533760696649551, 2.773044616333209e-05, 2.591073780422448e-06]"
A01,session2,intra_session,test,pca_32,nn_erm,1,0,"[0.8816685676574707, 0.09410598129034042, 0.0017009611474350095, 0.022524481639266014]"
A01,session2,intra_session,test,pca_32,nn_erm,2,2,"[0.14888514578342438, 0.004504107870161533, 0.7647222876548767, 0.08188851922750473]"
A01,session2,intra_session,test,pca_32,nn_erm,3,2,"[0.4584517478942871, 0.00040816128603182733, 0.49589356780052185, 0.045246537774801254]"
A01,session2,intra_session,test,pca_32,nn_erm,0,0,"[0.8973965644836426, 0.0007478150655515492, 0.09331943839788437, 0.008536163717508316]"
A01,session2,intra_session,test,pca_32,nn_erm,3,2,"[1.3696722817257978e-05, 3.379374174983241e-05, 0.9927563071250916, 0.007196160964667797]"
A01,session2,intra_session,test,pca_32,nn_erm,0,0,"[0.8531121015548706, 0.06436921656131744, 0.07551540434360504, 0.007003291510045528]"
A01,session2,intra_session,test,pca_32,nn_erm,2,3,"[0.003595504444092512, 0.0026782993227243423, 0.3683813214302063, 0.6253448128700256]"
A01,session2,intra_session,test,pca_32,nn_erm,0,0,"[0.7460038661956787, 0.18936115503311157, 0.01677628420293331, 0.04785870388150215]"
A01,session2,intra_session,test,pca_32,nn_erm,3,3,"[0.01649395190179348, 0.027690621092915535, 0.06972091645002365, 0.8860943913459778]"
A01,session2,intra_session,test,pca_32,nn_erm,0,0,"[0.9717246294021606, 0.021929539740085602, 0.00633201515302062, 1.386532858305145e-05]"
A01,session2,intra_session,test,pca_32,nn_erm,2,2,"[0.0007057408220134676, 0.0008643404580652714, 0.8754124045372009, 0.12301744520664215]"
A01,session2,intra_session,test,pca_32,nn_erm,0,0,"[0.5751000046730042, 0.4244825839996338, 0.0002495130756869912, 0.0001679782144492492]"
A01,session2,intra_session,test,pca_32,nn_erm,1,3,"[0.20076900720596313, 0.16170157492160797, 0.0016502715880051255, 0.6358791589736938]"
A01,session2,intra_session,test,pca_32,nn_erm,2,2,"[0.0002102105354424566, 0.04269185662269592, 0.8417708873748779, 0.11532704532146454]"
A01,session2,intra_session,test,pca_32,nn_erm,2,3,"[0.011156482622027397, 0.0019829641096293926, 0.09946185350418091, 0.8873986601829529]"
A01,session2,intra_session,test,pca_32,nn_erm,3,3,"[0.0024865586310625076, 5.2276893256930634e-05, 0.02287686988711357, 0.9745843410491943]"
A01,session2,intra_session,test,pca_32,nn_erm,0,1,"[0.4595497250556946, 0.5341348648071289, 0.0015298067592084408, 0.004785588942468166]"
A01,session2,intra_session,test,pca_32,nn_erm,1,3,"[0.010154548101127148, 0.04677645117044449, 0.07968743145465851, 0.8633815050125122]"
A01,session2,intra_session,test,pca_32,nn_erm,3,3,"[0.04995230957865715, 0.011267446912825108, 0.21518085896968842, 0.723599374294281]"
A01,session2,intra_session,test,pca_32,nn_erm,1,1,"[0.0820096805691719, 0.9085360765457153, 0.00514500355347991, 0.004309318959712982]"
A01,session2,intra_session,test,pca_32,nn_erm,2,3,"[2.455096819176106e-07, 1.4775223462493159e-06, 0.4978489577770233, 0.5021492838859558]"
A01,session2,intra_session,test,pca_32,nn_erm,2,3,"[0.03846944123506546, 0.1250534951686859, 0.23290370404720306, 0.6035733819007874]"
A01,session2,intra_session,test,pca_32,nn_erm,0,0,"[0.5784172415733337, 0.2800769805908203, 0.11560557037591934, 0.025900261476635933]"
A01,session2,intra_session,test,pca_32,nn_erm,3,3,"[2.1912232114118524e-05, 8.6503987404285e-06, 0.1902061104774475, 0.8097632527351379]"
A01,session2,intra_session,test,pca_32,nn_erm,1,1,"[0.19261470437049866, 0.8011025190353394, 0.0055061751045286655, 0.0007766117341816425]"
A01,session2,intra_session,test,pca_32,nn_erm,3,2,"[0.29278138279914856, 0.01658478192985058, 0.511759340763092, 0.17887449264526367]"
A01,session2,intra_session,test,pca_32,nn_erm,0,0,"[0.8888677954673767, 0.10491976141929626, 0.001310451771132648, 0.004901966080069542]"
A01,session2,intra_session,test,pca_32,nn_erm,0,0,"[0.8350472450256348, 0.14383788406848907, 0.019339822232723236, 0.0017751328414306045]"
A01,session2,intra_session,test,pca_32,nn_erm,2,2,"[0.050739437341690063, 0.0730355903506279, 0.46980202198028564, 0.40642306208610535]"
A01,session2,intra_session,test,pca_32,nn_erm,2,2,"[0.1428508162498474, 0.02730266936123371, 0.5709718465805054, 0.2588746249675751]"
A01,session2,intra_session,test,pca_32,nn_erm,1,1,"[0.4895685613155365, 0.5080883502960205, 9.35578573262319e-05, 0.0022495295852422714]"
A01,session2,intra_session,test,pca_32,nn_erm,3,2,"[0.0035209443885833025, 6.758617382729426e-05, 0.8713133931159973, 0.1250981241464615]"
A01,session2,intra_session,test,pca_32,nn_erm,1,0,"[0.8837336897850037, 0.11430884152650833, 0.0018543240148574114, 0.00010308084893040359]"
A01,session2,intra_session,test,pca_32,nn_erm,1,1,"[0.05465657636523247, 0.8979771733283997, 0.04054386541247368, 0.006822451949119568]"
A01,session2,intra_session,test,pca_32,nn_erm,0,0,"[0.8399696350097656, 0.15349160134792328, 0.006329119671136141, 0.00020958753884769976]"
A01,session2,intra_session,test,pca_32,nn_erm,1,0,"[0.5467430353164673, 0.43949607014656067, 0.01193078700453043, 0.0018301208037883043]"
A01,session2,intra_session,test,pca_32,nn_erm,3,3,"[0.0002351961302338168, 0.0009758143569342792, 0.14725729823112488, 0.8515316843986511]"
A01,session2,intra_session,test,pca_32,nn_erm,3,3,"[0.08949818462133408, 0.06964335590600967, 0.029508942738175392, 0.8113495707511902]"
A01,session2,intra_session,test,pca_32,nn_erm,1,0,"[0.8453329205513, 0.15404269099235535, 0.00038275658152997494, 0.0002416938659735024]"
A01,session2,intra_session,test,pca_32,nn_erm,1,1,"[0.026065876707434654, 0.9737771153450012, 3.997866951976903e-05, 0.00011696629371726885]"
A01,session2,intra_session,test,pca_32,nn_erm,1,0,"[0.6324436068534851, 0.36716020107269287, 0.0001891849678941071, 0.00020707459771074355]"
A01,session2,intra_session,test,pca_32,nn_erm,1,0,"[0.5192259550094604, 0.477614164352417, 0.002529700519517064, 0.0006301484536379576]"
A01,session2,intra_session,test,pca_32,nn_erm,3,3,"[0.013419748283922672, 0.0003300403186585754, 0.33486586809158325, 0.6513842940330505]"
A01,session2,intra_session,test,pca_32,nn_erm,3,3,"[0.00955052301287651, 0.008676375262439251, 0.09295757859945297, 0.8888155221939087]"
A01,session2,intra_session,test,pca_32,nn_erm,2,2,"[0.012950043193995953, 0.01502735074609518, 0.8577712178230286, 0.11425141990184784]"
A01,session2,intra_session,test,pca_32,nn_erm,3,3,"[0.0013861156767234206, 1.0160486453969497e-05, 0.3209461569786072, 0.6776576042175293]"
A01,session2,intra_session,test,pca_32,nn_erm,0,1,"[0.06131032481789589, 0.9105281233787537, 0.024439174681901932, 0.0037224157713353634]"
A01,session2,intra_session,test,pca_32,nn_erm,1,0,"[0.8982371687889099, 0.10011360794305801, 0.00016835876158438623, 0.0014809531858190894]"
A01,session2,intra_session,test,pca_32,nn_erm,2,3,"[0.008119411766529083, 0.007362652570009232, 0.1311379224061966, 0.853380024433136]"
A01,session2,intra_session,test,pca_32,nn_erm,1,1,"[0.005678015295416117, 0.9858470559120178, 0.00507954228669405, 0.003395484294742346]"
A01,session2,intra_session,test,pca_32,nn_erm,0,1,"[0.4216407239437103, 0.5305196642875671, 0.042711291462183, 0.005128241144120693]"
A01,session2,intra_session,test,pca_32,nn_erm,3,2,"[4.786626504937885e-06, 1.1855579941766337e-05, 0.994818389415741, 0.00516497902572155]"
A01,session2,intra_session,test,pca_32,nn_erm,0,1,"[0.048678506165742874, 0.9079181551933289, 0.039412349462509155, 0.003990919329226017]"
A01,session2,intra_session,test,pca_32,nn_erm,3,3,"[0.0006603389629162848, 0.0006862590089440346, 0.13453394174575806, 0.8641194701194763]"
A01,session2,intra_session,test,pca_32,nn_erm,0,1,"[0.030067868530750275, 0.9677211046218872, 0.001513374736532569, 0.0006976806907914579]"
A01,session2,intra_session,test,pca_32,nn_erm,0,0,"[0.9457103610038757, 0.05418230593204498, 8.103975414996967e-05, 2.6257293939124793e-05]"
A01,session2,intra_session,test,pca_32,nn_erm,0,0,"[0.6396949887275696, 0.35549184679985046, 0.0025637394282966852, 0.0022494993172585964]"
A01,session2,intra_session,test,pca_32,nn_erm,0,1,"[0.2795480787754059, 0.7067219614982605, 8.207911741919816e-05, 0.013647891581058502]"
A01,session2,intra_session,test,pca_32,nn_erm,2,2,"[0.0009429969941265881, 0.0019390317611396313, 0.9823106527328491, 0.014807318337261677]"
A01,session2,intra_session,test,pca_32,nn_erm,2,2,"[0.021948590874671936, 0.05469139665365219, 0.5651963949203491, 0.35816362500190735]"
A01,session2,intra_session,test,pca_32,nn_erm,3,2,"[0.005115817300975323, 0.002588337054476142, 0.7069011330604553, 0.2853946387767792]"
A01,session2,intra_session,test,pca_32,nn_erm,1,0,"[0.906968891620636, 0.09223449230194092, 0.0007103712414391339, 8.630817319499329e-05]"
A01,session2,intra_session,test,pca_32,nn_erm,2,2,"[0.00014645718329120427, 0.00034184788819402456, 0.9760554432868958, 0.023456230759620667]"
A01,session2,intra_session,test,pca_32,nn_erm,2,2,"[0.009376662783324718, 0.01097557321190834, 0.8395116925239563, 0.14013610780239105]"
A01,session2,intra_session,test,pca_32,nn_erm,2,2,"[0.010745249688625336, 9.572856652084738e-05, 0.9680473208427429, 0.021111732348799706]"
A01,session2,intra_session,test,pca_32,nn_erm,3,2,"[0.19330540299415588, 0.0038989372551441193, 0.7065128684043884, 0.09628286957740784]"
A01,session2,intra_session,test,pca_32,nn_erm,2,3,"[0.002078027231618762, 0.00969220232218504, 0.011555930599570274, 0.9766739010810852]"
A01,session2,intra_session,test,pca_32,nn_erm,0,1,"[0.2990587651729584, 0.6594094038009644, 0.04113926365971565, 0.0003925840719603002]"
A01,session2,intra_session,test,pca_32,nn_erm,2,2,"[0.000136333386762999, 0.0005182205350138247, 0.9678878784179688, 0.031457483768463135]"
A02,session1,intra_session,train,pca_32,nn_erm,0,0,"[0.997348427772522, 4.329340663389303e-05, 4.764705181514728e-07, 0.002607741393148899]"
A02,session1,intra_session,train,pca_32,nn_erm,1,1,"[0.005873284302651882, 0.9914325475692749, 9.823908840189688e-06, 0.0026842441875487566]"
A02,session1,intra_session,train,pca_32,nn_erm,1,1,"[0.0012447666376829147, 0.9910578727722168, 0.0019346503540873528, 0.00576269906014204]"
A02,session1,intra_session,train,pca_32,nn_erm,0,0,"[0.993490993976593, 0.0045669060200452805, 0.00019718507246579975, 0.0017449050210416317]"
A02,session1,intra_session,train,pca_32,nn_erm,1,1,"[0.0006551254191435874, 0.9863448143005371, 0.0009771930053830147, 0.01202299352735281]"
A02,session1,intra_session,train,pca_32,nn_erm,0,0,"[0.9800389409065247, 0.0020842840895056725, 0.0040064407512545586, 0.013870292343199253]"
A02,session1,intra_session,train,pca_32,nn_erm,1,1,"[0.0010336855193600059, 0.9985520243644714, 0.00027938844868913293, 0.00013492598372977227]"
A02,session1,intra_session,train,pca_32,nn_erm,2,2,"[0.0003603315562941134, 0.0009571129339747131, 0.9986051917076111, 7.737475971225649e-05]"
A02,session1,intra_session,train,pca_32,nn_erm,1,1,"[0.0003989584220107645, 0.9838358163833618, 0.01026243157684803, 0.005502781365066767]"
A02,session1,intra_session,train,pca_32,nn_erm,3,3,"[0.005536891985684633, 0.00018870305211748928, 0.00216951803304255, 0.9921048879623413]"
A02,session1,intra_session,train,pca_32,nn_erm,0,0,"[0.9996470212936401, 5.150204015080817e-05, 0.0002841963723767549, 1.7226017007487826e-05]"
A02,session1,intra_session,train,pca_32,nn_erm,2,2,"[0.004414678551256657, 0.002328269649296999, 0.9901419281959534, 0.0031150642316788435]"
A02,session1,intra_session,train,pca_32,nn_erm,1,1,"[2.5869936507660896e-05, 0.9995809197425842, 5.6122222304111347e-05, 0.00033716089092195034]"
A02,session1,intra_session,train,pca_32,nn_erm,0,0,"[0.9777193069458008, 9.69104512478225e-05, 0.0059822662733495235, 0.0162015650421381]"
A02,session1,intra_session,train,pca_32,nn_erm,3,3,"[0.006941232830286026, 0.004118924494832754, 0.00029554302454926074, 0.9886442422866821]"
A02,session1,intra_session,train,pca_32,nn_erm,3,3,"[0.0080182533711195, 0.01333316508680582, 0.008274685591459274, 0.9703739285469055]"
A02,session1,intra_session,train,pca_32,nn_erm,3,3,"[0.0053621684201061726, 0.0009553516865707934, 0.003876306116580963, 0.9898061156272888]"
A02,session1,intra_session,train,pca_32,nn_erm,3,3,"[0.023399339988827705, 0.01137457974255085, 0.009501777589321136, 0.95572429895401]"
A02,session1,intra_session,train,pca_32,nn_erm,3,3,"[0.0012359569082036614, 0.0009545262437313795, 4.9316546210320666e-05, 0.9977601766586304]"
A02,session1,intra_session,train,pca_32,nn_erm,0,0,"[0.9948800802230835, 0.003369250101968646, 0.000989475636743009, 0.0007611996843479574]"
A02,session1,intra_session,train,pca_32,nn_erm,2,2,"[0.010892925783991814, 0.000529330805875361, 0.9867666363716125, 0.0018110588425770402]"
A02,session1,intra_session,train,pca_32,nn_erm,1,1,"[0.0025854266714304686, 0.9916735291481018, 0.004985572304576635, 0.0007555063930340111]"
A02,session1,intra_session,train,pca_32,nn_erm,0,0,"[0.9941385984420776, 0.004341607913374901, 9.666399591878871e-07, 0.001518869772553444]"
A02,session1,intra_session,train,pca_32,nn_erm,0,0,"[0.9969567060470581, 0.0010384925408288836, 4.8777208576211706e-05, 0.0019560412038117647]"
A02,session1,intra_session,train,pca_32,nn_erm,2,2,"[0.001930320169776678, 0.006530263926833868, 0.9839297533035278, 0.007609733380377293]"
A02,session1,intra_session,train,pca_32,nn_erm,3,3,"[0.010748694650828838, 0.005723699927330017, 0.007339829113334417, 0.9761877655982971]"
A02,session1,intra_session,train,pca_32,nn_erm,0,0,"[0.9619652032852173, 0.0015222618822008371, 0.02799440361559391, 0.008518077433109283]"
A02,session1,intra_session,train,pca_32,nn_erm,2,2,"[0.0013088617706671357, 0.0024227018002420664, 0.9915350675582886, 0.00473340367898345]"
A02,session1,intra_session,train,pca_32,nn_erm,2,2,"[0.00795501098036766, 0.00981981586664915, 0.9818974137306213, 0.00032770796678960323]"
A02,session1,intra_session,train,pca_32,nn_erm,2,2,"[0.0005013577756471932, 2.7192932975594886e-05, 0.9994363188743591, 3.5082070098724216e-05]"
A02,session1,intra_session,train,pca_32,nn_erm,0,0,"[0.9874647855758667, 0.0017463347176089883, 0.007920198142528534, 0.002868626033887267]"
A02,session1,intra_session,train,pca_32,nn_erm,1,1,"[0.0030096701811999083, 0.9969839453697205, 6.138213393569458e-06, 2.374033840624179e-07]"
A02,session1,intra_session,train,pca_32,nn_erm,0,0,"[0.9613131880760193, 0.004148514475673437, 0.012650438584387302, 0.021887879818677902]"
A02,session1,intra_session,train,pca_32,nn_erm,1,1,"[0.0016102552181109786, 0.9964566826820374, 0.0002435485366731882, 0.001689511933363974]"
A02,session1,intra_session,train,pca_32,nn_erm,1,1,"[9.382381540490314e-05, 0.9989418387413025, 0.0009084445773623884, 5.5843498557806015e-05]"
A02,session1,intra_session,train,pca_32,nn_erm,0,0,"[0.9977976083755493, 0.0015896393451839685, 0.00014087486488278955, 0.00047190929763019085]"
A02,session1,intra_session,train,pca_32,nn_erm,1,1,"[0.00020867791317868978, 0.9985910058021545, 0.00014038567314855754, 0.0010598853696137667]"
A02,session1,intra_session,train,pca_32,nn_erm,2,2,"[8.345697892764292e-07, 4.3035916519329476e-07, 0.9999922513961792, 6.5303452174703125e-06]"
A02,session1,intra_session,train,pca_32,nn_erm,1,1,"[0.006659271661192179, 0.991034209728241, 7.817878940841183e-05, 0.002228313125669956]"
A02,session1,intra_session,train,pca_32,nn_erm,2,2,"[0.00013853142445441335, 0.006475199479609728, 0.9932001233100891, 0.00018612576241139323]"
A02,session1,intra_session,train,pca_32,nn_erm,2,2,"[0.014797862619161606, 0.01279288437217474, 0.968285858631134, 0.004123389720916748]"
A02,session1,intra_session,train,pca_32,nn_erm,3,3,"[0.015425647608935833, 0.0007570303860120475, 0.006055400241166353, 0.97776198387146]"
A02,session1,intra_session,train,pca_32,nn_erm,2,2,"[0.0031735561788082123, 0.0003881688171532005, 0.9945375323295593, 0.0019006982911378145]"
A02,session1,intra_session,train,pca_32,nn_erm,2,2,"[0.0008307675598189235, 0.0003192708536516875, 0.9958640336990356, 0.002985874190926552]"
A02,session1,intra_session,train,pca_32,nn_erm,3,3,"[0.019567428156733513, 0.0011378236813470721, 0.002231450518593192, 0.9770632982254028]"
A02,session1,intra_session,train,pca_32,nn_erm,3,3,"[0.004907797556370497, 0.0044989194720983505, 0.0012073053512722254, 0.9893858432769775]"
A02,session1,intra_session,train,pca_32,nn_erm,3,3,"[0.0015675632748752832, 0.0059921336360275745, 0.002007321920245886, 0.9904329776763916]"
A02,session1,intra_session,train,pca_32,nn_erm,3,3,"[0.004519006237387657, 0.019032221287488937, 0.0015722907846793532, 0.9748765230178833]"
A02,session1,intra_session,train,pca_32,nn_erm,3,3,"[0.01732068695127964, 0.0029635026585310698, 0.012014731764793396, 0.9677010774612427]"
A02,session1,intra_session,train,pca_32,nn_erm,2,2,"[0.007307267747819424, 0.0012348907766863704, 0.9896911978721619, 0.0017667043721303344]"
A02,session1,intra_session,train,pca_32,nn_erm,1,1,"[0.002401291858404875, 0.9787936210632324, 0.011170734651386738, 0.007634331937879324]"
A02,session1,intra_session,train,pca_32,nn_erm,0,0,"[0.986763060092926, 0.0010950197465717793, 0.001196411089040339, 0.010945510119199753]"
A02,session1,intra_session,train,pca_32,nn_erm,0,0,"[0.9748714566230774, 0.0073941913433372974, 0.001459592953324318, 0.01627468504011631]"
A02,session1,intra_session,train,pca_32,nn_erm,1,1,"[0.008694475516676903, 0.965171217918396, 0.015219314955174923, 0.010915013030171394]"
A02,session1,intra_session,train,pca_32,nn_erm,2,2,"[0.00711303623393178, 0.009757320396602154, 0.978670060634613, 0.00445957574993372]"
A02,session1,intra_session,train,pca_32,nn_erm,3,3,"[0.00317560788244009, 0.0013120712246745825, 3.853090311167762e-05, 0.9954738020896912]"
A02,session1,intra_session,train,pca_32,nn_erm,1,1,"[0.0073195951990783215, 0.9792525172233582, 9.005479660117999e-05, 0.01333779376000166]"
A02,session1,intra_session,train,pca_32,nn_erm,2,2,"[0.0034264312125742435, 0.0008364637033082545, 0.9945846199989319, 0.001152562559582293]"
A02,session1,intra_session,train,pca_32,nn_erm,0,0,"[0.9770811200141907, 0.01976592466235161, 9.24317937460728e-05, 0.0030605020001530647]"
A02,session1,intra_session,train,pca_32,nn_erm,0,0,"[0.9577430486679077, 0.007076985202729702, 0.0011497755767777562, 0.03403009846806526]"
A02,session1,intra_session,train,pca_32,nn_erm,0,0,"[0.9784729480743408, 0.004898006096482277, 6.592574209207669e-06, 0.016622358933091164]"
A02,session1,intra_session,train,pca_32,nn_erm,3,3,"[0.01332735177129507, 0.005264671519398689, 0.025142423808574677, 0.9562655091285706]"
A02,session1,intra_session,train,pca_32,nn_erm,1,1,"[0.028239494189620018, 0.9446146488189697, 0.0015047875931486487, 0.025641003623604774]"
A02,session1,intra_session,train,pca_32,nn_erm,1,1,"[0.01823170855641365, 0.978945791721344, 0.00020417891209945083, 0.002618280705064535]"
A02,session1,intra_session,train,pca_32,nn_erm,0,0,"[0.9636799097061157, 0.014427274465560913, 0.00048707955284044147, 0.021405765786767006]"
A02,session1,intra_session,train,pca_32,nn_erm,0,0,"[0.9671603441238403, 0.02504809945821762, 4.590255412040278e-05, 0.007745669223368168]"
A02,session1,intra_session,train,pca_32,nn_erm,2,2,"[0.004239694215357304, 0.010302363894879818, 0.9807482957839966, 0.0047096614725887775]"
A02,session1,intra_session,train,pca_32,nn_erm,0,0,"[0.896514356136322, 0.016036080196499825, 0.00030223472276702523, 0.08714734762907028]"
A02,session1,intra_session,train,pca_32,nn_erm,1,1,"[0.013591843657195568, 0.9782530665397644, 0.00016846531070768833, 0.007986609824001789]"
A02,session1,intra_session,train,pca_32,nn_erm,3,3,"[0.0041201189160346985, 0.007800391409546137, 0.017249062657356262, 0.9708304405212402]"
A02,session1,intra_session,train,pca_32,nn_erm,3,3,"[0.012921570800244808, 0.0011651327367872, 0.00013699581904802471, 0.9857762455940247]"
A02,session1,intra_session,train,pca_32,nn_erm,2,2,"[0.008224098943173885, 0.05041097477078438, 0.9000152945518494, 0.04134964197874069]"
A02,session1,intra_session,train,pca_32,nn_erm,0,0,"[0.9982509016990662, 0.0016069482080638409, 1.3367494830163196e-05, 0.0001287772029172629]"
A02,session1,intra_session,train,pca_32,nn_erm,3,3,"[0.022047169506549835, 0.0005424689152278006, 3.500560706015676e-05, 0.977375328540802]"
A02,session1,intra_session,train,pca_32,nn_erm,3,3,"[0.011412924155592918, 0.008654107339680195, 0.013659351505339146, 0.9662736654281616]"
A02,session1,intra_session,train,pca_32,nn_erm,1,1,"[0.000659991696011275, 0.9772132635116577, 0.016944220289587975, 0.005182573106139898]"
A02,session1,intra_session,train,pca_32,nn_erm,3,3,"[0.004066301975399256, 0.005503831431269646, 0.0023632503580302, 0.9880666732788086]"
A02,session1,intra_session,train,pca_32,nn_erm,3,3,"[0.005653478670865297, 0.0050730956718325615, 0.005149271339178085, 0.9841241240501404]"
A02,session1,intra_session,train,pca_32,nn_erm,1,1,"[0.017670458182692528, 0.9793081879615784, 0.002850718330591917, 0.00017067011503968388]"
A02,session1,intra_session,train,pca_32,nn_erm,0,0,"[0.9609790444374084, 0.00697752321138978, 0.010495796799659729, 0.021547671407461166]"
A02,session1,intra_session,train,pca_32,nn_erm,1,1,"[0.002387408399954438, 0.9968985319137573, 0.0002500303089618683, 0.00046412329538725317]"
A02,session1,intra_session,train,pca_32,nn_erm,2,2,"[0.0053325919434428215, 0.03681929409503937, 0.9562739133834839, 0.0015742543619126081]"
A02,session1,intra_session,train,pca_32,nn_erm,2,2,"[0.0008375930483452976, 0.024348706007003784, 0.9513674974441528, 0.023446183651685715]"
A02,session1,intra_session,train,pca_32,nn_erm,2,2,"[1.954767867573537e-05, 2.2476551748695783e-05, 0.9999563694000244, 1.604872750249342e-06]"
A02,session1,intra_session,train,pca_32,nn_erm,3,3,"[0.022045573219656944, 0.020498378202319145, 0.0048288810066878796, 0.9526271820068359]"
A02,session1,intra_session,train,pca_32,nn_erm,2,2,"[0.002814409788697958, 0.0007479558698832989, 0.978689968585968, 0.017747636884450912]"
A02,session1,intra_session,train,pca_32,nn_erm,0,0,"[0.9821357727050781, 0.009747994132339954, 0.0038967698346823454, 0.004219535272568464]"
A02,session1,intra_session,train,pca_32,nn_erm,3,3,"[0.0043095494620501995, 0.032692648470401764, 0.0025028418749570847, 0.960494875907898]"
A02,session1,intra_session,train,pca_32,nn_erm,1,1,"[0.0005642036558128893, 0.9994351267814636, 1.2263359394637519e-07, 4.219200206989626e-07]"
A02,session1,intra_session,train,pca_32,nn_erm,2,2,"[0.0009508520597591996, 0.00019742031872738153, 0.9942874312400818, 0.004564381670206785]"
A02,session1,intra_session,train,pca_32,nn_erm,1,1,"[0.0098272068426013, 0.9764237999916077, 0.012643823400139809, 0.001105167088098824]"
A02,session1,intra_session,train,pca_32,nn_erm,2,2,"[0.0009005425381474197, 0.008124876767396927, 0.9905766248703003, 0.000397922151023522]"
A02,session1,intra_session,train,pca_32,nn_erm,3,3,"[0.0007524259854108095, 0.023645397275686264, 0.002421114593744278, 0.9731811285018921]"
A02,session1,intra_session,train,pca_32,nn_erm,1,1,"[0.010124358348548412, 0.9737619757652283, 0.0011371388100087643, 0.014976472593843937]"
A02,session1,intra_session,train,pca_32,nn_erm,2,2,"[0.004948639310896397, 0.006692355033010244, 0.9736966490745544, 0.014662313275039196]"
A02,session1,intra_session,train,pca_32,nn_erm,0,0,"[0.96080482006073, 0.029690470546483994, 0.0009472692618146539, 0.008557521738111973]"
A02,session1,intra_session,train,pca_32,nn_erm,0,0,"[0.9222032427787781, 0.008151425048708916, 0.0008082326385192573, 0.06883702427148819]"
A02,session1,intra_session,train,pca_32,nn_erm,0,0,"[0.9272378087043762, 0.006311891134828329, 0.021685736253857613, 0.04476458579301834]"
A02,session1,intra_session,train,pca_32,nn_erm,3,3,"[0.02401953935623169, 0.00041886631515808403, 0.0003246096021030098, 0.9752369523048401]"
A02,session1,intra_session,train,pca_32,nn_erm,1,1,"[0.005818862002342939, 0.9824224710464478, 0.011036574840545654, 0.0007221528212539852]"
A02,session1,intra_session,train,pca_32,nn_erm,0,0,"[0.9730616807937622, 0.012186690233647823, 0.006865474861115217, 0.00788619089871645]"
A02,session1,intra_session,train,pca_32,nn_erm,2,2,"[6.75776245770976e-05, 0.006856020074337721, 0.9925096035003662, 0.0005668228259310126]"
A02,session1,intra_session,train,pca_32,nn_erm,0,0,"[0.996826171875, 0.0031313979998230934, 7.831537232050323e-07, 4.1649189370218664e-05]"
A02,session1,intra_session,train,pca_32,nn_erm,2,2,"[4.402892955113202e-06, 0.0001978384971152991, 0.9997591376304626, 3.8662248698528856e-05]"
A02,session1,intra_session,train,pca_32,nn_erm,1,1,"[0.0007876903982833028, 0.9841033220291138, 0.004714067094027996, 0.010394921526312828]"
A02,session1,intra_session,train,pca_32,nn_erm,3,3,"[0.0008816596237011254, 0.00458132429048419, 0.01561511866748333, 0.9789218902587891]"
A02,session1,intra_session,train,pca_32,nn_erm,0,0,"[0.9801878333091736, 0.0002828584983944893, 0.013471966609358788, 0.006057450082153082]"
A02,session1,intra_session,train,pca_32,nn_erm,2,2,"[0.008974333293735981, 0.021552277728915215, 0.9663230776786804, 0.0031503562349826097]"
A02,session1,intra_session,train,pca_32,nn_erm,2,2,"[0.009182276204228401, 0.003360426751896739, 0.9782455563545227, 0.009211825206875801]"
A02,session1,intra_session,train,pca_32,nn_erm,0,0,"[0.9932291507720947, 0.00030466722091659904, 4.529882062342949e-05, 0.0064208316616714]"
A02,session1,intra_session,train,pca_32,nn_erm,2,2,"[0.0008632782264612615, 0.0004583045665640384, 0.9866307377815247, 0.012047583237290382]"
A02,session1,intra_session,train,pca_32,nn_erm,1,1,"[0.025203751400113106, 0.9431065917015076, 0.0013074508169665933, 0.0303821824491024]"
A02,session1,intra_session,train,pca_32,nn_erm,3,3,"[0.0035385529045015574, 0.00019658147357404232, 5.3465722885448486e-05, 0.9962114095687866]"
A02,session1,intra_session,train,pca_32,nn_erm,3,3,"[0.02523062936961651, 0.01100633293390274, 8.250298560597003e-05, 0.9636805653572083]"
A02,session1,intra_session,train,pca_32,nn_erm,3,3,"[0.015287123620510101, 0.016298675909638405, 0.033677875995635986, 0.9347363114356995]"
A02,session1,intra_session,train,pca_32,nn_erm,2,2,"[0.0005549851921387017, 0.016295038163661957, 0.9818173050880432, 0.0013325813924893737]"
A02,session1,intra_session,train,pca_32,nn_erm,0,0,"[0.9987566471099854, 0.0006868498167023063, 8.35937157717126e-07, 0.0005557120894081891]"
A02,session1,intra_session,train,pca_32,nn_erm,3,3,"[0.003677119966596365, 0.0005582416197285056, 0.004620338790118694, 0.9911442399024963]"
A02,session1,intra_session,train,pca_32,nn_erm,1,1,"[0.009634988382458687, 0.9458864331245422, 0.032770443707704544, 0.011708213947713375]"
A02,session1,intra_session,train,pca_32,nn_erm,3,3,"[0.015939021483063698, 0.014402184635400772, 0.0028680989053100348, 0.9667906761169434]"
A02,session1,intra_session,train,pca_32,nn_erm,1,1,"[0.02098962292075157, 0.9595835208892822, 0.0010667397873476148, 0.018360186368227005]"
A02,session1,intra_session,train,pca_32,nn_erm,0,0,"[0.9878230094909668, 0.011805837973952293, 0.0003613042354118079, 9.821477760851849e-06]"
A02,session1,intra_session,train,pca_32,nn_erm,2,2,"[0.008877023123204708, 0.031401608139276505, 0.9590755701065063, 0.0006458063144236803]"
A02,session1,intra_session,train,pca_32,nn_erm,1,1,"[0.004814858548343182, 0.982820987701416, 0.010308576747775078, 0.002055570250377059]"
A02,session1,intra_session,train,pca_32,nn_erm,0,0,"[0.992459237575531, 0.0006628283299505711, 0.0010666868183761835, 0.005811254493892193]"
A02,session1,intra_session,train,pca_32,nn_erm,2,2,"[8.474630703858566e-06, 0.0010358766885474324, 0.9989427924156189, 1.2939667612954509e-05]"
A02,session1,intra_session,train,pca_32,nn_erm,2,2,"[0.0007233714568428695, 0.0053350431844592094, 0.9851019382476807, 0.008839664049446583]"
A02,session1,intra_session,train,pca_32,nn_erm,0,0,"[0.9738207459449768, 0.01829095371067524, 0.005740990862250328, 0.002147269668057561]"
A02,session1,intra_session,train,pca_32,nn_erm,2,2,"[0.007450657431036234, 0.004254602827131748, 0.9882588386535645, 3.593429573811591e-05]"
A02,session1,intra_session,train,pca_32,nn_erm,3,3,"[0.00031707267044112086, 2.2823027393314987e-05, 0.004481909796595573, 0.99517822265625]"
A02,session1,intra_session,train,pca_32,nn_erm,3,3,"[0.004368204157799482, 0.014620526693761349, 0.001158630009740591, 0.979852557182312]"
A02,session1,intra_session,train,pca_32,nn_erm,1,1,"[0.0007114328327588737, 0.94808429479599, 0.04918237775564194, 0.0020219208672642708]"
A02,session1,intra_session,train,pca_32,nn_erm,0,0,"[0.9993399977684021, 0.0004664748557843268, 0.0001703196030575782, 2.3196857000584714e-05]"
A02,session1,intra_session,train,pca_32,nn_erm,1,1,"[0.0007635608199052513, 0.9810109734535217, 0.008056257851421833, 0.010169200599193573]"
A02,session1,intra_session,train,pca_32,nn_erm,3,3,"[0.017685294151306152, 0.0023861443623900414, 1.967415755643742e-06, 0.9799266457557678]"
A02,session1,intra_session,train,pca_32,nn_erm,1,1,"[0.009316811338067055, 0.986725926399231, 0.0039128526113927364, 4.452036591828801e-05]"
A02,session1,intra_session,train,pca_32,nn_erm,3,3,"[0.0014202940510585904, 1.670030178502202e-05, 9.909101208904758e-05, 0.9984639883041382]"
A02,session1,intra_session,train,pca_32,nn_erm,2,2,"[0.0023669356014579535, 0.011189759708940983, 0.9861414432525635, 0.00030190113466233015]"
A02,session1,intra_session,train,pca_32,nn_erm,1,1,"[0.0005861214594915509, 0.9860183000564575, 0.010498457588255405, 0.0028971112333238125]"
A02,session1,intra_session,train,pca_32,nn_erm,1,1,"[0.001132231205701828, 0.968315839767456, 0.0066411662846803665, 0.023910706862807274]"
A02,session1,intra_session,train,pca_32,nn_erm,1,1,"[0.00859383586794138, 0.9888733625411987, 0.0013285891618579626, 0.0012041646987199783]"
A02,session1,intra_session,train,pca_32,nn_erm,2,2,"[0.00013255892554298043, 0.0013302401639521122, 0.996204674243927, 0.002332612406462431]"
A02,session1,intra_session,train,pca_32,nn_erm,3,3,"[0.06325690448284149, 0.028131425380706787, 0.0010176834184676409, 0.9075939655303955]"
A02,session1,intra_session,train,pca_32,nn_erm,0,0,"[0.9800639152526855, 0.018701333552598953, 0.001069556688889861, 0.00016511132707819343]"
A02,session1,intra_session,train,pca_32,nn_erm,1,1,"[0.014759276062250137, 0.9752365946769714, 1.0289332749380264e-05, 0.00999380461871624]"
A02,session1,intra_session,train,pca_32,nn_erm,3,3,"[0.03325631469488144, 0.014332613907754421, 0.00040971211274154484, 0.9520012736320496]"
A02,session1,intra_session,train,pca_32,nn_erm,0,0,"[0.9874914884567261, 0.0003609939303714782, 0.00014607515186071396, 0.012001454830169678]"
A02,session1,intra_session,train,pca_32,nn_erm,2,2,"[0.0016558605711907148, 0.013259106315672398, 0.9750632047653198, 0.010021770372986794]"
A02,session1,intra_session,train,pca_32,nn_erm,2,2,"[0.00016705812595319003, 0.004294683691114187, 0.9954969882965088, 4.124895713175647e-05]"
A02,session1,intra_session,train,pca_32,nn_erm,3,3,"[0.002229125937446952, 0.0025219707749783993, 0.0027583236806094646, 0.9924905896186829]"
A02,session1,intra_session,train,pca_32,nn_erm,0,0,"[0.9847838878631592, 0.0011137155815958977, 0.005577262490987778, 0.008525134064257145]"
A02,session1,intra_session,train,pca_32,nn_erm,0,0,"[0.9877410531044006, 0.01222143042832613, 5.45359807802015e-06, 3.212458250345662e-05]"
A02,session1,intra_session,train,pca_32,nn_erm,2,2,"[0.0008836371125653386, 0.0011674336856231093, 0.9893648624420166, 0.008584040217101574]"
A02,session1,intra_session,train,pca_32,nn_erm,1,1,"[0.0429462231695652, 0.9364767074584961, 0.018168125301599503, 0.0024089778307825327]"
A02,session1,intra_session,train,pca_32,nn_erm,3,3,"[0.016141336411237717, 0.007418371737003326, 0.0004595586215145886, 0.9759806990623474]"
A02,session1,intra_session,train,pca_32,nn_erm,3,3,"[0.0125677939504385, 0.03179670870304108, 0.008682399056851864, 0.9469531178474426]"
A02,session1,intra_session,train,pca_32,nn_erm,3,3,"[0.008141078986227512, 0.012599064037203789, 0.0011492662597447634, 0.9781106114387512]"
A02,session1,intra_session,train,pca_32,nn_erm,1,1,"[0.0019992219749838114, 0.9513789415359497, 0.036103229969739914, 0.010518619790673256]"
A02,session1,intra_session,train,pca_32,nn_erm,0,0,"[0.9558333158493042, 0.010768646374344826, 0.0001822527701733634, 0.03321591392159462]"
A02,session1,intra_session,train,pca_32,nn_erm,2,2,"[0.0005746620008721948, 0.015151399187743664, 0.9842368960380554, 3.70295274478849e-05]"
A02,session1,intra_session,train,pca_32,nn_erm,1,1,"[0.004832064267247915, 0.98613041639328, 0.0019443242345005274, 0.00709323538467288]"
A02,session1,intra_session,train,pca_32,nn_erm,3,3,"[0.03183231130242348, 0.0014330093981698155, 6.794781802454963e-05, 0.9666668176651001]"
A02,session1,intra_session,train,pca_32,nn_erm,0,0,"[0.9846814870834351, 0.0015218390617519617, 0.0004902412183582783, 0.013306422159075737]"
A02,session1,intra_session,train,pca_32,nn_erm,3,3,"[0.014029170386493206, 0.007059555966407061, 0.0021667759865522385, 0.9767444729804993]"
A02,session1,intra_session,train,pca_32,nn_erm,2,2,"[0.0005138837732374668, 0.00947101041674614, 0.9899835586547852, 3.162867869832553e-05]"
A02,session1,intra_session,train,pca_32,nn_erm,1,1,"[0.0014944254653528333, 0.9764828681945801, 0.019925812259316444, 0.002096927259117365]"
A02,session1,intra_session,train,pca_32,nn_erm,3,3,"[0.018941927701234818, 0.0005717103485949337, 6.756599759683013e-05, 0.9804187417030334]"
A02,session1,intra_session,train,pca_32,nn_erm,3,3,"[0.0125016700476408, 0.006321277003735304, 0.004214772954583168, 0.9769623279571533]"
A02,session1,intra_session,train,pca_32,nn_erm,0,0,"[0.9835997819900513, 0.011149339377880096, 0.000274087768048048, 0.004976739175617695]"
A02,session1,intra_session,train,pca_32,nn_erm,1,1,"[0.003605890553444624, 0.9685434103012085, 0.007445672992616892, 0.020404987037181854]"
A02,session1,intra_session,train,pca_32,nn_erm,1,1,"[0.010571634396910667, 0.9821639060974121, 0.00723876291885972, 2.5588064090698026e-05]"
A02,session1,intra_session,train,pca_32,nn_erm,2,2,"[0.006745177321135998, 0.007245883345603943, 0.9770224094390869, 0.008986517786979675]"
A02,session1,intra_session,train,pca_32,nn_erm,3,3,"[0.013637402094900608, 0.010928821749985218, 0.0007113415631465614, 0.9747225046157837]"
A02,session1,intra_session,train,pca_32,nn_erm,1,1,"[0.008481605909764767, 0.9443093538284302, 0.0027062720619142056, 0.044502679258584976]"
A02,session1,intra_session,train,pca_32,nn_erm,0,0,"[0.9891064763069153, 0.0014963195426389575, 0.0015176092274487019, 0.00787961483001709]"
A02,session1,intra_session,train,pca_32,nn_erm,0,0,"[0.9786959886550903, 0.00268958299420774, 0.0015727814752608538, 0.017041563987731934]"
A02,session1,intra_session,train,pca_32,nn_erm,3,3,"[0.0008018044754862785, 0.0020813404116779566, 0.0005512193311005831, 0.9965656399726868]"
A02,session1,intra_session,train,pca_32,nn_erm,1,1,"[0.0053542666137218475, 0.9877199530601501, 0.00611064862459898, 0.00081511220196262]"
A02,session1,intra_session,train,pca_32,nn_erm,0,0,"[0.9617146253585815, 0.036547452211380005, 0.0008545662858523428, 0.0008833107422105968]"
A02,session1,intra_session,train,pca_32,nn_erm,2,2,"[0.00016255660739261657, 0.002077004173770547, 0.9975893497467041, 0.0001711130462354049]"
A02,session1,intra_session,train,pca_32,nn_erm,1,1,"[0.0024742113891988993, 0.9927800297737122, 0.004744212608784437, 1.5513177231696318e-06]"
A02,session1,intra_session,train,pca_32,nn_erm,1,1,"[0.005277440417557955, 0.957654595375061, 0.0188123919069767, 0.018255582079291344]"
A02,session1,intra_session,train,pca_32,nn_erm,2,2,"[0.0008203103789128363, 0.0028682516422122717, 0.9930424690246582, 0.0032689839135855436]"
A02,session1,intra_session,train,pca_32,nn_erm,0,0,"[0.9772512912750244, 0.0011061109835281968, 0.009651931934058666, 0.011990615166723728]"
A02,session1,intra_session,train,pca_32,nn_erm,3,3,"[0.00014941424888093024, 0.0004957104683853686, 0.0001962051319424063, 0.9991586208343506]"
A02,session1,intra_session,train,pca_32,nn_erm,2,2,"[2.578926068963483e-05, 0.00022160576190799475, 0.9982137680053711, 0.0015388219617307186]"
A02,session1,intra_session,train,pca_32,nn_erm,2,2,"[0.00021332931646611542, 0.00016474942094646394, 0.9965949654579163, 0.0030268654227256775]"
A02,session1,intra_session,train,pca_32,nn_erm,2,2,"[0.010811100713908672, 0.008557473309338093, 0.9803111553192139, 0.00032018061028793454]"
A02,session1,intra_session,train,pca_32,nn_erm,2,2,"[0.000692758068908006, 0.00032501923851668835, 0.9989701509475708, 1.2111186151742004e-05]"
A02,session1,intra_session,train,pca_32,nn_erm,0,0,"[0.9777876138687134, 0.003963152877986431, 0.0008285891963168979, 0.017420627176761627]"
A02,session1,intra_session,train,pca_32,nn_erm,1,1,"[0.0010716337710618973, 0.9689565896987915, 0.021853063255548477, 0.008118747733533382]"
A02,session1,intra_session,train,pca_32,nn_erm,0,0,"[0.9829757809638977, 0.01561207976192236, 0.0010283151641488075, 0.00038377667078748345]"
A02,session1,intra_session,train,pca_32,nn_erm,1,1,"[0.0042971400544047356, 0.9838719367980957, 0.004229401238262653, 0.007601594552397728]"
A02,session1,intra_session,train,pca_32,nn_erm,0,0,"[0.9639062285423279, 0.025290880352258682, 0.002636796562001109, 0.008166125975549221]"
A02,session1,intra_session,train,pca_32,nn_erm,0,0,"[0.9883270859718323, 0.010599885135889053, 8.769144915277138e-05, 0.0009854009840637445]"
A02,session1,intra_session,train,pca_32,nn_erm,2,2,"[4.898885890725069e-05, 0.002471114508807659, 0.9974741339683533, 5.7178185670636594e-06]"
A02,session1,intra_session,train,pca_32,nn_erm,2,2,"[0.00014269049279391766, 0.0024591342080384493, 0.9970632195472717, 0.0003348358441144228]"
A02,session1,intra_session,train,pca_32,nn_erm,1,1,"[0.027236521244049072, 0.9708657264709473, 0.0016164729604497552, 0.00028121768264099956]"
A02,session1,intra_session,train,pca_32,nn_erm,2,2,"[0.0002579540014266968, 0.0004061566141899675, 0.9928373694419861, 0.006498549599200487]"
A02,session1,intra_session,train,pca_32,nn_erm,3,3,"[0.009519902989268303, 0.005701397079974413, 0.0002731737040448934, 0.9845054745674133]"
A02,session1,intra_session,train,pca_32,nn_erm,0,0,"[0.9903074502944946, 0.00032063352409750223, 0.0011227068025618792, 0.008249284699559212]"
A02,session1,intra_session,test,pca_32,nn_erm,3,3,"[0.08029381185770035, 0.2875453531742096, 0.25247856974601746, 0.3796823024749756]"
A02,session1,intra_session,test,pca_32,nn_erm,0,2,"[0.011399932205677032, 0.1192614734172821, 0.8467773199081421, 0.022561272606253624]"
A02,session1,intra_session,test,pca_32,nn_erm,0,0,"[0.625060498714447, 0.3274920582771301, 0.014783939346671104, 0.03266352042555809]"
A02,session1,intra_session,test,pca_32,nn_erm,1,0,"[0.9880965948104858, 0.011315722949802876, 0.0005700956098735332, 1.76109515450662e-05]"
A02,session1,intra_session,test,pca_32,nn_erm,3,0,"[0.8527283668518066, 0.11749733239412308, 0.012119499035179615, 0.017654791474342346]"
A02,session1,intra_session,test,pca_32,nn_erm,2,2,"[0.02611105889081955, 0.0738462507724762, 0.7161535024642944, 0.1838892251253128]"
A02,session1,intra_session,test,pca_32,nn_erm,1,1,"[0.1478683352470398, 0.4806206226348877, 0.22009162604808807, 0.15141941606998444]"
A02,session1,intra_session,test,pca_32,nn_erm,3,0,"[0.5946563482284546, 0.08495522290468216, 0.014434433542191982, 0.3059539794921875]"
A02,session1,intra_session,test,pca_32,nn_erm,2,2,"[0.14691530168056488, 0.1162482276558876, 0.6074087023735046, 0.12942782044410706]"
A02,session1,intra_session,test,pca_32,nn_erm,3,0,"[0.6143901944160461, 0.23903220891952515, 0.002320380648598075, 0.14425721764564514]"
A02,session1,intra_session,test,pca_32,nn_erm,2,0,"[0.9324094653129578, 0.005370885133743286, 0.036077603697776794, 0.026142114773392677]"
A02,session1,intra_session,test,pca_32,nn_erm,3,1,"[0.03232431411743164, 0.8335127234458923, 0.01829466223716736, 0.11586825549602509]"
A02,session1,intra_session,test,pca_32,nn_erm,1,1,"[0.11157812923192978, 0.6865984201431274, 0.1540951430797577, 0.047728341072797775]"
A02,session1,intra_session,test,pca_32,nn_erm,1,2,"[0.09958796203136444, 0.0755312368273735, 0.47253555059432983, 0.35234516859054565]"
A02,session1,intra_session,test,pca_32,nn_erm,3,2,"[0.002595043508335948, 0.006323534995317459, 0.9904558062553406, 0.0006255725165829062]"
A02,session1,intra_session,test,pca_32,nn_erm,0,2,"[0.0020283220801502466, 0.3350493311882019, 0.6293341517448425, 0.03358814865350723]"
A02,session1,intra_session,test,pca_32,nn_erm,1,0,"[0.5561587810516357, 0.06130195036530495, 0.03457387164235115, 0.34796538949012756]"
A02,session1,intra_session,test,pca_32,nn_erm,1,0,"[0.7614700794219971, 0.2156616598367691, 0.005767342634499073, 0.017100917175412178]"
A02,session1,intra_session,test,pca_32,nn_erm,1,2,"[0.0054063391871750355, 0.0037765982560813427, 0.9857664108276367, 0.00505075603723526]"
A02,session1,intra_session,test,pca_32,nn_erm,2,1,"[0.10214298963546753, 0.7368466854095459, 0.13189095258712769, 0.029119404032826424]"
A02,session1,intra_session,test,pca_32,nn_erm,3,1,"[0.03780005872249603, 0.9484068155288696, 0.013467948883771896, 0.0003251710149925202]"
A02,session1,intra_session,test,pca_32,nn_erm,0,2,"[0.04878032207489014, 0.08646737039089203, 0.858681857585907, 0.006070516537874937]"
A02,session1,intra_session,test,pca_32,nn_erm,3,2,"[0.22280724346637726, 0.16451618075370789, 0.4216953217983246, 0.19098129868507385]"
A02,session1,intra_session,test,pca_32,nn_erm,0,1,"[0.30069175362586975, 0.47369489073753357, 0.11553849279880524, 0.11007485538721085]"
A02,session1,intra_session,test,pca_32,nn_erm,2,2,"[0.12689656019210815, 0.15406639873981476, 0.5323091149330139, 0.1867278516292572]"
A02,session1,intra_session,test,pca_32,nn_erm,0,0,"[0.6118626594543457, 0.21336591243743896, 0.008117187768220901, 0.16665427386760712]"
A02,session1,intra_session,test,pca_32,nn_erm,3,3,"[0.15656046569347382, 0.00951515231281519, 0.004671188537031412, 0.8292531371116638]"
A02,session1,intra_session,test,pca_32,nn_erm,0,3,"[0.060635264962911606, 0.01934981159865856, 0.00851155910640955, 0.9115034341812134]"
A02,session1,intra_session,test,pca_32,nn_erm,2,0,"[0.49976950883865356, 0.024262912571430206, 0.0050078448839485645, 0.47095978260040283]"
A02,session1,intra_session,test,pca_32,nn_erm,0,1,"[0.0030229068361222744, 0.8415149450302124, 0.15534625947475433, 0.00011590809299377725]"
A02,session1,intra_session,test,pca_32,nn_erm,1,3,"[0.28205519914627075, 0.2349134385585785, 0.10890628397464752, 0.37412509322166443]"
A02,session1,intra_session,test,pca_32,nn_erm,2,2,"[9.463683818466961e-05, 0.01872413419187069, 0.9808070063591003, 0.0003742895496543497]"
A02,session1,intra_session,test,pca_32,nn_erm,2,0,"[0.4588339030742645, 0.09566760063171387, 0.050661806017160416, 0.3948366641998291]"
A02,session1,intra_session,test,pca_32,nn_erm,3,0,"[0.7320687174797058, 0.25451669096946716, 0.0017921654507517815, 0.011622406542301178]"
A02,session1,intra_session,test,pca_32,nn_erm,0,2,"[0.007903628051280975, 0.23182399570941925, 0.7583754062652588, 0.0018970208475366235]"
A02,session1,intra_session,test,pca_32,nn_erm,1,3,"[0.3010801076889038, 0.05469204857945442, 0.010087046772241592, 0.6341407895088196]"
A02,session1,intra_session,test,pca_32,nn_erm,3,3,"[0.27594420313835144, 0.27891701459884644, 0.15038029849529266, 0.29475846886634827]"
A02,session1,intra_session,test,pca_32,nn_erm,1,3,"[0.0018688179552555084, 0.2749865651130676, 0.028981134295463562, 0.69416344165802]"
A02,session1,intra_session,test,pca_32,nn_erm,2,0,"[0.5806821584701538, 0.41671067476272583, 0.00011999800335615873, 0.0024871504865586758]"
A02,session1,intra_session,test,pca_32,nn_erm,2,0,"[0.6785179376602173, 0.003363298485055566, 0.014529688283801079, 0.3035890758037567]"
A02,session1,intra_session,test,pca_32,nn_erm,0,0,"[0.9998793601989746, 3.563290817965026e-08, 3.083671273884647e-08, 0.00012055946717737243]"
A02,session1,intra_session,test,pca_32,nn_erm,3,2,"[0.11286110430955887, 0.16149769723415375, 0.5107832551002502, 0.21485793590545654]"
A02,session1,intra_session,test,pca_32,nn_erm,1,0,"[0.6635783910751343, 0.06303708255290985, 0.24643805623054504, 0.026946527883410454]"
A02,session1,intra_session,test,pca_32,nn_erm,3,2,"[0.010383861139416695, 0.15175499022006989, 0.8288381695747375, 0.009022992104291916]"
A02,session1,intra_session,test,pca_32,nn_erm,0,1,"[0.1642879843711853, 0.7417309284210205, 0.03476119413971901, 0.05921992287039757]"
A02,session1,intra_session,test,pca_32,nn_erm,0,2,"[0.0048158420249819756, 0.486618310213089, 0.502627432346344, 0.0059383586049079895]"
A02,session1,intra_session,test,pca_32,nn_erm,2,2,"[0.00010136780474567786, 0.2270103245973587, 0.7715857625007629, 0.001302504912018776]"
A02,session1,intra_session,test,pca_32,nn_erm,2,3,"[0.04132900759577751, 0.02324255369603634, 0.11879563331604004, 0.8166328072547913]"
A02,session1,intra_session,test,pca_32,nn_erm,1,2,"[0.01331245992332697, 0.3777786195278168, 0.4124508202075958, 0.19645804166793823]"
A02,session1,intra_session,test,pca_32,nn_erm,3,2,"[0.018659407272934914, 0.2870027720928192, 0.6302920579910278, 0.0640457421541214]"
A02,session1,intra_session,test,pca_32,nn_erm,1,2,"[0.25808024406433105, 0.06576324999332428, 0.635054349899292, 0.04110221192240715]"
A02,session1,intra_session,test,pca_32,nn_erm,1,3,"[0.040672458708286285, 0.14223356544971466, 0.031157901510596275, 0.7859359979629517]"
A02,session1,intra_session,test,pca_32,nn_erm,0,2,"[0.004062611144036055, 0.09409324824810028, 0.9000326991081238, 0.001811475958675146]"
A02,session1,intra_session,test,pca_32,nn_erm,1,1,"[0.1518266350030899, 0.5222615003585815, 0.018008030951023102, 0.30790379643440247]"
A02,session1,intra_session,test,pca_32,nn_erm,3,2,"[0.005633160006254911, 0.10795129835605621, 0.8486210703849792, 0.03779451549053192]"
A02,session1,intra_session,test,pca_32,nn_erm,3,1,"[0.05193823575973511, 0.46539756655693054, 0.06343982368707657, 0.4192243814468384]"
A02,session1,intra_session,test,pca_32,nn_erm,1,3,"[0.0008977205725386739, 0.10506393760442734, 0.0005868527223356068, 0.8934515118598938]"
A02,session1,intra_session,test,pca_32,nn_erm,1,1,"[0.01926461048424244, 0.9767541885375977, 0.0022477537859231234, 0.0017334668664261699]"
A02,session1,intra_session,test,pca_32,nn_erm,1,0,"[0.611549437046051, 0.1266120970249176, 0.11436004191637039, 0.14747841656208038]"
A02,session1,intra_session,test,pca_32,nn_erm,1,0,"[0.8412005305290222, 0.0829756036400795, 0.05837085470557213, 0.017453063279390335]"
A02,session1,intra_session,test,pca_32,nn_erm,3,1,"[0.15583160519599915, 0.4445137679576874, 0.29717299342155457, 0.10248159617185593]"
A02,session1,intra_session,test,pca_32,nn_erm,3,0,"[0.8887903094291687, 0.10435481369495392, 0.00022807493223808706, 0.006626752205193043]"
A02,session1,intra_session,test,pca_32,nn_erm,2,2,"[0.007570520509034395, 0.11678580939769745, 0.8696921467781067, 0.005951561965048313]"
A02,session1,intra_session,test,pca_32,nn_erm,3,3,"[0.01159250270575285, 0.17713767290115356, 0.0052146315574646, 0.8060551881790161]"
A02,session1,intra_session,test,pca_32,nn_erm,0,2,"[0.053409069776535034, 0.4200212061405182, 0.49128657579421997, 0.03528314828872681]"
A02,session1,intra_session,test,pca_32,nn_erm,1,2,"[0.0006530033424496651, 0.004772774875164032, 0.9841606020927429, 0.01041362527757883]"
A02,session1,intra_session,test,pca_32,nn_erm,2,3,"[0.026118256151676178, 0.3312567472457886, 0.01997298188507557, 0.6226520538330078]"
A02,session1,intra_session,test,pca_32,nn_erm,1,1,"[0.013022229075431824, 0.4266848862171173, 0.27783849835395813, 0.28245434165000916]"
A02,session1,intra_session,test,pca_32,nn_erm,0,0,"[0.5164318084716797, 0.01828262209892273, 0.16890116035938263, 0.29638439416885376]"
A02,session1,intra_session,test,pca_32,nn_erm,3,1,"[0.04626457020640373, 0.9074842929840088, 0.03629403933882713, 0.009957097470760345]"
A02,session1,intra_session,test,pca_32,nn_erm,0,3,"[0.07514741271734238, 0.12460216134786606, 0.009579362347722054, 0.7906710505485535]"
A02,session1,intra_session,test,pca_32,nn_erm,3,3,"[0.24357683956623077, 0.2653379738330841, 0.01182625163346529, 0.47925886511802673]"
A02,session1,intra_session,test,pca_32,nn_erm,0,1,"[0.10064198821783066, 0.5268932580947876, 0.10494346916675568, 0.26752132177352905]"
A02,session1,intra_session,test,pca_32,nn_erm,0,3,"[0.003299942472949624, 0.008999706245958805, 0.0068160053342580795, 0.9808844327926636]"
A02,session1,intra_session,test,pca_32,nn_erm,0,1,"[0.022290334105491638, 0.5564002394676208, 0.37727805972099304, 0.04403144121170044]"
A02,session1,intra_session,test,pca_32,nn_erm,0,0,"[0.4674641191959381, 0.4568876028060913, 0.0045096855610609055, 0.07113856822252274]"
A02,session1,intra_session,test,pca_32,nn_erm,2,3,"[0.06060246378183365, 0.13221853971481323, 0.1468651443719864, 0.6603137850761414]"
A02,session1,intra_session,test,pca_32,nn_erm,2,1,"[0.005335905123502016, 0.5345626473426819, 0.454429566860199, 0.005671876482665539]"
A02,session1,intra_session,test,pca_32,nn_erm,3,3,"[0.13873806595802307, 0.32210472226142883, 0.01073717325925827, 0.5284200310707092]"
A02,session1,intra_session,test,pca_32,nn_erm,1,3,"[0.36520639061927795, 0.06468048691749573, 0.07700202614068985, 0.4931110441684723]"
A02,session1,intra_session,test,pca_32,nn_erm,2,1,"[0.03717929124832153, 0.6558843851089478, 0.16831398010253906, 0.13862229883670807]"
A02,session1,intra_session,test,pca_32,nn_erm,2,2,"[0.016642345115542412, 0.4475723206996918, 0.5307797789573669, 0.0050055719912052155]"
A02,session1,intra_session,test,pca_32,nn_erm,2,3,"[0.04217399284243584, 0.014889588579535484, 0.10297173261642456, 0.8399646878242493]"
A02,session1,intra_session,test,pca_32,nn_erm,3,3,"[0.19527952373027802, 0.28671693801879883, 0.0008995245443657041, 0.5171040892601013]"
A02,session1,intra_session,test,pca_32,nn_erm,2,1,"[0.14175240695476532, 0.8582412004470825, 2.156288928745198e-06, 4.325699137552874e-06]"
A02,session1,intra_session,test,pca_32,nn_erm,0,0,"[0.5022595524787903, 0.2905435264110565, 0.09198980778455734, 0.11520718038082123]"
A02,session1,intra_session,test,pca_32,nn_erm,2,1,"[0.055489737540483475, 0.6861088871955872, 0.01721092499792576, 0.24119041860103607]"
A02,session2,intra_session,train,pca_32,nn_erm,0,0,"[0.8854203820228577, 0.0059716589748859406, 0.012340014800429344, 0.0962679460644722]"
A02,session2,intra_session,train,pca_32,nn_erm,1,1,"[0.002751483814790845, 0.9749342203140259, 0.001850210246630013, 0.020464126020669937]"
A02,session2,intra_session,train,pca_32,nn_erm,1,1,"[0.037148136645555496, 0.8799039125442505, 0.020845983177423477, 0.062101978808641434]"
A02,session2,intra_session,train,pca_32,nn_erm,0,0,"[0.7966395616531372, 0.00034387691994197667, 0.0692862868309021, 0.13373026251792908]"
A02,session2,intra_session,train,pca_32,nn_erm,1,1,"[0.03762388601899147, 0.9560754895210266, 0.0035780996549874544, 0.00272257043980062]"
A02,session2,intra_session,train,pca_32,nn_erm,0,0,"[0.7713638544082642, 0.07375626266002655, 0.009858857840299606, 0.14502109587192535]"
A02,session2,intra_session,train,pca_32,nn_erm,1,1,"[0.016916904598474503, 0.9412488341331482, 0.037434566766023636, 0.004399641416966915]"
A02,session2,intra_session,train,pca_32,nn_erm,2,2,"[0.06653505563735962, 0.03804953768849373, 0.8876744508743286, 0.007740891072899103]"
A02,session2,intra_session,train,pca_32,nn_erm,1,1,"[0.0007077798945829272, 0.9585943222045898, 0.011113840155303478, 0.029584063217043877]"
A02,session2,intra_session,train,pca_32,nn_erm,3,3,"[0.020135365426540375, 0.00035384748480282724, 0.00014434380864258856, 0.9793663620948792]"
A02,session2,intra_session,train,pca_32,nn_erm,0,0,"[0.951073944568634, 0.0005938902613706887, 0.01361880823969841, 0.03471338376402855]"
A02,session2,intra_session,train,pca_32,nn_erm,2,2,"[0.00013058952754363418, 0.001071902341209352, 0.9952784776687622, 0.0035189688205718994]"
A02,session2,intra_session,train,pca_32,nn_erm,1,1,"[6.993395072640851e-05, 0.9869344234466553, 0.012944675050675869, 5.0956939958268777e-05]"
A02,session2,intra_session,train,pca_32,nn_erm,0,0,"[0.8740456700325012, 0.004671867936849594, 0.0548437237739563, 0.06643867492675781]"
A02,session2,intra_session,train,pca_32,nn_erm,3,3,"[0.03814902901649475, 0.0006021021399646997, 0.0004819293681066483, 0.9607669711112976]"
A02,session2,intra_session,train,pca_32,nn_erm,3,3,"[0.011943390592932701, 0.014650403521955013, 0.0007160442182794213, 0.9726901054382324]"
A02,session2,intra_session,train,pca_32,nn_erm,3,3,"[0.009114854969084263, 0.012429638765752316, 0.002783786738291383, 0.9756717085838318]"
A02,session2,intra_session,train,pca_32,nn_erm,3,3,"[0.10560291260480881, 0.008812010288238525, 0.006692019756883383, 0.8788930773735046]"
A02,session2,intra_session,train,pca_32,nn_erm,3,3,"[0.04378322884440422, 0.014188411645591259, 0.001128861214965582, 0.9408994913101196]"
A02,session2,intra_session,train,pca_32,nn_erm,0,0,"[0.8942472338676453, 0.005758846178650856, 0.03146668151021004, 0.06852713227272034]"
A02,session2,intra_session,train,pca_32,nn_erm,2,2,"[0.17949217557907104, 0.004410620778799057, 0.806157648563385, 0.00993953924626112]"
A02,session2,intra_session,train,pca_32,nn_erm,1,1,"[0.021973880007863045, 0.95257568359375, 0.023080499842762947, 0.00236989906989038]"
A02,session2,intra_session,train,pca_32,nn_erm,0,0,"[0.8734571933746338, 0.011348924599587917, 0.07110033184289932, 0.04409352317452431]"
A02,session2,intra_session,train,pca_32,nn_erm,0,0,"[0.9287737011909485, 0.04673835262656212, 0.019444625824689865, 0.005043304059654474]"
A02,session2,intra_session,train,pca_32,nn_erm,2,2,"[0.002356103388592601, 0.07952481508255005, 0.9178518652915955, 0.00026720730238594115]"
A02,session2,intra_session,train,pca_32,nn_erm,3,3,"[0.04595737159252167, 0.005346117075532675, 0.030706681311130524, 0.9179898500442505]"
A02,session2,intra_session,train,pca_32,nn_erm,0,0,"[0.744625985622406, 0.07762981206178665, 0.14990447461605072, 0.02783970721065998]"
A02,session2,intra_session,train,pca_32,nn_erm,2,2,"[0.13454733788967133, 0.025219041854143143, 0.8260877728462219, 0.014145869761705399]"
A02,session2,intra_session,train,pca_32,nn_erm,2,2,"[0.033476151525974274, 0.0009469814831390977, 0.9563809633255005, 0.009195885621011257]"
A02,session2,intra_session,train,pca_32,nn_erm,2,2,"[0.04650839790701866, 0.06392788141965866, 0.880105197429657, 0.009458480402827263]"
A02,session2,intra_session,train,pca_32,nn_erm,0,0,"[0.8473324179649353, 0.013334681279957294, 0.1319771111011505, 0.00735581386834383]"
A02,session2,intra_session,train,pca_32,nn_erm,1,1,"[0.002538166241720319, 0.9708685278892517, 0.010567904449999332, 0.016025351360440254]"
A02,session2,intra_session,train,pca_32,nn_erm,0,0,"[0.9778755903244019, 0.021662358194589615, 0.0004140990204177797, 4.7986941353883594e-05]"
A02,session2,intra_session,train,pca_32,nn_erm,1,1,"[0.0015832538483664393, 0.985824465751648, 0.01203229185193777, 0.00056002865312621]"
A02,session2,intra_session,train,pca_32,nn_erm,1,1,"[0.031923141330480576, 0.9555748105049133, 0.004432073328644037, 0.008069963194429874]"
A02,session2,intra_session,train,pca_32,nn_erm,0,0,"[0.9615152478218079, 0.019917059689760208, 0.01668427512049675, 0.0018833840731531382]"
A02,session2,intra_session,train,pca_32,nn_erm,1,1,"[0.002286722185090184, 0.9091435074806213, 0.036792635917663574, 0.05177714675664902]"
A02,session2,intra_session,train,pca_32,nn_erm,2,2,"[0.0590643435716629, 0.00016508677799720317, 0.9336517453193665, 0.007118797395378351]"
A02,session2,intra_session,train,pca_32,nn_erm,1,1,"[0.053305599838495255, 0.931351363658905, 0.0013879495672881603, 0.01395514328032732]"
A02,session2,intra_session,train,pca_32,nn_erm,2,2,"[0.027528151869773865, 0.0020764179062098265, 0.9664979577064514, 0.0038975223433226347]"
A02,session2,intra_session,train,pca_32,nn_erm,2,2,"[0.05646884813904762, 0.0014371259603649378, 0.9175349473953247, 0.024559155106544495]"
A02,session2,intra_session,train,pca_32,nn_erm,3,3,"[0.013926461338996887, 0.07042429596185684, 0.037714388221502304, 0.8779348731040955]"
A02,session2,intra_session,train,pca_32,nn_erm,2,2,"[0.007272279355674982, 0.0006475878763012588, 0.9698106646537781, 0.022269558161497116]"
A02,session2,intra_session,train,pca_32,nn_erm,2,2,"[0.06197187677025795, 0.0009059467702172697, 0.8935510516166687, 0.04357114061713219]"
A02,session2,intra_session,train,pca_32,nn_erm,3,3,"[0.018240241333842278, 0.003944527357816696, 0.002161619486287236, 0.9756535887718201]"
A02,session2,intra_session,train,pca_32,nn_erm,3,3,"[0.06935136765241623, 0.02280108444392681, 0.0029638034757226706, 0.9048837423324585]"
A02,session2,intra_session,train,pca_32,nn_erm,3,3,"[0.0028723503928631544, 0.010807075537741184, 0.0247077327221632, 0.96161288022995]"
A02,session2,intra_session,train,pca_32,nn_erm,3,3,"[0.03608503192663193, 9.171947021968663e-05, 0.02566278539597988, 0.9381604790687561]"
A02,session2,intra_session,train,pca_32,nn_erm,3,3,"[0.0006531773833557963, 0.0015674157766625285, 0.005423033609986305, 0.9923563003540039]"
A02,session2,intra_session,train,pca_32,nn_erm,2,2,"[0.00037091062404215336, 0.0031170991715043783, 0.9960178732872009, 0.0004941427614539862]"
A02,session2,intra_session,train,pca_32,nn_erm,1,1,"[0.01914284937083721, 0.9802400469779968, 4.900720523437485e-05, 0.0005681387847289443]"
A02,session2,intra_session,train,pca_32,nn_erm,0,0,"[0.9993201494216919, 0.00031412343378178775, 9.658328053774312e-05, 0.000269097916316241]"
A02,session2,intra_session,train,pca_32,nn_erm,0,0,"[0.9949012994766235, 0.001195564866065979, 0.0037325024604797363, 0.00017063553968910128]"
A02,session2,intra_session,train,pca_32,nn_erm,1,1,"[0.0017599833663553, 0.9933798313140869, 0.0008632345125079155, 0.003996959421783686]"
A02,session2,intra_session,train,pca_32,nn_erm,2,2,"[1.6249545042867908e-09, 0.001099352608434856, 0.9988784193992615, 2.221020076831337e-05]"
A02,session2,intra_session,train,pca_32,nn_erm,3,3,"[1.4305684999271762e-05, 0.005330618936568499, 7.269755997185712e-08, 0.9946550130844116]"
A02,session2,intra_session,train,pca_32,nn_erm,1,1,"[6.145904626464471e-05, 0.9995359182357788, 0.00038328804657794535, 1.9312978110974655e-05]"
A02,session2,intra_session,train,pca_32,nn_erm,2,2,"[0.002391574438661337, 0.0003383987059351057, 0.9929747581481934, 0.004295246675610542]"
A02,session2,intra_session,train,pca_32,nn_erm,0,0,"[0.9992738366127014, 0.0007252524374052882, 3.3336687010887545e-07, 5.068802693131147e-07]"
A02,session2,intra_session,train,pca_32,nn_erm,0,0,"[0.9970020651817322, 0.0013282574946060777, 2.448937493682024e-06, 0.0016672209603711963]"
A02,session2,intra_session,train,pca_32,nn_erm,0,0,"[0.9966174960136414, 0.002220878144726157, 0.001154485042206943, 7.182977242337074e-06]"
A02,session2,intra_session,train,pca_32,nn_erm,3,3,"[1.07758705780725e-05, 2.5771505818283913e-08, 4.3447931613160157e-14, 0.9999892711639404]"
A02,session2,intra_session,train,pca_32,nn_erm,1,1,"[0.0014616531552746892, 0.9883822798728943, 0.00042829918675124645, 0.009727799333631992]"
A02,session2,intra_session,train,pca_32,nn_erm,1,1,"[0.00016700755804777145, 0.9902660250663757, 0.007361927535384893, 0.0022050372790545225]"
A02,session2,intra_session,train,pca_32,nn_erm,0,0,"[0.9972684383392334, 5.806877015857026e-05, 2.0074164694960928e-06, 0.002671441063284874]"
A02,session2,intra_session,train,pca_32,nn_erm,0,0,"[0.9919754862785339, 0.0036415783688426018, 0.003517684992402792, 0.0008652327815070748]"
A02,session2,intra_session,train,pca_32,nn_erm,2,2,"[9.23656189115718e-05, 0.0028935312293469906, 0.9969444870948792, 6.96790884830989e-05]"
A02,session2,intra_session,train,pca_32,nn_erm,0,0,"[0.9642960429191589, 0.005882605444639921, 0.022447243332862854, 0.0073741525411605835]"
A02,session2,intra_session,train,pca_32,nn_erm,1,1,"[0.002605886198580265, 0.9686936736106873, 0.0052411844953894615, 0.023459317162632942]"
A02,session2,intra_session,train,pca_32,nn_erm,3,3,"[0.0025212173350155354, 0.012603533454239368, 0.04621052369475365, 0.9386646747589111]"
A02,session2,intra_session,train,pca_32,nn_erm,3,3,"[0.007577127777040005, 0.008937469683587551, 0.0013176639331504703, 0.9821677207946777]"
A02,session2,intra_session,train,pca_32,nn_erm,2,2,"[0.004156899638473988, 0.0005837456556037068, 0.9766075015068054, 0.018651917576789856]"
A02,session2,intra_session,train,pca_32,nn_erm,0,0,"[0.9487806558609009, 0.02498636208474636, 0.025307385250926018, 0.0009255888871848583]"
A02,session2,intra_session,train,pca_32,nn_erm,3,3,"[0.04007667675614357, 0.018195513635873795, 0.00020959450921509415, 0.9415181875228882]"
A02,session2,intra_session,train,pca_32,nn_erm,3,3,"[0.002393132308498025, 1.2308964869589545e-06, 7.986214001221015e-08, 0.997605562210083]"
A02,session2,intra_session,train,pca_32,nn_erm,1,1,"[0.0017131587956100702, 0.971347987651825, 0.026933370158076286, 5.428619715530658e-06]"
A02,session2,intra_session,train,pca_32,nn_erm,3,3,"[0.0012625883100554347, 0.02489434741437435, 8.989903290057555e-05, 0.9737531542778015]"
A02,session2,intra_session,train,pca_32,nn_erm,3,3,"[0.004911923315376043, 0.01998062990605831, 0.00016731838695704937, 0.9749401211738586]"
A02,session2,intra_session,train,pca_32,nn_erm,1,1,"[0.0024543122854083776, 0.947271466255188, 0.0402006097137928, 0.010073626413941383]"
A02,session2,intra_session,train,pca_32,nn_erm,0,0,"[0.9805143475532532, 0.015125795267522335, 0.00033441049163229764, 0.004025484900921583]"
A02,session2,intra_session,train,pca_32,nn_erm,1,1,"[0.004780963063240051, 0.9948061108589172, 0.00033779448131099343, 7.516246841987595e-05]"
A02,session2,intra_session,train,pca_32,nn_erm,2,2,"[0.020680593326687813, 0.014092977158725262, 0.9542226791381836, 0.011003762483596802]"
A02,session2,intra_session,train,pca_32,nn_erm,2,2,"[0.0007184925489127636, 0.02645052783191204, 0.9692434072494507, 0.003587651066482067]"
A02,session2,intra_session,train,pca_32,nn_erm,2,2,"[0.0037549412809312344, 0.00616991613060236, 0.9412391781806946, 0.04883598908782005]"
A02,session2,intra_session,train,pca_32,nn_erm,3,3,"[0.0012568626552820206, 0.0006330479518510401, 0.0026259187143296003, 0.9954842329025269]"
A02,session2,intra_session,train,pca_32,nn_erm,2,2,"[0.020923715084791183, 0.006729186046868563, 0.9619921445846558, 0.01035490445792675]"
A02,session2,intra_session,train,pca_32,nn_erm,0,0,"[0.9413121938705444, 0.0031280401162803173, 0.012076525017619133, 0.043483298271894455]"
A02,session2,intra_session,train,pca_32,nn_erm,3,3,"[0.013768108561635017, 0.03329625353217125, 0.0020791750866919756, 0.9508565068244934]"
A02,session2,intra_session,train,pca_32,nn_erm,1,1,"[0.0310699250549078, 0.894845187664032, 0.004171880893409252, 0.06991294771432877]"
A02,session2,intra_session,train,pca_32,nn_erm,2,2,"[0.001712872413918376, 0.06878650933504105, 0.9284390211105347, 0.001061666407622397]"
A02,session2,intra_session,train,pca_32,nn_erm,1,1,"[0.008930051699280739, 0.935112476348877, 0.021520603448152542, 0.03443675860762596]"
A02,session2,intra_session,train,pca_32,nn_erm,2,2,"[0.0009220362408086658, 0.004260777495801449, 0.9897955060005188, 0.005021729972213507]"
A02,session2,intra_session,train,pca_32,nn_erm,3,3,"[0.005339770577847958, 0.008280768990516663, 0.001964147435501218, 0.9844152331352234]"
A02,session2,intra_session,train,pca_32,nn_erm,1,1,"[0.004881268832832575, 0.9095790386199951, 0.03405836969614029, 0.05148133635520935]"
A02,session2,intra_session,train,pca_32,nn_erm,2,2,"[6.0916509028174914e-06, 0.0004930850700475276, 0.9995006322860718, 1.3949792787570914e-07]"
A02,session2,intra_session,train,pca_32,nn_erm,0,0,"[0.9129891991615295, 0.014233426190912724, 0.041248567402362823, 0.03152870759367943]"
A02,session2,intra_session,train,pca_32,nn_erm,0,0,"[0.996124804019928, 0.001104062655940652, 0.00260330643504858, 0.0001678553526289761]"
A02,session2,intra_session,train,pca_32,nn_erm,0,0,"[0.9973347187042236, 1.475585850130301e-05, 0.002650538459420204, 3.4209934884898985e-10]"
A02,session2,intra_session,train,pca_32,nn_erm,3,3,"[0.00028082483913749456, 0.003726203227415681, 0.0004759760922752321, 0.9955170750617981]"
A02,session2,intra_session,train,pca_32,nn_erm,1,1,"[0.006384734995663166, 0.9931733012199402, 0.0004273611993994564, 1.4569137420039624e-05]"
A02,session2,intra_session,train,pca_32,nn_erm,0,0,"[0.9994387030601501, 0.0002260987675981596, 9.754888878887868e-07, 0.0003342616546433419]"
A02,session2,intra_session,train,pca_32,nn_erm,2,2,"[0.0028265935834497213, 0.0031848966609686613, 0.9939883947372437, 2.2838747781861457e-08]"
A02,session2,intra_session,train,pca_32,nn_erm,0,0,"[0.9943680167198181, 0.0034733954817056656, 0.0007798071601428092, 0.001378691173158586]"
A02,session2,intra_session,train,pca_32,nn_erm,2,2,"[0.006615494377911091, 0.002864957321435213, 0.9905132055282593, 6.3533702814311255e-06]"
A02,session2,intra_session,train,pca_32,nn_erm,1,1,"[0.0032706523779779673, 0.97930508852005, 0.00905271340161562, 0.008371615782380104]"
A02,session2,intra_session,train,pca_32,nn_erm,3,3,"[0.0002971709182020277, 0.0004769324150402099, 0.0014003559481352568, 0.9978255033493042]"
A02,session2,intra_session,train,pca_32,nn_erm,0,0,"[0.9980531930923462, 0.001946712494827807, 1.7638032545619353e-07, 7.042916916333297e-09]"
A02,session2,intra_session,train,pca_32,nn_erm,2,2,"[0.004060405306518078, 0.0037582041695713997, 0.9807032346725464, 0.01147820707410574]"
A02,session2,intra_session,train,pca_32,nn_erm,2,2,"[0.0010169228771701455, 0.003770956303924322, 0.9952107071876526, 1.4447605281020515e-06]"
A02,session2,intra_session,train,pca_32,nn_erm,0,0,"[0.9654841423034668, 0.015050281770527363, 0.010633915662765503, 0.008831646293401718]"
A02,session2,intra_session,train,pca_32,nn_erm,2,2,"[0.0045791384764015675, 0.00345422001555562, 0.9872695207595825, 0.004697118420153856]"
A02,session2,intra_session,train,pca_32,nn_erm,1,1,"[0.012159125879406929, 0.9754761457443237, 0.007160146255046129, 0.005204630549997091]"
A02,session2,intra_session,train,pca_32,nn_erm,3,3,"[0.0077686067670583725, 0.007878157310187817, 0.00044513840111903846, 0.9839080572128296]"
A02,session2,intra_session,train,pca_32,nn_erm,3,3,"[0.000343057734426111, 0.012058192864060402, 0.0018869113409891725, 0.9857118725776672]"
A02,session2,intra_session,train,pca_32,nn_erm,3,3,"[9.759147360455245e-05, 0.003116081701591611, 0.0005265657091513276, 0.9962598085403442]"
A02,session2,intra_session,train,pca_32,nn_erm,2,2,"[0.008014011196792126, 0.0007478640764020383, 0.9909729957580566, 0.0002651211980264634]"
A02,session2,intra_session,train,pca_32,nn_erm,0,0,"[0.9278494715690613, 0.008365682326257229, 0.058309268206357956, 0.005475564859807491]"
A02,session2,intra_session,train,pca_32,nn_erm,3,3,"[0.008297023363411427, 0.001922879833728075, 0.01812930963933468, 0.9716507792472839]"
A02,session2,intra_session,train,pca_32,nn_erm,1,1,"[0.04265608265995979, 0.9230283498764038, 0.02901252917945385, 0.0053030336275696754]"
A02,session2,intra_session,train,pca_32,nn_erm,3,3,"[0.03911243751645088, 0.037492066621780396, 0.0184017363935709, 0.9049937725067139]"
A02,session2,intra_session,train,pca_32,nn_erm,1,1,"[0.02398499846458435, 0.9518335461616516, 0.022620661184191704, 0.001560807228088379]"
A02,session2,intra_session,train,pca_32,nn_erm,0,0,"[0.9976477026939392, 0.000808838231023401, 0.000544602342415601, 0.0009988299570977688]"
A02,session2,intra_session,train,pca_32,nn_erm,2,2,"[0.0002942282590083778, 0.013623349368572235, 0.9860819578170776, 5.334137540558004e-07]"
A02,session2,intra_session,train,pca_32,nn_erm,1,1,"[0.027981579303741455, 0.9683767557144165, 0.0034191254526376724, 0.00022259762044996023]"
A02,session2,intra_session,train,pca_32,nn_erm,0,0,"[0.9956943988800049, 0.001900915871374309, 0.002274454105645418, 0.0001302015589317307]"
A02,session2,intra_session,train,pca_32,nn_erm,2,2,"[0.004847564268857241, 0.0044143530540168285, 0.9906517267227173, 8.632133540231735e-05]"
A02,session2,intra_session,train,pca_32,nn_erm,2,2,"[0.019495226442813873, 0.021325722336769104, 0.9489089846611023, 0.01027002464979887]"
A02,session2,intra_session,train,pca_32,nn_erm,0,0,"[0.8724591135978699, 0.06379559636116028, 0.01808014325797558, 0.045665156096220016]"
A02,session2,intra_session,train,pca_32,nn_erm,2,2,"[0.02047150209546089, 0.031014688313007355, 0.9466874599456787, 0.0018263597739860415]"
A02,session2,intra_session,train,pca_32,nn_erm,3,3,"[0.001082385890185833, 0.0010221698321402073, 0.0002011273318203166, 0.9976943135261536]"
A02,session2,intra_session,train,pca_32,nn_erm,3,3,"[0.006249195896089077, 0.0040814862586557865, 0.000253935344517231, 0.9894154071807861]"
A02,session2,intra_session,train,pca_32,nn_erm,1,1,"[0.0029081255197525024, 0.9805495142936707, 0.014017246663570404, 0.0025250480975955725]"
A02,session2,intra_session,train,pca_32,nn_erm,0,0,"[0.9738391041755676, 0.004598232451826334, 0.015207430347800255, 0.006355213932693005]"
A02,session2,intra_session,train,pca_32,nn_erm,1,1,"[0.0014802461955696344, 0.9892005920410156, 0.008610570803284645, 0.0007086355471983552]"
A02,session2,intra_session,train,pca_32,nn_erm,3,3,"[0.04448803886771202, 0.13307350873947144, 0.001878211973235011, 0.8205602765083313]"
A02,session2,intra_session,train,pca_32,nn_erm,1,1,"[0.01376359909772873, 0.9501698613166809, 0.00036629915121011436, 0.03570026531815529]"
A02,session2,intra_session,train,pca_32,nn_erm,3,3,"[0.0006860161083750427, 0.0029138908721506596, 1.865595322669833e-06, 0.9963982105255127]"
A02,session2,intra_session,train,pca_32,nn_erm,2,2,"[0.0013172596227377653, 0.011289706453680992, 0.9872506856918335, 0.00014235047274269164]"
A02,session2,intra_session,train,pca_32,nn_erm,1,1,"[0.00028001554892398417, 0.974299430847168, 0.00044973017065785825, 0.024970782920718193]"
A02,session2,intra_session,train,pca_32,nn_erm,1,1,"[4.054775217809947e-07, 0.9999945163726807, 4.8892320592131e-06, 2.2264637777880125e-07]"
A02,session2,intra_session,train,pca_32,nn_erm,1,1,"[0.029169337823987007, 0.9392178058624268, 0.014475950039923191, 0.017136860638856888]"
A02,session2,intra_session,train,pca_32,nn_erm,2,2,"[0.005218146834522486, 0.0004971910966560245, 0.9835597276687622, 0.010724923573434353]"
A02,session2,intra_session,train,pca_32,nn_erm,3,3,"[0.01621945947408676, 0.04146411269903183, 0.0015308214351534843, 0.9407855868339539]"
A02,session2,intra_session,train,pca_32,nn_erm,0,0,"[0.9150320887565613, 0.040431007742881775, 0.005948562640696764, 0.03858824819326401]"
A02,session2,intra_session,train,pca_32,nn_erm,1,1,"[0.00995058473199606, 0.9713153839111328, 0.005093493964523077, 0.013640533201396465]"
A02,session2,intra_session,train,pca_32,nn_erm,3,3,"[0.0003320558462291956, 0.006367645692080259, 4.598618397722021e-05, 0.9932543635368347]"
A02,session2,intra_session,train,pca_32,nn_erm,0,0,"[0.9904828071594238, 0.007027004845440388, 0.00032292085234075785, 0.002167218131944537]"
A02,session2,intra_session,train,pca_32,nn_erm,2,2,"[0.0005203651380725205, 0.009273371659219265, 0.9701858162879944, 0.0200204961001873]"
A02,session2,intra_session,train,pca_32,nn_erm,2,2,"[0.0003070735838264227, 0.00010819648014148697, 0.9891865849494934, 0.010398170910775661]"
A02,session2,intra_session,train,pca_32,nn_erm,3,3,"[0.012650770135223866, 0.0029209344647824764, 0.016694113612174988, 0.967734158039093]"
A02,session2,intra_session,train,pca_32,nn_erm,0,0,"[0.9553825855255127, 0.001597378053702414, 0.041151486337184906, 0.0018685930408537388]"
A02,session2,intra_session,train,pca_32,nn_erm,0,0,"[0.9902607798576355, 0.0025191190652549267, 0.0008804147364571691, 0.006339684594422579]"
A02,session2,intra_session,train,pca_32,nn_erm,2,2,"[0.00029687746427953243, 0.0004013290745206177, 0.9939268231391907, 0.005374903324991465]"
A02,session2,intra_session,train,pca_32,nn_erm,1,1,"[0.0014230887172743678, 0.984565794467926, 0.002715678419917822, 0.011295435950160027]"
A02,session2,intra_session,train,pca_32,nn_erm,3,3,"[0.09164605289697647, 0.002186381723731756, 0.005817599128931761, 0.9003499150276184]"
A02,session2,intra_session,train,pca_32,nn_erm,3,3,"[0.024851147085428238, 0.0002812463790178299, 0.013175582513213158, 0.9616920351982117]"
A02,session2,intra_session,train,pca_32,nn_erm,3,3,"[0.021436335518956184, 0.0018444955348968506, 0.010371142067015171, 0.9663479924201965]"
A02,session2,intra_session,train,pca_32,nn_erm,1,1,"[0.005520964507013559, 0.9884046316146851, 0.004416693467646837, 0.001657748012803495]"
A02,session2,intra_session,train,pca_32,nn_erm,0,0,"[0.7406198978424072, 0.0072091990150511265, 0.017736496403813362, 0.23443445563316345]"
A02,session2,intra_session,train,pca_32,nn_erm,2,2,"[0.012430266477167606, 0.012246892787516117, 0.9706475734710693, 0.004675271920859814]"
A02,session2,intra_session,train,pca_32,nn_erm,1,1,"[0.03201957046985626, 0.9401755332946777, 0.007098156958818436, 0.020706795156002045]"
A02,session2,intra_session,train,pca_32,nn_erm,3,3,"[0.009546969085931778, 0.003085122210904956, 0.026098905131220818, 0.961268961429596]"
A02,session2,intra_session,train,pca_32,nn_erm,0,0,"[0.8797371983528137, 0.027816394343972206, 0.014445964246988297, 0.0780005156993866]"
A02,session2,intra_session,train,pca_32,nn_erm,3,3,"[0.029549743980169296, 0.012494152411818504, 0.0332198292016983, 0.9247362613677979]"
A02,session2,intra_session,train,pca_32,nn_erm,2,2,"[0.024004803970456123, 0.0409308522939682, 0.9340412020683289, 0.0010231200139969587]"
A02,session2,intra_session,train,pca_32,nn_erm,1,1,"[0.07449789345264435, 0.8955892324447632, 0.0018116631545126438, 0.028101155534386635]"
A02,session2,intra_session,train,pca_32,nn_erm,3,3,"[0.015649957582354546, 0.016372352838516235, 0.0006204139208421111, 0.9673572778701782]"
A02,session2,intra_session,train,pca_32,nn_erm,3,3,"[0.01799694448709488, 0.028958285227417946, 0.002280773827806115, 0.950764000415802]"
A02,session2,intra_session,train,pca_32,nn_erm,0,0,"[0.9938443899154663, 0.0032499751541763544, 0.0003403204318601638, 0.002565416507422924]"
A02,session2,intra_session,train,pca_32,nn_erm,1,1,"[0.01232969481498003, 0.9854471683502197, 0.0003934254636988044, 0.0018298346549272537]"
A02,session2,intra_session,train,pca_32,nn_erm,1,1,"[0.003019701922312379, 0.9620927572250366, 0.00639759749174118, 0.028489911928772926]"
A02,session2,intra_session,train,pca_32,nn_erm,2,2,"[0.02605709806084633, 0.02123522385954857, 0.952522337436676, 0.00018530625675339252]"
A02,session2,intra_session,train,pca_32,nn_erm,3,3,"[0.02938992902636528, 0.002365647116675973, 0.013949788175523281, 0.9542946815490723]"
A02,session2,intra_session,train,pca_32,nn_erm,1,1,"[0.03654617443680763, 0.9534497261047363, 0.003585938597097993, 0.0064182099886238575]"
A02,session2,intra_session,train,pca_32,nn_erm,0,0,"[0.986412525177002, 0.009737691842019558, 0.0028355789836496115, 0.0010142504470422864]"
A02,session2,intra_session,train,pca_32,nn_erm,0,0,"[0.9975396394729614, 0.0010438632452860475, 0.001184113440103829, 0.00023234423133544624]"
A02,session2,intra_session,train,pca_32,nn_erm,3,3,"[0.02346126176416874, 0.06197670102119446, 0.002147756051272154, 0.9124142527580261]"
A02,session2,intra_session,train,pca_32,nn_erm,1,1,"[0.028521686792373657, 0.9266390204429626, 0.0036503910087049007, 0.041188910603523254]"
A02,session2,intra_session,train,pca_32,nn_erm,0,0,"[0.929819643497467, 0.0421527735888958, 0.027806919068098068, 0.00022064214863348752]"
A02,session2,intra_session,train,pca_32,nn_erm,2,2,"[0.07598701864480972, 0.00018610108236316592, 0.9188377261161804, 0.004989143926650286]"
A02,session2,intra_session,train,pca_32,nn_erm,1,1,"[0.0013843158958479762, 0.9733249545097351, 0.02445167861878872, 0.0008389916620217264]"
A02,session2,intra_session,train,pca_32,nn_erm,1,1,"[0.08780286461114883, 0.7222287654876709, 0.11168915033340454, 0.07827920466661453]"
A02,session2,intra_session,train,pca_32,nn_erm,2,2,"[0.0033180229365825653, 0.00544958608224988, 0.9784678220748901, 0.012764637358486652]"
A02,session2,intra_session,train,pca_32,nn_erm,0,0,"[0.9637860655784607, 0.03468469902873039, 0.001075142528861761, 0.00045409187441691756]"
A02,session2,intra_session,train,pca_32,nn_erm,3,3,"[0.023123767226934433, 0.0042314473539590836, 0.011212097480893135, 0.961432695388794]"
A02,session2,intra_session,train,pca_32,nn_erm,2,2,"[0.00398795772343874, 0.01759217120707035, 0.9782684445381165, 0.00015139930474106222]"
A02,session2,intra_session,train,pca_32,nn_erm,2,2,"[0.00398814445361495, 0.0017203653696924448, 0.9942374229431152, 5.397847053245641e-05]"
A02,session2,intra_session,train,pca_32,nn_erm,2,2,"[0.020210804417729378, 0.026750653982162476, 0.9474167823791504, 0.005621830001473427]"
A02,session2,intra_session,train,pca_32,nn_erm,2,2,"[0.0007827049121260643, 0.0684843510389328, 0.929804801940918, 0.0009281298844143748]"
A02,session2,intra_session,train,pca_32,nn_erm,0,0,"[0.9615975618362427, 0.014369208365678787, 0.004864335060119629, 0.019168872386217117]"
A02,session2,intra_session,train,pca_32,nn_erm,1,1,"[0.00019176014757249504, 0.9860148429870605, 0.013793261721730232, 9.716212190369333e-08]"
A02,session2,intra_session,train,pca_32,nn_erm,0,0,"[0.8318973779678345, 0.02360602281987667, 0.07317199558019638, 0.07132454216480255]"
A02,session2,intra_session,train,pca_32,nn_erm,1,1,"[0.0022607031278312206, 0.9953709244728088, 0.0015496942214667797, 0.0008186748600564897]"
A02,session2,intra_session,train,pca_32,nn_erm,0,0,"[0.9999998807907104, 5.3089976859155286e-11, 1.6433058647180587e-07, 9.223623531617875e-10]"
A02,session2,intra_session,train,pca_32,nn_erm,0,0,"[0.9976529479026794, 0.0013400639872998, 0.0008807131671346724, 0.00012628940748982131]"
A02,session2,intra_session,train,pca_32,nn_erm,2,2,"[0.0004270742938388139, 0.005548926070332527, 0.9939966201782227, 2.7371919713914394e-05]"
A02,session2,intra_session,train,pca_32,nn_erm,2,2,"[0.0033975441474467516, 0.0021260965149849653, 0.9918900728225708, 0.0025862501934170723]"
A02,session2,intra_session,train,pca_32,nn_erm,1,1,"[0.017381923273205757, 0.9799250364303589, 0.0009293665061704814, 0.0017636966658756137]"
A02,session2,intra_session,train,pca_32,nn_erm,2,2,"[0.01583365723490715, 0.006104840897023678, 0.9780375957489014, 2.3937549485708587e-05]"
A02,session2,intra_session,train,pca_32,nn_erm,3,3,"[0.00011643790639936924, 0.00034065204090438783, 0.007083897944539785, 0.9924589991569519]"
A02,session2,intra_session,train,pca_32,nn_erm,0,0,"[0.9891175627708435, 0.0015703889075666666, 0.0038461361546069384, 0.005465948022902012]"
A02,session2,intra_session,test,pca_32,nn_erm,3,2,"[0.0033403404522687197, 0.005083360709249973, 0.5770958065986633, 0.4144805073738098]"
A02,session2,intra_session,test,pca_32,nn_erm,0,0,"[0.5288673043251038, 0.18809080123901367, 0.1250632107257843, 0.1579786241054535]"
A02,session2,intra_session,test,pca_32,nn_erm,0,0,"[0.8337871432304382, 0.006034754682332277, 0.1592509001493454, 0.000927155721001327]"
A02,session2,intra_session,test,pca_32,nn_erm,1,3,"[0.11274707317352295, 0.1353684812784195, 0.03392564877867699, 0.7179587483406067]"
A02,session2,intra_session,test,pca_32,nn_erm,3,3,"[0.0014499943936243653, 0.0027505788020789623, 0.07243538647890091, 0.9233640432357788]"
A02,session2,intra_session,test,pca_32,nn_erm,2,0,"[0.8946594595909119, 0.07019230723381042, 0.0319301038980484, 0.003218090394511819]"
A02,session2,intra_session,test,pca_32,nn_erm,1,0,"[0.5343416929244995, 0.05751407518982887, 0.40167900919914246, 0.006465238984674215]"
A02,session2,intra_session,test,pca_32,nn_erm,3,1,"[0.33771950006484985, 0.3785528838634491, 0.2628425359725952, 0.020885014906525612]"
A02,session2,intra_session,test,pca_32,nn_erm,2,0,"[0.6044601798057556, 0.32098814845085144, 0.0738602727651596, 0.0006913274410180748]"
A02,session2,intra_session,test,pca_32,nn_erm,3,0,"[0.6851583123207092, 0.011632614769041538, 0.25154808163642883, 0.05166104435920715]"
A02,session2,intra_session,test,pca_32,nn_erm,2,2,"[0.013906658627092838, 0.11927980184555054, 0.8666653037071228, 0.0001482490770285949]"
A02,session2,intra_session,test,pca_32,nn_erm,3,0,"[0.7081646919250488, 0.1828746199607849, 0.1071045771241188, 0.0018560992320999503]"
A02,session2,intra_session,test,pca_32,nn_erm,1,2,"[0.153298020362854, 0.18183927237987518, 0.40938708186149597, 0.2554756700992584]"
A02,session2,intra_session,test,pca_32,nn_erm,1,0,"[0.6005311608314514, 0.15451818704605103, 0.06479351222515106, 0.1801571547985077]"
A02,session2,intra_session,test,pca_32,nn_erm,3,2,"[0.3405839502811432, 0.1244426891207695, 0.5203937888145447, 0.014579598791897297]"
A02,session2,intra_session,test,pca_32,nn_erm,0,0,"[0.42860695719718933, 0.36422666907310486, 0.20702503621578217, 0.00014132358774077147]"
A02,session2,intra_session,test,pca_32,nn_erm,1,0,"[0.535174548625946, 0.06053142622113228, 0.2032899707555771, 0.20100411772727966]"
A02,session2,intra_session,test,pca_32,nn_erm,1,2,"[0.05089230835437775, 0.02307046763598919, 0.4871799945831299, 0.43885716795921326]"
A02,session2,intra_session,test,pca_32,nn_erm,1,3,"[0.335746705532074, 0.09430795162916183, 0.21499191224575043, 0.35495343804359436]"
A02,session2,intra_session,test,pca_32,nn_erm,2,0,"[0.811748743057251, 0.1453559547662735, 0.04012157768011093, 0.002773734973743558]"
A02,session2,intra_session,test,pca_32,nn_erm,3,2,"[0.07039465010166168, 0.013831710442900658, 0.6590712070465088, 0.2567024827003479]"
A02,session2,intra_session,test,pca_32,nn_erm,0,3,"[0.013094611465930939, 0.062249522656202316, 0.1359182894229889, 0.7887375354766846]"
A02,session2,intra_session,test,pca_32,nn_erm,3,0,"[0.7473434805870056, 0.13111817836761475, 0.06676380336284637, 0.054774489253759384]"
A02,session2,intra_session,test,pca_32,nn_erm,0,2,"[0.024165140464901924, 0.2064528465270996, 0.7688351273536682, 0.0005468173185363412]"
A02,session2,intra_session,test,pca_32,nn_erm,2,0,"[0.4827164113521576, 0.1531876176595688, 0.3638700246810913, 0.0002259009488625452]"
A02,session2,intra_session,test,pca_32,nn_erm,0,1,"[0.0592629499733448, 0.8816677331924438, 0.05663922801613808, 0.0024301130324602127]"
A02,session2,intra_session,test,pca_32,nn_erm,3,1,"[0.13544443249702454, 0.8631733655929565, 0.0012896967818960547, 9.254441101802513e-05]"
A02,session2,intra_session,test,pca_32,nn_erm,0,0,"[0.8100835680961609, 0.13658379018306732, 0.04588925838470459, 0.00744347320869565]"
A02,session2,intra_session,test,pca_32,nn_erm,2,2,"[0.04835296794772148, 0.13347609341144562, 0.8059737682342529, 0.012197109870612621]"
A02,session2,intra_session,test,pca_32,nn_erm,0,2,"[0.02547507919371128, 0.3145579397678375, 0.5461887717247009, 0.11377818137407303]"
A02,session2,intra_session,test,pca_32,nn_erm,1,0,"[0.8642789125442505, 0.107086181640625, 0.010316715575754642, 0.01831825077533722]"
A02,session2,intra_session,test,pca_32,nn_erm,2,1,"[0.016283679753541946, 0.6667889952659607, 0.02493196167051792, 0.2919953167438507]"
A02,session2,intra_session,test,pca_32,nn_erm,2,1,"[0.08669061958789825, 0.8522868752479553, 0.05428164824843407, 0.006740909069776535]"
A02,session2,intra_session,test,pca_32,nn_erm,3,0,"[0.862104058265686, 0.13477395474910736, 0.0012148417299613357, 0.0019070978742092848]"
A02,session2,intra_session,test,pca_32,nn_erm,0,1,"[0.3594086170196533, 0.6225048899650574, 0.011910708621144295, 0.006175744812935591]"
A02,session2,intra_session,test,pca_32,nn_erm,1,1,"[0.3469987213611603, 0.6095370650291443, 0.024352246895432472, 0.01911199279129505]"
A02,session2,intra_session,test,pca_32,nn_erm,3,1,"[0.013889164663851261, 0.8383262753486633, 0.13655520975589752, 0.011229331605136395]"
A02,session2,intra_session,test,pca_32,nn_erm,1,1,"[0.014388009905815125, 0.9465675950050354, 0.006863304413855076, 0.032181061804294586]"
A02,session2,intra_session,test,pca_32,nn_erm,2,1,"[0.052365515381097794, 0.4259803593158722, 0.24315743148326874, 0.2784966826438904]"
A02,session2,intra_session,test,pca_32,nn_erm,2,0,"[0.8949843049049377, 0.010793923400342464, 0.07699766755104065, 0.017224140465259552]"
A02,session2,intra_session,test,pca_32,nn_erm,0,0,"[0.9902175068855286, 0.001421681372448802, 1.861340570030734e-05, 0.008342165499925613]"
A02,session2,intra_session,test,pca_32,nn_erm,3,2,"[0.017066383734345436, 0.03350042924284935, 0.9163579940795898, 0.033075153827667236]"
A02,session2,intra_session,test,pca_32,nn_erm,1,0,"[0.9998346567153931, 0.0001601821422809735, 5.076014531368855e-06, 2.4752607075129163e-08]"
A02,session2,intra_session,test,pca_32,nn_erm,3,1,"[0.173932284116745, 0.4401351511478424, 0.372771292924881, 0.013161209411919117]"
A02,session2,intra_session,test,pca_32,nn_erm,0,3,"[0.29562732577323914, 0.05684002861380577, 0.09592747688293457, 0.551605224609375]"
A02,session2,intra_session,test,pca_32,nn_erm,0,3,"[0.17331132292747498, 0.02519671991467476, 0.003161872737109661, 0.7983301281929016]"
A02,session2,intra_session,test,pca_32,nn_erm,2,3,"[0.01853213459253311, 0.0781601071357727, 0.05605164170265198, 0.8472561836242676]"
A02,session2,intra_session,test,pca_32,nn_erm,2,3,"[0.09784124046564102, 0.00884887482970953, 0.4010971486568451, 0.49221283197402954]"
A02,session2,intra_session,test,pca_32,nn_erm,1,0,"[0.5858808755874634, 0.05946040898561478, 0.02776988595724106, 0.3268887996673584]"
A02,session2,intra_session,test,pca_32,nn_erm,3,3,"[0.1838264763355255, 0.0316147543489933, 0.30846092104911804, 0.47609785199165344]"
A02,session2,intra_session,test,pca_32,nn_erm,1,0,"[0.5021429657936096, 0.3916592001914978, 0.03414781019091606, 0.0720500648021698]"
A02,session2,intra_session,test,pca_32,nn_erm,1,0,"[0.8483139276504517, 0.08855251967906952, 0.04365343600511551, 0.019480090588331223]"
A02,session2,intra_session,test,pca_32,nn_erm,0,0,"[0.7102730870246887, 0.1363932490348816, 0.020043378695845604, 0.13329027593135834]"
A02,session2,intra_session,test,pca_32,nn_erm,1,1,"[0.2885047495365143, 0.6690597534179688, 0.042297735810279846, 0.00013781456800643355]"
A02,session2,intra_session,test,pca_32,nn_erm,3,0,"[0.904462456703186, 0.04643194004893303, 0.04217059910297394, 0.006935064680874348]"
A02,session2,intra_session,test,pca_32,nn_erm,3,2,"[0.2102746218442917, 0.055431872606277466, 0.7231463193893433, 0.011147161945700645]"
A02,session2,intra_session,test,pca_32,nn_erm,1,2,"[0.1017446368932724, 0.3267679214477539, 0.5513044595718384, 0.02018292434513569]"
A02,session2,intra_session,test,pca_32,nn_erm,1,2,"[0.38492655754089355, 0.046749867498874664, 0.4472493529319763, 0.12107419967651367]"
A02,session2,intra_session,test,pca_32,nn_erm,1,0,"[0.5689300298690796, 0.01025090180337429, 0.07883617281913757, 0.341982901096344]"
A02,session2,intra_session,test,pca_32,nn_erm,1,0,"[0.43312549591064453, 0.12252258509397507, 0.033204585313797, 0.41114741563796997]"
A02,session2,intra_session,test,pca_32,nn_erm,3,2,"[0.24876049160957336, 0.13943912088871002, 0.32782426476478577, 0.28397610783576965]"
A02,session2,intra_session,test,pca_32,nn_erm,3,3,"[0.29492488503456116, 0.0037379765417426825, 0.0038732674438506365, 0.6974638104438782]"
A02,session2,intra_session,test,pca_32,nn_erm,2,2,"[0.024140018969774246, 0.11800726503133774, 0.854724645614624, 0.0031280196271836758]"
A02,session2,intra_session,test,pca_32,nn_erm,3,2,"[0.1884104609489441, 0.1919282078742981, 0.6173396706581116, 0.0023216409608721733]"
A02,session2,intra_session,test,pca_32,nn_erm,0,2,"[0.18668438494205475, 0.05848509073257446, 0.6431828141212463, 0.11164771020412445]"
A02,session2,intra_session,test,pca_32,nn_erm,1,2,"[0.0326671227812767, 0.13042573630809784, 0.835746169090271, 0.0011610087240114808]"
A02,session2,intra_session,test,pca_32,nn_erm,2,2,"[0.07313911616802216, 0.078046515583992, 0.697437584400177, 0.15137682855129242]"
A02,session2,intra_session,test,pca_32,nn_erm,1,2,"[0.22279882431030273, 0.34415188431739807, 0.431837797164917, 0.0012114677811041474]"
A02,session2,intra_session,test,pca_32,nn_erm,0,0,"[0.9153207540512085, 0.01310613751411438, 0.0033359748777002096, 0.06823714077472687]"
A02,session2,intra_session,test,pca_32,nn_erm,3,2,"[0.29241177439689636, 0.06856351345777512, 0.34408125281333923, 0.2949434816837311]"
A02,session2,intra_session,test,pca_32,nn_erm,0,0,"[0.9052243232727051, 0.025250762701034546, 0.03066035360097885, 0.03886454552412033]"
A02,session2,intra_session,test,pca_32,nn_erm,3,2,"[0.03587743267416954, 0.3233218193054199, 0.6390143632888794, 0.0017863838002085686]"
A02,session2,intra_session,test,pca_32,nn_erm,0,3,"[0.15724621713161469, 0.21348290145397186, 0.05741513893008232, 0.5718557238578796]"
A02,session2,intra_session,test,pca_32,nn_erm,0,0,"[0.8758314847946167, 0.03513398393988609, 0.0642167329788208, 0.024817848578095436]"
A02,session2,intra_session,test,pca_32,nn_erm,0,1,"[0.24599230289459229, 0.6812006831169128, 0.03718462586402893, 0.03562236949801445]"
A02,session2,intra_session,test,pca_32,nn_erm,0,1,"[0.05640353634953499, 0.4780813157558441, 0.4590698182582855, 0.006445224396884441]"
A02,session2,intra_session,test,pca_32,nn_erm,2,0,"[0.7003574371337891, 0.16121821105480194, 0.11071791499853134, 0.02770642749965191]"
A02,session2,intra_session,test,pca_32,nn_erm,2,0,"[0.46679651737213135, 0.22815071046352386, 0.07914712280035019, 0.2259056270122528]"
A02,session2,intra_session,test,pca_32,nn_erm,3,2,"[0.011528139933943748, 0.23309418559074402, 0.7423097491264343, 0.013067859224975109]"
A02,session2,intra_session,test,pca_32,nn_erm,1,1,"[0.07086833566427231, 0.6165685653686523, 0.0068619586527347565, 0.3057011663913727]"
A02,session2,intra_session,test,pca_32,nn_erm,2,2,"[0.08817482739686966, 0.30948761105537415, 0.45791664719581604, 0.14442086219787598]"
A02,session2,intra_session,test,pca_32,nn_erm,2,0,"[0.7757747173309326, 0.08148536086082458, 0.04657989740371704, 0.09616002440452576]"
A02,session2,intra_session,test,pca_32,nn_erm,2,3,"[0.22103646397590637, 0.2539357542991638, 0.06729171425104141, 0.4577360451221466]"
A02,session2,intra_session,test,pca_32,nn_erm,3,0,"[0.8740386962890625, 0.0012964355992153287, 0.005860878620296717, 0.11880404502153397]"
A02,session2,intra_session,test,pca_32,nn_erm,2,0,"[0.8637003898620605, 0.10186951607465744, 0.0234838780015707, 0.010946240276098251]"
A02,session2,intra_session,test,pca_32,nn_erm,0,3,"[0.09799196571111679, 0.15643438696861267, 0.3629603683948517, 0.38261327147483826]"
A02,session2,intra_session,test,pca_32,nn_erm,2,1,"[0.3410416543483734, 0.4306025505065918, 0.13586203753948212, 0.09249377250671387]"
A03,session1,intra_session,train,pca_32,nn_erm,0,0,"[0.9587283134460449, 0.029783448204398155, 0.01148095540702343, 7.3579881245677825e-06]"
A03,session1,intra_session,train,pca_32,nn_erm,1,1,"[0.016715480014681816, 0.9826032519340515, 0.0006682226667180657, 1.304082979913801e-05]"
A03,session1,intra_session,train,pca_32,nn_erm,1,1,"[0.03870012238621712, 0.958451509475708, 0.0018653470324352384, 0.0009830696508288383]"
A03,session1,intra_session,train,pca_32,nn_erm,0,0,"[0.995961606502533, 0.0015223954105749726, 0.0017228072974830866, 0.0007931351428851485]"
A03,session1,intra_session,train,pca_32,nn_erm,1,1,"[0.0005911900079809129, 0.9966195821762085, 0.001425335300154984, 0.0013639547396451235]"
A03,session1,intra_session,train,pca_32,nn_erm,0,0,"[0.9717686176300049, 0.00747837545350194, 0.020704923197627068, 4.8104237066581845e-05]"
A03,session1,intra_session,train,pca_32,nn_erm,1,1,"[0.002511264057829976, 0.9949140548706055, 0.002567840740084648, 6.9057355176482815e-06]"
A03,session1,intra_session,train,pca_32,nn_erm,2,2,"[0.0007363830809481442, 0.0157401654869318, 0.9739470481872559, 0.009576478973031044]"
A03,session1,intra_session,train,pca_32,nn_erm,1,1,"[0.02568529173731804, 0.9731773734092712, 0.0011371845612302423, 8.1365399751121e-08]"
A03,session1,intra_session,train,pca_32,nn_erm,3,3,"[0.00036656862357631326, 0.00011963550059590489, 0.008535373024642467, 0.9909783601760864]"
A03,session1,intra_session,train,pca_32,nn_erm,0,0,"[0.9955774545669556, 0.0004870482662227005, 0.00344515941105783, 0.000490430451463908]"
A03,session1,intra_session,train,pca_32,nn_erm,2,2,"[0.06013913080096245, 0.004381509032100439, 0.9351428151130676, 0.00033650771365500987]"
A03,session1,intra_session,train,pca_32,nn_erm,1,1,"[0.003504665568470955, 0.9780977964401245, 0.018223924562335014, 0.00017361939535476267]"
A03,session1,intra_session,train,pca_32,nn_erm,0,0,"[0.9963871240615845, 0.0008694136049598455, 0.0027430111076682806, 5.557222380048188e-07]"
A03,session1,intra_session,train,pca_32,nn_erm,3,3,"[7.220135012175888e-05, 0.00044868624536320567, 0.00015326275024563074, 0.9993258714675903]"
A03,session1,intra_session,train,pca_32,nn_erm,3,3,"[1.6469317642986425e-07, 0.0069478158839046955, 9.194375888910145e-05, 0.9929600358009338]"
A03,session1,intra_session,train,pca_32,nn_erm,3,3,"[0.0001055398242897354, 4.9105485231848434e-05, 0.0002386831765761599, 0.9996066689491272]"
A03,session1,intra_session,train,pca_32,nn_erm,3,3,"[0.00016223086277022958, 0.0002265353105030954, 0.004010485950857401, 0.995600700378418]"
A03,session1,intra_session,train,pca_32,nn_erm,3,3,"[0.005087017547339201, 0.002171092201024294, 0.002371113980188966, 0.9903706908226013]"
A03,session1,intra_session,train,pca_32,nn_erm,0,0,"[0.9715155363082886, 0.0174546055495739, 0.01101611740887165, 1.3775576007901691e-05]"
A03,session1,intra_session,train,pca_32,nn_erm,2,2,"[0.011517779901623726, 0.04182378202676773, 0.9466441869735718, 1.4209163055056706e-05]"
A03,session1,intra_session,train,pca_32,nn_erm,1,1,"[0.014558455906808376, 0.9843607544898987, 0.0004357050929684192, 0.0006450711516663432]"
A03,session1,intra_session,train,pca_32,nn_erm,0,0,"[0.9630802273750305, 0.02680302783846855, 0.008854162879288197, 0.0012625636300072074]"
A03,session1,intra_session,train,pca_32,nn_erm,0,0,"[0.974408745765686, 0.006901073735207319, 0.01633477956056595, 0.00235533039085567]"
A03,session1,intra_session,train,pca_32,nn_erm,2,2,"[0.00010358299914514646, 0.004429647698998451, 0.9947232007980347, 0.0007435037987306714]"
A03,session1,intra_session,train,pca_32,nn_erm,3,3,"[2.8942193239345215e-05, 0.00011027103028027341, 0.00010059153282782063, 0.9997602105140686]"
A03,session1,intra_session,train,pca_32,nn_erm,0,0,"[0.9995551705360413, 9.2631653387798e-06, 0.00010958070197375491, 0.0003259566437918693]"
A03,session1,intra_session,train,pca_32,nn_erm,2,2,"[0.0043572294525802135, 0.009030959568917751, 0.9864300489425659, 0.00018179335165768862]"
A03,session1,intra_session,train,pca_32,nn_erm,2,2,"[7.461042059730971e-06, 0.00017899023077916354, 0.9962602853775024, 0.003553283168002963]"
A03,session1,intra_session,train,pca_32,nn_erm,2,2,"[0.008741705678403378, 0.005849081557244062, 0.9851428866386414, 0.0002663352934177965]"
A03,session1,intra_session,train,pca_32,nn_erm,0,0,"[0.9954148530960083, 0.00249732518568635, 0.002081139013171196, 6.707937700412003e-06]"
A03,session1,intra_session,train,pca_32,nn_erm,1,1,"[1.6174690244952217e-05, 0.9942711591720581, 0.00015211077698040754, 0.0055604903027415276]"
A03,session1,intra_session,train,pca_32,nn_erm,0,0,"[0.9989770650863647, 0.00029161368729546666, 0.0006281776586547494, 0.00010320697765564546]"
A03,session1,intra_session,train,pca_32,nn_erm,1,1,"[2.6096171495737508e-05, 0.9988366961479187, 0.00035017632762901485, 0.0007870215340517461]"
A03,session1,intra_session,train,pca_32,nn_erm,1,1,"[0.0016438725870102644, 0.9949116110801697, 0.0010099296923726797, 0.002434516791254282]"
A03,session1,intra_session,train,pca_32,nn_erm,0,0,"[0.986060619354248, 0.00022576919582206756, 0.01367656234651804, 3.709828160936013e-05]"
A03,session1,intra_session,train,pca_32,nn_erm,1,1,"[8.784786786897314e-11, 1.0, 4.581645640655552e-08, 1.6096092236850268e-09]"
A03,session1,intra_session,train,pca_32,nn_erm,2,2,"[0.0011257738806307316, 5.51829652977176e-05, 0.9951842427253723, 0.0036348188295960426]"
A03,session1,intra_session,train,pca_32,nn_erm,1,1,"[0.00019721491844393313, 0.9995357990264893, 0.00013490664423443377, 0.00013219892571214586]"
A03,session1,intra_session,train,pca_32,nn_erm,2,2,"[6.568511253135512e-06, 1.3181328540667892e-05, 0.9868336319923401, 0.013146573677659035]"
A03,session1,intra_session,train,pca_32,nn_erm,2,2,"[2.244585628474738e-09, 0.00047266617184504867, 0.9930912256240845, 0.006436068098992109]"
A03,session1,intra_session,train,pca_32,nn_erm,3,3,"[1.1599602167677858e-08, 2.794949693907256e-07, 0.0029441944789141417, 0.9970555305480957]"
A03,session1,intra_session,train,pca_32,nn_erm,2,2,"[6.833749648649246e-05, 0.002752652857452631, 0.9862528443336487, 0.010926160961389542]"
A03,session1,intra_session,train,pca_32,nn_erm,2,2,"[0.000150466468767263, 0.0014252879191190004, 0.9983752965927124, 4.891924254479818e-05]"
A03,session1,intra_session,train,pca_32,nn_erm,3,3,"[5.518349865951677e-08, 0.002414862858131528, 0.008767127059400082, 0.9888179898262024]"
A03,session1,intra_session,train,pca_32,nn_erm,3,3,"[2.3330578187596984e-05, 6.26373803243041e-05, 0.012170177884399891, 0.9877437949180603]"
A03,session1,intra_session,train,pca_32,nn_erm,3,3,"[2.8556956749525853e-05, 1.5506400359299732e-06, 0.011007710359990597, 0.9889622330665588]"
A03,session1,intra_session,train,pca_32,nn_erm,3,3,"[4.84270894958172e-05, 0.00423433817923069, 0.0002574968384578824, 0.9954597353935242]"
A03,session1,intra_session,train,pca_32,nn_erm,3,3,"[0.005175745114684105, 0.006886109244078398, 0.0073083629831671715, 0.9806297421455383]"
A03,session1,intra_session,train,pca_32,nn_erm,2,2,"[0.042651526629924774, 0.000747513200622052, 0.9564487934112549, 0.0001521576923551038]"
A03,session1,intra_session,train,pca_32,nn_erm,1,1,"[0.0036309778224676847, 0.9963192939758301, 2.1307077986421064e-05, 2.8344878955977038e-05]"
A03,session1,intra_session,train,pca_32,nn_erm,0,0,"[0.9972073435783386, 0.001503047882579267, 0.001142261316999793, 0.00014727580128237605]"
A03,session1,intra_session,train,pca_32,nn_erm,0,0,"[0.9887767434120178, 0.005832172464579344, 0.005390581209212542, 4.961450486007379e-07]"
A03,session1,intra_session,train,pca_32,nn_erm,1,1,"[0.008431377820670605, 0.9901359677314758, 0.0013914182782173157, 4.1321240132674575e-05]"
A03,session1,intra_session,train,pca_32,nn_erm,2,2,"[8.218671041504422e-07, 1.0234082736815253e-07, 0.9967515468597412, 0.0032475083135068417]"
A03,session1,intra_session,train,pca_32,nn_erm,3,3,"[3.9069581703188305e-07, 1.6249718100880273e-05, 3.5510350926415413e-07, 0.9999830722808838]"
A03,session1,intra_session,train,pca_32,nn_erm,1,1,"[0.028340809047222137, 0.9446970820426941, 0.02632582001388073, 0.000636280863545835]"
A03,session1,intra_session,train,pca_32,nn_erm,2,2,"[0.00342112360522151, 0.0011400732910260558, 0.9947302341461182, 0.0007086364203132689]"
A03,session1,intra_session,train,pca_32,nn_erm,0,0,"[0.9643463492393494, 0.0013223978457972407, 0.032998621463775635, 0.001332528074271977]"
A03,session1,intra_session,train,pca_32,nn_erm,0,0,"[0.9901475310325623, 0.0001983928814297542, 0.008618464693427086, 0.0010356028797104955]"
A03,session1,intra_session,train,pca_32,nn_erm,0,0,"[0.993297278881073, 2.298736580996774e-05, 0.006573061924427748, 0.00010672694043023512]"
A03,session1,intra_session,train,pca_32,nn_erm,3,3,"[0.0012909260112792253, 0.00034515783772803843, 0.008498230017721653, 0.9898657202720642]"
A03,session1,intra_session,train,pca_32,nn_erm,1,1,"[0.00836205668747425, 0.9913137555122375, 0.0002682280901353806, 5.598823190666735e-05]"
A03,session1,intra_session,train,pca_32,nn_erm,1,1,"[0.0180300734937191, 0.9817450642585754, 0.00021943757019471377, 5.434628747025272e-06]"
A03,session1,intra_session,train,pca_32,nn_erm,0,0,"[0.9690164923667908, 0.0009204728994518518, 0.017397349700331688, 0.012665674090385437]"
A03,session1,intra_session,train,pca_32,nn_erm,0,0,"[0.9914604425430298, 0.003478999249637127, 0.005006112158298492, 5.442191832116805e-05]"
A03,session1,intra_session,train,pca_32,nn_erm,2,2,"[0.0005805310793220997, 0.0017543439753353596, 0.9931195974349976, 0.004545503295958042]"
A03,session1,intra_session,train,pca_32,nn_erm,0,0,"[0.9507244825363159, 0.03906867280602455, 0.005798778962343931, 0.004408109933137894]"
A03,session1,intra_session,train,pca_32,nn_erm,1,1,"[0.008718980476260185, 0.9907942414283752, 0.00037355965469032526, 0.00011326225649099797]"
A03,session1,intra_session,train,pca_32,nn_erm,3,3,"[0.002200450748205185, 0.0005487828166224062, 0.00024196984304580837, 0.9970088601112366]"
A03,session1,intra_session,train,pca_32,nn_erm,3,3,"[0.015912195667624474, 0.012182410806417465, 0.0013393496628850698, 0.9705660343170166]"
A03,session1,intra_session,train,pca_32,nn_erm,2,2,"[0.012506507337093353, 0.0054090674966573715, 0.9736767411231995, 0.00840772595256567]"
A03,session1,intra_session,train,pca_32,nn_erm,0,0,"[0.9900376796722412, 0.001015610876493156, 0.0056258682161569595, 0.003320891410112381]"
A03,session1,intra_session,train,pca_32,nn_erm,3,3,"[5.7598386774770916e-05, 1.587916813150514e-05, 0.0024350532330572605, 0.9974914789199829]"
A03,session1,intra_session,train,pca_32,nn_erm,3,3,"[0.0009385412558913231, 0.002514887833967805, 0.018243232741951942, 0.9783033728599548]"
A03,session1,intra_session,train,pca_32,nn_erm,1,1,"[0.001211375230923295, 0.9965918064117432, 0.0021920669823884964, 4.69808674097294e-06]"
A03,session1,intra_session,train,pca_32,nn_erm,3,3,"[0.004857791122049093, 4.739534779218957e-05, 0.0028626660350710154, 0.992232084274292]"
A03,session1,intra_session,train,pca_32,nn_erm,3,3,"[0.0005385320982895792, 0.010903690941631794, 0.0006563148344866931, 0.9879014492034912]"
A03,session1,intra_session,train,pca_32,nn_erm,1,1,"[1.540662742627319e-05, 0.9882417321205139, 0.004170570056885481, 0.0075723761692643166]"
A03,session1,intra_session,train,pca_32,nn_erm,0,0,"[0.9960845708847046, 1.9278429590485757e-06, 0.00391011219471693, 3.4104684800695395e-06]"
A03,session1,intra_session,train,pca_32,nn_erm,1,1,"[4.7096888010855764e-05, 0.9986248016357422, 1.1439263289503288e-05, 0.0013166876742616296]"
A03,session1,intra_session,train,pca_32,nn_erm,2,2,"[0.002617055084556341, 0.0009489610092714429, 0.9960023760795593, 0.000431510474300012]"
A03,session1,intra_session,train,pca_32,nn_erm,2,2,"[7.953731255838647e-05, 0.004088645335286856, 0.9935029149055481, 0.002328845439478755]"
A03,session1,intra_session,train,pca_32,nn_erm,2,2,"[0.008612416684627533, 4.905870810034685e-06, 0.9863728880882263, 0.005009847227483988]"
A03,session1,intra_session,train,pca_32,nn_erm,3,3,"[1.467344645789126e-07, 0.001978697022423148, 0.0018012720393016934, 0.9962199330329895]"
A03,session1,intra_session,train,pca_32,nn_erm,2,2,"[0.002135796472430229, 0.00981795135885477, 0.9833137392997742, 0.0047325934283435345]"
A03,session1,intra_session,train,pca_32,nn_erm,0,0,"[0.975345253944397, 0.005128634627908468, 0.015098419971764088, 0.004427757114171982]"
A03,session1,intra_session,train,pca_32,nn_erm,3,3,"[0.0007899810443632305, 0.007411513477563858, 0.011269593611359596, 0.9805288910865784]"
A03,session1,intra_session,train,pca_32,nn_erm,1,1,"[8.148278059227909e-12, 0.995140552520752, 0.0048590246587991714, 4.424187238782906e-07]"
A03,session1,intra_session,train,pca_32,nn_erm,2,2,"[0.01115310937166214, 0.0014112471835687757, 0.9864122867584229, 0.0010232828790321946]"
A03,session1,intra_session,train,pca_32,nn_erm,1,1,"[0.0016229256289079785, 0.9976329803466797, 0.0006171094137243927, 0.00012706876441370696]"
A03,session1,intra_session,train,pca_32,nn_erm,2,2,"[0.00048100179992616177, 1.267260586246266e-06, 0.9796229004859924, 0.019894827157258987]"
A03,session1,intra_session,train,pca_32,nn_erm,3,3,"[3.87143918487709e-05, 0.00011868643923662603, 2.499124275345821e-05, 0.9998176693916321]"
A03,session1,intra_session,train,pca_32,nn_erm,1,1,"[0.018302123993635178, 0.9717050194740295, 0.0013476468157023191, 0.00864516943693161]"
A03,session1,intra_session,train,pca_32,nn_erm,2,2,"[0.0003138715692330152, 0.0002934129734057933, 0.9990522265434265, 0.00034052098635584116]"
A03,session1,intra_session,train,pca_32,nn_erm,0,0,"[0.9709020256996155, 0.006115374621003866, 0.01237683929502964, 0.01060575246810913]"
A03,session1,intra_session,train,pca_32,nn_erm,0,0,"[0.9583147168159485, 0.03899003192782402, 0.0026510038878768682, 4.421296398504637e-05]"
A03,session1,intra_session,train,pca_32,nn_erm,0,0,"[0.9779208302497864, 0.01946321316063404, 0.0026107311714440584, 5.1796077968901955e-06]"
A03,session1,intra_session,train,pca_32,nn_erm,3,3,"[0.005158334970474243, 0.010164186358451843, 0.0017847866984084249, 0.9828926920890808]"
A03,session1,intra_session,train,pca_32,nn_erm,1,1,"[0.008715562522411346, 0.9774801135063171, 0.009052921086549759, 0.004751438740640879]"
A03,session1,intra_session,train,pca_32,nn_erm,0,0,"[0.995590090751648, 0.0010541306110098958, 0.0033473405055701733, 8.456358955299947e-06]"
A03,session1,intra_session,train,pca_32,nn_erm,2,2,"[8.316018647747114e-05, 3.020969643330318e-07, 0.9999163150787354, 2.29603770662834e-07]"
A03,session1,intra_session,train,pca_32,nn_erm,0,0,"[0.9887730479240417, 0.005517076700925827, 0.0056706699542701244, 3.92266119888518e-05]"
A03,session1,intra_session,train,pca_32,nn_erm,2,2,"[0.00014566429308615625, 0.003566977335140109, 0.9937460422515869, 0.0025412882678210735]"
A03,session1,intra_session,train,pca_32,nn_erm,1,1,"[0.0015030064387246966, 0.9793559908866882, 0.008679119870066643, 0.010461886413395405]"
A03,session1,intra_session,train,pca_32,nn_erm,3,3,"[0.0011572011280804873, 0.003445025999099016, 0.001454019220545888, 0.9939437508583069]"
A03,session1,intra_session,train,pca_32,nn_erm,0,0,"[0.9985260963439941, 4.579133072724062e-09, 0.001470278832130134, 3.5389002732699737e-06]"
A03,session1,intra_session,train,pca_32,nn_erm,2,2,"[0.0017195524415001273, 5.1356353651499376e-05, 0.9974326491355896, 0.000796481326688081]"
A03,session1,intra_session,train,pca_32,nn_erm,2,2,"[7.238551188493147e-05, 0.0008669110247865319, 0.9988325238227844, 0.00022812493261881173]"
A03,session1,intra_session,train,pca_32,nn_erm,0,0,"[0.9957767724990845, 0.002877256367355585, 4.5145468902774155e-05, 0.0013007797533646226]"
A03,session1,intra_session,train,pca_32,nn_erm,2,2,"[0.0126650370657444, 0.000710353022441268, 0.9826567769050598, 0.0039678639732301235]"
A03,session1,intra_session,train,pca_32,nn_erm,1,1,"[0.01208306010812521, 0.9866365790367126, 0.001266476116143167, 1.3890635273128282e-05]"
A03,session1,intra_session,train,pca_32,nn_erm,3,3,"[1.9231234546168707e-05, 0.001889929291792214, 0.004160982556641102, 0.9939298629760742]"
A03,session1,intra_session,train,pca_32,nn_erm,3,3,"[1.3536758558529982e-07, 3.689057848532684e-05, 0.000449645594926551, 0.9995132684707642]"
A03,session1,intra_session,train,pca_32,nn_erm,3,3,"[0.0002859514206647873, 0.0007050909916870296, 0.010047025047242641, 0.9889618754386902]"
A03,session1,intra_session,train,pca_32,nn_erm,2,2,"[0.00036179195740260184, 6.513330299640074e-05, 0.9994705319404602, 0.00010250981722492725]"
A03,session1,intra_session,train,pca_32,nn_erm,0,0,"[0.9937340617179871, 6.971563561819494e-05, 0.006020516622811556, 0.00017575535457581282]"
A03,session1,intra_session,train,pca_32,nn_erm,3,3,"[4.306883511162596e-06, 0.000909810361918062, 0.004027842544019222, 0.9950580596923828]"
A03,session1,intra_session,train,pca_32,nn_erm,1,1,"[0.00040260248351842165, 0.9815951585769653, 0.0008483039564453065, 0.01715395227074623]"
A03,session1,intra_session,train,pca_32,nn_erm,3,3,"[5.055935115017007e-10, 3.563850103915911e-09, 1.2634741324291099e-06, 0.9999986886978149]"
A03,session1,intra_session,train,pca_32,nn_erm,1,1,"[0.010734711773693562, 0.987329363822937, 0.0019330056384205818, 2.8873930659756297e-06]"
A03,session1,intra_session,train,pca_32,nn_erm,0,0,"[0.9946574568748474, 0.00011682276817737147, 0.0012757763033732772, 0.0039500100538134575]"
A03,session1,intra_session,train,pca_32,nn_erm,2,2,"[8.985480963019654e-05, 0.00015209426055662334, 0.9997404217720032, 1.7625727195991203e-05]"
A03,session1,intra_session,train,pca_32,nn_erm,1,1,"[3.312653689135914e-07, 0.9970661997795105, 6.840048445155844e-05, 0.0028651028405874968]"
A03,session1,intra_session,train,pca_32,nn_erm,0,0,"[0.9986945986747742, 5.417974989541108e-06, 0.001293639768846333, 6.366953130054753e-06]"
A03,session1,intra_session,train,pca_32,nn_erm,2,2,"[2.4411432875126593e-08, 5.224446340434952e-06, 0.9996254444122314, 0.0003693582257255912]"
A03,session1,intra_session,train,pca_32,nn_erm,2,2,"[6.197672337293625e-05, 2.2708484266331652e-06, 0.9977228045463562, 0.0022130010183900595]"
A03,session1,intra_session,train,pca_32,nn_erm,0,0,"[0.9848448634147644, 3.539181489031762e-05, 0.008082603104412556, 0.007037200499325991]"
A03,session1,intra_session,train,pca_32,nn_erm,2,2,"[0.0037542390637099743, 0.00019842087931465358, 0.9960269927978516, 2.0365885575301945e-05]"
A03,session1,intra_session,train,pca_32,nn_erm,3,3,"[7.012073183432221e-06, 7.938710768939927e-05, 0.011993734166026115, 0.987919807434082]"
A03,session1,intra_session,train,pca_32,nn_erm,3,3,"[1.3132056437825668e-06, 0.01779237948358059, 0.0005936893285252154, 0.9816126227378845]"
A03,session1,intra_session,train,pca_32,nn_erm,1,1,"[0.012275139801204205, 0.986670196056366, 0.0006684885011054575, 0.00038614595541730523]"
A03,session1,intra_session,train,pca_32,nn_erm,0,0,"[0.9832375049591064, 0.01652795821428299, 5.8344510762253776e-05, 0.00017611276416573673]"
A03,session1,intra_session,train,pca_32,nn_erm,1,1,"[0.0027550007216632366, 0.9961584210395813, 2.559859240136575e-05, 0.0010610994650050998]"
A03,session1,intra_session,train,pca_32,nn_erm,3,3,"[5.826742562931031e-05, 0.0002497956156730652, 0.0004746697668451816, 0.9992172718048096]"
A03,session1,intra_session,train,pca_32,nn_erm,1,1,"[0.0019320074934512377, 0.9874568581581116, 0.004553734324872494, 0.006057432387024164]"
A03,session1,intra_session,train,pca_32,nn_erm,3,3,"[9.003742320601305e-07, 6.599109383387258e-06, 0.0004362410691101104, 0.9995562434196472]"
A03,session1,intra_session,train,pca_32,nn_erm,2,2,"[0.015248754061758518, 0.004929841496050358, 0.9723435640335083, 0.007477888371795416]"
A03,session1,intra_session,train,pca_32,nn_erm,1,1,"[0.00034190813312307, 0.9941269159317017, 0.00323908356949687, 0.0022921310737729073]"
A03,session1,intra_session,train,pca_32,nn_erm,1,1,"[0.0009736729552969337, 0.9943225383758545, 0.000857334875036031, 0.0038464954122900963]"
A03,session1,intra_session,train,pca_32,nn_erm,1,1,"[3.275376730016433e-05, 0.9965980648994446, 0.0022932905703783035, 0.0010758660500869155]"
A03,session1,intra_session,train,pca_32,nn_erm,2,2,"[4.1890623833751306e-05, 0.000383732927730307, 0.9992741942405701, 0.0003000955912284553]"
A03,session1,intra_session,train,pca_32,nn_erm,3,3,"[3.163500878144987e-06, 6.6047735856888945e-12, 0.001620036200620234, 0.998376727104187]"
A03,session1,intra_session,train,pca_32,nn_erm,0,0,"[0.9737662672996521, 0.017462655901908875, 0.00645830575376749, 0.0023126681335270405]"
A03,session1,intra_session,train,pca_32,nn_erm,1,1,"[0.033489178866147995, 0.9592776894569397, 0.006887602154165506, 0.00034553479054011405]"
A03,session1,intra_session,train,pca_32,nn_erm,3,3,"[0.00016072521975729614, 0.0008873690385371447, 0.0016398224979639053, 0.997312068939209]"
A03,session1,intra_session,train,pca_32,nn_erm,0,0,"[0.9625134468078613, 0.008235455490648746, 0.013973129913210869, 0.015278001315891743]"
A03,session1,intra_session,train,pca_32,nn_erm,2,2,"[0.02283930964767933, 1.0061919965664856e-05, 0.9754948616027832, 0.0016558022471144795]"
A03,session1,intra_session,train,pca_32,nn_erm,2,2,"[0.005950236227363348, 0.01574622467160225, 0.9781423211097717, 0.00016120057262014598]"
A03,session1,intra_session,train,pca_32,nn_erm,3,3,"[0.00021255969477351755, 0.00039426173316314816, 3.6156757232674863e-06, 0.9993895292282104]"
A03,session1,intra_session,train,pca_32,nn_erm,0,0,"[0.9525527358055115, 0.00402558408677578, 0.04281526431441307, 0.0006065042689442635]"
A03,session1,intra_session,train,pca_32,nn_erm,0,0,"[0.9867736101150513, 0.0009414121159352362, 0.00921612698584795, 0.003068857826292515]"
A03,session1,intra_session,train,pca_32,nn_erm,2,2,"[0.04313032329082489, 0.003670615376904607, 0.9481292963027954, 0.005069776903837919]"
A03,session1,intra_session,train,pca_32,nn_erm,1,1,"[0.004152269568294287, 0.9695976376533508, 0.02530091255903244, 0.0009491962264291942]"
A03,session1,intra_session,train,pca_32,nn_erm,3,3,"[0.0012417687103152275, 0.005350612569600344, 0.006988484412431717, 0.986419141292572]"
A03,session1,intra_session,train,pca_32,nn_erm,3,3,"[0.02663501352071762, 0.002082053106278181, 0.010047666728496552, 0.9612352848052979]"
A03,session1,intra_session,train,pca_32,nn_erm,3,3,"[0.002481232862919569, 0.00010017231397796422, 0.004658916499465704, 0.9927597045898438]"
A03,session1,intra_session,train,pca_32,nn_erm,1,1,"[0.003766757668927312, 0.9928690791130066, 0.0005170059157535434, 0.0028471669647842646]"
A03,session1,intra_session,train,pca_32,nn_erm,0,0,"[0.975681483745575, 0.013122212141752243, 0.009136996231973171, 0.002059302991256118]"
A03,session1,intra_session,train,pca_32,nn_erm,2,2,"[0.01611976884305477, 0.00033744508982636034, 0.9811610579490662, 0.002381752012297511]"
A03,session1,intra_session,train,pca_32,nn_erm,1,1,"[0.009648483246564865, 0.9677765965461731, 0.015422974713146687, 0.007151978090405464]"
A03,session1,intra_session,train,pca_32,nn_erm,3,3,"[0.0007965578115545213, 0.0007549857837148011, 0.002849296201020479, 0.9955991506576538]"
A03,session1,intra_session,train,pca_32,nn_erm,0,0,"[0.98655104637146, 0.006137112621217966, 0.00730314152315259, 8.7426860773121e-06]"
A03,session1,intra_session,train,pca_32,nn_erm,3,3,"[0.0009150883997790515, 0.00017758873582351953, 0.011062142439186573, 0.9878451228141785]"
A03,session1,intra_session,train,pca_32,nn_erm,2,2,"[0.007310876622796059, 0.0005244078929536045, 0.9889267683029175, 0.003237935248762369]"
A03,session1,intra_session,train,pca_32,nn_erm,1,1,"[0.002660591620951891, 0.9873722791671753, 0.009959517978131771, 7.700034984736703e-06]"
A03,session1,intra_session,train,pca_32,nn_erm,3,3,"[0.025081384927034378, 0.00043067592196166515, 0.013064788654446602, 0.9614230990409851]"
A03,session1,intra_session,train,pca_32,nn_erm,3,3,"[0.004113252740353346, 0.004278154578059912, 0.012120050378143787, 0.9794886112213135]"
A03,session1,intra_session,train,pca_32,nn_erm,0,0,"[0.9576226472854614, 0.007800280582159758, 0.006334263365715742, 0.028242798522114754]"
A03,session1,intra_session,train,pca_32,nn_erm,1,1,"[0.00010095883044414222, 0.9816409945487976, 0.011603320017457008, 0.006654681637883186]"
A03,session1,intra_session,train,pca_32,nn_erm,1,1,"[0.0012542572803795338, 0.9895688891410828, 0.00038552226033061743, 0.008791415952146053]"
A03,session1,intra_session,train,pca_32,nn_erm,2,2,"[0.04270714893937111, 0.00517061585560441, 0.9467036128044128, 0.005418675951659679]"
A03,session1,intra_session,train,pca_32,nn_erm,3,3,"[1.0829346308582899e-07, 5.465461526910076e-06, 3.200912397005595e-05, 0.9999624490737915]"
A03,session1,intra_session,train,pca_32,nn_erm,1,1,"[0.01846998557448387, 0.9761048555374146, 0.002202950417995453, 0.0032222350127995014]"
A03,session1,intra_session,train,pca_32,nn_erm,0,0,"[0.9361669421195984, 0.02042616903781891, 0.0386328361928463, 0.004774059168994427]"
A03,session1,intra_session,train,pca_32,nn_erm,0,0,"[0.9522286653518677, 0.03758034110069275, 0.010143997147679329, 4.700706267612986e-05]"
A03,session1,intra_session,train,pca_32,nn_erm,3,3,"[0.0007181279943324625, 0.009346195496618748, 0.0008898847736418247, 0.9890457987785339]"
A03,session1,intra_session,train,pca_32,nn_erm,1,1,"[0.002443700795993209, 0.9828121066093445, 0.0005841932725161314, 0.014160006307065487]"
A03,session1,intra_session,train,pca_32,nn_erm,0,0,"[0.9759647250175476, 0.00926798116415739, 0.007179671432822943, 0.007587635423988104]"
A03,session1,intra_session,train,pca_32,nn_erm,2,2,"[9.61022942647105e-06, 0.0007504728273488581, 0.9944303631782532, 0.004809539299458265]"
A03,session1,intra_session,train,pca_32,nn_erm,1,1,"[5.998589754259431e-14, 0.9988456964492798, 0.0011542437132447958, 6.924235629313102e-10]"
A03,session1,intra_session,train,pca_32,nn_erm,1,1,"[0.005674043204635382, 0.9842361211776733, 0.003385619493201375, 0.0067042200826108456]"
A03,session1,intra_session,train,pca_32,nn_erm,2,2,"[0.022953985258936882, 0.000972245295997709, 0.9755104780197144, 0.0005632561515085399]"
A03,session1,intra_session,train,pca_32,nn_erm,0,0,"[0.9717875123023987, 0.017939722165465355, 0.010259008035063744, 1.3807846698909998e-05]"
A03,session1,intra_session,train,pca_32,nn_erm,3,3,"[0.0034498232416808605, 6.914657569723204e-05, 0.0004530379956122488, 0.9960280656814575]"
A03,session1,intra_session,train,pca_32,nn_erm,2,2,"[0.004204646684229374, 0.02098255604505539, 0.9647735953330994, 0.010039149783551693]"
A03,session1,intra_session,train,pca_32,nn_erm,2,2,"[1.8836995877791196e-05, 0.0017674772534519434, 0.9825328588485718, 0.01568087562918663]"
A03,session1,intra_session,train,pca_32,nn_erm,2,2,"[0.0009924278128892183, 0.0054383850656449795, 0.9895780086517334, 0.003991185687482357]"
A03,session1,intra_session,train,pca_32,nn_erm,2,2,"[0.017304684966802597, 0.0010822588810697198, 0.9618381857872009, 0.01977488584816456]"
A03,session1,intra_session,train,pca_32,nn_erm,0,0,"[0.9853397011756897, 0.005608794279396534, 0.0037062624469399452, 0.005345165263861418]"
A03,session1,intra_session,train,pca_32,nn_erm,1,1,"[0.004481405019760132, 0.9882070422172546, 0.005897477734833956, 0.0014141688589006662]"
A03,session1,intra_session,train,pca_32,nn_erm,0,0,"[0.9631962180137634, 5.827380846312735e-06, 0.03672800958156586, 6.990187102928758e-05]"
A03,session1,intra_session,train,pca_32,nn_erm,1,1,"[0.007062646094709635, 0.9929304122924805, 6.181655862746993e-06, 6.585080996046599e-07]"
A03,session1,intra_session,train,pca_32,nn_erm,0,0,"[0.9935006499290466, 2.478363603586331e-05, 0.006473225075751543, 1.2483303635235643e-06]"
A03,session1,intra_session,train,pca_32,nn_erm,0,0,"[0.9995304346084595, 1.3683199995284667e-06, 0.00046746962470933795, 7.290457801900629e-07]"
A03,session1,intra_session,train,pca_32,nn_erm,2,2,"[0.03626548498868942, 0.0016648696037009358, 0.9620404839515686, 2.9279386581038125e-05]"
A03,session1,intra_session,train,pca_32,nn_erm,2,2,"[0.010967305861413479, 0.028566133230924606, 0.9575383067131042, 0.002928252564743161]"
A03,session1,intra_session,train,pca_32,nn_erm,1,1,"[0.004018380772322416, 0.9914489388465881, 0.0035382481291890144, 0.0009944075718522072]"
A03,session1,intra_session,train,pca_32,nn_erm,2,2,"[0.030758867040276527, 0.0004507009871304035, 0.9687492251396179, 4.119465302210301e-05]"
A03,session1,intra_session,train,pca_32,nn_erm,3,3,"[0.0008575239917263389, 0.000711317581590265, 0.009802398271858692, 0.9886287450790405]"
A03,session1,intra_session,train,pca_32,nn_erm,0,0,"[0.9747186303138733, 0.0009560914477333426, 0.024303492158651352, 2.1819294488523155e-05]"
A03,session1,intra_session,test,pca_32,nn_erm,3,2,"[0.0017689006635919213, 0.011831591837108135, 0.9156781435012817, 0.07072138786315918]"
A03,session1,intra_session,test,pca_32,nn_erm,0,2,"[0.057354144752025604, 0.08303792029619217, 0.8408799171447754, 0.01872808299958706]"
A03,session1,intra_session,test,pca_32,nn_erm,0,0,"[0.9842485785484314, 0.00019461951160337776, 0.015539641492068768, 1.7107588064391166e-05]"
A03,session1,intra_session,test,pca_32,nn_erm,1,1,"[0.003602221142500639, 0.666496217250824, 0.3277242183685303, 0.002177339280024171]"
A03,session1,intra_session,test,pca_32,nn_erm,3,1,"[0.23827198147773743, 0.5037329792976379, 0.12942171096801758, 0.12857334315776825]"
A03,session1,intra_session,test,pca_32,nn_erm,2,3,"[0.00034705112921074033, 0.012043195776641369, 0.14714974164962769, 0.8404600024223328]"
A03,session1,intra_session,test,pca_32,nn_erm,1,0,"[0.9518676996231079, 0.03309739753603935, 0.01412853691726923, 0.0009063276811502874]"
A03,session1,intra_session,test,pca_32,nn_erm,3,1,"[1.0596075544224391e-14, 0.9650739431381226, 0.03492605313658714, 4.851038681863429e-09]"
A03,session1,intra_session,test,pca_32,nn_erm,2,1,"[0.030954888090491295, 0.7194619178771973, 0.2332981377840042, 0.016285011544823647]"
A03,session1,intra_session,test,pca_32,nn_erm,3,2,"[0.0993434339761734, 0.0804135799407959, 0.7712624669075012, 0.0489804707467556]"
A03,session1,intra_session,test,pca_32,nn_erm,2,2,"[0.00019400219025555998, 1.62983633344993e-05, 0.8849921822547913, 0.11479749530553818]"
A03,session1,intra_session,test,pca_32,nn_erm,3,1,"[0.02944863960146904, 0.7190266847610474, 0.24910400807857513, 0.00242064637131989]"
A03,session1,intra_session,test,pca_32,nn_erm,1,1,"[0.009478418156504631, 0.5222647190093994, 0.19043833017349243, 0.2778184711933136]"
A03,session1,intra_session,test,pca_32,nn_erm,1,1,"[0.001973600359633565, 0.80686354637146, 0.12034288793802261, 0.07081994414329529]"
A03,session1,intra_session,test,pca_32,nn_erm,3,2,"[4.6155459131114185e-05, 0.007678014226257801, 0.9907093048095703, 0.001566539634950459]"
A03,session1,intra_session,test,pca_32,nn_erm,0,1,"[0.004161544609814882, 0.9872547388076782, 0.008228311315178871, 0.00035542878322303295]"
A03,session1,intra_session,test,pca_32,nn_erm,1,2,"[0.0009021974401548505, 0.10392376035451889, 0.8944764137268066, 0.0006977019365876913]"
A03,session1,intra_session,test,pca_32,nn_erm,1,2,"[0.00015093997353687882, 0.08499601483345032, 0.7254428863525391, 0.18941016495227814]"
A03,session1,intra_session,test,pca_32,nn_erm,1,2,"[0.0017665935447439551, 0.009310138411819935, 0.5640649199485779, 0.4248583912849426]"
A03,session1,intra_session,test,pca_32,nn_erm,2,2,"[6.716177125554168e-08, 0.12163203954696655, 0.8715314865112305, 0.006836388260126114]"
A03,session1,intra_session,test,pca_32,nn_erm,3,2,"[1.6348911557884094e-08, 0.0025504757650196552, 0.997317373752594, 0.00013210745237302035]"
A03,session1,intra_session,test,pca_32,nn_erm,0,2,"[0.015591242350637913, 0.044203631579875946, 0.9398755431175232, 0.0003296846407465637]"
A03,session1,intra_session,test,pca_32,nn_erm,3,3,"[0.001365856733173132, 0.024394696578383446, 0.1634792685508728, 0.8107602000236511]"
A03,session1,intra_session,test,pca_32,nn_erm,0,2,"[4.143394249922494e-08, 0.3574201464653015, 0.6403974890708923, 0.002182315569370985]"
A03,session1,intra_session,test,pca_32,nn_erm,2,2,"[0.15601222217082977, 0.0011424919357523322, 0.5911130905151367, 0.2517322301864624]"
A03,session1,intra_session,test,pca_32,nn_erm,0,1,"[0.19689632952213287, 0.46865659952163696, 0.3299764394760132, 0.0044706217013299465]"
A03,session1,intra_session,test,pca_32,nn_erm,3,2,"[0.014340325258672237, 0.0021790661849081516, 0.977360725402832, 0.006119915284216404]"
A03,session1,intra_session,test,pca_32,nn_erm,0,2,"[0.014897399581968784, 0.14924770593643188, 0.8181674480438232, 0.017687391489744186]"
A03,session1,intra_session,test,pca_32,nn_erm,2,2,"[0.00038337105070240796, 7.860433106543496e-05, 0.9994187355041504, 0.00011928188177989796]"
A03,session1,intra_session,test,pca_32,nn_erm,0,2,"[6.528415497086826e-07, 0.0002737367176450789, 0.9997249245643616, 7.856169190745277e-07]"
A03,session1,intra_session,test,pca_32,nn_erm,1,1,"[0.0003926201316062361, 0.9234991073608398, 0.07576650381088257, 0.0003416716936044395]"
A03,session1,intra_session,test,pca_32,nn_erm,2,2,"[4.358614387456328e-05, 0.033104825764894485, 0.9657586812973022, 0.0010928392875939608]"
A03,session1,intra_session,test,pca_32,nn_erm,2,0,"[0.9547722339630127, 0.04389512538909912, 0.0010028475662693381, 0.00032978440867736936]"
A03,session1,intra_session,test,pca_32,nn_erm,3,2,"[0.0008464925922453403, 0.000674961251206696, 0.9975942969322205, 0.0008842094102874398]"
A03,session1,intra_session,test,pca_32,nn_erm,0,2,"[0.0010823834454640746, 0.27759793400764465, 0.4621158540248871, 0.25920379161834717]"
A03,session1,intra_session,test,pca_32,nn_erm,1,1,"[0.00419307965785265, 0.9354590177536011, 0.055419906973838806, 0.0049279360100626945]"
A03,session1,intra_session,test,pca_32,nn_erm,3,2,"[0.00034801545552909374, 0.05391572788357735, 0.5410987138748169, 0.40463751554489136]"
A03,session1,intra_session,test,pca_32,nn_erm,1,1,"[9.560267955066593e-08, 0.5662639141082764, 0.42683085799217224, 0.006905131042003632]"
A03,session1,intra_session,test,pca_32,nn_erm,2,2,"[0.013492980971932411, 0.07682280242443085, 0.46359342336654663, 0.44609081745147705]"
A03,session1,intra_session,test,pca_32,nn_erm,2,2,"[0.1289501190185547, 0.3226284086704254, 0.5199209451675415, 0.0285005122423172]"
A03,session1,intra_session,test,pca_32,nn_erm,0,2,"[2.458700691931881e-07, 0.0026969958562403917, 0.9972793459892273, 2.3468941435567103e-05]"
A03,session1,intra_session,test,pca_32,nn_erm,3,2,"[8.713187327202832e-08, 0.09561724960803986, 0.9043704271316528, 1.2265074474271387e-05]"
A03,session1,intra_session,test,pca_32,nn_erm,1,1,"[0.029841143637895584, 0.6847510933876038, 0.2648911476135254, 0.02051657997071743]"
A03,session1,intra_session,test,pca_32,nn_erm,3,2,"[0.00024858431424945593, 0.004954654257744551, 0.9225566387176514, 0.07224024087190628]"
A03,session1,intra_session,test,pca_32,nn_erm,0,1,"[0.03305685892701149, 0.5115258693695068, 0.40998420119285583, 0.04543311521410942]"
A03,session1,intra_session,test,pca_32,nn_erm,0,0,"[0.6185881495475769, 0.36411190032958984, 0.01626548357307911, 0.0010345623595640063]"
A03,session1,intra_session,test,pca_32,nn_erm,2,2,"[0.05596531182527542, 0.3817139267921448, 0.5515245795249939, 0.010796183720231056]"
A03,session1,intra_session,test,pca_32,nn_erm,2,3,"[6.415510142687708e-05, 0.1355268359184265, 0.00022461907065007836, 0.8641844391822815]"
A03,session1,intra_session,test,pca_32,nn_erm,1,2,"[0.18781684339046478, 0.14022813737392426, 0.6639811992645264, 0.007973824627697468]"
A03,session1,intra_session,test,pca_32,nn_erm,3,3,"[0.0008038630476221442, 0.0013197428779676557, 0.4664585590362549, 0.5314178466796875]"
A03,session1,intra_session,test,pca_32,nn_erm,1,0,"[0.7990337610244751, 0.018552470952272415, 0.18226608633995056, 0.0001476004981668666]"
A03,session1,intra_session,test,pca_32,nn_erm,1,3,"[0.013676691800355911, 0.1521095335483551, 0.013409187085926533, 0.8208046555519104]"
A03,session1,intra_session,test,pca_32,nn_erm,0,2,"[0.02048327773809433, 1.1668517799989786e-05, 0.9792972207069397, 0.00020781166676897556]"
A03,session1,intra_session,test,pca_32,nn_erm,1,2,"[0.00020522443810477853, 0.04455786198377609, 0.9494864344596863, 0.005750573240220547]"
A03,session1,intra_session,test,pca_32,nn_erm,3,3,"[2.3201397198135965e-05, 0.0009793771896511316, 0.019287997856736183, 0.9797093868255615]"
A03,session1,intra_session,test,pca_32,nn_erm,3,3,"[0.0007763428147882223, 0.05237606540322304, 0.44545188546180725, 0.5013957023620605]"
A03,session1,intra_session,test,pca_32,nn_erm,1,1,"[0.01964385434985161, 0.972764790058136, 0.003037085058167577, 0.004554291721433401]"
A03,session1,intra_session,test,pca_32,nn_erm,1,1,"[0.0011331746354699135, 0.9576845765113831, 0.013745777308940887, 0.027436435222625732]"
A03,session1,intra_session,test,pca_32,nn_erm,1,3,"[0.0004240117850713432, 0.0018504360923543572, 0.23472924530506134, 0.7629963755607605]"
A03,session1,intra_session,test,pca_32,nn_erm,1,3,"[0.16222991049289703, 0.00022538051416631788, 0.23496848344802856, 0.6025761365890503]"
A03,session1,intra_session,test,pca_32,nn_erm,3,2,"[1.0192446779910824e-06, 0.001255459152162075, 0.9096702337265015, 0.08907332271337509]"
A03,session1,intra_session,test,pca_32,nn_erm,3,2,"[2.373176585024339e-06, 0.0008146013715304434, 0.9820596575737, 0.017123373225331306]"
A03,session1,intra_session,test,pca_32,nn_erm,2,3,"[3.74865485355258e-05, 0.03470877930521965, 0.1682882308959961, 0.7969654202461243]"
A03,session1,intra_session,test,pca_32,nn_erm,3,3,"[0.0005645751953125, 0.002600421430543065, 0.01762959733605385, 0.9792054295539856]"
A03,session1,intra_session,test,pca_32,nn_erm,0,3,"[0.0002457271621096879, 0.4097115695476532, 0.1263446807861328, 0.4636980891227722]"
A03,session1,intra_session,test,pca_32,nn_erm,1,1,"[2.0103421149997303e-07, 0.9571884274482727, 0.0006486207130365074, 0.04216273874044418]"
A03,session1,intra_session,test,pca_32,nn_erm,2,2,"[0.17388224601745605, 0.010070597752928734, 0.7491174340248108, 0.06692977994680405]"
A03,session1,intra_session,test,pca_32,nn_erm,1,1,"[0.003005961887538433, 0.6192045211791992, 0.005509661976248026, 0.3722798526287079]"
A03,session1,intra_session,test,pca_32,nn_erm,0,2,"[0.00010688634210964665, 0.004304477013647556, 0.515718936920166, 0.4798697233200073]"
A03,session1,intra_session,test,pca_32,nn_erm,3,3,"[6.055898484191857e-05, 0.0035480824299156666, 0.42335066199302673, 0.5730406641960144]"
A03,session1,intra_session,test,pca_32,nn_erm,0,2,"[0.008464310318231583, 0.08919024467468262, 0.5986009240150452, 0.30374446511268616]"
A03,session1,intra_session,test,pca_32,nn_erm,3,3,"[1.9417414023337187e-06, 8.656361956127512e-07, 5.290019544190727e-05, 0.9999443292617798]"
A03,session1,intra_session,test,pca_32,nn_erm,0,2,"[0.00017203901370521635, 0.0024304452817887068, 0.9965044260025024, 0.0008931320626288652]"
A03,session1,intra_session,test,pca_32,nn_erm,0,2,"[0.36994439363479614, 0.006622551009058952, 0.5257967114448547, 0.09763628244400024]"
A03,session1,intra_session,test,pca_32,nn_erm,0,2,"[9.58611323653713e-09, 9.367580059915781e-05, 0.9787198901176453, 0.021186426281929016]"
A03,session1,intra_session,test,pca_32,nn_erm,0,2,"[5.223819243838079e-05, 0.036747101694345474, 0.9546623826026917, 0.008538266643881798]"
A03,session1,intra_session,test,pca_32,nn_erm,2,3,"[0.00025583134265616536, 0.0008931069169193506, 0.02459479123353958, 0.9742562174797058]"
A03,session1,intra_session,test,pca_32,nn_erm,2,2,"[1.7571192074683495e-05, 0.00011871526658069342, 0.9828673601150513, 0.0169963501393795]"
A03,session1,intra_session,test,pca_32,nn_erm,3,3,"[4.560888100968441e-06, 5.288556349114515e-05, 0.011953357607126236, 0.9879891872406006]"
A03,session1,intra_session,test,pca_32,nn_erm,1,1,"[0.0006872783415019512, 0.6633326411247253, 0.33424943685531616, 0.0017306777881458402]"
A03,session1,intra_session,test,pca_32,nn_erm,2,1,"[0.00012850460188928992, 0.525957465171814, 0.4477992653846741, 0.02611478604376316]"
A03,session1,intra_session,test,pca_32,nn_erm,2,3,"[2.5237653744625277e-07, 0.04584572836756706, 0.024693971499800682, 0.9294599890708923]"
A03,session1,intra_session,test,pca_32,nn_erm,2,3,"[7.861628709138202e-11, 0.016560884192585945, 0.19903075695037842, 0.784408450126648]"
A03,session1,intra_session,test,pca_32,nn_erm,3,3,"[0.009139166213572025, 4.511677161644911e-06, 0.12719686329364777, 0.8636593818664551]"
A03,session1,intra_session,test,pca_32,nn_erm,2,2,"[2.5908821962850048e-11, 0.001217193086631596, 0.9243519902229309, 0.07443086802959442]"
A03,session1,intra_session,test,pca_32,nn_erm,0,2,"[0.0002107384498231113, 0.008191949687898159, 0.6907750368118286, 0.3008221983909607]"
A03,session1,intra_session,test,pca_32,nn_erm,2,2,"[1.3820438653056044e-05, 5.9975798649247736e-05, 0.983343780040741, 0.01658237911760807]"
A03,session2,intra_session,train,pca_32,nn_erm,0,0,"[0.9923302531242371, 0.007665672805160284, 1.449626552130212e-06, 2.7041683097195346e-06]"
A03,session2,intra_session,train,pca_32,nn_erm,1,1,"[0.0012343371054157615, 0.9987143278121948, 1.955642073880881e-05, 3.181560896337032e-05]"
A03,session2,intra_session,train,pca_32,nn_erm,1,1,"[0.04946816712617874, 0.9355114698410034, 0.01096212025731802, 0.004058314021676779]"
A03,session2,intra_session,train,pca_32,nn_erm,0,0,"[0.9819946885108948, 0.01079278253018856, 0.00028854416450485587, 0.006923954002559185]"
A03,session2,intra_session,train,pca_32,nn_erm,1,1,"[0.0030606742948293686, 0.9869459271430969, 0.009973975829780102, 1.9438452000031248e-05]"
A03,session2,intra_session,train,pca_32,nn_erm,0,0,"[0.9777662754058838, 0.002353179268538952, 0.01700214110314846, 0.0028784130699932575]"
A03,session2,intra_session,train,pca_32,nn_erm,1,1,"[0.024001285433769226, 0.9733970165252686, 0.0006776017835363746, 0.0019241533009335399]"
A03,session2,intra_session,train,pca_32,nn_erm,2,2,"[0.001559184631332755, 1.627714118512813e-05, 0.9984013438224792, 2.325794230273459e-05]"
A03,session2,intra_session,train,pca_32,nn_erm,1,1,"[0.005314784590154886, 0.9927915334701538, 0.001877957140095532, 1.572865767229814e-05]"
A03,session2,intra_session,train,pca_32,nn_erm,3,3,"[0.004139301832765341, 0.0017048026202246547, 0.00019175407942384481, 0.9939641356468201]"
A03,session2,intra_session,train,pca_32,nn_erm,0,0,"[0.9934978485107422, 5.419209992396645e-05, 0.004635919816792011, 0.0018120990134775639]"
A03,session2,intra_session,train,pca_32,nn_erm,2,2,"[3.662509334390052e-05, 0.0025494201108813286, 0.9865134358406067, 0.010900530964136124]"
A03,session2,intra_session,train,pca_32,nn_erm,1,1,"[0.010576040484011173, 0.9733947515487671, 0.011366941966116428, 0.004662272520363331]"
A03,session2,intra_session,train,pca_32,nn_erm,0,0,"[0.9874081611633301, 0.009155881591141224, 0.003083623480051756, 0.00035240798024460673]"
A03,session2,intra_session,train,pca_32,nn_erm,3,3,"[0.0018020948627963662, 9.539960592519492e-05, 0.005430561024695635, 0.9926719665527344]"
A03,session2,intra_session,train,pca_32,nn_erm,3,3,"[0.00037592751323245466, 0.00016608329315204173, 0.000237844797084108, 0.9992201328277588]"
A03,session2,intra_session,train,pca_32,nn_erm,3,3,"[0.0003398088156245649, 5.358588896342553e-05, 0.015352461487054825, 0.9842541217803955]"
A03,session2,intra_session,train,pca_32,nn_erm,3,3,"[0.004044999834150076, 0.00010244052828056738, 0.047153957188129425, 0.9486985802650452]"
A03,session2,intra_session,train,pca_32,nn_erm,3,3,"[0.005801454186439514, 0.004541073925793171, 0.00016238453099504113, 0.9894950985908508]"
A03,session2,intra_session,train,pca_32,nn_erm,0,0,"[0.9962803721427917, 0.0036844362039119005, 1.3968859093438368e-05, 2.1193973225308582e-05]"
A03,session2,intra_session,train,pca_32,nn_erm,2,2,"[0.00768017815425992, 0.013117801398038864, 0.9741199612617493, 0.005081945564597845]"
A03,session2,intra_session,train,pca_32,nn_erm,1,1,"[9.377828064316418e-06, 0.9997801184654236, 0.00017639803991187364, 3.4063588827848434e-05]"
A03,session2,intra_session,train,pca_32,nn_erm,0,0,"[0.9703131914138794, 0.006510026752948761, 0.002985239727422595, 0.020191581919789314]"
A03,session2,intra_session,train,pca_32,nn_erm,0,0,"[0.9789997339248657, 0.02093992754817009, 2.6710556994657964e-05, 3.3623022318352014e-05]"
A03,session2,intra_session,train,pca_32,nn_erm,2,2,"[0.019374867901206017, 0.013397234492003918, 0.966906726360321, 0.0003211206931155175]"
A03,session2,intra_session,train,pca_32,nn_erm,3,3,"[0.00616044644266367, 3.483376349322498e-05, 0.0024420926347374916, 0.9913626313209534]"
A03,session2,intra_session,train,pca_32,nn_erm,0,0,"[0.9686236381530762, 0.029721485450863838, 0.0008976625977084041, 0.0007572078611701727]"
A03,session2,intra_session,train,pca_32,nn_erm,2,2,"[0.0015026936307549477, 0.0036834629718214273, 0.9946607947349548, 0.0001531148300273344]"
A03,session2,intra_session,train,pca_32,nn_erm,2,2,"[0.00012705910194199532, 0.00263485056348145, 0.9972366094589233, 1.4426874486161978e-06]"
A03,session2,intra_session,train,pca_32,nn_erm,2,2,"[0.0025012416299432516, 0.023413987830281258, 0.9591244459152222, 0.014960273168981075]"
A03,session2,intra_session,train,pca_32,nn_erm,0,0,"[0.9785611629486084, 0.018418824300169945, 0.002730119740590453, 0.00028986865072511137]"
A03,session2,intra_session,train,pca_32,nn_erm,1,1,"[0.0005541646387428045, 0.9991410970687866, 3.915413060440187e-07, 0.00030432568746618927]"
A03,session2,intra_session,train,pca_32,nn_erm,0,0,"[0.9861159324645996, 0.009318402037024498, 0.004142655525356531, 0.00042311838478781283]"
A03,session2,intra_session,train,pca_32,nn_erm,1,1,"[0.0010183057747781277, 0.9938098788261414, 0.0003049372462555766, 0.004866871517151594]"
A03,session2,intra_session,train,pca_32,nn_erm,1,1,"[0.007257986348122358, 0.9779807329177856, 0.00627809576690197, 0.008483264595270157]"
A03,session2,intra_session,train,pca_32,nn_erm,0,0,"[0.9983262419700623, 0.0011672299588099122, 1.1133313648770127e-07, 0.0005063653807155788]"
A03,session2,intra_session,train,pca_32,nn_erm,1,1,"[0.0020072064362466335, 0.992850661277771, 0.0028255938086658716, 0.002316559199243784]"
A03,session2,intra_session,train,pca_32,nn_erm,2,2,"[0.02334200218319893, 3.7140154745429754e-05, 0.9765225648880005, 9.838144615059718e-05]"
A03,session2,intra_session,train,pca_32,nn_erm,1,1,"[0.0008214435656554997, 0.9891861081123352, 0.009979035705327988, 1.3501209650712553e-05]"
A03,session2,intra_session,train,pca_32,nn_erm,2,2,"[3.3076935324061196e-06, 3.1403298635268584e-05, 0.9910456538200378, 0.00891955941915512]"
A03,session2,intra_session,train,pca_32,nn_erm,2,2,"[0.0013670092448592186, 0.0008468471351079643, 0.996385931968689, 0.0014002352254465222]"
A03,session2,intra_session,train,pca_32,nn_erm,3,3,"[7.968863792484626e-05, 0.000237354077398777, 3.1707266316516325e-05, 0.9996511936187744]"
A03,session2,intra_session,train,pca_32,nn_erm,2,2,"[6.30115537205711e-05, 6.0133152146590874e-05, 0.9945513606071472, 0.005325536243617535]"
A03,session2,intra_session,train,pca_32,nn_erm,2,2,"[0.015651896595954895, 0.0015286585548892617, 0.9694980382919312, 0.013321428559720516]"
A03,session2,intra_session,train,pca_32,nn_erm,3,3,"[0.000977900461293757, 0.0007965346449054778, 0.005233659874647856, 0.9929919242858887]"
A03,session2,intra_session,train,pca_32,nn_erm,3,3,"[0.00020784996740985662, 0.00015918441931717098, 0.00394864659756422, 0.9956843852996826]"
A03,session2,intra_session,train,pca_32,nn_erm,3,3,"[2.355736978643108e-05, 1.3685820704267826e-05, 7.919647032395005e-05, 0.9998835325241089]"
A03,session2,intra_session,train,pca_32,nn_erm,3,3,"[0.00021698835189454257, 0.00010177258081967011, 0.019709046930074692, 0.9799721837043762]"
A03,session2,intra_session,train,pca_32,nn_erm,3,3,"[0.009900856763124466, 0.0022003676276654005, 0.007297339849174023, 0.98060142993927]"
A03,session2,intra_session,train,pca_32,nn_erm,2,2,"[0.03452981635928154, 0.006293911952525377, 0.9591744542121887, 1.8032021671388065e-06]"
A03,session2,intra_session,train,pca_32,nn_erm,1,1,"[0.007661972660571337, 0.9758824110031128, 0.01645117998123169, 4.414718205225654e-06]"
A03,session2,intra_session,train,pca_32,nn_erm,0,0,"[0.9520736932754517, 0.01607227325439453, 0.03160445764660835, 0.00024960783775895834]"
A03,session2,intra_session,train,pca_32,nn_erm,0,0,"[0.9919283390045166, 0.004741481505334377, 0.003330137813463807, 1.3971122925227064e-08]"
A03,session2,intra_session,train,pca_32,nn_erm,1,1,"[0.011550165712833405, 0.9789148569107056, 0.009532617405056953, 2.3782240532455035e-06]"
A03,session2,intra_session,train,pca_32,nn_erm,2,2,"[0.024656912311911583, 6.383175059454516e-05, 0.9718377590179443, 0.0034415016416460276]"
A03,session2,intra_session,train,pca_32,nn_erm,3,3,"[0.0005552478251047432, 1.2505971085097212e-11, 3.5390257391298974e-10, 0.9994447827339172]"
A03,session2,intra_session,train,pca_32,nn_erm,1,1,"[0.006453158799558878, 0.9928366541862488, 0.0006954512209631503, 1.4705455214425456e-05]"
A03,session2,intra_session,train,pca_32,nn_erm,2,2,"[0.031894173473119736, 0.015519516542553902, 0.9525847434997559, 1.5693037767050555e-06]"
A03,session2,intra_session,train,pca_32,nn_erm,0,0,"[0.9989494681358337, 5.130100907990709e-05, 0.0006039653671905398, 0.0003952191327698529]"
A03,session2,intra_session,train,pca_32,nn_erm,0,0,"[0.9405689239501953, 0.0032146091107279062, 0.05620954930782318, 6.919711267983075e-06]"
A03,session2,intra_session,train,pca_32,nn_erm,0,0,"[0.9686832427978516, 0.006974881514906883, 0.024312563240528107, 2.934637632279191e-05]"
A03,session2,intra_session,train,pca_32,nn_erm,3,3,"[0.008546452037990093, 4.502638694248162e-05, 0.014220462180674076, 0.977187991142273]"
A03,session2,intra_session,train,pca_32,nn_erm,1,1,"[0.03559412807226181, 0.9372419714927673, 0.02714284136891365, 2.112738548021298e-05]"
A03,session2,intra_session,train,pca_32,nn_erm,1,1,"[0.0019925464875996113, 0.9970375299453735, 0.0009549211827106774, 1.4942280358809512e-05]"
A03,session2,intra_session,train,pca_32,nn_erm,0,0,"[0.8728430271148682, 0.06148195266723633, 0.06555962562561035, 0.0001154430428869091]"
A03,session2,intra_session,train,pca_32,nn_erm,0,0,"[0.9781267642974854, 0.0002341582003282383, 0.012861059047281742, 0.008777948096394539]"
A03,session2,intra_session,train,pca_32,nn_erm,2,2,"[0.00035643746377900243, 3.3092124795075506e-05, 0.992577850818634, 0.007032603491097689]"
A03,session2,intra_session,train,pca_32,nn_erm,0,0,"[0.9767740964889526, 0.008163459599018097, 0.01490162592381239, 0.00016089051496237516]"
A03,session2,intra_session,train,pca_32,nn_erm,1,1,"[0.000621030863840133, 0.9992413520812988, 0.00013620260870084167, 1.3999671182318707e-06]"
A03,session2,intra_session,train,pca_32,nn_erm,3,3,"[0.006951046641916037, 0.046699173748493195, 0.053011149168014526, 0.8933385610580444]"
A03,session2,intra_session,train,pca_32,nn_erm,3,3,"[0.0019133592722937465, 0.03026694990694523, 0.0028041426558047533, 0.9650155305862427]"
A03,session2,intra_session,train,pca_32,nn_erm,2,2,"[0.054442763328552246, 0.003003190504387021, 0.9423405528068542, 0.00021350744646042585]"
A03,session2,intra_session,train,pca_32,nn_erm,0,0,"[0.9843946099281311, 0.0046647475101053715, 0.009640040807425976, 0.00130063749384135]"
A03,session2,intra_session,train,pca_32,nn_erm,3,3,"[0.004643638152629137, 0.000110759909148328, 0.007019344717264175, 0.9882262349128723]"
A03,session2,intra_session,train,pca_32,nn_erm,3,3,"[0.0026600307319313288, 0.00015503796748816967, 0.00032846120302565396, 0.9968564510345459]"
A03,session2,intra_session,train,pca_32,nn_erm,1,1,"[0.034726258367300034, 0.9563793540000916, 0.008553402498364449, 0.0003410440986044705]"
A03,session2,intra_session,train,pca_32,nn_erm,3,3,"[5.235750904830638e-06, 8.95745415618876e-08, 0.007109845522791147, 0.9928848147392273]"
A03,session2,intra_session,train,pca_32,nn_erm,3,3,"[1.702763984212652e-05, 7.784028275636956e-05, 0.003970721736550331, 0.9959343671798706]"
A03,session2,intra_session,train,pca_32,nn_erm,1,1,"[0.016240213066339493, 0.9774558544158936, 0.006219115573912859, 8.481444820063189e-05]"
A03,session2,intra_session,train,pca_32,nn_erm,0,0,"[0.9497973322868347, 0.009563346393406391, 0.04033438861370087, 0.0003049850056413561]"
A03,session2,intra_session,train,pca_32,nn_erm,1,1,"[0.02023041807115078, 0.918576717376709, 0.060718655586242676, 0.0004741800657939166]"
A03,session2,intra_session,train,pca_32,nn_erm,2,2,"[0.013143444433808327, 0.011882971040904522, 0.9441739916801453, 0.030799610540270805]"
A03,session2,intra_session,train,pca_32,nn_erm,2,2,"[0.011894973926246166, 0.009628476575016975, 0.9774079918861389, 0.0010685091838240623]"
A03,session2,intra_session,train,pca_32,nn_erm,2,2,"[0.019476454704999924, 0.0027947770431637764, 0.9700460433959961, 0.007682753726840019]"
A03,session2,intra_session,train,pca_32,nn_erm,3,3,"[2.3070360839483328e-05, 0.003938103560358286, 0.0005025489372201264, 0.9955363273620605]"
A03,session2,intra_session,train,pca_32,nn_erm,2,2,"[0.00951674859970808, 0.0003622309013735503, 0.9737216234207153, 0.016399310901761055]"
A03,session2,intra_session,train,pca_32,nn_erm,0,0,"[0.9866859912872314, 0.004805681295692921, 0.002704095793887973, 0.005804245360195637]"
A03,session2,intra_session,train,pca_32,nn_erm,3,3,"[3.295992883067811e-06, 1.282857056139619e-06, 0.0037698850501328707, 0.9962254762649536]"
A03,session2,intra_session,train,pca_32,nn_erm,1,1,"[0.0020451690070331097, 0.9005235433578491, 0.03425580635666847, 0.0631755068898201]"
A03,session2,intra_session,train,pca_32,nn_erm,2,2,"[4.8461733967997134e-05, 0.0005685954820364714, 0.9820276498794556, 0.017355313524603844]"
A03,session2,intra_session,train,pca_32,nn_erm,1,1,"[0.019420677796006203, 0.9514726400375366, 0.026399778202176094, 0.0027069253847002983]"
A03,session2,intra_session,train,pca_32,nn_erm,2,2,"[0.016981342807412148, 0.0004663778527174145, 0.9802610278129578, 0.0022912705317139626]"
A03,session2,intra_session,train,pca_32,nn_erm,3,3,"[7.862410598136194e-07, 2.344961913536281e-08, 3.7074373722134624e-06, 0.9999954700469971]"
A03,session2,intra_session,train,pca_32,nn_erm,1,1,"[0.005009956192225218, 0.9821984171867371, 0.007837790995836258, 0.004953863099217415]"
A03,session2,intra_session,train,pca_32,nn_erm,2,2,"[0.008196592330932617, 0.0007529521244578063, 0.9909624457359314, 8.798549970379099e-05]"
A03,session2,intra_session,train,pca_32,nn_erm,0,0,"[0.9840359091758728, 0.0003596533206291497, 0.0049740527756512165, 0.01063039992004633]"
A03,session2,intra_session,train,pca_32,nn_erm,0,0,"[0.9963009357452393, 0.003161274129524827, 0.0005357404588721693, 2.0390134523040615e-06]"
A03,session2,intra_session,train,pca_32,nn_erm,0,0,"[0.9844074249267578, 4.710309440270066e-07, 0.012596874497830868, 0.002995226299390197]"
A03,session2,intra_session,train,pca_32,nn_erm,3,3,"[0.013576542027294636, 0.0003416307154111564, 0.0018859292613342404, 0.9841959476470947]"
A03,session2,intra_session,train,pca_32,nn_erm,1,1,"[0.011561516672372818, 0.988294243812561, 0.00012849221820943058, 1.5733565305708908e-05]"
A03,session2,intra_session,train,pca_32,nn_erm,0,0,"[0.9936286807060242, 0.004895596764981747, 0.0014647981151938438, 1.0931535143754445e-05]"
A03,session2,intra_session,train,pca_32,nn_erm,2,2,"[0.0001987740397453308, 9.485307964496315e-05, 0.9965558052062988, 0.003150567878037691]"
A03,session2,intra_session,train,pca_32,nn_erm,0,0,"[0.9891787767410278, 0.009164750576019287, 0.0013192633632570505, 0.00033716484904289246]"
A03,session2,intra_session,train,pca_32,nn_erm,2,2,"[0.0005483905551955104, 0.0006085188360884786, 0.9968560934066772, 0.001986975548788905]"
A03,session2,intra_session,train,pca_32,nn_erm,1,1,"[0.01867975853383541, 0.9799684286117554, 3.627415208029561e-05, 0.001315523637458682]"
A03,session2,intra_session,train,pca_32,nn_erm,3,3,"[2.3371647330350243e-05, 3.6329405702417716e-05, 2.0731729364342755e-06, 0.9999382495880127]"
A03,session2,intra_session,train,pca_32,nn_erm,0,0,"[0.9959716200828552, 6.932450196472928e-05, 0.0020008485298603773, 0.001958211651071906]"
A03,session2,intra_session,train,pca_32,nn_erm,2,2,"[0.0016513938317075372, 0.0035557399969547987, 0.9805698990821838, 0.014222980476915836]"
A03,session2,intra_session,train,pca_32,nn_erm,2,2,"[0.0005135187529958785, 0.00016794950352050364, 0.994838297367096, 0.004480197560042143]"
A03,session2,intra_session,train,pca_32,nn_erm,0,0,"[0.9694469571113586, 0.024781985208392143, 0.005756329745054245, 1.4801701581745874e-05]"
A03,session2,intra_session,train,pca_32,nn_erm,2,2,"[0.002578636398538947, 7.180140528362244e-05, 0.9844667911529541, 0.012882881797850132]"
A03,session2,intra_session,train,pca_32,nn_erm,1,1,"[0.03715882822871208, 0.9461767077445984, 0.012033331207931042, 0.004631011746823788]"
A03,session2,intra_session,train,pca_32,nn_erm,3,3,"[0.0035261628217995167, 7.855717740312684e-06, 0.006076557096093893, 0.9903894066810608]"
A03,session2,intra_session,train,pca_32,nn_erm,3,3,"[2.9828274819010403e-06, 7.544351205979183e-07, 0.0254891999065876, 0.9745071530342102]"
A03,session2,intra_session,train,pca_32,nn_erm,3,3,"[1.2192589565529488e-05, 1.7666232452029362e-05, 0.003937342669814825, 0.9960327744483948]"
A03,session2,intra_session,train,pca_32,nn_erm,2,2,"[0.0016756528057157993, 0.014227626845240593, 0.9814988970756531, 0.0025978698395192623]"
A03,session2,intra_session,train,pca_32,nn_erm,0,0,"[0.9701564311981201, 0.028713809326291084, 0.0009965210920199752, 0.00013322308950591832]"
A03,session2,intra_session,train,pca_32,nn_erm,3,3,"[0.002128033433109522, 0.0018709932919591665, 0.01224365271627903, 0.9837573170661926]"
A03,session2,intra_session,train,pca_32,nn_erm,1,1,"[0.009233670309185982, 0.9904072880744934, 0.0001253872615052387, 0.00023364406661130488]"
A03,session2,intra_session,train,pca_32,nn_erm,3,3,"[0.00025190977612510324, 0.0007727001793682575, 0.008984039537608624, 0.9899914264678955]"
A03,session2,intra_session,train,pca_32,nn_erm,1,1,"[0.04189582169055939, 0.9577231407165527, 0.0003265302802901715, 5.451391189126298e-05]"
A03,session2,intra_session,train,pca_32,nn_erm,0,0,"[0.9994714856147766, 0.0003374166553840041, 0.00017572662909515202, 1.534324292151723e-05]"
A03,session2,intra_session,train,pca_32,nn_erm,2,2,"[0.0005425375420600176, 0.0026019150391221046, 0.9861229658126831, 0.010732557624578476]"
A03,session2,intra_session,train,pca_32,nn_erm,1,1,"[0.008370564319193363, 0.9913122057914734, 0.0003145939845126122, 2.609132934594527e-06]"
A03,session2,intra_session,train,pca_32,nn_erm,0,0,"[0.9825580716133118, 0.012841188348829746, 0.004541428294032812, 5.9296045947121456e-05]"
A03,session2,intra_session,train,pca_32,nn_erm,2,2,"[0.0004685810999944806, 0.0003809775516856462, 0.9943779110908508, 0.00477248290553689]"
A03,session2,intra_session,train,pca_32,nn_erm,2,2,"[0.004818029701709747, 0.00045836824574507773, 0.9880159497261047, 0.006707595195621252]"
A03,session2,intra_session,train,pca_32,nn_erm,0,0,"[0.9680854082107544, 0.028520414605736732, 0.0025502294301986694, 0.0008439503144472837]"
A03,session2,intra_session,train,pca_32,nn_erm,2,2,"[0.002817529486492276, 0.0028402924071997404, 0.9870187044143677, 0.007323412224650383]"
A03,session2,intra_session,train,pca_32,nn_erm,3,3,"[0.0031298540998250246, 0.0159355066716671, 0.013546053320169449, 0.9673886299133301]"
A03,session2,intra_session,train,pca_32,nn_erm,3,3,"[2.6681625513447216e-06, 5.0002177886199206e-05, 0.0005028457962907851, 0.9994444251060486]"
A03,session2,intra_session,train,pca_32,nn_erm,1,1,"[0.0007697435212321579, 0.9988652467727661, 0.0002726427046582103, 9.242627857020125e-05]"
A03,session2,intra_session,train,pca_32,nn_erm,0,0,"[0.9800685048103333, 0.005540027748793364, 0.0006735170027241111, 0.013717971742153168]"
A03,session2,intra_session,train,pca_32,nn_erm,1,1,"[0.0017521660774946213, 0.9973783493041992, 0.0008398923091590405, 2.964899795188103e-05]"
A03,session2,intra_session,train,pca_32,nn_erm,3,3,"[4.530233521649052e-09, 8.920789440480803e-08, 7.873898539401125e-06, 0.9999920129776001]"
A03,session2,intra_session,train,pca_32,nn_erm,1,1,"[0.0015414536464959383, 0.9982407093048096, 8.410390000790358e-05, 0.00013378332369029522]"
A03,session2,intra_session,train,pca_32,nn_erm,3,3,"[0.007086402270942926, 0.0033698196057230234, 0.0025116601027548313, 0.9870321750640869]"
A03,session2,intra_session,train,pca_32,nn_erm,2,2,"[6.208981896335675e-14, 5.2514190912456016e-12, 1.0, 1.5826708832378245e-08]"
A03,session2,intra_session,train,pca_32,nn_erm,1,1,"[0.0004195158544462174, 0.999574601650238, 5.341472842701478e-06, 5.82249811031943e-07]"
A03,session2,intra_session,train,pca_32,nn_erm,1,1,"[0.0007195427315309644, 0.998941957950592, 0.00013314277748577297, 0.0002054396172752604]"
A03,session2,intra_session,train,pca_32,nn_erm,1,1,"[0.0009040416916832328, 0.9813547730445862, 0.01742539554834366, 0.0003157451865263283]"
A03,session2,intra_session,train,pca_32,nn_erm,2,2,"[0.0003042940516024828, 0.00807608850300312, 0.9782856702804565, 0.01333390548825264]"
A03,session2,intra_session,train,pca_32,nn_erm,3,3,"[0.0010395317804068327, 0.003170848125591874, 0.008533347398042679, 0.9872562885284424]"
A03,session2,intra_session,train,pca_32,nn_erm,0,0,"[0.9556924700737, 0.034362100064754486, 0.008842339739203453, 0.0011030964087694883]"
A03,session2,intra_session,train,pca_32,nn_erm,1,1,"[0.004009210504591465, 0.9953685998916626, 0.0006196037284098566, 2.5735369035828626e-06]"
A03,session2,intra_session,train,pca_32,nn_erm,3,3,"[0.014986776746809483, 0.0042279744520783424, 0.00521848676726222, 0.9755668044090271]"
A03,session2,intra_session,train,pca_32,nn_erm,0,0,"[0.955143928527832, 0.003392079146578908, 0.04146035015583038, 3.614747583924327e-06]"
A03,session2,intra_session,train,pca_32,nn_erm,2,2,"[0.08146992325782776, 0.07625222206115723, 0.8422034978866577, 7.435226143570617e-05]"
A03,session2,intra_session,train,pca_32,nn_erm,2,2,"[0.014461475424468517, 0.03265608474612236, 0.9495172500610352, 0.003365258453413844]"
A03,session2,intra_session,train,pca_32,nn_erm,3,3,"[0.037180013954639435, 0.0002952871145680547, 0.00034144025994464755, 0.9621833562850952]"
A03,session2,intra_session,train,pca_32,nn_erm,0,0,"[0.9548548460006714, 0.0019524219678714871, 0.042938195168972015, 0.0002545366296544671]"
A03,session2,intra_session,train,pca_32,nn_erm,0,0,"[0.9501774311065674, 0.029607493430376053, 0.016483351588249207, 0.0037316838279366493]"
A03,session2,intra_session,train,pca_32,nn_erm,2,2,"[0.004668613895773888, 0.03129638358950615, 0.962821900844574, 0.0012131523108109832]"
A03,session2,intra_session,train,pca_32,nn_erm,1,1,"[0.0009466919000260532, 0.9941738247871399, 0.004847376607358456, 3.2134659704752266e-05]"
A03,session2,intra_session,train,pca_32,nn_erm,3,3,"[2.8735857995343395e-05, 7.672517767787213e-07, 0.008420179598033428, 0.9915503263473511]"
A03,session2,intra_session,train,pca_32,nn_erm,3,3,"[1.0096269761561416e-05, 2.59313947026385e-06, 0.0006766056758351624, 0.9993107318878174]"
A03,session2,intra_session,train,pca_32,nn_erm,3,3,"[0.00048330568824894726, 0.004417540039867163, 0.005355571862310171, 0.9897435307502747]"
A03,session2,intra_session,train,pca_32,nn_erm,1,1,"[2.6964584321831353e-05, 0.9997904896736145, 5.262328704702668e-05, 0.00012988342496100813]"
A03,session2,intra_session,train,pca_32,nn_erm,0,0,"[0.975084125995636, 0.007448605261743069, 0.012257290072739124, 0.0052099889144301414]"
A03,session2,intra_session,train,pca_32,nn_erm,2,2,"[0.005207743961364031, 0.001477455603890121, 0.9864901304244995, 0.00682463962584734]"
A03,session2,intra_session,train,pca_32,nn_erm,1,1,"[0.017672263085842133, 0.9391517639160156, 0.04242353513836861, 0.0007524280808866024]"
A03,session2,intra_session,train,pca_32,nn_erm,3,3,"[0.01005288865417242, 0.00431425916031003, 0.02070040814578533, 0.964932382106781]"
A03,session2,intra_session,train,pca_32,nn_erm,0,0,"[0.9450132846832275, 0.024116402491927147, 0.013602727092802525, 0.01726766861975193]"
A03,session2,intra_session,train,pca_32,nn_erm,3,3,"[0.0007912323926575482, 0.010771767236292362, 0.0068527329713106155, 0.981584370136261]"
A03,session2,intra_session,train,pca_32,nn_erm,2,2,"[0.00036041453131474555, 0.02708546258509159, 0.9690468311309814, 0.003507280955091119]"
A03,session2,intra_session,train,pca_32,nn_erm,1,1,"[0.02328910306096077, 0.9763718247413635, 5.354536551749334e-05, 0.00028553238371387124]"
A03,session2,intra_session,train,pca_32,nn_erm,3,3,"[0.001246271189302206, 0.0001078283239621669, 4.058087870362215e-05, 0.9986053109169006]"
A03,session2,intra_session,train,pca_32,nn_erm,3,3,"[0.0008420526864938438, 0.004571263678371906, 1.9691477064043283e-05, 0.9945670366287231]"
A03,session2,intra_session,train,pca_32,nn_erm,0,0,"[0.9915687441825867, 0.006168706342577934, 0.001081715920008719, 0.0011809024726971984]"
A03,session2,intra_session,train,pca_32,nn_erm,1,1,"[0.03951910883188248, 0.9540277719497681, 0.0021166312508285046, 0.0043364460580050945]"
A03,session2,intra_session,train,pca_32,nn_erm,1,1,"[0.006510397884994745, 0.9655304551124573, 0.02778434380888939, 0.00017477227083873004]"
A03,session2,intra_session,train,pca_32,nn_erm,2,2,"[0.00019341504957992584, 0.0009402871364727616, 0.9883169531822205, 0.010549357160925865]"
A03,session2,intra_session,train,pca_32,nn_erm,3,3,"[5.276181582303252e-06, 7.468540388799738e-06, 0.0026961970143020153, 0.9972910284996033]"
A03,session2,intra_session,train,pca_32,nn_erm,1,1,"[0.00020836078329011798, 0.984807014465332, 0.0013637093361467123, 0.01362090464681387]"
A03,session2,intra_session,train,pca_32,nn_erm,0,0,"[0.9690342545509338, 0.007315536495298147, 0.00466185761615634, 0.01898830197751522]"
A03,session2,intra_session,train,pca_32,nn_erm,0,0,"[0.9523010849952698, 0.0004782758478540927, 0.017995337024331093, 0.029225315898656845]"
A03,session2,intra_session,train,pca_32,nn_erm,3,3,"[0.0001823360362323001, 0.0020721040200442076, 6.171077984618023e-06, 0.9977394342422485]"
A03,session2,intra_session,train,pca_32,nn_erm,1,1,"[0.014855490997433662, 0.9790264368057251, 0.0009200465865433216, 0.0051979562267661095]"
A03,session2,intra_session,train,pca_32,nn_erm,0,0,"[0.9999994039535522, 2.04367529843541e-11, 4.797876940187962e-08, 5.385477379604708e-07]"
A03,session2,intra_session,train,pca_32,nn_erm,2,2,"[0.00019614381017163396, 0.0026154080405831337, 0.9963053464889526, 0.0008831191225908697]"
A03,session2,intra_session,train,pca_32,nn_erm,1,1,"[0.015054562129080296, 0.9716624617576599, 0.012287696823477745, 0.0009952018735930324]"
A03,session2,intra_session,train,pca_32,nn_erm,1,1,"[0.02904594875872135, 0.9592236876487732, 0.010044987313449383, 0.0016854022396728396]"
A03,session2,intra_session,train,pca_32,nn_erm,2,2,"[0.022804398089647293, 0.0015462860465049744, 0.9609137773513794, 0.014735562726855278]"
A03,session2,intra_session,train,pca_32,nn_erm,0,0,"[0.9399836659431458, 0.059697844088077545, 0.0001810383691918105, 0.00013733429659623653]"
A03,session2,intra_session,train,pca_32,nn_erm,3,3,"[0.00011877893120981753, 1.2618816981557757e-05, 0.00271166511811316, 0.9971569776535034]"
A03,session2,intra_session,train,pca_32,nn_erm,2,2,"[0.0015052099479362369, 0.0023822751827538013, 0.9924690127372742, 0.003643596777692437]"
A03,session2,intra_session,train,pca_32,nn_erm,2,2,"[0.0028323614969849586, 0.0014623450115323067, 0.9845287203788757, 0.011176574975252151]"
A03,session2,intra_session,train,pca_32,nn_erm,2,2,"[0.0030453307554125786, 0.0006576565210707486, 0.9951075315475464, 0.0011895160423591733]"
A03,session2,intra_session,train,pca_32,nn_erm,2,2,"[0.011183221824467182, 0.001224708859808743, 0.9785341024398804, 0.009057847782969475]"
A03,session2,intra_session,train,pca_32,nn_erm,0,0,"[0.9952245950698853, 5.79097303443632e-08, 2.9347183954087086e-05, 0.0047460696659982204]"
A03,session2,intra_session,train,pca_32,nn_erm,1,1,"[0.007000975776463747, 0.9600979089736938, 0.03172454237937927, 0.0011765484232455492]"
A03,session2,intra_session,train,pca_32,nn_erm,0,0,"[0.9535927772521973, 0.028942137956619263, 0.01362037193030119, 0.0038447200786322355]"
A03,session2,intra_session,train,pca_32,nn_erm,1,1,"[0.026653585955500603, 0.9731845855712891, 4.8005327698774636e-05, 0.00011384744720999151]"
A03,session2,intra_session,train,pca_32,nn_erm,0,0,"[0.981317937374115, 0.00469456659629941, 0.00029024231480434537, 0.013697250746190548]"
A03,session2,intra_session,train,pca_32,nn_erm,0,0,"[0.9947251677513123, 0.0019776159897446632, 0.003292833222076297, 4.297267423680751e-06]"
A03,session2,intra_session,train,pca_32,nn_erm,2,2,"[0.0021487311460077763, 0.006119508296251297, 0.9915651082992554, 0.00016669802425894886]"
A03,session2,intra_session,train,pca_32,nn_erm,2,2,"[0.010946289636194706, 0.0045095328241586685, 0.9845035076141357, 4.0752143831923604e-05]"
A03,session2,intra_session,train,pca_32,nn_erm,1,1,"[0.0010235178051516414, 0.9981885552406311, 0.0007579306839033961, 2.996802140842192e-05]"
A03,session2,intra_session,train,pca_32,nn_erm,2,2,"[7.698189438087866e-05, 0.0006266034324653447, 0.9992008805274963, 9.558101737638935e-05]"
A03,session2,intra_session,train,pca_32,nn_erm,3,3,"[2.0540526747936383e-05, 6.472029781434685e-06, 0.008114357478916645, 0.9918585419654846]"
A03,session2,intra_session,train,pca_32,nn_erm,0,0,"[0.9887503981590271, 0.0010465661762282252, 0.0016227399464696646, 0.008580316789448261]"
A03,session2,intra_session,test,pca_32,nn_erm,3,3,"[0.05221530795097351, 0.0028436367865651846, 0.008774037472903728, 0.9361669421195984]"
A03,session2,intra_session,test,pca_32,nn_erm,0,0,"[0.8713738322257996, 0.09972988814115524, 0.00781420711427927, 0.02108205482363701]"
A03,session2,intra_session,test,pca_32,nn_erm,0,0,"[0.6663469672203064, 0.2851446568965912, 0.0367509163916111, 0.011757494881749153]"
A03,session2,intra_session,test,pca_32,nn_erm,1,0,"[0.6210228800773621, 0.37823212146759033, 0.0006867936463095248, 5.819577199872583e-05]"
A03,session2,intra_session,test,pca_32,nn_erm,3,2,"[0.015059323981404305, 0.014362267218530178, 0.88773113489151, 0.08284725993871689]"
A03,session2,intra_session,test,pca_32,nn_erm,2,1,"[0.2538866102695465, 0.6366294622421265, 0.10925953835248947, 0.0002244272909592837]"
A03,session2,intra_session,test,pca_32,nn_erm,1,1,"[0.019890323281288147, 0.9697105288505554, 0.006088689435273409, 0.00431046960875392]"
A03,session2,intra_session,test,pca_32,nn_erm,3,3,"[0.010561755858361721, 0.0012654672609642148, 0.08838831633329391, 0.899784505367279]"
A03,session2,intra_session,test,pca_32,nn_erm,2,3,"[1.4149022717901971e-05, 0.00016347737982869148, 0.0055054123513400555, 0.9943169951438904]"
A03,session2,intra_session,test,pca_32,nn_erm,3,3,"[6.5529434323252644e-06, 3.115246363449842e-05, 0.00045410377788357437, 0.999508261680603]"
A03,session2,intra_session,test,pca_32,nn_erm,2,2,"[0.0048404172994196415, 0.0006770646432414651, 0.7751299738883972, 0.21935248374938965]"
A03,session2,intra_session,test,pca_32,nn_erm,3,3,"[2.4423599143119645e-07, 6.614801151272331e-08, 0.0010164837585762143, 0.9989830851554871]"
A03,session2,intra_session,test,pca_32,nn_erm,1,0,"[0.5821848511695862, 0.07848609983921051, 0.158957377076149, 0.18037177622318268]"
A03,session2,intra_session,test,pca_32,nn_erm,1,1,"[0.22033853828907013, 0.4343520402908325, 0.012692724354565144, 0.33261674642562866]"
A03,session2,intra_session,test,pca_32,nn_erm,3,3,"[0.134828120470047, 0.06861273944377899, 0.3271964490413666, 0.46936270594596863]"
A03,session2,intra_session,test,pca_32,nn_erm,0,1,"[0.02136053517460823, 0.962459921836853, 0.0156414657831192, 0.000538097636308521]"
A03,session2,intra_session,test,pca_32,nn_erm,1,3,"[0.0021452773362398148, 0.18004129827022552, 0.008299142122268677, 0.8095142245292664]"
A03,session2,intra_session,test,pca_32,nn_erm,1,3,"[0.0010080195497721434, 0.03655485063791275, 0.11634891480207443, 0.846088171005249]"
A03,session2,intra_session,test,pca_32,nn_erm,1,1,"[0.006863931659609079, 0.9470537304878235, 0.02572847530245781, 0.020353883504867554]"
A03,session2,intra_session,test,pca_32,nn_erm,2,0,"[0.7971450090408325, 0.0001359454181510955, 0.007389874663203955, 0.19532912969589233]"
A03,session2,intra_session,test,pca_32,nn_erm,3,3,"[0.30997443199157715, 0.1166241243481636, 0.010809171944856644, 0.5625922679901123]"
A03,session2,intra_session,test,pca_32,nn_erm,0,1,"[0.0016141228843480349, 0.8801746368408203, 0.0006392127834260464, 0.11757203191518784]"
A03,session2,intra_session,test,pca_32,nn_erm,3,3,"[0.0012557118898257613, 0.00026452913880348206, 0.015894824638962746, 0.9825849533081055]"
A03,session2,intra_session,test,pca_32,nn_erm,0,1,"[0.051850710064172745, 0.9374483227729797, 0.010143354535102844, 0.0005576219991780818]"
A03,session2,intra_session,test,pca_32,nn_erm,2,3,"[0.004028689116239548, 0.11560375243425369, 0.33840787410736084, 0.5419597029685974]"
A03,session2,intra_session,test,pca_32,nn_erm,0,2,"[0.0004286619951017201, 0.0009174537262879312, 0.9482715129852295, 0.050382327288389206]"
A03,session2,intra_session,test,pca_32,nn_erm,3,2,"[0.006009625270962715, 0.0003163297369610518, 0.5703079104423523, 0.42336612939834595]"
A03,session2,intra_session,test,pca_32,nn_erm,0,3,"[0.14694248139858246, 0.13107489049434662, 0.0015020236605778337, 0.7204806208610535]"
A03,session2,intra_session,test,pca_32,nn_erm,2,3,"[0.00025571355945430696, 1.2244718163856305e-05, 0.12218061834573746, 0.8775514364242554]"
A03,session2,intra_session,test,pca_32,nn_erm,0,1,"[0.011241838335990906, 0.8255414962768555, 0.03409649431705475, 0.12912021577358246]"
A03,session2,intra_session,test,pca_32,nn_erm,1,1,"[1.178633283416275e-06, 0.9998136162757874, 0.00015623189392499626, 2.899432547565084e-05]"
A03,session2,intra_session,test,pca_32,nn_erm,2,3,"[0.03664698451757431, 0.001383948023431003, 0.14070740342140198, 0.8212616443634033]"
A03,session2,intra_session,test,pca_32,nn_erm,2,3,"[0.0006503328331746161, 0.009672154672443867, 0.32854148745536804, 0.6611360311508179]"
A03,session2,intra_session,test,pca_32,nn_erm,3,3,"[0.02892696112394333, 1.7890655726660043e-05, 0.008918389678001404, 0.9621368050575256]"
A03,session2,intra_session,test,pca_32,nn_erm,0,1,"[0.27141404151916504, 0.5663207769393921, 0.07196418195962906, 0.09030106663703918]"
A03,session2,intra_session,test,pca_32,nn_erm,1,0,"[0.4167938530445099, 0.20205432176589966, 0.0016781412996351719, 0.3794736862182617]"
A03,session2,intra_session,test,pca_32,nn_erm,3,3,"[3.967843895225087e-06, 0.0006169199477881193, 1.4496492440230213e-05, 0.9993646740913391]"
A03,session2,intra_session,test,pca_32,nn_erm,1,1,"[0.01192864403128624, 0.9858360290527344, 4.545745832729153e-05, 0.0021898432169109583]"
A03,session2,intra_session,test,pca_32,nn_erm,2,0,"[0.808483898639679, 0.1811244785785675, 0.000736638146918267, 0.009655019268393517]"
A03,session2,intra_session,test,pca_32,nn_erm,2,2,"[0.22832849621772766, 0.015324752777814865, 0.7542988657951355, 0.002047956921160221]"
A03,session2,intra_session,test,pca_32,nn_erm,0,2,"[0.3946176767349243, 0.01744045875966549, 0.5875753164291382, 0.00036658302997238934]"
A03,session2,intra_session,test,pca_32,nn_erm,3,2,"[0.030979229137301445, 8.942207205109298e-05, 0.9535040259361267, 0.015427367761731148]"
A03,session2,intra_session,test,pca_32,nn_erm,1,0,"[0.901587963104248, 0.003610116196796298, 0.09137264639139175, 0.003429271513596177]"
A03,session2,intra_session,test,pca_32,nn_erm,3,2,"[0.006255508400499821, 0.010384229943156242, 0.5992438793182373, 0.38411635160446167]"
A03,session2,intra_session,test,pca_32,nn_erm,0,2,"[0.18579457700252533, 0.13865777850151062, 0.6746100187301636, 0.0009376466041430831]"
A03,session2,intra_session,test,pca_32,nn_erm,0,0,"[0.565544068813324, 0.03424575924873352, 0.3909637928009033, 0.00924631580710411]"
A03,session2,intra_session,test,pca_32,nn_erm,2,2,"[0.008127241395413876, 0.004926641471683979, 0.9857484698295593, 0.0011976939858868718]"
A03,session2,intra_session,test,pca_32,nn_erm,2,2,"[0.017262449488043785, 0.002736090449616313, 0.9140948057174683, 0.06590661406517029]"
A03,session2,intra_session,test,pca_32,nn_erm,1,1,"[0.11098494380712509, 0.8764975070953369, 0.011426041834056377, 0.0010914566228166223]"
A03,session2,intra_session,test,pca_32,nn_erm,3,3,"[0.009023744612932205, 0.029744306579232216, 0.24766284227371216, 0.713569164276123]"
A03,session2,intra_session,test,pca_32,nn_erm,1,2,"[0.09539758414030075, 0.34498798847198486, 0.5561219453811646, 0.0034925302024930716]"
A03,session2,intra_session,test,pca_32,nn_erm,1,2,"[0.06664440035820007, 0.3908470869064331, 0.4787317216396332, 0.06377681344747543]"
A03,session2,intra_session,test,pca_32,nn_erm,0,0,"[0.7837703824043274, 0.0013284749584272504, 0.21456503868103027, 0.0003360969421919435]"
A03,session2,intra_session,test,pca_32,nn_erm,1,2,"[0.0018587560625746846, 0.09090910851955414, 0.7560988068580627, 0.15113335847854614]"
A03,session2,intra_session,test,pca_32,nn_erm,3,3,"[0.002188541693612933, 1.8514667317504063e-05, 0.00015091392560862005, 0.9976420402526855]"
A03,session2,intra_session,test,pca_32,nn_erm,3,2,"[0.08147459477186203, 0.02002391591668129, 0.844182014465332, 0.054319534450769424]"
A03,session2,intra_session,test,pca_32,nn_erm,1,1,"[0.14350806176662445, 0.7294713258743286, 0.08080346137285233, 0.046217188239097595]"
A03,session2,intra_session,test,pca_32,nn_erm,1,2,"[0.10666126012802124, 0.25508975982666016, 0.6372826099395752, 0.0009663303499110043]"
A03,session2,intra_session,test,pca_32,nn_erm,1,1,"[0.36565807461738586, 0.5609789490699768, 0.07327577471733093, 8.717992750462145e-05]"
A03,session2,intra_session,test,pca_32,nn_erm,1,2,"[0.20174449682235718, 0.10650479793548584, 0.6730522513389587, 0.018698498606681824]"
A03,session2,intra_session,test,pca_32,nn_erm,3,2,"[0.00068565463880077, 7.597466901643202e-05, 0.9792094230651855, 0.020028982311487198]"
A03,session2,intra_session,test,pca_32,nn_erm,3,2,"[0.001741427811793983, 0.0022606062702834606, 0.6670185327529907, 0.32897934317588806]"
A03,session2,intra_session,test,pca_32,nn_erm,2,2,"[0.01065035816282034, 0.0029387923423200846, 0.9480745196342468, 0.038336269557476044]"
A03,session2,intra_session,test,pca_32,nn_erm,3,2,"[0.0010117646306753159, 0.00012700863589998335, 0.9824749827384949, 0.016386227682232857]"
A03,session2,intra_session,test,pca_32,nn_erm,0,0,"[0.666584312915802, 0.006295574828982353, 0.3269471824169159, 0.00017296179430559278]"
A03,session2,intra_session,test,pca_32,nn_erm,1,1,"[0.03132996708154678, 0.7135124802589417, 0.2550290524959564, 0.00012855796376243234]"
A03,session2,intra_session,test,pca_32,nn_erm,2,2,"[0.0019492857391014695, 0.000616234727203846, 0.984216034412384, 0.013218451291322708]"
A03,session2,intra_session,test,pca_32,nn_erm,1,2,"[0.004027986899018288, 0.0226459763944149, 0.9727943539619446, 0.0005317330360412598]"
A03,session2,intra_session,test,pca_32,nn_erm,0,2,"[0.42235803604125977, 0.007448380347341299, 0.5617937445640564, 0.008399833925068378]"
A03,session2,intra_session,test,pca_32,nn_erm,3,3,"[0.0016952628502622247, 0.008003655821084976, 0.34276488423347473, 0.6475361585617065]"
A03,session2,intra_session,test,pca_32,nn_erm,0,2,"[0.03649168089032173, 0.014542177319526672, 0.94147127866745, 0.007494836580008268]"
A03,session2,intra_session,test,pca_32,nn_erm,3,2,"[0.0015450515784323215, 0.0007123356917873025, 0.5723573565483093, 0.4253852069377899]"
A03,session2,intra_session,test,pca_32,nn_erm,0,2,"[0.06842338293790817, 0.05321590602397919, 0.8028661608695984, 0.07549454271793365]"
A03,session2,intra_session,test,pca_32,nn_erm,0,2,"[0.08299221098423004, 0.013067369349300861, 0.9029000997543335, 0.0010403847554698586]"
A03,session2,intra_session,test,pca_32,nn_erm,0,2,"[0.008518680930137634, 0.0005296559538692236, 0.9904963970184326, 0.00045519700506702065]"
A03,session2,intra_session,test,pca_32,nn_erm,0,2,"[0.042186297476291656, 0.021153604611754417, 0.9300678968429565, 0.006592162884771824]"
A03,session2,intra_session,test,pca_32,nn_erm,2,2,"[0.20345425605773926, 0.20354600250720978, 0.47627657651901245, 0.1167231947183609]"
A03,session2,intra_session,test,pca_32,nn_erm,2,2,"[0.007719893008470535, 0.014891067519783974, 0.8517497181892395, 0.12563930451869965]"
A03,session2,intra_session,test,pca_32,nn_erm,3,3,"[0.00021175004076212645, 0.0028575356118381023, 0.021044520661234856, 0.9758861660957336]"
A03,session2,intra_session,test,pca_32,nn_erm,1,2,"[0.030190926045179367, 0.02050863578915596, 0.9465423822402954, 0.00275802961550653]"
A03,session2,intra_session,test,pca_32,nn_erm,2,2,"[0.008018607273697853, 0.00130594486836344, 0.990630567073822, 4.4893437006976455e-05]"
A03,session2,intra_session,test,pca_32,nn_erm,2,3,"[0.37644028663635254, 0.02522573247551918, 0.15148572623729706, 0.44684821367263794]"
A03,session2,intra_session,test,pca_32,nn_erm,2,2,"[0.08478334546089172, 0.06598467379808426, 0.6978610157966614, 0.1513710767030716]"
A03,session2,intra_session,test,pca_32,nn_erm,3,2,"[0.001718640443868935, 0.006655857898294926, 0.7706530690193176, 0.22097237408161163]"
A03,session2,intra_session,test,pca_32,nn_erm,2,0,"[0.6143795251846313, 0.25035110116004944, 0.01710001565515995, 0.11816930025815964]"
A03,session2,intra_session,test,pca_32,nn_erm,0,0,"[0.4914603531360626, 0.08923802524805069, 0.40766942501068115, 0.011632274836301804]"
A03,session2,intra_session,test,pca_32,nn_erm,2,2,"[0.21040205657482147, 0.07312245666980743, 0.4361153542995453, 0.2803601324558258]"
A04,session1,intra_session,train,pca_32,nn_erm,3,3,"[0.002982295583933592, 0.013971628621220589, 0.0003079072921536863, 0.982738196849823]"
A04,session1,intra_session,train,pca_32,nn_erm,3,3,"[0.004304062575101852, 0.02923344448208809, 0.002377511700615287, 0.964085042476654]"
A04,session1,intra_session,train,pca_32,nn_erm,0,0,"[0.9744983911514282, 0.010968895629048347, 3.636769542936236e-05, 0.014496391639113426]"
A04,session1,intra_session,train,pca_32,nn_erm,3,3,"[0.007897828705608845, 1.9434428395470604e-06, 5.361277999327285e-07, 0.9920997023582458]"
A04,session1,intra_session,train,pca_32,nn_erm,0,0,"[0.9944866299629211, 0.0022436194121837616, 0.0019943048246204853, 0.0012754581402987242]"
A04,session1,intra_session,train,pca_32,nn_erm,0,0,"[0.9573951363563538, 0.012186327017843723, 0.012951312586665154, 0.0174673143774271]"
A04,session1,intra_session,train,pca_32,nn_erm,3,3,"[1.8570668203210516e-07, 0.0016588345170021057, 0.0002233087143395096, 0.9981176853179932]"
A04,session1,intra_session,train,pca_32,nn_erm,3,3,"[0.004743026569485664, 0.01023039873689413, 0.0006017658743076026, 0.9844247102737427]"
A04,session1,intra_session,train,pca_32,nn_erm,3,3,"[0.00762925436720252, 0.02860994264483452, 0.0014512082561850548, 0.9623095393180847]"
A04,session1,intra_session,train,pca_32,nn_erm,1,1,"[0.030330512672662735, 0.9439024329185486, 0.019849266856908798, 0.005917706061154604]"
A04,session1,intra_session,train,pca_32,nn_erm,3,3,"[0.0005425328854471445, 0.0018472919473424554, 0.00022843750775791705, 0.9973817467689514]"
A04,session1,intra_session,train,pca_32,nn_erm,0,0,"[0.9886493682861328, 0.007407417055219412, 0.0033810350578278303, 0.0005621513701044023]"
A04,session1,intra_session,train,pca_32,nn_erm,0,0,"[0.9214481711387634, 0.017872130498290062, 0.01621614210307598, 0.04446352273225784]"
A04,session1,intra_session,train,pca_32,nn_erm,1,1,"[0.006709033623337746, 0.9818928241729736, 0.00453475397080183, 0.006863380316644907]"
A04,session1,intra_session,train,pca_32,nn_erm,1,1,"[0.00012240854266565293, 0.9983343482017517, 0.0015402007848024368, 3.12653628498083e-06]"
A04,session1,intra_session,train,pca_32,nn_erm,1,1,"[0.03665347024798393, 0.9321192502975464, 0.016482675448060036, 0.014744555577635765]"
A04,session1,intra_session,train,pca_32,nn_erm,2,2,"[0.00026422919472679496, 0.020204104483127594, 0.9712981581687927, 0.008233431726694107]"
A04,session1,intra_session,train,pca_32,nn_erm,0,0,"[0.9899745583534241, 0.00016580469673499465, 0.009857374243438244, 2.2284602891886607e-06]"
A04,session1,intra_session,train,pca_32,nn_erm,2,2,"[6.9457410063478164e-06, 0.0003845157043542713, 0.9846479892730713, 0.014960603788495064]"
A04,session1,intra_session,train,pca_32,nn_erm,1,1,"[0.028946110978722572, 0.962727427482605, 0.007686490658670664, 0.0006399574340321124]"
A04,session1,intra_session,train,pca_32,nn_erm,2,2,"[0.001210734830237925, 0.0020575113594532013, 0.9504740238189697, 0.04625771939754486]"
A04,session1,intra_session,train,pca_32,nn_erm,1,1,"[0.012073994614183903, 0.9176839590072632, 0.022651849314570427, 0.04759015887975693]"
A04,session1,intra_session,train,pca_32,nn_erm,0,0,"[0.9939364790916443, 0.0036847214214503765, 0.0021540599409490824, 0.00022477362654171884]"
A04,session1,intra_session,train,pca_32,nn_erm,2,2,"[0.001119361026212573, 0.02524486370384693, 0.9591963887214661, 0.014439424499869347]"
A04,session1,intra_session,train,pca_32,nn_erm,2,2,"[0.00032054263283498585, 0.00028891663532704115, 0.9993162155151367, 7.427490345435217e-05]"
A04,session1,intra_session,train,pca_32,nn_erm,0,0,"[0.990119218826294, 0.00010890562407439575, 5.029241947340779e-06, 0.0097667770460248]"
A04,session1,intra_session,train,pca_32,nn_erm,2,2,"[0.00027787580620497465, 0.0032414032611995935, 0.9964558482170105, 2.4833707357174717e-05]"
A04,session1,intra_session,train,pca_32,nn_erm,1,1,"[0.007208014372736216, 0.9829795360565186, 0.00865731667727232, 0.0011552035575732589]"
A04,session1,intra_session,train,pca_32,nn_erm,1,1,"[0.00018868455663323402, 0.9895038604736328, 0.010218237526714802, 8.915386570151895e-05]"
A04,session1,intra_session,train,pca_32,nn_erm,3,3,"[0.0187283493578434, 0.001573300687596202, 0.0020285258069634438, 0.977669894695282]"
A04,session1,intra_session,train,pca_32,nn_erm,0,0,"[0.9952025413513184, 0.001646624063141644, 0.001401543035171926, 0.001749288639985025]"
A04,session1,intra_session,train,pca_32,nn_erm,2,2,"[0.006721239537000656, 0.039882171899080276, 0.953030526638031, 0.00036604813067242503]"
A04,session1,intra_session,train,pca_32,nn_erm,0,0,"[0.9954547882080078, 0.004320086445659399, 3.95998104067985e-05, 0.00018548018124420196]"
A04,session1,intra_session,train,pca_32,nn_erm,2,2,"[0.027077767997980118, 0.024907436221837997, 0.9436959028244019, 0.0043189432471990585]"
A04,session1,intra_session,train,pca_32,nn_erm,1,1,"[0.00023091942421160638, 0.9914659261703491, 0.0075117782689630985, 0.0007913234294392169]"
A04,session1,intra_session,train,pca_32,nn_erm,3,3,"[2.1383682906161994e-05, 0.001999092288315296, 0.0200729388743639, 0.9779065847396851]"
A04,session1,intra_session,train,pca_32,nn_erm,2,2,"[0.0037754105869680643, 0.005680151749402285, 0.9898489117622375, 0.0006956318393349648]"
A04,session1,intra_session,train,pca_32,nn_erm,1,1,"[2.8591844966285862e-05, 0.9756358861923218, 0.014359098859131336, 0.009976453147828579]"
A04,session1,intra_session,train,pca_32,nn_erm,1,1,"[0.013137499801814556, 0.9816799163818359, 0.005044587887823582, 0.00013802273315377533]"
A04,session1,intra_session,train,pca_32,nn_erm,2,2,"[0.004034404177218676, 0.005007619969546795, 0.9900806546211243, 0.000877329264767468]"
A04,session1,intra_session,train,pca_32,nn_erm,0,0,"[0.9738503694534302, 0.018183840438723564, 0.0012846681056544185, 0.006681051570922136]"
A04,session1,intra_session,train,pca_32,nn_erm,0,0,"[0.9854263067245483, 0.006139704957604408, 7.384637228824431e-06, 0.008426547050476074]"
A04,session1,intra_session,train,pca_32,nn_erm,3,3,"[0.005000567063689232, 0.027103690430521965, 0.011097131296992302, 0.9567986726760864]"
A04,session1,intra_session,train,pca_32,nn_erm,2,2,"[0.013239476829767227, 0.004041688051074743, 0.9819982647895813, 0.0007205403526313603]"
A04,session1,intra_session,train,pca_32,nn_erm,3,3,"[5.6199354730779305e-05, 2.607851092761848e-05, 2.5431813099885403e-08, 0.9999176263809204]"
A04,session1,intra_session,train,pca_32,nn_erm,1,1,"[0.003006894374266267, 0.9926818013191223, 0.0033476771786808968, 0.0009636511094868183]"
A04,session1,intra_session,train,pca_32,nn_erm,2,2,"[0.0040367948822677135, 0.0034618680365383625, 0.9918225407600403, 0.0006788096507079899]"
A04,session1,intra_session,train,pca_32,nn_erm,3,3,"[0.04290713742375374, 0.02368840016424656, 0.004261539317667484, 0.929142951965332]"
A04,session1,intra_session,train,pca_32,nn_erm,2,2,"[0.0019501731730997562, 0.02759872004389763, 0.9674800038337708, 0.002971095032989979]"
A04,session1,intra_session,train,pca_32,nn_erm,1,1,"[0.0015104186022654176, 0.992750883102417, 0.005221361294388771, 0.000517329724971205]"
A04,session1,intra_session,train,pca_32,nn_erm,1,1,"[0.04987359419465065, 0.8543254733085632, 0.022014029324054718, 0.07378696650266647]"
A04,session1,intra_session,train,pca_32,nn_erm,0,0,"[0.9822184443473816, 0.0024992392864078283, 0.01074554305523634, 0.004536772612482309]"
A04,session1,intra_session,train,pca_32,nn_erm,1,1,"[0.009244158864021301, 0.9835581183433533, 0.0052562737837433815, 0.0019413933623582125]"
A04,session1,intra_session,train,pca_32,nn_erm,3,3,"[0.00017529065371491015, 0.017186228185892105, 0.005829610861837864, 0.9768088459968567]"
A04,session1,intra_session,train,pca_32,nn_erm,2,2,"[0.0072151608765125275, 0.003840529592707753, 0.9852649569511414, 0.0036793265026062727]"
A04,session1,intra_session,train,pca_32,nn_erm,0,0,"[0.9928481578826904, 0.0019285749876871705, 0.001005307538434863, 0.00421794643625617]"
A04,session1,intra_session,train,pca_32,nn_erm,3,3,"[0.0006634531309828162, 0.013354775495827198, 0.0064368294551968575, 0.979544997215271]"
A04,session1,intra_session,train,pca_32,nn_erm,0,0,"[0.9822124242782593, 0.005048137623816729, 0.004698812495917082, 0.00804067961871624]"
A04,session1,intra_session,train,pca_32,nn_erm,2,2,"[0.00860617496073246, 0.0005286224186420441, 0.9784988760948181, 0.012366375885903835]"
A04,session1,intra_session,train,pca_32,nn_erm,3,3,"[0.004227343946695328, 0.0001349336962448433, 0.017932681366801262, 0.9777050018310547]"
A04,session1,intra_session,train,pca_32,nn_erm,0,0,"[0.9716340899467468, 0.025445979088544846, 0.0006787906750105321, 0.0022411588579416275]"
A04,session1,intra_session,train,pca_32,nn_erm,1,1,"[0.003954087384045124, 0.9861538410186768, 0.009702909737825394, 0.0001892018917715177]"
A04,session1,intra_session,train,pca_32,nn_erm,3,3,"[0.022247154265642166, 0.002868985291570425, 0.0044649019837379456, 0.9704190492630005]"
A04,session1,intra_session,train,pca_32,nn_erm,2,2,"[0.009723094291985035, 9.156289888778701e-05, 0.9795724749565125, 0.010612855665385723]"
A04,session1,intra_session,train,pca_32,nn_erm,0,0,"[0.9893659353256226, 0.00041711973608471453, 0.001325984369032085, 0.008890949189662933]"
A04,session1,intra_session,train,pca_32,nn_erm,0,0,"[0.9897391200065613, 0.00780855305492878, 0.001676969463005662, 0.0007753758109174669]"
A04,session1,intra_session,train,pca_32,nn_erm,2,2,"[0.0029520331881940365, 0.0016756599070504308, 0.9782165288925171, 0.017155762761831284]"
A04,session1,intra_session,train,pca_32,nn_erm,3,3,"[0.00019367389904800802, 0.0005654426640830934, 0.01582282967865467, 0.9834180474281311]"
A04,session1,intra_session,train,pca_32,nn_erm,1,1,"[0.000616211153101176, 0.992403507232666, 0.005828258581459522, 0.0011520626721903682]"
A04,session1,intra_session,train,pca_32,nn_erm,0,0,"[0.9844063520431519, 0.0001595146459294483, 0.01107343565672636, 0.004360709339380264]"
A04,session1,intra_session,train,pca_32,nn_erm,2,2,"[8.297016029246151e-05, 0.016372350975871086, 0.9794510006904602, 0.004093635827302933]"
A04,session1,intra_session,train,pca_32,nn_erm,0,0,"[0.9875955581665039, 0.012324417009949684, 4.153875488555059e-05, 3.847290645353496e-05]"
A04,session1,intra_session,train,pca_32,nn_erm,1,1,"[0.00929818395525217, 0.9851678609848022, 0.001250124885700643, 0.0042838407680392265]"
A04,session1,intra_session,train,pca_32,nn_erm,1,1,"[0.003491576062515378, 0.9930931329727173, 0.0027894554659724236, 0.0006258251378312707]"
A04,session1,intra_session,train,pca_32,nn_erm,0,0,"[0.9796651005744934, 0.0005825787666253746, 0.0064279199577867985, 0.013324295170605183]"
A04,session1,intra_session,train,pca_32,nn_erm,0,0,"[0.978199303150177, 0.012754193507134914, 0.005940685514360666, 0.0031058168970048428]"
A04,session1,intra_session,train,pca_32,nn_erm,1,1,"[0.02560175023972988, 0.9624106287956238, 0.004880202002823353, 0.007107427343726158]"
A04,session1,intra_session,train,pca_32,nn_erm,3,3,"[8.326936949742958e-05, 0.0023733116686344147, 0.012256129644811153, 0.9852873086929321]"
A04,session1,intra_session,train,pca_32,nn_erm,1,1,"[0.00800800509750843, 0.9917041063308716, 1.8304799596080557e-05, 0.0002695121511351317]"
A04,session1,intra_session,train,pca_32,nn_erm,2,2,"[4.190338950138539e-05, 0.00011682011972879991, 0.9956465363502502, 0.004194687120616436]"
A04,session1,intra_session,train,pca_32,nn_erm,1,1,"[0.022907840088009834, 0.9657156467437744, 0.004064719192683697, 0.007311810739338398]"
A04,session1,intra_session,train,pca_32,nn_erm,3,3,"[0.0013093136949464679, 0.002848629141226411, 0.02956203930079937, 0.9662799835205078]"
A04,session1,intra_session,train,pca_32,nn_erm,3,3,"[0.019232412800192833, 0.006657238118350506, 0.003003072924911976, 0.9711073637008667]"
A04,session1,intra_session,train,pca_32,nn_erm,3,3,"[0.014582468196749687, 0.03179096058011055, 0.02667931281030178, 0.926947295665741]"
A04,session1,intra_session,train,pca_32,nn_erm,0,0,"[0.9767948985099792, 0.0016710200579836965, 0.00014163150626700372, 0.021392544731497765]"
A04,session1,intra_session,train,pca_32,nn_erm,2,2,"[0.006013449281454086, 0.00040006611379794776, 0.9678933620452881, 0.025693072006106377]"
A04,session1,intra_session,train,pca_32,nn_erm,1,1,"[0.0049917325377464294, 0.9934539794921875, 0.001544889877550304, 9.453867278352845e-06]"
A04,session1,intra_session,train,pca_32,nn_erm,2,2,"[0.013028048910200596, 0.0024815192446112633, 0.9499409198760986, 0.03454955294728279]"
A04,session1,intra_session,train,pca_32,nn_erm,1,1,"[0.005107864737510681, 0.9812213778495789, 0.006395536009222269, 0.007275257725268602]"
A04,session1,intra_session,train,pca_32,nn_erm,3,3,"[1.8276347191203968e-06, 0.0027573127299547195, 2.6210724172415212e-05, 0.9972146153450012]"
A04,session1,intra_session,train,pca_32,nn_erm,2,2,"[0.016720740124583244, 0.03797111660242081, 0.9201000928878784, 0.025207994505763054]"
A04,session1,intra_session,train,pca_32,nn_erm,3,3,"[0.0030164846684783697, 0.017609981819987297, 0.015525119379162788, 0.9638484120368958]"
A04,session1,intra_session,train,pca_32,nn_erm,3,3,"[0.0178805124014616, 0.0022271673660725355, 0.0075223809108138084, 0.972369909286499]"
A04,session1,intra_session,train,pca_32,nn_erm,2,2,"[0.003939126618206501, 0.00024621948250569403, 0.9899663925170898, 0.005848161410540342]"
A04,session1,intra_session,train,pca_32,nn_erm,0,0,"[0.9776050448417664, 0.015292000956833363, 0.006790428888052702, 0.0003125353832729161]"
A04,session1,intra_session,train,pca_32,nn_erm,2,2,"[0.0008603697642683983, 0.008450369350612164, 0.9738557934761047, 0.016833418980240822]"
A04,session1,intra_session,train,pca_32,nn_erm,0,0,"[0.996422290802002, 0.00031308355391956866, 0.0002505325246602297, 0.003014144254848361]"
A04,session1,intra_session,train,pca_32,nn_erm,1,1,"[0.012134131975471973, 0.9822520017623901, 0.003721220651641488, 0.001892607193440199]"
A04,session1,intra_session,train,pca_32,nn_erm,1,1,"[0.027676263824105263, 0.9517389535903931, 0.0009898107964545488, 0.019594958052039146]"
A04,session1,intra_session,train,pca_32,nn_erm,0,0,"[0.9636011719703674, 0.01606401801109314, 0.01693265698850155, 0.0034020773600786924]"
A04,session1,intra_session,train,pca_32,nn_erm,1,1,"[0.00016158078506123275, 0.9572999477386475, 0.005414390470832586, 0.03712412342429161]"
A04,session1,intra_session,train,pca_32,nn_erm,0,0,"[0.9408233761787415, 0.021304547786712646, 0.0037792206276208162, 0.034092891961336136]"
A04,session1,intra_session,train,pca_32,nn_erm,1,1,"[0.0005981142167001963, 0.9739224314689636, 0.0022511626593768597, 0.023228364065289497]"
A04,session1,intra_session,train,pca_32,nn_erm,2,2,"[0.002076989971101284, 0.020739389583468437, 0.9613077640533447, 0.015875941142439842]"
A04,session1,intra_session,train,pca_32,nn_erm,1,1,"[0.006805092561990023, 0.9683265686035156, 0.013895680196583271, 0.010972665622830391]"
A04,session1,intra_session,train,pca_32,nn_erm,3,3,"[0.00879195611923933, 0.02117149718105793, 0.004436449147760868, 0.9656001925468445]"
A04,session1,intra_session,train,pca_32,nn_erm,0,0,"[0.9728753566741943, 0.00015643754159100354, 0.0003780944971367717, 0.026590097695589066]"
A04,session1,intra_session,train,pca_32,nn_erm,2,2,"[0.0009778396924957633, 0.014691535383462906, 0.98324054479599, 0.001090042176656425]"
A04,session1,intra_session,train,pca_32,nn_erm,1,1,"[0.0034641940146684647, 0.9798279404640198, 0.011550732888281345, 0.005157168488949537]"
A04,session1,intra_session,train,pca_32,nn_erm,0,0,"[0.974187433719635, 0.01695830374956131, 0.0009881074074655771, 0.007866250351071358]"
A04,session1,intra_session,train,pca_32,nn_erm,3,3,"[4.5813973059694035e-08, 0.00047432506107725203, 0.013893184252083302, 0.9856324195861816]"
A04,session1,intra_session,train,pca_32,nn_erm,3,3,"[0.013414515182375908, 0.006417583674192429, 0.008150685578584671, 0.972017228603363]"
A04,session1,intra_session,train,pca_32,nn_erm,3,3,"[0.023958442732691765, 0.04793578386306763, 0.002351611852645874, 0.9257542490959167]"
A04,session1,intra_session,train,pca_32,nn_erm,3,3,"[0.02387206442654133, 0.008684903383255005, 0.011376692913472652, 0.9560663104057312]"
A04,session1,intra_session,train,pca_32,nn_erm,3,3,"[1.1701270523190033e-05, 0.006636619567871094, 0.003254088805988431, 0.9900976419448853]"
A04,session1,intra_session,train,pca_32,nn_erm,0,0,"[0.9674311280250549, 0.013185820542275906, 0.0021687434054911137, 0.017214272171258926]"
A04,session1,intra_session,train,pca_32,nn_erm,2,2,"[0.0014492061454802752, 0.009798533283174038, 0.9879123568534851, 0.0008398086647503078]"
A04,session1,intra_session,train,pca_32,nn_erm,1,1,"[0.028021039441227913, 0.9189817905426025, 0.0448937751352787, 0.008103379048407078]"
A04,session1,intra_session,train,pca_32,nn_erm,0,0,"[0.9607728719711304, 0.008380397222936153, 0.00027884895098395646, 0.03056780807673931]"
A04,session1,intra_session,train,pca_32,nn_erm,0,0,"[0.97389155626297, 0.01584026589989662, 0.003732510143890977, 0.006535729859024286]"
A04,session1,intra_session,train,pca_32,nn_erm,2,2,"[0.0003497298457659781, 0.0031204037368297577, 0.9784929156303406, 0.018036995083093643]"
A04,session1,intra_session,train,pca_32,nn_erm,3,3,"[0.004421848803758621, 0.007928479462862015, 0.03992015868425369, 0.9477295279502869]"
A04,session1,intra_session,train,pca_32,nn_erm,0,0,"[0.9899583458900452, 0.00012385990703478456, 0.009855286218225956, 6.247287092264742e-05]"
A04,session1,intra_session,train,pca_32,nn_erm,2,2,"[9.042507542744715e-08, 9.050285734701902e-05, 0.9998874664306641, 2.1871279386687092e-05]"
A04,session1,intra_session,train,pca_32,nn_erm,2,2,"[0.0006558900349773467, 4.6273333282442763e-05, 0.9725469946861267, 0.02675088495016098]"
A04,session1,intra_session,train,pca_32,nn_erm,2,2,"[2.9005443593632663e-06, 0.010228756815195084, 0.9865266680717468, 0.003241653786972165]"
A04,session1,intra_session,train,pca_32,nn_erm,0,0,"[0.957883358001709, 0.02913794293999672, 0.009723518043756485, 0.0032551961485296488]"
A04,session1,intra_session,train,pca_32,nn_erm,1,1,"[0.007726023904979229, 0.9522899389266968, 0.028373854234814644, 0.011610268615186214]"
A04,session1,intra_session,train,pca_32,nn_erm,0,0,"[0.9635009169578552, 0.014825803227722645, 0.015591108240187168, 0.0060821594670414925]"
A04,session1,intra_session,train,pca_32,nn_erm,1,1,"[0.014705965295433998, 0.9594799876213074, 0.006068760063499212, 0.01974523812532425]"
A04,session1,intra_session,train,pca_32,nn_erm,1,1,"[6.068685615900904e-05, 0.9999390840530396, 6.2199387862449385e-09, 2.276479733609449e-07]"
A04,session1,intra_session,train,pca_32,nn_erm,0,0,"[0.9851647615432739, 0.01446102000772953, 0.0003086543292738497, 6.552786362590268e-05]"
A04,session1,intra_session,train,pca_32,nn_erm,1,1,"[0.0009367481688968837, 0.997821569442749, 0.0007206740556284785, 0.0005210445378907025]"
A04,session1,intra_session,train,pca_32,nn_erm,2,2,"[2.2949321021314972e-07, 0.0012560059549286962, 0.9986107349395752, 0.00013298964768182486]"
A04,session1,intra_session,train,pca_32,nn_erm,1,1,"[0.0005313262226991355, 0.9849379062652588, 0.011132313869893551, 0.0033984356559813023]"
A04,session1,intra_session,train,pca_32,nn_erm,2,2,"[0.00672941654920578, 0.01640225760638714, 0.9757587909698486, 0.0011095100780948997]"
A04,session1,intra_session,train,pca_32,nn_erm,2,2,"[0.00022002063633408397, 0.0037697874940931797, 0.9955239295959473, 0.00048627136857248843]"
A04,session1,intra_session,train,pca_32,nn_erm,3,3,"[0.00040403896127827466, 0.004340337589383125, 0.03521215170621872, 0.9600434303283691]"
A04,session1,intra_session,train,pca_32,nn_erm,2,2,"[5.782656080555171e-05, 0.006842983886599541, 0.9562016725540161, 0.036897603422403336]"
A04,session1,intra_session,train,pca_32,nn_erm,2,2,"[0.0011635421542450786, 0.018370643258094788, 0.9561535716056824, 0.024312255904078484]"
A04,session1,intra_session,train,pca_32,nn_erm,3,3,"[1.3483871043717954e-05, 0.0001939464855240658, 0.007457577157765627, 0.9923349022865295]"
A04,session1,intra_session,train,pca_32,nn_erm,3,3,"[0.012414255179464817, 0.0011808756971731782, 9.712052997201681e-05, 0.9863077998161316]"
A04,session1,intra_session,train,pca_32,nn_erm,3,3,"[0.024461541324853897, 0.011420471593737602, 0.018497927114367485, 0.945620059967041]"
A04,session1,intra_session,train,pca_32,nn_erm,3,3,"[0.003490602830424905, 0.01296174991875887, 0.0003645634569693357, 0.9831830263137817]"
A04,session1,intra_session,train,pca_32,nn_erm,3,3,"[8.148092756066205e-10, 2.2212399926502258e-05, 0.0015927503118291497, 0.998384952545166]"
A04,session1,intra_session,train,pca_32,nn_erm,2,2,"[2.554694233936061e-10, 0.000771913502831012, 0.9992057681083679, 2.236874570371583e-05]"
A04,session1,intra_session,train,pca_32,nn_erm,1,1,"[5.042009032507622e-09, 0.9974930286407471, 0.00011286067456239834, 0.0023941155523061752]"
A04,session1,intra_session,train,pca_32,nn_erm,0,0,"[0.9986569881439209, 0.0011168518103659153, 1.1208381692995317e-05, 0.00021498574642464519]"
A04,session1,intra_session,train,pca_32,nn_erm,0,0,"[0.9910063147544861, 0.008676241151988506, 0.00029780680779367685, 1.9589024304877967e-05]"
A04,session1,intra_session,train,pca_32,nn_erm,1,1,"[0.0068109724670648575, 0.9895127415657043, 0.001172452000901103, 0.0025037513114511967]"
A04,session1,intra_session,train,pca_32,nn_erm,2,2,"[0.007406346965581179, 0.000143197612487711, 0.9894030094146729, 0.0030474592931568623]"
A04,session1,intra_session,train,pca_32,nn_erm,3,3,"[0.00011766899115173146, 4.9042238970287144e-05, 0.006047130562365055, 0.9937862157821655]"
A04,session1,intra_session,train,pca_32,nn_erm,1,1,"[1.6312474144797307e-06, 0.997281551361084, 0.0026106471195816994, 0.000106209066871088]"
A04,session1,intra_session,train,pca_32,nn_erm,2,2,"[1.9639435777207837e-05, 4.352383712102892e-06, 0.9999740123748779, 1.9970193534391e-06]"
A04,session1,intra_session,train,pca_32,nn_erm,0,0,"[0.9949285984039307, 0.004140894860029221, 6.293580372584984e-05, 0.0008675823337398469]"
A04,session1,intra_session,train,pca_32,nn_erm,0,0,"[0.9811069965362549, 0.012231499888002872, 0.006592251360416412, 6.920337182236835e-05]"
A04,session1,intra_session,train,pca_32,nn_erm,0,0,"[0.9902880191802979, 0.006043889559805393, 0.001340026268735528, 0.002328106900677085]"
A04,session1,intra_session,train,pca_32,nn_erm,3,3,"[0.00010144125553779304, 0.0071051279082894325, 0.0019835331477224827, 0.9908099174499512]"
A04,session1,intra_session,train,pca_32,nn_erm,1,1,"[0.013156495057046413, 0.9865635633468628, 1.7629738067626022e-05, 0.0002623011823743582]"
A04,session1,intra_session,train,pca_32,nn_erm,1,1,"[0.022858180105686188, 0.9302451014518738, 0.03910807892680168, 0.007788656745105982]"
A04,session1,intra_session,train,pca_32,nn_erm,0,0,"[0.9846318960189819, 0.004660333506762981, 0.004360731225460768, 0.006347044371068478]"
A04,session1,intra_session,train,pca_32,nn_erm,0,0,"[0.982180118560791, 0.011021378450095654, 0.00035026267869398, 0.00644812872633338]"
A04,session1,intra_session,train,pca_32,nn_erm,2,2,"[0.0028050323016941547, 6.5894473664229736e-06, 0.9945249557495117, 0.002663410035893321]"
A04,session1,intra_session,train,pca_32,nn_erm,0,0,"[0.9790072441101074, 0.004994817543774843, 0.0048821051605045795, 0.0111159086227417]"
A04,session1,intra_session,train,pca_32,nn_erm,1,1,"[0.00110366300214082, 0.9975683093070984, 0.0009368627797812223, 0.00039113571983762085]"
A04,session1,intra_session,train,pca_32,nn_erm,3,3,"[2.8397635105648078e-05, 0.0017231766832992435, 0.007232245523482561, 0.991016149520874]"
A04,session1,intra_session,train,pca_32,nn_erm,3,3,"[5.2654300816357136e-05, 0.0016970187425613403, 0.010110696777701378, 0.9881396293640137]"
A04,session1,intra_session,train,pca_32,nn_erm,2,2,"[0.008154545910656452, 0.019266240298748016, 0.9698929786682129, 0.002686240943148732]"
A04,session1,intra_session,train,pca_32,nn_erm,0,0,"[0.9875838160514832, 0.009375614114105701, 0.003033170010894537, 7.434335657308111e-06]"
A04,session1,intra_session,train,pca_32,nn_erm,3,3,"[0.017964201048016548, 0.0017280476167798042, 0.0017445432022213936, 0.9785632491111755]"
A04,session1,intra_session,train,pca_32,nn_erm,3,3,"[7.713292689004447e-06, 9.25234635360539e-05, 0.007222287822514772, 0.9926774501800537]"
A04,session1,intra_session,train,pca_32,nn_erm,1,1,"[2.3516298597314744e-07, 0.9712801575660706, 0.0007862650672905147, 0.027933279052376747]"
A04,session1,intra_session,train,pca_32,nn_erm,3,3,"[0.003218486439436674, 0.0022309510968625546, 0.005566949024796486, 0.9889835715293884]"
A04,session1,intra_session,train,pca_32,nn_erm,3,3,"[0.0001010437699733302, 0.0022498229518532753, 0.015322910621762276, 0.982326328754425]"
A04,session1,intra_session,train,pca_32,nn_erm,1,1,"[0.009845579974353313, 0.9807233214378357, 0.005604392848908901, 0.0038267786148935556]"
A04,session1,intra_session,train,pca_32,nn_erm,0,0,"[0.9408644437789917, 0.028167393058538437, 0.015747785568237305, 0.015220432542264462]"
A04,session1,intra_session,train,pca_32,nn_erm,1,1,"[0.004683345556259155, 0.985676646232605, 0.009315388277173042, 0.0003246966516599059]"
A04,session1,intra_session,train,pca_32,nn_erm,2,2,"[2.1196651101007546e-09, 0.0009739205706864595, 0.9962761402130127, 0.0027499827556312084]"
A04,session1,intra_session,train,pca_32,nn_erm,2,2,"[0.00017279597523156554, 0.006672188639640808, 0.992607593536377, 0.0005474761128425598]"
A04,session1,intra_session,train,pca_32,nn_erm,2,2,"[5.870719178346917e-05, 0.003947452176362276, 0.9940773248672485, 0.0019165780395269394]"
A04,session1,intra_session,train,pca_32,nn_erm,3,3,"[0.009783812798559666, 0.0002938162942882627, 0.01835513673722744, 0.9715672731399536]"
A04,session1,intra_session,train,pca_32,nn_erm,2,2,"[0.001286665559746325, 0.017490532249212265, 0.9806753993034363, 0.000547390547581017]"
A04,session1,intra_session,train,pca_32,nn_erm,0,0,"[0.9712759256362915, 0.005804284941405058, 0.0058286916464567184, 0.017091041430830956]"
A04,session1,intra_session,train,pca_32,nn_erm,3,3,"[0.0021018933039158583, 0.008282358758151531, 0.005611924454569817, 0.9840038418769836]"
A04,session1,intra_session,train,pca_32,nn_erm,1,1,"[8.877816435415298e-05, 0.9947227239608765, 0.0022909766994416714, 0.002897500991821289]"
A04,session1,intra_session,train,pca_32,nn_erm,2,2,"[0.00019894652359653264, 0.00484964856877923, 0.9911839962005615, 0.003767425427213311]"
A04,session1,intra_session,train,pca_32,nn_erm,1,1,"[0.00046729942550882697, 0.9924835562705994, 0.005756688769906759, 0.0012924157781526446]"
A04,session1,intra_session,train,pca_32,nn_erm,2,2,"[0.00012173499271739274, 0.015623006038367748, 0.9765688180923462, 0.007686345838010311]"
A04,session1,intra_session,train,pca_32,nn_erm,3,3,"[0.0003324597782921046, 0.005261785350739956, 0.026718148961663246, 0.9676876068115234]"
A04,session1,intra_session,train,pca_32,nn_erm,1,1,"[0.00483461981639266, 0.9853674173355103, 0.009637110866606236, 0.00016087757830973715]"
A04,session1,intra_session,train,pca_32,nn_erm,2,2,"[0.003738564671948552, 0.0049142977222800255, 0.9876105785369873, 0.0037365006282925606]"
A04,session1,intra_session,train,pca_32,nn_erm,0,0,"[0.9816981554031372, 0.008021434769034386, 0.0009677109192125499, 0.00931272841989994]"
A04,session1,intra_session,train,pca_32,nn_erm,0,0,"[0.9818732738494873, 0.017477868124842644, 8.25499591883272e-05, 0.0005663175252266228]"
A04,session1,intra_session,train,pca_32,nn_erm,0,0,"[0.9999970197677612, 2.3099296413420234e-06, 5.217367515797378e-07, 2.319774239367689e-07]"
A04,session1,intra_session,train,pca_32,nn_erm,3,3,"[0.005894117522984743, 0.0007014118018560112, 0.0014027900760993361, 0.9920017719268799]"
A04,session1,intra_session,train,pca_32,nn_erm,1,1,"[0.005139051005244255, 0.9811592102050781, 0.00848520640283823, 0.00521652540192008]"
A04,session1,intra_session,train,pca_32,nn_erm,0,0,"[0.9885240197181702, 0.008841580711305141, 0.0014754142612218857, 0.0011590520152822137]"
A04,session1,intra_session,train,pca_32,nn_erm,2,2,"[0.012289919890463352, 0.015174990519881248, 0.9662351608276367, 0.006299925968050957]"
A04,session1,intra_session,train,pca_32,nn_erm,0,0,"[0.9977580904960632, 0.0007557233329862356, 0.0014522935962304473, 3.396721513126977e-05]"
A04,session1,intra_session,train,pca_32,nn_erm,2,2,"[0.002393352799117565, 0.0019148264545947313, 0.9912191033363342, 0.004472721368074417]"
A04,session1,intra_session,train,pca_32,nn_erm,1,1,"[0.01358469482511282, 0.9828326106071472, 0.0019555885810405016, 0.0016271087806671858]"
A04,session1,intra_session,test,pca_32,nn_erm,3,3,"[0.011731923557817936, 0.3217550814151764, 0.3026914596557617, 0.3638216257095337]"
A04,session1,intra_session,test,pca_32,nn_erm,0,2,"[0.08439148217439651, 0.13543084263801575, 0.776292622089386, 0.0038850421551615]"
A04,session1,intra_session,test,pca_32,nn_erm,2,0,"[0.594771146774292, 0.0033232993446290493, 0.03146349638700485, 0.37044212222099304]"
A04,session1,intra_session,test,pca_32,nn_erm,2,2,"[0.3071063160896301, 0.22232283651828766, 0.4597777724266052, 0.010793001390993595]"
A04,session1,intra_session,test,pca_32,nn_erm,0,0,"[0.978132963180542, 0.0006594826700165868, 0.00013312669761944562, 0.02107446826994419]"
A04,session1,intra_session,test,pca_32,nn_erm,2,0,"[0.7476624846458435, 0.051030125468969345, 0.16662338376045227, 0.0346839502453804]"
A04,session1,intra_session,test,pca_32,nn_erm,1,1,"[0.018445072695612907, 0.8633861541748047, 0.11484427750110626, 0.0033245859667658806]"
A04,session1,intra_session,test,pca_32,nn_erm,3,1,"[0.286302387714386, 0.514552652835846, 0.18521404266357422, 0.01393087301403284]"
A04,session1,intra_session,test,pca_32,nn_erm,3,2,"[0.015098202042281628, 0.0020486062858253717, 0.9811858534812927, 0.0016673770733177662]"
A04,session1,intra_session,test,pca_32,nn_erm,3,1,"[0.1977912187576294, 0.560067355632782, 0.04519492760300636, 0.19694653153419495]"
A04,session1,intra_session,test,pca_32,nn_erm,2,2,"[0.019729629158973694, 0.14501172304153442, 0.8352205157279968, 3.820185156655498e-05]"
A04,session1,intra_session,test,pca_32,nn_erm,0,1,"[0.40891268849372864, 0.5293222665786743, 0.05925259739160538, 0.002512397477403283]"
A04,session1,intra_session,test,pca_32,nn_erm,3,3,"[0.018803671002388, 0.06846737861633301, 0.03421121835708618, 0.8785176873207092]"
A04,session1,intra_session,test,pca_32,nn_erm,1,0,"[0.9818552732467651, 0.013911107555031776, 0.0006179212359711528, 0.0036157690919935703]"
A04,session1,intra_session,test,pca_32,nn_erm,3,1,"[0.0003460401203483343, 0.6503291130065918, 0.17325922846794128, 0.1760656237602234]"
A04,session1,intra_session,test,pca_32,nn_erm,1,2,"[0.06067689508199692, 0.029448438435792923, 0.8405984044075012, 0.06927624344825745]"
A04,session1,intra_session,test,pca_32,nn_erm,0,0,"[0.9652050733566284, 0.01577427238225937, 0.0002574233221821487, 0.018763255327939987]"
A04,session1,intra_session,test,pca_32,nn_erm,2,2,"[0.028006374835968018, 0.025624776259064674, 0.9299852252006531, 0.016383567824959755]"
A04,session1,intra_session,test,pca_32,nn_erm,1,0,"[0.9256368279457092, 0.07085449993610382, 0.003494667587801814, 1.3931351531937253e-05]"
A04,session1,intra_session,test,pca_32,nn_erm,0,2,"[0.004705077037215233, 0.3567519187927246, 0.5785232782363892, 0.06001971662044525]"
A04,session1,intra_session,test,pca_32,nn_erm,2,2,"[3.7766624245705316e-06, 0.002160156611353159, 0.8287063241004944, 0.16912972927093506]"
A04,session1,intra_session,test,pca_32,nn_erm,2,2,"[0.01963755674660206, 0.23239056766033173, 0.6163016557693481, 0.13167023658752441]"
A04,session1,intra_session,test,pca_32,nn_erm,0,2,"[0.01884726993739605, 0.25665953755378723, 0.706928551197052, 0.01756463013589382]"
A04,session1,intra_session,test,pca_32,nn_erm,2,3,"[0.023668179288506508, 0.010151911526918411, 0.03989635035395622, 0.9262835383415222]"
A04,session1,intra_session,test,pca_32,nn_erm,3,1,"[0.19637835025787354, 0.40432673692703247, 0.07178457081317902, 0.32751035690307617]"
A04,session1,intra_session,test,pca_32,nn_erm,3,1,"[0.11661939322948456, 0.5604885816574097, 0.005161660257726908, 0.31773045659065247]"
A04,session1,intra_session,test,pca_32,nn_erm,1,1,"[0.24291419982910156, 0.6869529485702515, 0.06508855521678925, 0.005044265184551477]"
A04,session1,intra_session,test,pca_32,nn_erm,0,2,"[0.29030072689056396, 0.23335391283035278, 0.4739994406700134, 0.0023458977229893208]"
A04,session1,intra_session,test,pca_32,nn_erm,1,0,"[0.6962438225746155, 0.14758409559726715, 0.10548525303602219, 0.05068685859441757]"
A04,session1,intra_session,test,pca_32,nn_erm,3,3,"[0.2791540026664734, 0.07484694570302963, 0.18397016823291779, 0.4620288014411926]"
A04,session1,intra_session,test,pca_32,nn_erm,1,1,"[0.04430722817778587, 0.4420742988586426, 0.2897314429283142, 0.22388705611228943]"
A04,session1,intra_session,test,pca_32,nn_erm,3,1,"[0.000398039206629619, 0.930041491985321, 0.06940484791994095, 0.0001555405033286661]"
A04,session1,intra_session,test,pca_32,nn_erm,2,0,"[0.6620905995368958, 0.2074902355670929, 0.09399966150522232, 0.03641947731375694]"
A04,session1,intra_session,test,pca_32,nn_erm,1,2,"[0.07736515998840332, 0.17663918435573578, 0.7377098202705383, 0.008285819552838802]"
A04,session1,intra_session,test,pca_32,nn_erm,1,2,"[0.004177066497504711, 0.047113653272390366, 0.909200131893158, 0.039509117603302]"
A04,session1,intra_session,test,pca_32,nn_erm,1,2,"[0.00015120643365662545, 0.3592284321784973, 0.4675164818763733, 0.17310389876365662]"
A04,session1,intra_session,test,pca_32,nn_erm,2,3,"[0.2758868336677551, 0.011722981929779053, 0.0030904461164027452, 0.7092996835708618]"
A04,session1,intra_session,test,pca_32,nn_erm,3,3,"[0.00011212063691345975, 0.04516104608774185, 0.36350351572036743, 0.5912232398986816]"
A04,session1,intra_session,test,pca_32,nn_erm,0,0,"[0.5218324065208435, 0.03249146416783333, 0.43734243512153625, 0.008333725854754448]"
A04,session1,intra_session,test,pca_32,nn_erm,1,0,"[0.9630939364433289, 0.00016387995856348425, 0.0001739321742206812, 0.036568257957696915]"
A04,session1,intra_session,test,pca_32,nn_erm,3,1,"[0.002629834460094571, 0.934282660484314, 0.02209898829460144, 0.04098854959011078]"
A04,session1,intra_session,test,pca_32,nn_erm,0,1,"[0.18412721157073975, 0.555580735206604, 0.13470198214054108, 0.12559004127979279]"
A04,session1,intra_session,test,pca_32,nn_erm,2,2,"[0.08889707177877426, 0.07965087890625, 0.815161943435669, 0.01629013568162918]"
A04,session1,intra_session,test,pca_32,nn_erm,2,2,"[2.7119713195133954e-05, 0.020481126382946968, 0.8493387699127197, 0.13015300035476685]"
A04,session1,intra_session,test,pca_32,nn_erm,3,3,"[0.0007276171818375587, 0.07456381618976593, 0.24841845035552979, 0.6762900948524475]"
A04,session1,intra_session,test,pca_32,nn_erm,0,2,"[0.0029778999742120504, 0.32478049397468567, 0.3672995865345001, 0.3049420714378357]"
A04,session1,intra_session,test,pca_32,nn_erm,0,0,"[0.9649134278297424, 0.007192529737949371, 0.025318996980786324, 0.002575082005932927]"
A04,session1,intra_session,test,pca_32,nn_erm,2,2,"[0.0446544885635376, 0.03784344345331192, 0.8662903308868408, 0.05121168866753578]"
A04,session1,intra_session,test,pca_32,nn_erm,1,0,"[0.413642555475235, 0.17713941633701324, 0.09946837276220322, 0.3097496032714844]"
A04,session1,intra_session,test,pca_32,nn_erm,3,2,"[0.00476433290168643, 0.019791409373283386, 0.9489114880561829, 0.026532825082540512]"
A04,session1,intra_session,test,pca_32,nn_erm,3,2,"[0.008163447491824627, 0.011288571171462536, 0.9699091911315918, 0.010638661682605743]"
A04,session1,intra_session,test,pca_32,nn_erm,3,0,"[0.9237734079360962, 0.04614650085568428, 0.017336657270789146, 0.012743410654366016]"
A04,session1,intra_session,test,pca_32,nn_erm,1,1,"[0.022484587505459785, 0.7142676711082458, 0.2313661277294159, 0.03188161924481392]"
A04,session1,intra_session,test,pca_32,nn_erm,0,0,"[0.6418876051902771, 0.2525213360786438, 0.01270801667124033, 0.09288308769464493]"
A04,session1,intra_session,test,pca_32,nn_erm,2,2,"[0.000329250207869336, 0.11781265586614609, 0.8032991290092468, 0.07855895906686783]"
A04,session1,intra_session,test,pca_32,nn_erm,1,2,"[0.2342432141304016, 0.18082231283187866, 0.3439074456691742, 0.2410270869731903]"
A04,session1,intra_session,test,pca_32,nn_erm,3,2,"[5.482962350811249e-08, 0.025787273421883583, 0.7539639472961426, 0.22024869918823242]"
A04,session1,intra_session,test,pca_32,nn_erm,0,0,"[0.44354352355003357, 0.3790120482444763, 0.1547967791557312, 0.0226476788520813]"
A04,session1,intra_session,test,pca_32,nn_erm,3,2,"[8.25803817861015e-06, 0.0875873789191246, 0.9094250202178955, 0.0029794166330248117]"
A04,session1,intra_session,test,pca_32,nn_erm,2,3,"[0.011921657249331474, 0.04451931267976761, 0.15670818090438843, 0.7868508100509644]"
A04,session1,intra_session,test,pca_32,nn_erm,1,0,"[0.6115416884422302, 0.2720120847225189, 0.08786997944116592, 0.028576182201504707]"
A04,session1,intra_session,test,pca_32,nn_erm,3,3,"[0.0028003600891679525, 0.015300906263291836, 0.20821650326251984, 0.7736822366714478]"
A04,session1,intra_session,test,pca_32,nn_erm,3,3,"[0.02532585896551609, 0.21723079681396484, 0.1483176201581955, 0.6091256737709045]"
A04,session1,intra_session,test,pca_32,nn_erm,0,2,"[0.2296082228422165, 0.159809410572052, 0.5997866988182068, 0.010795779526233673]"
A04,session1,intra_session,test,pca_32,nn_erm,1,0,"[0.9633464217185974, 0.012824243865907192, 0.00025488249957561493, 0.023574475198984146]"
A04,session1,intra_session,test,pca_32,nn_erm,1,1,"[0.1672549992799759, 0.4501347243785858, 0.36534085869789124, 0.017269467934966087]"
A04,session1,intra_session,test,pca_32,nn_erm,2,2,"[0.0013340070145204663, 0.056627750396728516, 0.9209082722663879, 0.02112993597984314]"
A04,session1,intra_session,test,pca_32,nn_erm,3,2,"[0.007072819862514734, 0.13204294443130493, 0.6875945329666138, 0.1732897311449051]"
A04,session1,intra_session,test,pca_32,nn_erm,1,2,"[0.030953671783208847, 0.30971837043762207, 0.6359272599220276, 0.02340068481862545]"
A04,session1,intra_session,test,pca_32,nn_erm,0,0,"[0.4875980019569397, 0.3144427239894867, 0.09230141341686249, 0.10565788298845291]"
A04,session1,intra_session,test,pca_32,nn_erm,0,1,"[0.26580947637557983, 0.37212610244750977, 0.22852735221385956, 0.13353711366653442]"
A04,session1,intra_session,test,pca_32,nn_erm,3,1,"[0.0014389273710548878, 0.4767761826515198, 0.3679611086845398, 0.15382371842861176]"
A04,session1,intra_session,test,pca_32,nn_erm,1,3,"[0.1880912333726883, 0.2394472062587738, 0.0035293607506901026, 0.5689321756362915]"
A04,session1,intra_session,test,pca_32,nn_erm,0,0,"[0.46151888370513916, 0.38298937678337097, 0.08447393774986267, 0.07101784646511078]"
A04,session1,intra_session,test,pca_32,nn_erm,2,2,"[0.006226665806025267, 0.0007265772437676787, 0.9406415820121765, 0.05240517854690552]"
A04,session1,intra_session,test,pca_32,nn_erm,1,1,"[0.16068565845489502, 0.3443409502506256, 0.2993934750556946, 0.19557996094226837]"
A04,session1,intra_session,test,pca_32,nn_erm,1,0,"[0.5193076729774475, 0.4570612609386444, 0.007352183107286692, 0.0162789449095726]"
A04,session1,intra_session,test,pca_32,nn_erm,2,1,"[0.005873346235603094, 0.7359969615936279, 0.2511591613292694, 0.0069704619236290455]"
A04,session1,intra_session,test,pca_32,nn_erm,0,3,"[0.17997373640537262, 0.030256448313593864, 0.0591009184718132, 0.7306689023971558]"
A04,session1,intra_session,test,pca_32,nn_erm,3,3,"[0.020142989233136177, 0.0054463548585772514, 0.012531657703220844, 0.9618789553642273]"
A04,session1,intra_session,test,pca_32,nn_erm,2,2,"[0.0001301685260841623, 0.06236544996500015, 0.9326159358024597, 0.004888391587883234]"
A04,session1,intra_session,test,pca_32,nn_erm,2,2,"[0.3426533341407776, 0.00771175604313612, 0.5020253658294678, 0.14760960638523102]"
A04,session1,intra_session,test,pca_32,nn_erm,2,2,"[1.1573968549782876e-05, 0.0015212367288768291, 0.996570348739624, 0.0018968305084854364]"
A04,session1,intra_session,test,pca_32,nn_erm,2,2,"[0.06394671648740768, 0.4194176197052002, 0.47228726744651794, 0.04434839263558388]"
A04,session1,intra_session,test,pca_32,nn_erm,0,0,"[0.5829756259918213, 0.28081202507019043, 0.11261970549821854, 0.023592708632349968]"
A04,session1,intra_session,test,pca_32,nn_erm,1,2,"[2.9990349503350444e-05, 0.039961762726306915, 0.9422481060028076, 0.017760105431079865]"
A04,session1,intra_session,test,pca_32,nn_erm,0,0,"[0.7330425977706909, 0.18045172095298767, 0.0776827409863472, 0.00882299616932869]"
A04,session2,intra_session,train,pca_32,nn_erm,3,3,"[0.00024439586559310555, 9.306499123340473e-05, 0.0015531036769971251, 0.9981094598770142]"
A04,session2,intra_session,train,pca_32,nn_erm,2,2,"[0.004083406645804644, 0.007636819500476122, 0.9878722429275513, 0.0004074564785696566]"
A04,session2,intra_session,train,pca_32,nn_erm,1,1,"[0.03787143528461456, 0.93764728307724, 0.016582410782575607, 0.007898910902440548]"
A04,session2,intra_session,train,pca_32,nn_erm,0,0,"[0.9744400978088379, 0.014609222300350666, 0.009532798081636429, 0.0014179350109770894]"
A04,session2,intra_session,train,pca_32,nn_erm,0,0,"[0.9562485218048096, 0.026994988322257996, 0.00445473613217473, 0.012301686219871044]"
A04,session2,intra_session,train,pca_32,nn_erm,1,1,"[0.022691916674375534, 0.9684904217720032, 0.0003547218511812389, 0.008462986908853054]"
A04,session2,intra_session,train,pca_32,nn_erm,2,2,"[0.002791588194668293, 6.272818427532911e-05, 0.9865086078643799, 0.010637068189680576]"
A04,session2,intra_session,train,pca_32,nn_erm,3,3,"[0.01543972548097372, 0.0035112614277750254, 0.00497090769931674, 0.9760781526565552]"
A04,session2,intra_session,train,pca_32,nn_erm,1,1,"[0.025070086121559143, 0.9718299508094788, 0.00043960820767097175, 0.0026602502912282944]"
A04,session2,intra_session,train,pca_32,nn_erm,2,2,"[0.00019476498709991574, 0.00021437474060803652, 0.9912441968917847, 0.008346742019057274]"
A04,session2,intra_session,train,pca_32,nn_erm,0,0,"[0.9867262840270996, 0.013206109404563904, 4.815674765268341e-05, 1.9528097254806198e-05]"
A04,session2,intra_session,train,pca_32,nn_erm,0,0,"[0.9946152567863464, 0.005365154705941677, 4.25053997332725e-07, 1.9103985323454253e-05]"
A04,session2,intra_session,train,pca_32,nn_erm,0,0,"[0.9819964170455933, 0.009839105419814587, 0.003011130727827549, 0.00515340268611908]"
A04,session2,intra_session,train,pca_32,nn_erm,3,3,"[0.007894533686339855, 0.00568993529304862, 0.01909232884645462, 0.9673231244087219]"
A04,session2,intra_session,train,pca_32,nn_erm,1,1,"[0.012965925969183445, 0.9770068526268005, 0.008355040103197098, 0.0016722866566851735]"
A04,session2,intra_session,train,pca_32,nn_erm,1,1,"[0.0002909379545599222, 0.9829824566841125, 0.014564181677997112, 0.002162475837394595]"
A04,session2,intra_session,train,pca_32,nn_erm,0,0,"[0.9984410405158997, 0.0015471981605514884, 6.91816467224271e-06, 4.833878392673796e-06]"
A04,session2,intra_session,train,pca_32,nn_erm,0,0,"[0.9754730463027954, 0.01555587723851204, 3.5477287383400835e-06, 0.008967412635684013]"
A04,session2,intra_session,train,pca_32,nn_erm,2,2,"[0.00016264268197119236, 9.204594419998102e-08, 0.9959145188331604, 0.003922744188457727]"
A04,session2,intra_session,train,pca_32,nn_erm,0,0,"[0.9910797476768494, 0.00875534862279892, 4.6509878302458674e-05, 0.00011831956362584606]"
A04,session2,intra_session,train,pca_32,nn_erm,1,1,"[0.025591053068637848, 0.9555572867393494, 0.006851362995803356, 0.0120003093034029]"
A04,session2,intra_session,train,pca_32,nn_erm,3,3,"[2.558959977250197e-06, 3.776388621190563e-05, 0.023099424317479134, 0.9768602848052979]"
A04,session2,intra_session,train,pca_32,nn_erm,3,3,"[4.684317536884919e-05, 0.03613200783729553, 0.0014415084151551127, 0.9623796343803406]"
A04,session2,intra_session,train,pca_32,nn_erm,2,2,"[4.860845729126595e-05, 0.0002896483929362148, 0.988183856010437, 0.011477824300527573]"
A04,session2,intra_session,train,pca_32,nn_erm,0,0,"[0.9501914978027344, 0.04895360395312309, 0.0007277749245986342, 0.00012715136108454317]"
A04,session2,intra_session,train,pca_32,nn_erm,3,3,"[3.256852869526483e-05, 0.021222664043307304, 0.005601337645202875, 0.9731433987617493]"
A04,session2,intra_session,train,pca_32,nn_erm,3,3,"[0.0010634134523570538, 0.005656659137457609, 0.014744157902896404, 0.9785358309745789]"
A04,session2,intra_session,train,pca_32,nn_erm,1,1,"[0.02599921077489853, 0.966791033744812, 5.393820538301952e-05, 0.007155833300203085]"
A04,session2,intra_session,train,pca_32,nn_erm,3,3,"[0.005778155289590359, 0.013987458311021328, 0.009970922023057938, 0.9702634811401367]"
A04,session2,intra_session,train,pca_32,nn_erm,3,3,"[0.00035449728602543473, 0.0009771112818270922, 0.004129207693040371, 0.9945390820503235]"
A04,session2,intra_session,train,pca_32,nn_erm,1,1,"[0.004858129657804966, 0.9950612187385559, 2.097524287592023e-07, 8.03916045697406e-05]"
A04,session2,intra_session,train,pca_32,nn_erm,0,0,"[0.9831244945526123, 0.015940003097057343, 0.00012507091742008924, 0.000810450641438365]"
A04,session2,intra_session,train,pca_32,nn_erm,1,1,"[2.0218774807290174e-05, 0.9950340986251831, 4.540027293842286e-05, 0.004900292027741671]"
A04,session2,intra_session,train,pca_32,nn_erm,2,2,"[1.5694321398029842e-09, 8.988038047164082e-08, 0.9864875674247742, 0.013512366451323032]"
A04,session2,intra_session,train,pca_32,nn_erm,2,2,"[0.000619617523625493, 0.00032615012605674565, 0.9829491376876831, 0.016105012968182564]"
A04,session2,intra_session,train,pca_32,nn_erm,2,2,"[0.0021133683621883392, 0.005528406705707312, 0.9586837291717529, 0.033674515783786774]"
A04,session2,intra_session,train,pca_32,nn_erm,3,3,"[0.00022186820569913834, 0.00019933025760110468, 0.022973453626036644, 0.9766052961349487]"
A04,session2,intra_session,train,pca_32,nn_erm,2,2,"[2.1862482753931545e-05, 8.07267406344181e-06, 0.9902348518371582, 0.009735257364809513]"
A04,session2,intra_session,train,pca_32,nn_erm,0,0,"[0.9955008625984192, 0.004028198309242725, 0.0002656398282852024, 0.00020533868519123644]"
A04,session2,intra_session,train,pca_32,nn_erm,3,3,"[0.005300781223922968, 0.013480432331562042, 0.00940085668116808, 0.9718179106712341]"
A04,session2,intra_session,train,pca_32,nn_erm,1,1,"[0.026004234328866005, 0.9367074966430664, 0.0007231710478663445, 0.03656508028507233]"
A04,session2,intra_session,train,pca_32,nn_erm,2,2,"[0.0018953703111037612, 0.0012289176229387522, 0.9839422106742859, 0.012933533638715744]"
A04,session2,intra_session,train,pca_32,nn_erm,1,1,"[0.0011731734266504645, 0.9528746604919434, 0.026744375005364418, 0.019207842648029327]"
A04,session2,intra_session,train,pca_32,nn_erm,2,2,"[2.804913128784392e-05, 0.0019072364084422588, 0.9883281588554382, 0.009736607782542706]"
A04,session2,intra_session,train,pca_32,nn_erm,3,3,"[0.000287734845187515, 0.0003283479018136859, 0.009729022160172462, 0.9896548986434937]"
A04,session2,intra_session,train,pca_32,nn_erm,1,1,"[0.009886893443763256, 0.9853111505508423, 0.004240351263433695, 0.0005616090493276715]"
A04,session2,intra_session,train,pca_32,nn_erm,2,2,"[0.002361777238547802, 0.008687920868396759, 0.9718340039253235, 0.017116345465183258]"
A04,session2,intra_session,train,pca_32,nn_erm,0,0,"[0.979686439037323, 0.017958827316761017, 5.291164052323438e-05, 0.0023018394131213427]"
A04,session2,intra_session,train,pca_32,nn_erm,0,0,"[0.9870046973228455, 0.008154802955687046, 0.0028217730578035116, 0.002018769970163703]"
A04,session2,intra_session,train,pca_32,nn_erm,0,0,"[0.9999889135360718, 9.297251608586521e-07, 1.0223709523415891e-06, 9.074638910533395e-06]"
A04,session2,intra_session,train,pca_32,nn_erm,3,3,"[0.00022277051175478846, 9.285707136541532e-08, 0.00041106820572167635, 0.9993661046028137]"
A04,session2,intra_session,train,pca_32,nn_erm,1,1,"[0.007134011015295982, 0.9551972150802612, 0.009657555259764194, 0.02801118977367878]"
A04,session2,intra_session,train,pca_32,nn_erm,0,0,"[0.9994837045669556, 0.0003071066166739911, 9.675361070549116e-05, 0.00011245074711041525]"
A04,session2,intra_session,train,pca_32,nn_erm,2,2,"[0.0008326334645971656, 0.0015158207388594747, 0.9827123880386353, 0.01493904273957014]"
A04,session2,intra_session,train,pca_32,nn_erm,0,0,"[0.990079402923584, 0.00031758888508193195, 1.119500393542694e-05, 0.00959186814725399]"
A04,session2,intra_session,train,pca_32,nn_erm,2,2,"[0.009742433205246925, 0.0010051249992102385, 0.9888185858726501, 0.0004338267899584025]"
A04,session2,intra_session,train,pca_32,nn_erm,1,1,"[0.0017619228456169367, 0.9661145210266113, 0.007645159959793091, 0.024478457868099213]"
A04,session2,intra_session,train,pca_32,nn_erm,3,3,"[4.336133861215785e-05, 0.0027149885427206755, 0.007579106371849775, 0.9896625280380249]"
A04,session2,intra_session,train,pca_32,nn_erm,0,0,"[0.9977019429206848, 0.0014888208825141191, 0.00014597535482607782, 0.0006633528973907232]"
A04,session2,intra_session,train,pca_32,nn_erm,2,2,"[0.0004832164559047669, 2.7221420168643817e-05, 0.9935972690582275, 0.005892182234674692]"
A04,session2,intra_session,train,pca_32,nn_erm,2,2,"[0.004767544101923704, 0.00647362507879734, 0.9845372438430786, 0.0042216056026518345]"
A04,session2,intra_session,train,pca_32,nn_erm,0,0,"[0.987984836101532, 0.00840368214994669, 0.001488839159719646, 0.002122633857652545]"
A04,session2,intra_session,train,pca_32,nn_erm,2,2,"[0.001825840910896659, 0.005702043417841196, 0.9555644392967224, 0.036907728761434555]"
A04,session2,intra_session,train,pca_32,nn_erm,1,1,"[0.03816496953368187, 0.9607658386230469, 0.000885247893165797, 0.00018397727399133146]"
A04,session2,intra_session,train,pca_32,nn_erm,3,3,"[8.91497893462656e-06, 0.001053224434144795, 0.0024968162178993225, 0.9964409470558167]"
A04,session2,intra_session,train,pca_32,nn_erm,3,3,"[0.0018185623921453953, 0.00032035252661444247, 0.013429703190922737, 0.9844313263893127]"
A04,session2,intra_session,train,pca_32,nn_erm,3,3,"[1.325206903857179e-05, 2.5936444103535905e-07, 0.004145652521401644, 0.995840847492218]"
A04,session2,intra_session,train,pca_32,nn_erm,2,2,"[0.0025012751575559378, 0.004000532906502485, 0.9784002304077148, 0.01509804092347622]"
A04,session2,intra_session,train,pca_32,nn_erm,0,0,"[0.9902543425559998, 0.009280350059270859, 7.459683547494933e-05, 0.000390692352084443]"
A04,session2,intra_session,train,pca_32,nn_erm,3,3,"[0.0002818097418639809, 0.0025161507073789835, 0.02522529661655426, 0.9719766974449158]"
A04,session2,intra_session,train,pca_32,nn_erm,1,1,"[0.05105635151267052, 0.9488593339920044, 5.2128983952570707e-05, 3.220311555196531e-05]"
A04,session2,intra_session,train,pca_32,nn_erm,3,3,"[0.03493918851017952, 0.03125753998756409, 0.004009330179542303, 0.9297938942909241]"
A04,session2,intra_session,train,pca_32,nn_erm,1,1,"[0.005267662461847067, 0.9829115867614746, 0.003428156953305006, 0.008392531424760818]"
A04,session2,intra_session,train,pca_32,nn_erm,0,0,"[0.9971029162406921, 0.0017799657071009278, 0.0009201124776154757, 0.00019699285621754825]"
A04,session2,intra_session,train,pca_32,nn_erm,2,2,"[0.006416781339794397, 0.004408791661262512, 0.9870352149009705, 0.0021391413174569607]"
A04,session2,intra_session,train,pca_32,nn_erm,1,1,"[0.016272632405161858, 0.9688957333564758, 0.00014695791469421238, 0.014684682711958885]"
A04,session2,intra_session,train,pca_32,nn_erm,0,0,"[0.9540948271751404, 0.04378705099225044, 0.00061466742772609, 0.0015035195974633098]"
A04,session2,intra_session,train,pca_32,nn_erm,2,2,"[1.310057814407628e-05, 0.006774489767849445, 0.9797888398170471, 0.013423630967736244]"
A04,session2,intra_session,train,pca_32,nn_erm,2,2,"[8.355930845027615e-07, 5.330621206667274e-05, 0.9931199550628662, 0.00682596443220973]"
A04,session2,intra_session,train,pca_32,nn_erm,0,0,"[0.9648675918579102, 0.035007428377866745, 9.348490129923448e-05, 3.144482980133034e-05]"
A04,session2,intra_session,train,pca_32,nn_erm,2,2,"[0.0009850767673924565, 0.008955666795372963, 0.9811639189720154, 0.008895332925021648]"
A04,session2,intra_session,train,pca_32,nn_erm,3,3,"[0.04112771898508072, 0.013599289581179619, 0.028242172673344612, 0.9170308113098145]"
A04,session2,intra_session,train,pca_32,nn_erm,3,3,"[0.004252978600561619, 0.0013801318127661943, 0.022670647129416466, 0.9716962575912476]"
A04,session2,intra_session,train,pca_32,nn_erm,1,1,"[0.01885657012462616, 0.9491391777992249, 0.02709544077515602, 0.004908718168735504]"
A04,session2,intra_session,train,pca_32,nn_erm,0,0,"[0.9793567657470703, 0.013055169023573399, 0.000681390636600554, 0.006906760390847921]"
A04,session2,intra_session,train,pca_32,nn_erm,1,1,"[0.0012906535994261503, 0.9867923259735107, 0.005197382066398859, 0.006719651632010937]"
A04,session2,intra_session,train,pca_32,nn_erm,3,3,"[0.001939013716764748, 0.0020303535275161266, 0.007522123400121927, 0.9885085225105286]"
A04,session2,intra_session,train,pca_32,nn_erm,1,1,"[0.018125321716070175, 0.964296817779541, 0.006762801669538021, 0.010814963839948177]"
A04,session2,intra_session,train,pca_32,nn_erm,3,3,"[0.0014089365722611547, 0.0008432301692664623, 0.015801552683115005, 0.9819462895393372]"
A04,session2,intra_session,train,pca_32,nn_erm,2,2,"[5.280861387291225e-06, 0.00021256406034808606, 0.9950770735740662, 0.004704996477812529]"
A04,session2,intra_session,train,pca_32,nn_erm,1,1,"[0.007512236945331097, 0.9891964197158813, 0.00016113181482069194, 0.003130165860056877]"
A04,session2,intra_session,train,pca_32,nn_erm,1,1,"[0.01963026076555252, 0.9654639363288879, 0.01429181732237339, 0.0006140131154097617]"
A04,session2,intra_session,train,pca_32,nn_erm,1,1,"[0.02985209785401821, 0.9698857665061951, 7.112877938197926e-06, 0.0002551030192989856]"
A04,session2,intra_session,train,pca_32,nn_erm,2,2,"[0.002476269379258156, 8.595234248787165e-07, 0.9870579838752747, 0.01046487595885992]"
A04,session2,intra_session,train,pca_32,nn_erm,3,3,"[0.007432232145220041, 0.08798515051603317, 0.031261105090379715, 0.873321533203125]"
A04,session2,intra_session,train,pca_32,nn_erm,0,0,"[0.9736237525939941, 0.023836243897676468, 0.001958294305950403, 0.0005817588535137475]"
A04,session2,intra_session,train,pca_32,nn_erm,1,1,"[0.0001537734060548246, 0.9932809472084045, 0.0035789941903203726, 0.0029862946830689907]"
A04,session2,intra_session,train,pca_32,nn_erm,3,3,"[0.009051099419593811, 0.01361539214849472, 0.03669249638915062, 0.9406409859657288]"
A04,session2,intra_session,train,pca_32,nn_erm,0,0,"[0.9601260423660278, 0.031544338911771774, 0.0058118547312915325, 0.0025177837815135717]"
A04,session2,intra_session,train,pca_32,nn_erm,2,2,"[0.0037312619388103485, 0.0009774558711797, 0.9730135798454285, 0.022277725860476494]"
A04,session2,intra_session,train,pca_32,nn_erm,2,2,"[8.262319170171395e-05, 0.0019893180578947067, 0.9882696866989136, 0.009658372960984707]"
A04,session2,intra_session,train,pca_32,nn_erm,3,3,"[0.00798356719315052, 0.0027165645733475685, 0.011837120167911053, 0.977462649345398]"
A04,session2,intra_session,train,pca_32,nn_erm,0,0,"[0.9923301339149475, 0.006470372434705496, 0.0009910608641803265, 0.00020848835993092507]"
A04,session2,intra_session,train,pca_32,nn_erm,0,0,"[0.994965136051178, 0.004655360244214535, 3.055662034512352e-07, 0.00037914770655333996]"
A04,session2,intra_session,train,pca_32,nn_erm,2,2,"[0.0005478942766785622, 0.0004172361805103719, 0.9668281674385071, 0.03220665454864502]"
A04,session2,intra_session,train,pca_32,nn_erm,1,1,"[0.001534659182652831, 0.9357010126113892, 0.03168142959475517, 0.031082971021533012]"
A04,session2,intra_session,train,pca_32,nn_erm,3,3,"[0.0018056449480354786, 0.0011754033621400595, 0.005304474849253893, 0.9917145371437073]"
A04,session2,intra_session,train,pca_32,nn_erm,3,3,"[0.002566174603998661, 0.006467156577855349, 0.00031990360002964735, 0.9906467199325562]"
A04,session2,intra_session,train,pca_32,nn_erm,3,3,"[0.005043762736022472, 0.0008917356608435512, 0.039598505944013596, 0.9544659852981567]"
A04,session2,intra_session,train,pca_32,nn_erm,1,1,"[0.0012454141397029161, 0.9984411597251892, 1.9756289475481026e-05, 0.000293579330900684]"
A04,session2,intra_session,train,pca_32,nn_erm,0,0,"[0.9784908294677734, 0.015589327551424503, 0.0016715738456696272, 0.0042482949793338776]"
A04,session2,intra_session,train,pca_32,nn_erm,2,2,"[0.02012842334806919, 0.02863198146224022, 0.9366316795349121, 0.0146079296246171]"
A04,session2,intra_session,train,pca_32,nn_erm,1,1,"[0.015221619978547096, 0.9846359491348267, 9.147318633040413e-05, 5.094086372992024e-05]"
A04,session2,intra_session,train,pca_32,nn_erm,3,3,"[5.412639893620508e-06, 0.0065083629451692104, 0.0027734222821891308, 0.9907128214836121]"
A04,session2,intra_session,train,pca_32,nn_erm,0,0,"[0.9631639719009399, 0.034027885645627975, 0.00025895494036376476, 0.002549214754253626]"
A04,session2,intra_session,train,pca_32,nn_erm,3,3,"[5.636915830109501e-06, 0.0362541563808918, 0.026302726939320564, 0.9374375343322754]"
A04,session2,intra_session,train,pca_32,nn_erm,2,2,"[0.0004605176509357989, 0.022925011813640594, 0.9579061269760132, 0.01870829239487648]"
A04,session2,intra_session,train,pca_32,nn_erm,1,1,"[0.000362334685632959, 0.9677313566207886, 0.014174853451550007, 0.017731498926877975]"
A04,session2,intra_session,train,pca_32,nn_erm,3,3,"[0.004612775519490242, 2.1514568970815162e-07, 0.014386097900569439, 0.9810008406639099]"
A04,session2,intra_session,train,pca_32,nn_erm,3,3,"[0.013712901622056961, 0.006790864747017622, 0.04337877780199051, 0.9361175298690796]"
A04,session2,intra_session,train,pca_32,nn_erm,0,0,"[0.9825286865234375, 0.00997364241629839, 0.0062567745335400105, 0.001240836805664003]"
A04,session2,intra_session,train,pca_32,nn_erm,1,1,"[0.0015750027960166335, 0.9706389307975769, 0.0008631579112261534, 0.026923026889562607]"
A04,session2,intra_session,train,pca_32,nn_erm,1,1,"[0.040282152593135834, 0.9470042586326599, 0.0016521662473678589, 0.011061485856771469]"
A04,session2,intra_session,train,pca_32,nn_erm,2,2,"[2.72607826445892e-06, 2.322161708434578e-05, 0.9997524619102478, 0.00022161318338476121]"
A04,session2,intra_session,train,pca_32,nn_erm,3,3,"[1.4503398233500775e-05, 4.651839390135137e-06, 4.0970848203869537e-05, 0.9999399185180664]"
A04,session2,intra_session,train,pca_32,nn_erm,1,1,"[0.009464658796787262, 0.9768285751342773, 0.0006481906166300178, 0.013058588840067387]"
A04,session2,intra_session,train,pca_32,nn_erm,0,0,"[0.9831202030181885, 0.0008425592677667737, 0.011175612919032574, 0.004861630033701658]"
A04,session2,intra_session,train,pca_32,nn_erm,0,0,"[0.9667428135871887, 0.026145504787564278, 0.006019183434545994, 0.00109252764377743]"
A04,session2,intra_session,train,pca_32,nn_erm,3,3,"[0.0007128656143322587, 0.005891302600502968, 0.02001640573143959, 0.9733794927597046]"
A04,session2,intra_session,train,pca_32,nn_erm,1,1,"[0.0036864420399069786, 0.977569043636322, 0.00032844458473846316, 0.018416063860058784]"
A04,session2,intra_session,train,pca_32,nn_erm,0,0,"[0.9973874688148499, 0.0016475665615871549, 0.0003142520145047456, 0.0006506958743557334]"
A04,session2,intra_session,train,pca_32,nn_erm,2,2,"[0.00040851562516763806, 0.017760947346687317, 0.9761058688163757, 0.005724622868001461]"
A04,session2,intra_session,train,pca_32,nn_erm,1,1,"[0.0039581432938575745, 0.9924671053886414, 0.002398106036707759, 0.0011766531970351934]"
A04,session2,intra_session,train,pca_32,nn_erm,1,1,"[0.017218319699168205, 0.9586908221244812, 0.004671768750995398, 0.019418997690081596]"
A04,session2,intra_session,train,pca_32,nn_erm,2,2,"[5.775843601441011e-05, 0.00011938928219024092, 0.985680103302002, 0.014142636209726334]"
A04,session2,intra_session,train,pca_32,nn_erm,0,0,"[0.977664053440094, 0.020830752328038216, 0.0014249251689761877, 8.032531331991777e-05]"
A04,session2,intra_session,train,pca_32,nn_erm,3,3,"[7.064257715683198e-06, 0.004657068755477667, 0.0026394433807581663, 0.9926964044570923]"
A04,session2,intra_session,train,pca_32,nn_erm,2,2,"[8.252091356553137e-05, 1.2075154700141866e-05, 0.984732449054718, 0.015172905288636684]"
A04,session2,intra_session,train,pca_32,nn_erm,2,2,"[3.579525582608767e-05, 5.4788913985248655e-05, 0.9947633147239685, 0.005146058741956949]"
A04,session2,intra_session,train,pca_32,nn_erm,2,2,"[9.324327038484626e-06, 0.003327641636133194, 0.9605962038040161, 0.03606690838932991]"
A04,session2,intra_session,train,pca_32,nn_erm,2,2,"[1.5777501175762154e-05, 3.153030775138177e-06, 0.9818244576454163, 0.018156621605157852]"
A04,session2,intra_session,train,pca_32,nn_erm,0,0,"[0.9566488862037659, 0.03419758379459381, 0.0031268044840544462, 0.006026756949722767]"
A04,session2,intra_session,train,pca_32,nn_erm,1,1,"[0.0002117291442118585, 0.9810422658920288, 0.0008624797919765115, 0.017883596941828728]"
A04,session2,intra_session,train,pca_32,nn_erm,0,0,"[0.9973475933074951, 0.0006694690091535449, 0.0011952538043260574, 0.0007876981399022043]"
A04,session2,intra_session,train,pca_32,nn_erm,1,1,"[0.000796404667198658, 0.9860003590583801, 0.0005780230858363211, 0.012625299394130707]"
A04,session2,intra_session,train,pca_32,nn_erm,0,0,"[0.9913325905799866, 0.004225086886435747, 4.003853973699734e-06, 0.0044382852502167225]"
A04,session2,intra_session,train,pca_32,nn_erm,0,0,"[0.9878424406051636, 0.0008130901260301471, 0.0024828410241752863, 0.008861640468239784]"
A04,session2,intra_session,train,pca_32,nn_erm,2,2,"[0.008104844950139523, 0.01904376596212387, 0.972271203994751, 0.0005802305531688035]"
A04,session2,intra_session,train,pca_32,nn_erm,2,2,"[0.003595450660213828, 0.0017258014995604753, 0.9816974997520447, 0.01298127043992281]"
A04,session2,intra_session,train,pca_32,nn_erm,1,1,"[0.006294835824519396, 0.9856029748916626, 0.003294785739853978, 0.004807349294424057]"
A04,session2,intra_session,train,pca_32,nn_erm,2,2,"[0.03274194151163101, 0.045444633811712265, 0.9195078015327454, 0.002305630361661315]"
A04,session2,intra_session,train,pca_32,nn_erm,3,3,"[1.52446978651799e-11, 3.1181601541123904e-16, 0.001834682421758771, 0.9981653094291687]"
A04,session2,intra_session,train,pca_32,nn_erm,0,0,"[0.994223415851593, 0.005358044523745775, 8.527008321834728e-05, 0.00033329776488244534]"
A04,session2,intra_session,train,pca_32,nn_erm,3,3,"[0.016843313351273537, 0.000451352825621143, 0.0026817761827260256, 0.9800236225128174]"
A04,session2,intra_session,train,pca_32,nn_erm,0,0,"[0.9963184595108032, 0.00032230388023890555, 3.576103335944936e-05, 0.0033234660513699055]"
A04,session2,intra_session,train,pca_32,nn_erm,0,0,"[0.9828162789344788, 0.009739786386489868, 0.0011346691753715277, 0.006309218239039183]"
A04,session2,intra_session,train,pca_32,nn_erm,1,1,"[0.0020648136269301176, 0.9945589900016785, 0.00025814861874096096, 0.0031180281657725573]"
A04,session2,intra_session,train,pca_32,nn_erm,3,3,"[0.0015208477852866054, 0.016653042286634445, 0.020070388913154602, 0.9617556929588318]"
A04,session2,intra_session,train,pca_32,nn_erm,2,2,"[1.4108348481991183e-14, 2.0191918883444293e-12, 0.9999618530273438, 3.809104600804858e-05]"
A04,session2,intra_session,train,pca_32,nn_erm,1,1,"[0.005803197156637907, 0.9631693363189697, 0.011408439837396145, 0.019618919119238853]"
A04,session2,intra_session,train,pca_32,nn_erm,3,3,"[9.585754412455572e-08, 6.76326726534171e-06, 0.007054264657199383, 0.9929388761520386]"
A04,session2,intra_session,train,pca_32,nn_erm,2,2,"[2.7874483521372895e-07, 0.00022704096045345068, 0.993637204170227, 0.0061355456709861755]"
A04,session2,intra_session,train,pca_32,nn_erm,3,3,"[0.025256367400288582, 0.023305602371692657, 0.0015809745527803898, 0.9498571157455444]"
A04,session2,intra_session,train,pca_32,nn_erm,2,2,"[0.0004917359328828752, 0.0042940047569572926, 0.9876997470855713, 0.007514556869864464]"
A04,session2,intra_session,train,pca_32,nn_erm,3,3,"[0.00020008848514407873, 0.007936566136777401, 0.02616894617676735, 0.9656944274902344]"
A04,session2,intra_session,train,pca_32,nn_erm,1,1,"[0.012146379798650742, 0.9454762935638428, 0.04028066247701645, 0.0020965896546840668]"
A04,session2,intra_session,train,pca_32,nn_erm,1,1,"[0.0007649916806258261, 0.9894400238990784, 3.820674101007171e-05, 0.009756751358509064]"
A04,session2,intra_session,train,pca_32,nn_erm,3,3,"[0.002137912902981043, 0.023372365161776543, 0.011522416956722736, 0.9629672765731812]"
A04,session2,intra_session,train,pca_32,nn_erm,0,0,"[0.9829295873641968, 0.013221736066043377, 3.186066169291735e-05, 0.003816814860329032]"
A04,session2,intra_session,train,pca_32,nn_erm,1,1,"[0.008728660643100739, 0.9751036763191223, 0.0023672240786254406, 0.01380047108978033]"
A04,session2,intra_session,train,pca_32,nn_erm,1,1,"[0.011426606215536594, 0.9773675799369812, 0.0018531696405261755, 0.00935267936438322]"
A04,session2,intra_session,train,pca_32,nn_erm,1,1,"[0.0009683173848316073, 0.9962807297706604, 0.002666323911398649, 8.46961629576981e-05]"
A04,session2,intra_session,train,pca_32,nn_erm,2,2,"[2.0141442291787826e-06, 0.006890643388032913, 0.971561849117279, 0.021545516327023506]"
A04,session2,intra_session,train,pca_32,nn_erm,3,3,"[1.0385671543686886e-13, 2.959073958086478e-11, 0.00020674135885201395, 0.9997932314872742]"
A04,session2,intra_session,train,pca_32,nn_erm,0,0,"[0.989774227142334, 0.000641755701508373, 0.008478676900267601, 0.0011053533526137471]"
A04,session2,intra_session,train,pca_32,nn_erm,3,3,"[5.176862032385543e-06, 0.001398232183419168, 0.007299067452549934, 0.9912976026535034]"
A04,session2,intra_session,train,pca_32,nn_erm,0,0,"[0.9896284341812134, 0.010356559418141842, 1.2394207260513213e-06, 1.3768714779871516e-05]"
A04,session2,intra_session,train,pca_32,nn_erm,2,2,"[0.0057225474156439304, 0.004207209683954716, 0.9731040000915527, 0.01696629822254181]"
A04,session2,intra_session,train,pca_32,nn_erm,0,0,"[0.9566875100135803, 0.018496651202440262, 0.012206573970615864, 0.012609320692718029]"
A04,session2,intra_session,train,pca_32,nn_erm,3,3,"[8.236070243583526e-06, 0.004155095666646957, 0.009903490543365479, 0.9859331250190735]"
A04,session2,intra_session,train,pca_32,nn_erm,0,0,"[0.9867653846740723, 0.012666578404605389, 0.0001226990862051025, 0.0004453074943739921]"
A04,session2,intra_session,train,pca_32,nn_erm,2,2,"[3.306269036329468e-07, 0.0011620083823800087, 0.9929792284965515, 0.005858460441231728]"
A04,session2,intra_session,train,pca_32,nn_erm,0,0,"[0.9919248223304749, 0.0008273977437056601, 0.0023068562150001526, 0.004940877202898264]"
A04,session2,intra_session,train,pca_32,nn_erm,1,1,"[0.0127888023853302, 0.9871489405632019, 3.5661989386426285e-05, 2.6629808417055756e-05]"
A04,session2,intra_session,train,pca_32,nn_erm,2,2,"[1.031235452586543e-08, 2.0007912098662928e-05, 0.9905576705932617, 0.009422284550964832]"
A04,session2,intra_session,train,pca_32,nn_erm,2,2,"[0.002657538279891014, 0.0005620892043225467, 0.9791121482849121, 0.017668141052126884]"
A04,session2,intra_session,train,pca_32,nn_erm,3,3,"[3.486484638415277e-05, 0.0003681011439766735, 0.0011646435596048832, 0.9984323382377625]"
A04,session2,intra_session,train,pca_32,nn_erm,0,0,"[0.9921565055847168, 0.004498646594583988, 0.0028632888570427895, 0.0004815533757209778]"
A04,session2,intra_session,train,pca_32,nn_erm,1,1,"[0.0025637801736593246, 0.978766143321991, 0.017383292317390442, 0.0012868354097008705]"
A04,session2,intra_session,train,pca_32,nn_erm,3,3,"[5.321821802684035e-11, 1.4914819601585805e-08, 0.010349083691835403, 0.9896509647369385]"
A04,session2,intra_session,train,pca_32,nn_erm,1,1,"[7.759901927784085e-05, 0.9864316582679749, 0.013223694637417793, 0.0002671057009138167]"
A04,session2,intra_session,train,pca_32,nn_erm,2,2,"[0.0002337810437893495, 0.0008084482979029417, 0.9909633994102478, 0.007994438521564007]"
A04,session2,intra_session,train,pca_32,nn_erm,2,2,"[6.676237535430118e-05, 0.013190189376473427, 0.9847888946533203, 0.0019541115034371614]"
A04,session2,intra_session,train,pca_32,nn_erm,0,0,"[0.9944773316383362, 0.005428476259112358, 2.7320047593093477e-05, 6.693868635920808e-05]"
A04,session2,intra_session,train,pca_32,nn_erm,3,3,"[5.3829873650101945e-05, 0.024392180144786835, 0.010096374899148941, 0.9654576778411865]"
A04,session2,intra_session,train,pca_32,nn_erm,1,1,"[0.0013282406143844128, 0.9970031380653381, 0.0015919639263302088, 7.66089724493213e-05]"
A04,session2,intra_session,train,pca_32,nn_erm,3,3,"[0.0007560350350104272, 0.0004932989249937236, 0.005796462297439575, 0.9929543137550354]"
A04,session2,intra_session,train,pca_32,nn_erm,0,0,"[0.9994540810585022, 3.850453867926262e-05, 3.509803718770854e-06, 0.0005040052928961813]"
A04,session2,intra_session,train,pca_32,nn_erm,0,0,"[0.9834981560707092, 9.259988291887566e-05, 0.0028789567295461893, 0.013530201278626919]"
A04,session2,intra_session,train,pca_32,nn_erm,2,2,"[1.3164327583581326e-07, 5.773853445134591e-06, 0.999980092048645, 1.4029667909198906e-05]"
A04,session2,intra_session,train,pca_32,nn_erm,2,2,"[0.0029791605193167925, 0.010327959433197975, 0.9770355224609375, 0.009657364338636398]"
A04,session2,intra_session,test,pca_32,nn_erm,1,1,"[0.25819575786590576, 0.6370255947113037, 0.042109403759241104, 0.06266927719116211]"
A04,session2,intra_session,test,pca_32,nn_erm,3,3,"[0.20478589832782745, 0.3137403428554535, 0.1349528431892395, 0.3465208113193512]"
A04,session2,intra_session,test,pca_32,nn_erm,1,1,"[0.11360928416252136, 0.8497103452682495, 0.014770221896469593, 0.021910211071372032]"
A04,session2,intra_session,test,pca_32,nn_erm,1,1,"[0.08423926681280136, 0.4121951758861542, 0.09926904737949371, 0.40429648756980896]"
A04,session2,intra_session,test,pca_32,nn_erm,0,1,"[0.19888156652450562, 0.7920399308204651, 0.0011153877712786198, 0.007963122799992561]"
A04,session2,intra_session,test,pca_32,nn_erm,1,1,"[0.046462856233119965, 0.7097538113594055, 0.0663382038474083, 0.1774451583623886]"
A04,session2,intra_session,test,pca_32,nn_erm,3,2,"[2.1519397819247388e-08, 1.8330782040720806e-05, 0.9757653474807739, 0.024216268211603165]"
A04,session2,intra_session,test,pca_32,nn_erm,3,2,"[0.005211720708757639, 0.003280220553278923, 0.9140820503234863, 0.07742606103420258]"
A04,session2,intra_session,test,pca_32,nn_erm,1,3,"[0.3642473518848419, 0.1437404602766037, 0.012063900008797646, 0.4799482226371765]"
A04,session2,intra_session,test,pca_32,nn_erm,1,3,"[0.17423002421855927, 0.3118298053741455, 0.06741945445537567, 0.44652068614959717]"
A04,session2,intra_session,test,pca_32,nn_erm,1,1,"[0.04410640522837639, 0.6313858032226562, 0.15051612257957458, 0.17399166524410248]"
A04,session2,intra_session,test,pca_32,nn_erm,1,1,"[0.016142020002007484, 0.965628981590271, 0.001632040017284453, 0.016596954315900803]"
A04,session2,intra_session,test,pca_32,nn_erm,3,2,"[0.0035912273451685905, 0.04551202803850174, 0.7679836750030518, 0.18291307985782623]"
A04,session2,intra_session,test,pca_32,nn_erm,3,3,"[0.0013114985777065158, 0.022064728662371635, 0.10267437249422073, 0.873949408531189]"
A04,session2,intra_session,test,pca_32,nn_erm,2,0,"[0.595406174659729, 0.03711560368537903, 0.02042277343571186, 0.34705543518066406]"
A04,session2,intra_session,test,pca_32,nn_erm,3,3,"[1.4356994142872281e-05, 0.0005586219485849142, 0.34558793902397156, 0.653839111328125]"
A04,session2,intra_session,test,pca_32,nn_erm,0,0,"[0.9203699827194214, 0.07903793454170227, 0.00038409943226724863, 0.00020793893781956285]"
A04,session2,intra_session,test,pca_32,nn_erm,1,1,"[0.0025462263729423285, 0.8753113746643066, 0.061928264796733856, 0.0602140799164772]"
A04,session2,intra_session,test,pca_32,nn_erm,2,3,"[0.0013889976544305682, 0.000783921976108104, 0.1106661781668663, 0.8871609568595886]"
A04,session2,intra_session,test,pca_32,nn_erm,1,1,"[0.03652646765112877, 0.7000415325164795, 0.2165452539920807, 0.04688677564263344]"
A04,session2,intra_session,test,pca_32,nn_erm,0,1,"[0.1376880705356598, 0.5934874415397644, 0.16424156725406647, 0.10458292067050934]"
A04,session2,intra_session,test,pca_32,nn_erm,3,1,"[0.018164269626140594, 0.6228273510932922, 0.148717001080513, 0.21029137074947357]"
A04,session2,intra_session,test,pca_32,nn_erm,0,1,"[0.023713603615760803, 0.7742159366607666, 0.09651180356740952, 0.10555867105722427]"
A04,session2,intra_session,test,pca_32,nn_erm,3,3,"[0.048554353415966034, 0.12189372628927231, 0.24746312201023102, 0.582088828086853]"
A04,session2,intra_session,test,pca_32,nn_erm,0,1,"[0.027805011719465256, 0.9701784253120422, 0.0010275171371176839, 0.0009890394285321236]"
A04,session2,intra_session,test,pca_32,nn_erm,0,1,"[0.19380152225494385, 0.7798388004302979, 0.020165713503956795, 0.006194051820784807]"
A04,session2,intra_session,test,pca_32,nn_erm,0,2,"[0.0027862205170094967, 0.16453278064727783, 0.7794946432113647, 0.05318639054894447]"
A04,session2,intra_session,test,pca_32,nn_erm,0,0,"[0.9557691216468811, 0.03540349751710892, 0.0013205489376559854, 0.00750680873170495]"
A04,session2,intra_session,test,pca_32,nn_erm,2,0,"[0.5461834669113159, 0.4235621392726898, 0.017035523429512978, 0.013218865729868412]"
A04,session2,intra_session,test,pca_32,nn_erm,2,1,"[0.039512768387794495, 0.9545294642448425, 0.001371682621538639, 0.004586193710565567]"
A04,session2,intra_session,test,pca_32,nn_erm,3,3,"[2.424902277198271e-06, 9.611254063202068e-05, 0.017793815582990646, 0.9821076989173889]"
A04,session2,intra_session,test,pca_32,nn_erm,1,2,"[0.003673105500638485, 0.0033305645920336246, 0.6029856204986572, 0.3900107145309448]"
A04,session2,intra_session,test,pca_32,nn_erm,2,2,"[0.0003134269791189581, 0.03480205684900284, 0.7211543917655945, 0.2437300682067871]"
A04,session2,intra_session,test,pca_32,nn_erm,2,2,"[2.504440601569513e-07, 0.0006064048502594233, 0.8909737467765808, 0.10841959714889526]"
A04,session2,intra_session,test,pca_32,nn_erm,2,2,"[0.002385934814810753, 0.0059261140413582325, 0.8273534178733826, 0.16433455049991608]"
A04,session2,intra_session,test,pca_32,nn_erm,3,3,"[0.003739716950803995, 0.2071824073791504, 0.2756750285625458, 0.5134028792381287]"
A04,session2,intra_session,test,pca_32,nn_erm,2,2,"[9.951236279448494e-06, 3.6190420360071585e-05, 0.9537490010261536, 0.04620472714304924]"
A04,session2,intra_session,test,pca_32,nn_erm,0,1,"[0.04446655139327049, 0.8890405893325806, 0.0620121993124485, 0.004480752162635326]"
A04,session2,intra_session,test,pca_32,nn_erm,2,1,"[0.09951514005661011, 0.847243070602417, 0.007371087558567524, 0.04587068036198616]"
A04,session2,intra_session,test,pca_32,nn_erm,0,3,"[0.0006812612991780043, 0.0013794968836009502, 0.09341336786746979, 0.904525876045227]"
A04,session2,intra_session,test,pca_32,nn_erm,3,3,"[0.008992527611553669, 0.0011945664882659912, 0.014181743375957012, 0.9756312370300293]"
A04,session2,intra_session,test,pca_32,nn_erm,1,3,"[0.042348042130470276, 0.11956194043159485, 0.04423246905207634, 0.7938575744628906]"
A04,session2,intra_session,test,pca_32,nn_erm,3,1,"[0.015616319142282009, 0.6201174855232239, 0.0053241741843521595, 0.35894209146499634]"
A04,session2,intra_session,test,pca_32,nn_erm,3,3,"[0.19506414234638214, 0.14558246731758118, 0.1824025958776474, 0.47695085406303406]"
A04,session2,intra_session,test,pca_32,nn_erm,2,3,"[9.749587093210721e-08, 2.7764947390096495e-06, 0.10660219937562943, 0.893394947052002]"
A04,session2,intra_session,test,pca_32,nn_erm,3,3,"[1.3957149747056974e-07, 2.9948199653517804e-07, 0.00018240338249597698, 0.9998170733451843]"
A04,session2,intra_session,test,pca_32,nn_erm,3,2,"[0.02928992360830307, 0.0004910467541776597, 0.9298816323280334, 0.040337417274713516]"
A04,session2,intra_session,test,pca_32,nn_erm,2,2,"[1.8223314327769913e-05, 8.268932106147986e-06, 0.9832444190979004, 0.016729114577174187]"
A04,session2,intra_session,test,pca_32,nn_erm,1,1,"[0.20552216470241547, 0.5943189263343811, 0.16394978761672974, 0.0362091138958931]"
A04,session2,intra_session,test,pca_32,nn_erm,3,1,"[0.04283705726265907, 0.9365555047988892, 0.01928420178592205, 0.0013231823686510324]"
A04,session2,intra_session,test,pca_32,nn_erm,2,2,"[8.272954801213928e-06, 0.00016000258619897068, 0.7876186370849609, 0.21221314370632172]"
A04,session2,intra_session,test,pca_32,nn_erm,0,0,"[0.4754457473754883, 0.2681366205215454, 0.04013291746377945, 0.21628467738628387]"
A04,session2,intra_session,test,pca_32,nn_erm,1,0,"[0.4359312653541565, 0.13966193795204163, 0.004097847733646631, 0.4203088879585266]"
A04,session2,intra_session,test,pca_32,nn_erm,1,0,"[0.6332415342330933, 0.06560175120830536, 0.03782793506979942, 0.26332882046699524]"
A04,session2,intra_session,test,pca_32,nn_erm,1,3,"[0.030792618170380592, 0.005110259633511305, 0.006986355874687433, 0.9571107625961304]"
A04,session2,intra_session,test,pca_32,nn_erm,2,3,"[0.00014115968951955438, 0.0016668953467160463, 0.379520446062088, 0.6186715364456177]"
A04,session2,intra_session,test,pca_32,nn_erm,1,2,"[0.0009169442346319556, 0.13464635610580444, 0.7365561127662659, 0.1278805434703827]"
A04,session2,intra_session,test,pca_32,nn_erm,3,3,"[0.16536113619804382, 0.017352838069200516, 0.008533586747944355, 0.8087524175643921]"
A04,session2,intra_session,test,pca_32,nn_erm,2,2,"[1.145624661802458e-08, 2.847254791049636e-06, 0.8692346215248108, 0.1307625025510788]"
A04,session2,intra_session,test,pca_32,nn_erm,3,2,"[0.001946490490809083, 0.016942033544182777, 0.5476061105728149, 0.4335052967071533]"
A04,session2,intra_session,test,pca_32,nn_erm,1,3,"[0.003407394513487816, 0.16258341073989868, 0.05058006942272186, 0.7834291458129883]"
A04,session2,intra_session,test,pca_32,nn_erm,2,2,"[0.0007205645088106394, 0.011727833189070225, 0.5552271008491516, 0.43232446908950806]"
A04,session2,intra_session,test,pca_32,nn_erm,0,3,"[0.13569575548171997, 0.024771811440587044, 0.09775559604167938, 0.7417768239974976]"
A04,session2,intra_session,test,pca_32,nn_erm,3,3,"[1.9418196472997806e-07, 7.276791620824952e-06, 0.09440833330154419, 0.9055842757225037]"
A04,session2,intra_session,test,pca_32,nn_erm,0,0,"[0.7074756622314453, 0.03677593171596527, 0.05626785010099411, 0.19948060810565948]"
A04,session2,intra_session,test,pca_32,nn_erm,2,3,"[0.00037324291770346463, 0.0007413490093313158, 0.3323546051979065, 0.6665308475494385]"
A04,session2,intra_session,test,pca_32,nn_erm,3,1,"[0.2989782989025116, 0.4656287729740143, 0.01583198457956314, 0.21956098079681396]"
A04,session2,intra_session,test,pca_32,nn_erm,0,3,"[0.0055235144682228565, 0.04775519669055939, 0.06614033132791519, 0.8805809617042542]"
A04,session2,intra_session,test,pca_32,nn_erm,2,2,"[0.00014794607704970986, 0.004886156879365444, 0.6410830020904541, 0.3538828492164612]"
A04,session2,intra_session,test,pca_32,nn_erm,0,1,"[0.40818923711776733, 0.5019437074661255, 0.001098667737096548, 0.0887683629989624]"
A04,session2,intra_session,test,pca_32,nn_erm,1,0,"[0.5061442255973816, 0.3977663516998291, 0.07939238101243973, 0.016696985810995102]"
A04,session2,intra_session,test,pca_32,nn_erm,1,0,"[0.65796959400177, 0.008580304682254791, 0.029274525120854378, 0.3041754961013794]"
A04,session2,intra_session,test,pca_32,nn_erm,0,2,"[0.010357844643294811, 0.24479961395263672, 0.6543266773223877, 0.09051581472158432]"
A04,session2,intra_session,test,pca_32,nn_erm,3,1,"[0.002000517677515745, 0.9938321113586426, 0.0026809279806911945, 0.001486325985752046]"
A04,session2,intra_session,test,pca_32,nn_erm,0,3,"[1.2959740161022637e-05, 0.0024373666383326054, 0.1062452420592308, 0.8913043737411499]"
A04,session2,intra_session,test,pca_32,nn_erm,3,2,"[0.0034759717527776957, 0.012221699580550194, 0.8573561906814575, 0.12694613635540009]"
A04,session2,intra_session,test,pca_32,nn_erm,2,3,"[3.9840473618824035e-05, 0.00011770022683776915, 0.0035441238433122635, 0.9962983727455139]"
A04,session2,intra_session,test,pca_32,nn_erm,2,3,"[0.07236824184656143, 0.017289841547608376, 0.4394584000110626, 0.47088345885276794]"
A04,session2,intra_session,test,pca_32,nn_erm,0,0,"[0.8794755339622498, 0.07724252343177795, 0.027814991772174835, 0.015466941520571709]"
A04,session2,intra_session,test,pca_32,nn_erm,2,3,"[0.02351212501525879, 0.046948645263910294, 0.1634882539510727, 0.7660509943962097]"
A04,session2,intra_session,test,pca_32,nn_erm,1,0,"[0.9904691576957703, 0.009453456848859787, 6.45142063149251e-05, 1.2978181985090487e-05]"
A04,session2,intra_session,test,pca_32,nn_erm,1,0,"[0.8295372128486633, 0.16338451206684113, 0.005887832958251238, 0.0011904104612767696]"
A04,session2,intra_session,test,pca_32,nn_erm,0,1,"[0.019708730280399323, 0.9770607948303223, 0.0005002757534384727, 0.002730173524469137]"
A04,session2,intra_session,test,pca_32,nn_erm,2,3,"[0.07914943248033524, 0.005726974457502365, 0.29327064752578735, 0.6218529343605042]"
A04,session2,intra_session,test,pca_32,nn_erm,0,3,"[0.060278866440057755, 0.01837763376533985, 0.1838679015636444, 0.7374756336212158]"
A04,session2,intra_session,test,pca_32,nn_erm,1,0,"[0.7055774331092834, 0.23890988528728485, 0.031034084036946297, 0.024478580802679062]"
A04,session2,intra_session,test,pca_32,nn_erm,0,0,"[0.9586143493652344, 0.04037533700466156, 0.0007364576449617743, 0.0002737646282184869]"
A05,session1,intra_session,train,pca_32,nn_erm,0,0,"[0.9992215633392334, 0.0004008717951364815, 3.5292898246552795e-05, 0.00034229032462462783]"
A05,session1,intra_session,train,pca_32,nn_erm,1,1,"[0.0008946231100708246, 0.9811444878578186, 0.016862697899341583, 0.0010981978848576546]"
A05,session1,intra_session,train,pca_32,nn_erm,1,1,"[8.452403562841937e-05, 0.9877508878707886, 0.012163709849119186, 8.495192673763086e-07]"
A05,session1,intra_session,train,pca_32,nn_erm,0,0,"[0.9792115688323975, 0.009397301822900772, 0.008265616372227669, 0.003125533228740096]"
A05,session1,intra_session,train,pca_32,nn_erm,1,1,"[0.007811593357473612, 0.9568765759468079, 0.013709976337850094, 0.021601853892207146]"
A05,session1,intra_session,train,pca_32,nn_erm,0,0,"[0.9821187257766724, 0.0016415307763963938, 0.013823154382407665, 0.0024166281800717115]"
A05,session1,intra_session,train,pca_32,nn_erm,1,1,"[0.0018478985875844955, 0.9827739000320435, 0.010346351191401482, 0.005031813867390156]"
A05,session1,intra_session,train,pca_32,nn_erm,2,2,"[0.030034882947802544, 0.038432423025369644, 0.9303472638130188, 0.0011854348704218864]"
A05,session1,intra_session,train,pca_32,nn_erm,1,1,"[0.0023679763544350863, 0.9955605268478394, 0.0006675439653918147, 0.0014039678499102592]"
A05,session1,intra_session,train,pca_32,nn_erm,3,3,"[0.005543306935578585, 0.031058426946401596, 0.009430225007236004, 0.9539679884910583]"
A05,session1,intra_session,train,pca_32,nn_erm,0,0,"[0.9939032196998596, 0.0013373937690630555, 0.004734484478831291, 2.4971130187623203e-05]"
A05,session1,intra_session,train,pca_32,nn_erm,2,2,"[0.009598435834050179, 0.013481585308909416, 0.974023163318634, 0.0028967992402613163]"
A05,session1,intra_session,train,pca_32,nn_erm,1,1,"[0.006216377019882202, 0.9899747967720032, 0.001731670810841024, 0.0020772165153175592]"
A05,session1,intra_session,train,pca_32,nn_erm,0,0,"[0.9946088790893555, 5.8740961321746e-06, 0.0038882936351001263, 0.0014969983603805304]"
A05,session1,intra_session,train,pca_32,nn_erm,3,3,"[0.004576731938868761, 0.013370605185627937, 0.00034147431142628193, 0.9817111492156982]"
A05,session1,intra_session,train,pca_32,nn_erm,3,3,"[0.0012511536478996277, 0.005200676154345274, 0.01014791801571846, 0.983400285243988]"
A05,session1,intra_session,train,pca_32,nn_erm,3,3,"[0.008024661801755428, 0.010469216853380203, 6.420414865715429e-05, 0.9814419150352478]"
A05,session1,intra_session,train,pca_32,nn_erm,3,3,"[0.00659232959151268, 0.01754296012222767, 0.002618352882564068, 0.9732463955879211]"
A05,session1,intra_session,train,pca_32,nn_erm,3,3,"[0.008280253037810326, 0.01235245168209076, 0.0006158110918477178, 0.9787514805793762]"
A05,session1,intra_session,train,pca_32,nn_erm,0,0,"[0.9849896430969238, 0.012634159065783024, 0.0019657041411846876, 0.0004104545805603266]"
A05,session1,intra_session,train,pca_32,nn_erm,2,2,"[0.032160334289073944, 0.01387055218219757, 0.9512785077095032, 0.002690573688596487]"
A05,session1,intra_session,train,pca_32,nn_erm,1,1,"[0.0014346474781632423, 0.9730613231658936, 0.017289407551288605, 0.008214657194912434]"
A05,session1,intra_session,train,pca_32,nn_erm,0,0,"[0.9811257123947144, 0.010280956514179707, 0.007104983553290367, 0.001488397945649922]"
A05,session1,intra_session,train,pca_32,nn_erm,0,0,"[0.9981768131256104, 0.0007261678692884743, 2.0513540221145377e-05, 0.0010765786282718182]"
A05,session1,intra_session,train,pca_32,nn_erm,2,2,"[0.0028010907117277384, 0.010562055744230747, 0.9836745262145996, 0.002962381113320589]"
A05,session1,intra_session,train,pca_32,nn_erm,3,3,"[1.656630774959922e-05, 0.002165284939110279, 5.208598668104969e-05, 0.9977661371231079]"
A05,session1,intra_session,train,pca_32,nn_erm,0,0,"[0.8795639276504517, 0.03837805613875389, 0.050468359142541885, 0.03158959001302719]"
A05,session1,intra_session,train,pca_32,nn_erm,2,2,"[0.003482562955468893, 0.012042643502354622, 0.9744914174079895, 0.0099833644926548]"
A05,session1,intra_session,train,pca_32,nn_erm,2,2,"[0.017607204616069794, 0.006436456460505724, 0.9722598195075989, 0.003696570871397853]"
A05,session1,intra_session,train,pca_32,nn_erm,2,2,"[0.019249625504016876, 0.027015255764126778, 0.9420586228370667, 0.011676495894789696]"
A05,session1,intra_session,train,pca_32,nn_erm,0,0,"[0.9824073314666748, 0.004353105556219816, 0.0003089040401391685, 0.012930617667734623]"
A05,session1,intra_session,train,pca_32,nn_erm,1,1,"[0.00037342673749662936, 0.9802712202072144, 0.018051309511065483, 0.0013039621990174055]"
A05,session1,intra_session,train,pca_32,nn_erm,0,0,"[0.9522122144699097, 0.03320768103003502, 0.01449571829289198, 8.442449325229973e-05]"
A05,session1,intra_session,train,pca_32,nn_erm,1,1,"[2.1900679048059146e-09, 0.9999977350234985, 2.573391384430579e-07, 1.9853500816680025e-06]"
A05,session1,intra_session,train,pca_32,nn_erm,1,1,"[0.0016625478165224195, 0.9734392762184143, 0.0014233997790142894, 0.02347484789788723]"
A05,session1,intra_session,train,pca_32,nn_erm,0,0,"[0.9583612680435181, 0.01861661858856678, 0.01601385325193405, 0.007008355110883713]"
A05,session1,intra_session,train,pca_32,nn_erm,1,1,"[0.0007328955689445138, 0.9758595824241638, 0.0039815292693674564, 0.01942598819732666]"
A05,session1,intra_session,train,pca_32,nn_erm,2,2,"[0.03372315689921379, 0.02714386209845543, 0.8754374384880066, 0.06369543820619583]"
A05,session1,intra_session,train,pca_32,nn_erm,1,1,"[0.007308733183890581, 0.9616833329200745, 0.03071867860853672, 0.00028922935598529875]"
A05,session1,intra_session,train,pca_32,nn_erm,2,2,"[0.001025826670229435, 0.0005397993372753263, 0.9907371401786804, 0.007697251625359058]"
A05,session1,intra_session,train,pca_32,nn_erm,2,2,"[0.009928134270012379, 0.00012418797996360809, 0.9733489155769348, 0.01659868285059929]"
A05,session1,intra_session,train,pca_32,nn_erm,3,3,"[0.0026114974170923233, 0.0009653482120484114, 0.025032293051481247, 0.9713908433914185]"
A05,session1,intra_session,train,pca_32,nn_erm,2,2,"[0.003308502957224846, 0.017041169106960297, 0.9596300721168518, 0.02002033032476902]"
A05,session1,intra_session,train,pca_32,nn_erm,2,2,"[0.02521609701216221, 0.001830996829085052, 0.9545592069625854, 0.01839362271130085]"
A05,session1,intra_session,train,pca_32,nn_erm,3,3,"[0.012920786626636982, 0.007583040278404951, 0.008451799862086773, 0.9710444211959839]"
A05,session1,intra_session,train,pca_32,nn_erm,3,3,"[0.0005989155033603311, 0.0016079411143437028, 0.0008449876913800836, 0.9969481825828552]"
A05,session1,intra_session,train,pca_32,nn_erm,3,3,"[0.001029816921800375, 0.005692911799997091, 0.0038232761435210705, 0.989453911781311]"
A05,session1,intra_session,train,pca_32,nn_erm,3,3,"[0.0013503351947292686, 0.00041820149635896087, 0.04700817912817001, 0.9512233138084412]"
A05,session1,intra_session,train,pca_32,nn_erm,3,3,"[0.001758134108968079, 0.0033390691969543695, 0.012827779166400433, 0.982075035572052]"
A05,session1,intra_session,train,pca_32,nn_erm,2,2,"[0.03656115010380745, 0.012519415467977524, 0.9501461982727051, 0.0007732434896752238]"
A05,session1,intra_session,train,pca_32,nn_erm,1,1,"[0.009765122085809708, 0.9456899166107178, 0.042514871805906296, 0.002030148170888424]"
A05,session1,intra_session,train,pca_32,nn_erm,0,0,"[0.9932136535644531, 0.0018866818863898516, 0.004397834185510874, 0.000501840899232775]"
A05,session1,intra_session,train,pca_32,nn_erm,0,0,"[0.9811520576477051, 0.00017243516049347818, 0.003785577602684498, 0.014889910817146301]"
A05,session1,intra_session,train,pca_32,nn_erm,1,1,"[0.0019079699413850904, 0.9765886068344116, 0.011921310797333717, 0.009582148864865303]"
A05,session1,intra_session,train,pca_32,nn_erm,2,2,"[0.008535095490515232, 0.006225598510354757, 0.9769706726074219, 0.008268707431852818]"
A05,session1,intra_session,train,pca_32,nn_erm,3,3,"[0.011389161460101604, 0.028680624440312386, 0.02516450360417366, 0.9347656965255737]"
A05,session1,intra_session,train,pca_32,nn_erm,1,1,"[0.008800786919891834, 0.9773664474487305, 0.0067535690031945705, 0.007079181261360645]"
A05,session1,intra_session,train,pca_32,nn_erm,2,2,"[0.041792795062065125, 0.010652180761098862, 0.9422444105148315, 0.0053105903789401054]"
A05,session1,intra_session,train,pca_32,nn_erm,0,0,"[0.9926962852478027, 0.0016121795633807778, 0.004813974257558584, 0.0008775116293691099]"
A05,session1,intra_session,train,pca_32,nn_erm,0,0,"[0.9772709012031555, 0.008881526067852974, 0.004630264360457659, 0.009217324666678905]"
A05,session1,intra_session,train,pca_32,nn_erm,0,0,"[0.9921614527702332, 0.0017660035518929362, 0.001754995551891625, 0.004317632410675287]"
A05,session1,intra_session,train,pca_32,nn_erm,3,3,"[1.5033317140478175e-05, 0.0013376023853197694, 6.338589446386322e-05, 0.9985839128494263]"
A05,session1,intra_session,train,pca_32,nn_erm,1,1,"[0.041591666638851166, 0.9364993572235107, 0.013927927240729332, 0.007981021888554096]"
A05,session1,intra_session,train,pca_32,nn_erm,1,1,"[0.02656591311097145, 0.906913697719574, 0.038535226136446, 0.027985142543911934]"
A05,session1,intra_session,train,pca_32,nn_erm,0,0,"[0.965470016002655, 0.001704090740531683, 0.02497037686407566, 0.007855490781366825]"
A05,session1,intra_session,train,pca_32,nn_erm,0,0,"[0.9879251718521118, 0.00829256046563387, 0.000572951918002218, 0.0032092691399157047]"
A05,session1,intra_session,train,pca_32,nn_erm,2,2,"[0.008617029525339603, 0.0066621447913348675, 0.9845134615898132, 0.00020733468409162015]"
A05,session1,intra_session,train,pca_32,nn_erm,0,0,"[0.9644904136657715, 0.0011701666517183185, 0.034218356013298035, 0.00012108971714042127]"
A05,session1,intra_session,train,pca_32,nn_erm,1,1,"[0.00036969955544918776, 0.9664492011070251, 0.01411543507128954, 0.01906576380133629]"
A05,session1,intra_session,train,pca_32,nn_erm,3,3,"[0.020249705761671066, 0.015124463476240635, 0.0032545216381549835, 0.9613713026046753]"
A05,session1,intra_session,train,pca_32,nn_erm,3,3,"[0.0011079717660322785, 0.031030792742967606, 0.004873673897236586, 0.9629876017570496]"
A05,session1,intra_session,train,pca_32,nn_erm,2,2,"[1.620204420760274e-05, 0.028312532231211662, 0.965695321559906, 0.005975943524390459]"
A05,session1,intra_session,train,pca_32,nn_erm,0,0,"[0.9818876385688782, 0.003117096610367298, 0.013899412006139755, 0.001095752464607358]"
A05,session1,intra_session,train,pca_32,nn_erm,3,3,"[0.04122607409954071, 0.014171769842505455, 0.03486276790499687, 0.9097394347190857]"
A05,session1,intra_session,train,pca_32,nn_erm,3,3,"[0.019107552245259285, 0.008759968914091587, 0.0013745346805080771, 0.9707578420639038]"
A05,session1,intra_session,train,pca_32,nn_erm,1,1,"[0.0013357297284528613, 0.9621273279190063, 0.020104369148612022, 0.016432665288448334]"
A05,session1,intra_session,train,pca_32,nn_erm,3,3,"[0.0001631313207326457, 0.012157450430095196, 0.00014302915951702744, 0.9875363707542419]"
A05,session1,intra_session,train,pca_32,nn_erm,3,3,"[0.0028725159354507923, 0.0006567148375324905, 0.0037239559460431337, 0.9927467703819275]"
A05,session1,intra_session,train,pca_32,nn_erm,1,1,"[0.006778816692531109, 0.9718994498252869, 2.4208366085076705e-05, 0.02129749208688736]"
A05,session1,intra_session,train,pca_32,nn_erm,0,0,"[0.991633415222168, 0.0017810316057875752, 0.004501073155552149, 0.0020844691898673773]"
A05,session1,intra_session,train,pca_32,nn_erm,1,1,"[0.0013992030872032046, 0.9845886826515198, 0.005320407450199127, 0.008691741153597832]"
A05,session1,intra_session,train,pca_32,nn_erm,2,2,"[0.005530468188226223, 0.0020399887580424547, 0.9838176965713501, 0.008611916564404964]"
A05,session1,intra_session,train,pca_32,nn_erm,2,2,"[1.1106776582892053e-05, 0.01421632245182991, 0.9839896559715271, 0.0017829010030254722]"
A05,session1,intra_session,train,pca_32,nn_erm,2,2,"[0.008300183340907097, 0.02415573038160801, 0.9674265384674072, 0.00011751989950425923]"
A05,session1,intra_session,train,pca_32,nn_erm,3,3,"[0.0031546014361083508, 0.0006321045802906156, 0.006269179284572601, 0.9899442195892334]"
A05,session1,intra_session,train,pca_32,nn_erm,2,2,"[0.019204284995794296, 0.0014944535214453936, 0.9792009592056274, 0.00010027737880591303]"
A05,session1,intra_session,train,pca_32,nn_erm,0,0,"[0.993312656879425, 0.0022952870931476355, 0.0028974968008697033, 0.0014944885624572635]"
A05,session1,intra_session,train,pca_32,nn_erm,3,3,"[6.161125384096522e-06, 0.00346584664657712, 0.00798847433179617, 0.9885395169258118]"
A05,session1,intra_session,train,pca_32,nn_erm,1,1,"[0.00045351192238740623, 0.9903340935707092, 0.009090051986277103, 0.00012230672291480005]"
A05,session1,intra_session,train,pca_32,nn_erm,2,2,"[0.006544658914208412, 0.015218188986182213, 0.9779523015022278, 0.0002848491712938994]"
A05,session1,intra_session,train,pca_32,nn_erm,1,1,"[0.0071551259607076645, 0.9694393277168274, 0.011556386947631836, 0.011849121190607548]"
A05,session1,intra_session,train,pca_32,nn_erm,2,2,"[0.0036484026350080967, 0.002515678061172366, 0.9928165674209595, 0.0010194299975410104]"
A05,session1,intra_session,train,pca_32,nn_erm,3,3,"[0.0014203718164935708, 0.023110248148441315, 0.009427719749510288, 0.9660417437553406]"
A05,session1,intra_session,train,pca_32,nn_erm,1,1,"[0.0002644794003572315, 0.905002772808075, 0.06614833325147629, 0.028584536164999008]"
A05,session1,intra_session,train,pca_32,nn_erm,2,2,"[0.0005440391250886023, 0.023053297773003578, 0.9761101007461548, 0.00029269157676026225]"
A05,session1,intra_session,train,pca_32,nn_erm,0,0,"[0.9947935938835144, 0.0009296255302615464, 0.0024407680612057447, 0.0018359811510890722]"
A05,session1,intra_session,train,pca_32,nn_erm,0,0,"[0.9868930578231812, 0.0020226461347192526, 0.00393565371632576, 0.007148620206862688]"
A05,session1,intra_session,train,pca_32,nn_erm,0,0,"[0.9965096116065979, 0.0028408034704625607, 0.00030840394902043045, 0.00034118734765797853]"
A05,session1,intra_session,train,pca_32,nn_erm,3,3,"[0.006717667914927006, 0.01198462676256895, 0.0005830097361467779, 0.980714738368988]"
A05,session1,intra_session,train,pca_32,nn_erm,1,1,"[0.018295681104063988, 0.9490204453468323, 0.01646685041487217, 0.016217052936553955]"
A05,session1,intra_session,train,pca_32,nn_erm,0,0,"[0.9964479207992554, 0.001267114421352744, 0.0010482985526323318, 0.0012366643641144037]"
A05,session1,intra_session,train,pca_32,nn_erm,2,2,"[0.0032948055304586887, 0.009735132567584515, 0.9845539331436157, 0.00241618393920362]"
A05,session1,intra_session,train,pca_32,nn_erm,0,0,"[0.9966015815734863, 0.0030860307160764933, 0.0002400551165919751, 7.229929906316102e-05]"
A05,session1,intra_session,train,pca_32,nn_erm,2,2,"[0.02080666273832321, 0.000729610095731914, 0.9752468466758728, 0.0032169257756322622]"
A05,session1,intra_session,train,pca_32,nn_erm,1,1,"[0.014522857032716274, 0.9668203592300415, 0.01148037239909172, 0.007176382467150688]"
A05,session1,intra_session,train,pca_32,nn_erm,3,3,"[0.006442921701818705, 0.023320795968174934, 0.001576581853441894, 0.9686597585678101]"
A05,session1,intra_session,train,pca_32,nn_erm,0,0,"[0.9471102952957153, 0.0031606853008270264, 0.04687129706144333, 0.0028577253688126802]"
A05,session1,intra_session,train,pca_32,nn_erm,2,2,"[3.9031128835631534e-05, 0.014759900979697704, 0.9844932556152344, 0.0007077745394781232]"
A05,session1,intra_session,train,pca_32,nn_erm,2,2,"[0.009279179386794567, 0.008957545273005962, 0.9751675724983215, 0.006595630198717117]"
A05,session1,intra_session,train,pca_32,nn_erm,0,0,"[0.9606261253356934, 0.002725914353504777, 0.027798889204859734, 0.008849128149449825]"
A05,session1,intra_session,train,pca_32,nn_erm,2,2,"[0.002829925622791052, 0.011101184412837029, 0.9854257106781006, 0.0006431360961869359]"
A05,session1,intra_session,train,pca_32,nn_erm,1,1,"[0.0022582262754440308, 0.9918577075004578, 0.004555801395326853, 0.0013282594736665487]"
A05,session1,intra_session,train,pca_32,nn_erm,3,3,"[0.007064153905957937, 0.0018078782595694065, 0.00583402207121253, 0.9852939248085022]"
A05,session1,intra_session,train,pca_32,nn_erm,3,3,"[0.0065110852010548115, 0.0028613482136279345, 9.750805475050583e-06, 0.9906178116798401]"
A05,session1,intra_session,train,pca_32,nn_erm,3,3,"[0.023736799135804176, 0.008387505076825619, 2.206846693297848e-05, 0.9678536057472229]"
A05,session1,intra_session,train,pca_32,nn_erm,2,2,"[0.0005541124846786261, 6.033387194293027e-07, 0.9958301186561584, 0.0036151788663119078]"
A05,session1,intra_session,train,pca_32,nn_erm,0,0,"[0.968025267124176, 0.011597540229558945, 0.01474978681653738, 0.005627389531582594]"
A05,session1,intra_session,train,pca_32,nn_erm,3,3,"[0.011837240308523178, 0.0009134800639003515, 0.004236128646880388, 0.9830132126808167]"
A05,session1,intra_session,train,pca_32,nn_erm,1,1,"[0.0026604565791785717, 0.9684172868728638, 0.004201558884233236, 0.02472071163356304]"
A05,session1,intra_session,train,pca_32,nn_erm,3,3,"[0.001766463741660118, 0.013176699168980122, 0.009609882719814777, 0.9754469990730286]"
A05,session1,intra_session,train,pca_32,nn_erm,1,1,"[1.4940408618713263e-05, 0.978534460067749, 0.0012705005938187242, 0.020180050283670425]"
A05,session1,intra_session,train,pca_32,nn_erm,0,0,"[0.9931231141090393, 0.001471162075176835, 0.002019815845414996, 0.003385895397514105]"
A05,session1,intra_session,train,pca_32,nn_erm,2,2,"[0.004465609788894653, 0.002903209999203682, 0.9876776337623596, 0.0049534509889781475]"
A05,session1,intra_session,train,pca_32,nn_erm,1,1,"[0.01326698623597622, 0.9633573889732361, 0.009089943952858448, 0.014285638928413391]"
A05,session1,intra_session,train,pca_32,nn_erm,0,0,"[0.9877553582191467, 0.010783761739730835, 0.0008926357259042561, 0.000568269460927695]"
A05,session1,intra_session,train,pca_32,nn_erm,2,2,"[0.014953828416764736, 0.019261876121163368, 0.9600493907928467, 0.005734854377806187]"
A05,session1,intra_session,train,pca_32,nn_erm,2,2,"[0.0002630470844451338, 0.005914926528930664, 0.9938126802444458, 9.343126293970272e-06]"
A05,session1,intra_session,train,pca_32,nn_erm,0,0,"[0.989402174949646, 0.008229110389947891, 8.688522939337417e-05, 0.00228180643171072]"
A05,session1,intra_session,train,pca_32,nn_erm,2,2,"[0.01646585762500763, 0.03145269304513931, 0.9451471567153931, 0.006934275384992361]"
A05,session1,intra_session,train,pca_32,nn_erm,3,3,"[0.005852791015058756, 0.002194863511249423, 2.483702337485738e-05, 0.9919275045394897]"
A05,session1,intra_session,train,pca_32,nn_erm,3,3,"[0.0005271718255244195, 0.005440783221274614, 0.00035853617009706795, 0.99367356300354]"
A05,session1,intra_session,train,pca_32,nn_erm,1,1,"[0.024779871106147766, 0.9619041085243225, 0.003833495080471039, 0.009482554160058498]"
A05,session1,intra_session,train,pca_32,nn_erm,0,0,"[0.9719198346138, 0.003740593558177352, 0.006235833279788494, 0.018103761598467827]"
A05,session1,intra_session,train,pca_32,nn_erm,1,1,"[0.00023970656911842525, 0.9858031272888184, 0.009598867036402225, 0.004358184523880482]"
A05,session1,intra_session,train,pca_32,nn_erm,3,3,"[0.01833963952958584, 0.006761563941836357, 0.01111497264355421, 0.963783860206604]"
A05,session1,intra_session,train,pca_32,nn_erm,1,1,"[0.0001704876049188897, 0.9604986310005188, 0.016399700194597244, 0.022931188344955444]"
A05,session1,intra_session,train,pca_32,nn_erm,3,3,"[0.0038418297190219164, 0.006927745882421732, 0.014033074490725994, 0.9751973748207092]"
A05,session1,intra_session,train,pca_32,nn_erm,2,2,"[0.001253009308129549, 0.0011462840484455228, 0.9865885376930237, 0.011012195609509945]"
A05,session1,intra_session,train,pca_32,nn_erm,1,1,"[0.0169069804251194, 0.9703198075294495, 0.007478079758584499, 0.005295109003782272]"
A05,session1,intra_session,train,pca_32,nn_erm,1,1,"[0.006780688185244799, 0.9848170876502991, 0.006760045886039734, 0.0016421288019046187]"
A05,session1,intra_session,train,pca_32,nn_erm,1,1,"[0.00015661497309338301, 0.995023250579834, 0.004812703002244234, 7.418339009745978e-06]"
A05,session1,intra_session,train,pca_32,nn_erm,2,2,"[0.004860461223870516, 8.18432672531344e-05, 0.9949327111244202, 0.00012502419122029096]"
A05,session1,intra_session,train,pca_32,nn_erm,3,3,"[0.011077913455665112, 0.014995014294981956, 0.0023487384896725416, 0.9715782999992371]"
A05,session1,intra_session,train,pca_32,nn_erm,0,0,"[0.9914221167564392, 0.00024623138597235084, 0.008326200768351555, 5.391756531025749e-06]"
A05,session1,intra_session,train,pca_32,nn_erm,1,1,"[0.0007869209512136877, 0.9793890118598938, 0.01760200411081314, 0.0022220194805413485]"
A05,session1,intra_session,train,pca_32,nn_erm,3,3,"[5.3070966714585666e-06, 0.020486289635300636, 0.00014126980386208743, 0.979367196559906]"
A05,session1,intra_session,train,pca_32,nn_erm,0,0,"[0.9951767921447754, 0.0028482312336564064, 0.0009368835017085075, 0.0010381294414401054]"
A05,session1,intra_session,train,pca_32,nn_erm,2,2,"[0.0012663222150877118, 0.014374149963259697, 0.9715287685394287, 0.012830753810703754]"
A05,session1,intra_session,train,pca_32,nn_erm,2,2,"[0.010293172672390938, 0.0031200905796140432, 0.966723620891571, 0.019863072782754898]"
A05,session1,intra_session,train,pca_32,nn_erm,3,3,"[3.956931323045865e-05, 0.00015689538849983364, 0.010997343808412552, 0.9888062477111816]"
A05,session1,intra_session,train,pca_32,nn_erm,0,0,"[0.9845961928367615, 0.00033900520065799356, 0.014090345241129398, 0.0009743523551151156]"
A05,session1,intra_session,train,pca_32,nn_erm,0,0,"[0.9719406366348267, 0.008705695159733295, 0.01489224098622799, 0.004461353644728661]"
A05,session1,intra_session,train,pca_32,nn_erm,2,2,"[0.0045219119638204575, 0.005996608175337315, 0.9859228134155273, 0.0035586475860327482]"
A05,session1,intra_session,train,pca_32,nn_erm,1,1,"[0.0004926507244817913, 0.9672619104385376, 0.00986325740814209, 0.02238219790160656]"
A05,session1,intra_session,train,pca_32,nn_erm,3,3,"[0.0024835998192429543, 0.013064544647932053, 0.014917467720806599, 0.9695343375205994]"
A05,session1,intra_session,train,pca_32,nn_erm,3,3,"[0.0022521268110722303, 0.015833789482712746, 0.01381589099764824, 0.9680982232093811]"
A05,session1,intra_session,train,pca_32,nn_erm,3,3,"[9.391811545356177e-06, 0.00045474886428564787, 2.3310021788347512e-05, 0.9995125532150269]"
A05,session1,intra_session,train,pca_32,nn_erm,1,1,"[0.05317026749253273, 0.9418990015983582, 0.0031747492030262947, 0.0017560215201228857]"
A05,session1,intra_session,train,pca_32,nn_erm,0,0,"[0.9739519357681274, 0.007283367216587067, 0.008345000445842743, 0.010419688187539577]"
A05,session1,intra_session,train,pca_32,nn_erm,2,2,"[0.0021296024788171053, 0.009704788215458393, 0.9731535315513611, 0.015012023039162159]"
A05,session1,intra_session,train,pca_32,nn_erm,1,1,"[0.01732485741376877, 0.9657350182533264, 0.0008069871691986918, 0.016133081167936325]"
A05,session1,intra_session,train,pca_32,nn_erm,3,3,"[2.634668089740444e-05, 0.008007649332284927, 0.0017196300905197859, 0.9902462959289551]"
A05,session1,intra_session,train,pca_32,nn_erm,0,0,"[0.9876370429992676, 0.0023274936247617006, 0.008348965086042881, 0.0016864946810528636]"
A05,session1,intra_session,train,pca_32,nn_erm,3,3,"[8.173309470294043e-05, 0.022590352222323418, 1.5164068827289157e-05, 0.9773126840591431]"
A05,session1,intra_session,train,pca_32,nn_erm,2,2,"[0.009183978661894798, 3.2305983040714636e-05, 0.9846199154853821, 0.006163862068206072]"
A05,session1,intra_session,train,pca_32,nn_erm,1,1,"[0.02079007402062416, 0.9787647724151611, 0.000306103378534317, 0.00013907733955420554]"
A05,session1,intra_session,train,pca_32,nn_erm,3,3,"[0.0014023672556504607, 0.015117890201508999, 0.029986301437020302, 0.9534934163093567]"
A05,session1,intra_session,train,pca_32,nn_erm,3,3,"[0.004312477074563503, 0.006007270887494087, 0.0019012457923963666, 0.9877790808677673]"
A05,session1,intra_session,train,pca_32,nn_erm,0,0,"[0.9654328227043152, 0.018195347860455513, 0.01113632507622242, 0.005235573276877403]"
A05,session1,intra_session,train,pca_32,nn_erm,1,1,"[0.0008706872467882931, 0.9879757761955261, 0.0006611331482417881, 0.010492462664842606]"
A05,session1,intra_session,train,pca_32,nn_erm,1,1,"[0.008325082249939442, 0.9860231876373291, 0.0014199381694197655, 0.004231750965118408]"
A05,session1,intra_session,train,pca_32,nn_erm,2,2,"[0.019842669367790222, 0.0005574607057496905, 0.973742663860321, 0.005857136566191912]"
A05,session1,intra_session,train,pca_32,nn_erm,3,3,"[0.010300598107278347, 0.0209334809333086, 0.011721818707883358, 0.9570441842079163]"
A05,session1,intra_session,train,pca_32,nn_erm,1,1,"[0.0015105722704902291, 0.9776833057403564, 0.003996680956333876, 0.016809390857815742]"
A05,session1,intra_session,train,pca_32,nn_erm,0,0,"[0.9886850714683533, 0.003469755407422781, 0.002424668287858367, 0.00542060099542141]"
A05,session1,intra_session,train,pca_32,nn_erm,0,0,"[0.9727874398231506, 0.0043436200357973576, 0.016177838668227196, 0.0066910842433571815]"
A05,session1,intra_session,train,pca_32,nn_erm,3,3,"[0.003996033687144518, 0.009032025933265686, 0.000141237978823483, 0.9868307113647461]"
A05,session1,intra_session,train,pca_32,nn_erm,1,1,"[0.00020819394558202475, 0.9783647656440735, 0.020321402698755264, 0.001105648116208613]"
A05,session1,intra_session,train,pca_32,nn_erm,0,0,"[0.9788107872009277, 0.0061044576577842236, 0.01035582646727562, 0.004728895146399736]"
A05,session1,intra_session,train,pca_32,nn_erm,2,2,"[0.0407586507499218, 0.016585038974881172, 0.9318956732749939, 0.010760601609945297]"
A05,session1,intra_session,train,pca_32,nn_erm,1,1,"[0.003418487496674061, 0.9720280766487122, 0.00022965579410083592, 0.02432389371097088]"
A05,session1,intra_session,train,pca_32,nn_erm,1,1,"[0.0011224537156522274, 0.9930528998374939, 0.0053803762421011925, 0.00044431365677155554]"
A05,session1,intra_session,train,pca_32,nn_erm,2,2,"[0.007198904175311327, 0.02969725988805294, 0.9496864676475525, 0.013417443260550499]"
A05,session1,intra_session,train,pca_32,nn_erm,0,0,"[0.9956934452056885, 1.037154291338993e-07, 0.00429563969373703, 1.0827105143107474e-05]"
A05,session1,intra_session,train,pca_32,nn_erm,3,3,"[0.0004346439673099667, 0.007054399698972702, 0.0011597250122576952, 0.9913512468338013]"
A05,session1,intra_session,train,pca_32,nn_erm,2,2,"[0.008624976500868797, 0.025559348985552788, 0.9606252312660217, 0.005190488416701555]"
A05,session1,intra_session,train,pca_32,nn_erm,2,2,"[0.0058106486685574055, 0.03175991773605347, 0.9561178684234619, 0.006311641540378332]"
A05,session1,intra_session,train,pca_32,nn_erm,2,2,"[0.0014268802478909492, 0.03581610694527626, 0.9570577144622803, 0.005699286237359047]"
A05,session1,intra_session,train,pca_32,nn_erm,2,2,"[0.0005686481017619371, 0.011733089573681355, 0.976138710975647, 0.011559482663869858]"
A05,session1,intra_session,train,pca_32,nn_erm,0,0,"[0.9839741587638855, 0.0010231370106339455, 0.012760783545672894, 0.002241922775283456]"
A05,session1,intra_session,train,pca_32,nn_erm,1,1,"[0.009518562816083431, 0.980060338973999, 0.007328998297452927, 0.003092041937634349]"
A05,session1,intra_session,train,pca_32,nn_erm,0,0,"[0.9860668778419495, 0.0011394241591915488, 0.00819032546132803, 0.0046034082770347595]"
A05,session1,intra_session,train,pca_32,nn_erm,1,1,"[1.8007395397034998e-07, 0.9972357153892517, 8.938118298829067e-06, 0.002755167195573449]"
A05,session1,intra_session,train,pca_32,nn_erm,0,0,"[0.9980757236480713, 0.0008202386670745909, 9.221891377819702e-05, 0.0010118241189047694]"
A05,session1,intra_session,train,pca_32,nn_erm,0,0,"[0.9956258535385132, 0.00044478161726146936, 0.003929268568754196, 3.428077022249454e-08]"
A05,session1,intra_session,train,pca_32,nn_erm,2,2,"[1.463890203012852e-05, 8.405785047216341e-05, 0.9907611012458801, 0.009140148758888245]"
A05,session1,intra_session,train,pca_32,nn_erm,2,2,"[0.008457542397081852, 0.006887615192681551, 0.984531044960022, 0.00012372725177556276]"
A05,session1,intra_session,train,pca_32,nn_erm,1,1,"[0.0009019628632813692, 0.9946921467781067, 0.0006981639890000224, 0.003707739058881998]"
A05,session1,intra_session,train,pca_32,nn_erm,2,2,"[0.007249300833791494, 0.00024664748343639076, 0.9925000071525574, 4.117844582651742e-06]"
A05,session1,intra_session,train,pca_32,nn_erm,3,3,"[1.7883045302369283e-06, 2.3051552489050664e-05, 0.005050245672464371, 0.9949249029159546]"
A05,session1,intra_session,train,pca_32,nn_erm,0,0,"[0.993125319480896, 0.002506721531972289, 0.000562351371627301, 0.0038055717013776302]"
A05,session1,intra_session,test,pca_32,nn_erm,3,0,"[0.5950132608413696, 0.08310174196958542, 0.09129145741462708, 0.2305934876203537]"
A05,session1,intra_session,test,pca_32,nn_erm,0,0,"[0.3983207643032074, 0.11684513092041016, 0.17955021560192108, 0.30528396368026733]"
A05,session1,intra_session,test,pca_32,nn_erm,0,3,"[0.037398647516965866, 0.23327963054180145, 0.018832992762327194, 0.7104886770248413]"
A05,session1,intra_session,test,pca_32,nn_erm,1,1,"[0.00942455418407917, 0.5426894426345825, 0.11603047698736191, 0.33185553550720215]"
A05,session1,intra_session,test,pca_32,nn_erm,3,1,"[0.3472728133201599, 0.44310206174850464, 0.0060166059993207455, 0.20360852777957916]"
A05,session1,intra_session,test,pca_32,nn_erm,2,0,"[0.47000911831855774, 0.18438079953193665, 0.0660153180360794, 0.2795947790145874]"
A05,session1,intra_session,test,pca_32,nn_erm,1,3,"[0.0186858419328928, 0.3492904305458069, 0.1010037362575531, 0.5310199856758118]"
A05,session1,intra_session,test,pca_32,nn_erm,3,1,"[0.0005141798756085336, 0.9909220337867737, 0.008200894109904766, 0.0003628626000136137]"
A05,session1,intra_session,test,pca_32,nn_erm,2,1,"[0.2503191828727722, 0.5940027832984924, 0.15035100281238556, 0.005327051971107721]"
A05,session1,intra_session,test,pca_32,nn_erm,3,1,"[0.14613574743270874, 0.5951652526855469, 8.851408347254619e-05, 0.25861045718193054]"
A05,session1,intra_session,test,pca_32,nn_erm,2,3,"[0.03379732370376587, 0.08986325562000275, 0.014807932078838348, 0.8615314960479736]"
A05,session1,intra_session,test,pca_32,nn_erm,3,2,"[0.01772855967283249, 0.274263471364975, 0.3872545063495636, 0.3207534849643707]"
A05,session1,intra_session,test,pca_32,nn_erm,1,0,"[0.5527887940406799, 0.2284080684185028, 0.20186977088451385, 0.016933338716626167]"
A05,session1,intra_session,test,pca_32,nn_erm,1,2,"[0.3187764883041382, 0.006235144101083279, 0.6543545722961426, 0.02063373103737831]"
A05,session1,intra_session,test,pca_32,nn_erm,3,3,"[0.0006710364250466228, 0.014502407051622868, 0.0013719724956899881, 0.9834545850753784]"
A05,session1,intra_session,test,pca_32,nn_erm,0,3,"[0.0016349263023585081, 0.00320967985317111, 0.0002761551004368812, 0.9948792457580566]"
A05,session1,intra_session,test,pca_32,nn_erm,1,3,"[0.06827326118946075, 0.12377170473337173, 0.0038684899918735027, 0.804086446762085]"
A05,session1,intra_session,test,pca_32,nn_erm,1,0,"[0.9007818698883057, 0.008258297108113766, 0.03270551562309265, 0.05825427174568176]"
A05,session1,intra_session,test,pca_32,nn_erm,1,0,"[0.4473702907562256, 0.13983158767223358, 0.10079685598611832, 0.31200116872787476]"
A05,session1,intra_session,test,pca_32,nn_erm,2,0,"[0.9286403656005859, 0.04819363355636597, 0.00034100544871762395, 0.022825058549642563]"
A05,session1,intra_session,test,pca_32,nn_erm,3,1,"[0.22441522777080536, 0.625106930732727, 0.14959247410297394, 0.0008853627950884402]"
A05,session1,intra_session,test,pca_32,nn_erm,0,1,"[0.062290024012327194, 0.7876545786857605, 0.021326912567019463, 0.12872840464115143]"
A05,session1,intra_session,test,pca_32,nn_erm,3,3,"[0.2627851665019989, 0.00931811984628439, 0.015454303473234177, 0.7124423384666443]"
A05,session1,intra_session,test,pca_32,nn_erm,0,2,"[0.2687244415283203, 0.08895964175462723, 0.6110780239105225, 0.03123789280653]"
A05,session1,intra_session,test,pca_32,nn_erm,2,0,"[0.8539323806762695, 0.09722861647605896, 0.04500661417841911, 0.003832400543615222]"
A05,session1,intra_session,test,pca_32,nn_erm,0,3,"[0.01389735285192728, 0.012490221299231052, 0.021503426134586334, 0.9521090388298035]"
A05,session1,intra_session,test,pca_32,nn_erm,3,0,"[0.48056432604789734, 0.013694128952920437, 0.14427296817302704, 0.3614685833454132]"
A05,session1,intra_session,test,pca_32,nn_erm,0,1,"[0.033259596675634384, 0.8650827407836914, 0.08862248808145523, 0.013035155832767487]"
A05,session1,intra_session,test,pca_32,nn_erm,2,1,"[0.014442292973399162, 0.8465930819511414, 0.10800528526306152, 0.030959349125623703]"
A05,session1,intra_session,test,pca_32,nn_erm,0,1,"[0.005138448439538479, 0.7767436504364014, 0.2071516066789627, 0.010966232046484947]"
A05,session1,intra_session,test,pca_32,nn_erm,1,2,"[0.12901651859283447, 0.13289301097393036, 0.7197882533073425, 0.01830221340060234]"
A05,session1,intra_session,test,pca_32,nn_erm,2,2,"[0.2581323981285095, 0.1016240045428276, 0.637792706489563, 0.002450893633067608]"
A05,session1,intra_session,test,pca_32,nn_erm,2,2,"[0.10786345601081848, 0.02258758805692196, 0.8475379943847656, 0.022010985761880875]"
A05,session1,intra_session,test,pca_32,nn_erm,3,3,"[0.05638262629508972, 0.2707826495170593, 0.23935236036777496, 0.4334823787212372]"
A05,session1,intra_session,test,pca_32,nn_erm,0,3,"[0.00011802213703049347, 0.0008133286028169096, 6.633631710428745e-05, 0.9990022778511047]"
A05,session1,intra_session,test,pca_32,nn_erm,1,3,"[0.35954734683036804, 0.04873266816139221, 0.02362702414393425, 0.5680930018424988]"
A05,session1,intra_session,test,pca_32,nn_erm,3,3,"[0.3137214779853821, 0.041760239750146866, 0.11405907571315765, 0.5304592847824097]"
A05,session1,intra_session,test,pca_32,nn_erm,1,3,"[0.35603028535842896, 0.02790667489171028, 0.019355863332748413, 0.5967071652412415]"
A05,session1,intra_session,test,pca_32,nn_erm,2,1,"[0.17630955576896667, 0.4394647181034088, 0.06527956575155258, 0.31894612312316895]"
A05,session1,intra_session,test,pca_32,nn_erm,2,2,"[0.0003934918495360762, 0.15312647819519043, 0.8306788802146912, 0.01580110564827919]"
A05,session1,intra_session,test,pca_32,nn_erm,0,1,"[0.008495406247675419, 0.6591431498527527, 0.0014402061933651567, 0.3309212028980255]"
A05,session1,intra_session,test,pca_32,nn_erm,3,3,"[0.002652580849826336, 0.019493073225021362, 5.119294291944243e-05, 0.977803111076355]"
A05,session1,intra_session,test,pca_32,nn_erm,1,0,"[0.5699107646942139, 0.020863188430666924, 0.24818184971809387, 0.16104426980018616]"
A05,session1,intra_session,test,pca_32,nn_erm,3,2,"[0.11617549508810043, 0.1302858144044876, 0.7400208115577698, 0.01351790688931942]"
A05,session1,intra_session,test,pca_32,nn_erm,0,0,"[0.9583165049552917, 0.015766046941280365, 0.018769074231386185, 0.007148371543735266]"
A05,session1,intra_session,test,pca_32,nn_erm,0,1,"[0.24764348566532135, 0.6093568205833435, 0.14264680445194244, 0.0003528736997395754]"
A05,session1,intra_session,test,pca_32,nn_erm,2,3,"[0.07156088203191757, 0.1486637145280838, 0.0012927091447636485, 0.7784826755523682]"
A05,session1,intra_session,test,pca_32,nn_erm,2,3,"[0.05458291992545128, 0.10151117295026779, 0.010570983402431011, 0.8333349823951721]"
A05,session1,intra_session,test,pca_32,nn_erm,1,2,"[0.009878892451524734, 0.003762808395549655, 0.9788030982017517, 0.007555122021585703]"
A05,session1,intra_session,test,pca_32,nn_erm,3,2,"[0.0010604236740618944, 5.487396137482392e-08, 0.9989386200904846, 9.556712257108302e-07]"
A05,session1,intra_session,test,pca_32,nn_erm,1,1,"[0.07369984686374664, 0.6252093315124512, 0.29979974031448364, 0.0012910673394799232]"
A05,session1,intra_session,test,pca_32,nn_erm,1,0,"[0.5517745614051819, 0.10264892131090164, 0.005579906981438398, 0.3399965763092041]"
A05,session1,intra_session,test,pca_32,nn_erm,0,3,"[0.0005113132647238672, 0.19821317493915558, 0.008381611667573452, 0.7928938865661621]"
A05,session1,intra_session,test,pca_32,nn_erm,1,3,"[0.021920407190918922, 0.265312522649765, 0.024278195574879646, 0.6884888410568237]"
A05,session1,intra_session,test,pca_32,nn_erm,3,2,"[0.0017826372059062123, 0.013353870250284672, 0.9654351472854614, 0.019428415223956108]"
A05,session1,intra_session,test,pca_32,nn_erm,3,3,"[0.02900891937315464, 0.02976757474243641, 0.0016119893407449126, 0.9396116137504578]"
A05,session1,intra_session,test,pca_32,nn_erm,1,3,"[0.25394269824028015, 0.007764494977891445, 0.000453563523478806, 0.7378391623497009]"
A05,session1,intra_session,test,pca_32,nn_erm,1,1,"[9.798393148230389e-05, 0.9657843708992004, 0.032703157514333725, 0.001414528232999146]"
A05,session1,intra_session,test,pca_32,nn_erm,1,3,"[0.06030641868710518, 0.16721682250499725, 0.004708609543740749, 0.767768144607544]"
A05,session1,intra_session,test,pca_32,nn_erm,1,0,"[0.8633914589881897, 0.01821860484778881, 0.09758954495191574, 0.020800402387976646]"
A05,session1,intra_session,test,pca_32,nn_erm,3,3,"[0.07780759036540985, 0.01999364048242569, 0.023177919909358025, 0.8790208101272583]"
A05,session1,intra_session,test,pca_32,nn_erm,3,0,"[0.9447910785675049, 0.028775298967957497, 0.004572230391204357, 0.02186136320233345]"
A05,session1,intra_session,test,pca_32,nn_erm,2,3,"[0.011392386630177498, 0.003212889190763235, 0.00039050827035680413, 0.985004186630249]"
A05,session1,intra_session,test,pca_32,nn_erm,3,2,"[0.022611545398831367, 0.020330877974629402, 0.5093450546264648, 0.44771257042884827]"
A05,session1,intra_session,test,pca_32,nn_erm,0,1,"[0.06723649799823761, 0.809152364730835, 0.04472557455301285, 0.07888559252023697]"
A05,session1,intra_session,test,pca_32,nn_erm,1,3,"[0.0023378999903798103, 0.17054305970668793, 0.0029883168172091246, 0.8241307735443115]"
A05,session1,intra_session,test,pca_32,nn_erm,2,3,"[0.21385638415813446, 0.30572816729545593, 0.04214289039373398, 0.438272625207901]"
A05,session1,intra_session,test,pca_32,nn_erm,1,1,"[0.0503096804022789, 0.5188701152801514, 0.137965127825737, 0.2928551435470581]"
A05,session1,intra_session,test,pca_32,nn_erm,0,0,"[0.8149496912956238, 0.03173903003334999, 0.005566413979977369, 0.14774495363235474]"
A05,session1,intra_session,test,pca_32,nn_erm,3,0,"[0.5100218057632446, 0.3476056456565857, 0.08642304688692093, 0.05594950541853905]"
A05,session1,intra_session,test,pca_32,nn_erm,0,0,"[0.982027530670166, 0.010867954231798649, 0.0032790503464639187, 0.003825505031272769]"
A05,session1,intra_session,test,pca_32,nn_erm,3,0,"[0.9799071550369263, 0.01188608631491661, 0.004137211479246616, 0.004069552291184664]"
A05,session1,intra_session,test,pca_32,nn_erm,0,0,"[0.9754598140716553, 0.0037072557024657726, 0.02027381956577301, 0.000559102394618094]"
A05,session1,intra_session,test,pca_32,nn_erm,0,2,"[0.282269686460495, 0.12949715554714203, 0.5818230509757996, 0.006410141475498676]"
A05,session1,intra_session,test,pca_32,nn_erm,0,0,"[0.550669252872467, 0.1726546585559845, 0.24689161777496338, 0.02978445030748844]"
A05,session1,intra_session,test,pca_32,nn_erm,0,1,"[0.0023686836939305067, 0.7155340909957886, 0.2383556365966797, 0.043741609901189804]"
A05,session1,intra_session,test,pca_32,nn_erm,2,0,"[0.5563174486160278, 0.023097310215234756, 0.06574380397796631, 0.3548414707183838]"
A05,session1,intra_session,test,pca_32,nn_erm,2,1,"[0.005427999887615442, 0.41051074862480164, 0.1858569234609604, 0.39820432662963867]"
A05,session1,intra_session,test,pca_32,nn_erm,3,3,"[0.007746787276118994, 0.03005608357489109, 0.1098707765340805, 0.8523263335227966]"
A05,session1,intra_session,test,pca_32,nn_erm,1,0,"[0.9512185454368591, 0.029461277648806572, 0.004492572043091059, 0.014827622100710869]"
A05,session1,intra_session,test,pca_32,nn_erm,2,0,"[0.826379656791687, 0.09023565798997879, 0.04621587693691254, 0.037168752402067184]"
A05,session1,intra_session,test,pca_32,nn_erm,2,1,"[0.012944533489644527, 0.8652120232582092, 0.11506199836730957, 0.006781395990401506]"
A05,session1,intra_session,test,pca_32,nn_erm,2,0,"[0.5784320831298828, 0.006582413334399462, 0.30790379643440247, 0.10708175599575043]"
A05,session1,intra_session,test,pca_32,nn_erm,3,3,"[0.0684182196855545, 0.03453849256038666, 0.0023039730731397867, 0.8947393298149109]"
A05,session1,intra_session,test,pca_32,nn_erm,2,1,"[0.0065761771984398365, 0.5061763525009155, 0.22966407239437103, 0.257583349943161]"
A05,session1,intra_session,test,pca_32,nn_erm,0,1,"[0.019122710451483727, 0.5540888905525208, 0.36921054124832153, 0.05757781118154526]"
A05,session1,intra_session,test,pca_32,nn_erm,2,0,"[0.6378044486045837, 0.17982079088687897, 0.12481226027011871, 0.05756252631545067]"
A05,session2,intra_session,train,pca_32,nn_erm,0,0,"[0.9998123049736023, 3.4733432130451547e-07, 2.9064853151794523e-05, 0.000158284034114331]"
A05,session2,intra_session,train,pca_32,nn_erm,1,1,"[0.02642573043704033, 0.9649716019630432, 0.008449955843389034, 0.00015273287135642022]"
A05,session2,intra_session,train,pca_32,nn_erm,1,1,"[0.00036005713627673686, 0.991340696811676, 0.008283249102532864, 1.6004354620235972e-05]"
A05,session2,intra_session,train,pca_32,nn_erm,0,0,"[0.9869974851608276, 0.0003893221728503704, 0.010181387886404991, 0.002431849716231227]"
A05,session2,intra_session,train,pca_32,nn_erm,1,1,"[0.000672231602948159, 0.9963381290435791, 8.395898476010188e-05, 0.002905607223510742]"
A05,session2,intra_session,train,pca_32,nn_erm,0,0,"[0.975842297077179, 0.008390609174966812, 0.0006848214543424547, 0.015082282945513725]"
A05,session2,intra_session,train,pca_32,nn_erm,1,1,"[2.1010622219819197e-07, 0.9999997615814209, 6.665121787818862e-08, 2.1106416961402807e-11]"
A05,session2,intra_session,train,pca_32,nn_erm,2,2,"[0.009111043997108936, 0.018214648589491844, 0.9723147749900818, 0.00035958478110842407]"
A05,session2,intra_session,train,pca_32,nn_erm,1,1,"[0.0024434435181319714, 0.9706874489784241, 0.003877759212628007, 0.02299143187701702]"
A05,session2,intra_session,train,pca_32,nn_erm,3,3,"[0.000717712682671845, 0.001365778618492186, 0.026614686474204063, 0.9713019132614136]"
A05,session2,intra_session,train,pca_32,nn_erm,0,0,"[0.9325350522994995, 0.03859656676650047, 0.023832404986023903, 0.00503602996468544]"
A05,session2,intra_session,train,pca_32,nn_erm,2,2,"[0.032517172396183014, 0.04254386946558952, 0.9188318848609924, 0.00610708724707365]"
A05,session2,intra_session,train,pca_32,nn_erm,1,1,"[0.08133351802825928, 0.903863787651062, 0.011928009800612926, 0.0028746500611305237]"
A05,session2,intra_session,train,pca_32,nn_erm,0,0,"[0.9590936303138733, 0.015647899359464645, 0.021211566403508186, 0.004046876914799213]"
A05,session2,intra_session,train,pca_32,nn_erm,3,3,"[0.01097068004310131, 0.0008853341569192708, 0.008346324786543846, 0.9797976613044739]"
A05,session2,intra_session,train,pca_32,nn_erm,3,3,"[0.002422451740130782, 0.02004229836165905, 0.04003491252660751, 0.9375003576278687]"
A05,session2,intra_session,train,pca_32,nn_erm,3,3,"[7.868843385949731e-05, 6.758925155736506e-05, 0.0025568208657205105, 0.9972968697547913]"
A05,session2,intra_session,train,pca_32,nn_erm,3,3,"[0.014129634015262127, 0.006630211602896452, 0.006971733178943396, 0.9722683429718018]"
A05,session2,intra_session,train,pca_32,nn_erm,3,3,"[0.018115121871232986, 0.008061187341809273, 0.008911249227821827, 0.9649124145507812]"
A05,session2,intra_session,train,pca_32,nn_erm,0,0,"[0.9746143221855164, 0.004125542938709259, 0.01762462966144085, 0.003635440720245242]"
A05,session2,intra_session,train,pca_32,nn_erm,2,2,"[0.008997360244393349, 0.0007936656475067139, 0.9895568490028381, 0.0006520712049677968]"
A05,session2,intra_session,train,pca_32,nn_erm,1,1,"[0.0038949744775891304, 0.9415876269340515, 0.031035784631967545, 0.023481585085392]"
A05,session2,intra_session,train,pca_32,nn_erm,0,0,"[0.9734933972358704, 0.0015547961229458451, 0.013728600926697254, 0.011223175562918186]"
A05,session2,intra_session,train,pca_32,nn_erm,0,0,"[0.9964081645011902, 0.002320638857781887, 0.0010361217427998781, 0.00023505768331233412]"
A05,session2,intra_session,train,pca_32,nn_erm,2,2,"[0.017301039770245552, 0.003622200572863221, 0.9761525392532349, 0.0029241791926324368]"
A05,session2,intra_session,train,pca_32,nn_erm,3,3,"[0.0037744096480309963, 0.0013520399807021022, 0.006504650693386793, 0.9883688688278198]"
A05,session2,intra_session,train,pca_32,nn_erm,0,0,"[0.9971044659614563, 1.4753330788153107e-06, 0.0002668621309567243, 0.0026272304821759462]"
A05,session2,intra_session,train,pca_32,nn_erm,2,2,"[0.0017172947991639376, 0.012420713901519775, 0.9832605719566345, 0.002601376036182046]"
A05,session2,intra_session,train,pca_32,nn_erm,2,2,"[0.004669655580073595, 0.0021220101043581963, 0.9606366753578186, 0.032571710646152496]"
A05,session2,intra_session,train,pca_32,nn_erm,2,2,"[0.004124151077121496, 0.004851956851780415, 0.9658806920051575, 0.025143226608633995]"
A05,session2,intra_session,train,pca_32,nn_erm,0,0,"[0.9657686948776245, 0.007475553546100855, 0.022180048748850822, 0.004575655795633793]"
A05,session2,intra_session,train,pca_32,nn_erm,1,1,"[9.12738250917755e-05, 0.9866381883621216, 0.006517232395708561, 0.0067533329129219055]"
A05,session2,intra_session,train,pca_32,nn_erm,0,0,"[0.9623941779136658, 0.0075084613636136055, 0.025783928111195564, 0.0043134018778800964]"
A05,session2,intra_session,train,pca_32,nn_erm,1,1,"[0.013290381990373135, 0.9760996103286743, 0.0003426403854973614, 0.010267348028719425]"
A05,session2,intra_session,train,pca_32,nn_erm,1,1,"[0.0075328233651816845, 0.939102292060852, 0.035609953105449677, 0.01775500550866127]"
A05,session2,intra_session,train,pca_32,nn_erm,0,0,"[0.9650609493255615, 0.003594429697841406, 0.0018237550975754857, 0.029520824551582336]"
A05,session2,intra_session,train,pca_32,nn_erm,1,1,"[0.008888579905033112, 0.9691996574401855, 0.021654877811670303, 0.0002570060023572296]"
A05,session2,intra_session,train,pca_32,nn_erm,2,2,"[0.0008256454020738602, 0.0002551279030740261, 0.9957699179649353, 0.003149377414956689]"
A05,session2,intra_session,train,pca_32,nn_erm,1,1,"[0.0001293597451876849, 0.9841312766075134, 0.013529417105019093, 0.002209925092756748]"
A05,session2,intra_session,train,pca_32,nn_erm,2,2,"[6.172913708724082e-05, 0.009448837488889694, 0.9901339411735535, 0.000355484924511984]"
A05,session2,intra_session,train,pca_32,nn_erm,2,2,"[0.016418052837252617, 0.003919933456927538, 0.9522438049316406, 0.027418140321969986]"
A05,session2,intra_session,train,pca_32,nn_erm,3,3,"[0.01193470973521471, 0.06637722253799438, 0.02838231809437275, 0.8933057188987732]"
A05,session2,intra_session,train,pca_32,nn_erm,2,2,"[0.00851080846041441, 0.060283511877059937, 0.8989763259887695, 0.03222930431365967]"
A05,session2,intra_session,train,pca_32,nn_erm,2,2,"[0.017014045268297195, 0.0012417382095009089, 0.9665688872337341, 0.01517523918300867]"
A05,session2,intra_session,train,pca_32,nn_erm,3,3,"[6.528534868266433e-05, 0.009860319085419178, 0.003313913242891431, 0.9867604970932007]"
A05,session2,intra_session,train,pca_32,nn_erm,3,3,"[0.009776223450899124, 0.01168014295399189, 0.045548778027296066, 0.9329948425292969]"
A05,session2,intra_session,train,pca_32,nn_erm,3,3,"[0.029689690098166466, 0.003018410876393318, 0.03889769688248634, 0.9283941984176636]"
A05,session2,intra_session,train,pca_32,nn_erm,3,3,"[0.025231858715415, 2.2646034267381765e-05, 0.007339506410062313, 0.9674060344696045]"
A05,session2,intra_session,train,pca_32,nn_erm,3,3,"[0.0008370914729312062, 0.0022398482542485, 2.828378273989074e-05, 0.9968947172164917]"
A05,session2,intra_session,train,pca_32,nn_erm,2,2,"[0.0026616835966706276, 0.011437998153269291, 0.983205258846283, 0.0026951180770993233]"
A05,session2,intra_session,train,pca_32,nn_erm,1,1,"[0.011024823412299156, 0.9712972640991211, 0.016074007377028465, 0.0016039239708334208]"
A05,session2,intra_session,train,pca_32,nn_erm,0,0,"[0.9417324662208557, 0.028472835198044777, 0.02200137823820114, 0.007793376687914133]"
A05,session2,intra_session,train,pca_32,nn_erm,0,0,"[0.9973403811454773, 0.001196362660266459, 0.0008762548095546663, 0.0005870169843547046]"
A05,session2,intra_session,train,pca_32,nn_erm,1,1,"[0.0030868782196193933, 0.9827139973640442, 0.01285534631460905, 0.0013437852030619979]"
A05,session2,intra_session,train,pca_32,nn_erm,2,2,"[0.012094149366021156, 0.013075334951281548, 0.9642747640609741, 0.010555759072303772]"
A05,session2,intra_session,train,pca_32,nn_erm,3,3,"[0.003500504419207573, 0.0072985379956662655, 0.0053888713009655476, 0.983812153339386]"
A05,session2,intra_session,train,pca_32,nn_erm,1,1,"[0.01514135766774416, 0.9687854051589966, 0.012059551663696766, 0.004013705998659134]"
A05,session2,intra_session,train,pca_32,nn_erm,2,2,"[0.015139889903366566, 0.027012277394533157, 0.9181100130081177, 0.039737872779369354]"
A05,session2,intra_session,train,pca_32,nn_erm,0,0,"[0.9797343611717224, 0.015368697233498096, 0.0024362269323319197, 0.002460801275447011]"
A05,session2,intra_session,train,pca_32,nn_erm,0,0,"[0.9671515226364136, 0.027619125321507454, 0.0014144524466246367, 0.003814993891865015]"
A05,session2,intra_session,train,pca_32,nn_erm,0,0,"[0.9919026494026184, 0.0003816621610894799, 0.007176908198744059, 0.0005387740093283355]"
A05,session2,intra_session,train,pca_32,nn_erm,3,3,"[0.03140375390648842, 0.004389385227113962, 0.007820083759725094, 0.9563867449760437]"
A05,session2,intra_session,train,pca_32,nn_erm,1,1,"[0.002622243482619524, 0.9911527037620544, 0.005957732442766428, 0.00026728701777756214]"
A05,session2,intra_session,train,pca_32,nn_erm,1,1,"[0.02154896780848503, 0.965064525604248, 0.003589544678106904, 0.009796984493732452]"
A05,session2,intra_session,train,pca_32,nn_erm,0,0,"[0.9843508005142212, 0.0003217263438273221, 0.0018187831155955791, 0.01350867748260498]"
A05,session2,intra_session,train,pca_32,nn_erm,0,0,"[0.9914022088050842, 0.004784716758877039, 0.0007433119462803006, 0.00306983245536685]"
A05,session2,intra_session,train,pca_32,nn_erm,2,2,"[0.006912529468536377, 0.011049989610910416, 0.980888307094574, 0.0011491402983665466]"
A05,session2,intra_session,train,pca_32,nn_erm,0,0,"[0.9774354100227356, 0.002615096513181925, 0.019314195960760117, 0.0006352585041895509]"
A05,session2,intra_session,train,pca_32,nn_erm,1,1,"[0.020112957805395126, 0.9343861937522888, 0.04514390602707863, 0.00035704224137589335]"
A05,session2,intra_session,train,pca_32,nn_erm,3,3,"[0.012415338307619095, 0.000978957861661911, 0.0007620356045663357, 0.9858436584472656]"
A05,session2,intra_session,train,pca_32,nn_erm,3,3,"[0.0004691569192800671, 0.00037895384593866765, 0.01935654506087303, 0.9797953367233276]"
A05,session2,intra_session,train,pca_32,nn_erm,2,2,"[0.0042463429272174835, 0.006097948178648949, 0.9895658493041992, 8.99676451808773e-05]"
A05,session2,intra_session,train,pca_32,nn_erm,0,0,"[0.9512332081794739, 0.041709866374731064, 0.00547785684466362, 0.001579134725034237]"
A05,session2,intra_session,train,pca_32,nn_erm,3,3,"[0.015617300756275654, 0.006600762717425823, 0.0016199677484109998, 0.9761619567871094]"
A05,session2,intra_session,train,pca_32,nn_erm,3,3,"[0.0007679545087739825, 0.011562133207917213, 0.012126442976295948, 0.9755433797836304]"
A05,session2,intra_session,train,pca_32,nn_erm,1,1,"[0.0020961882546544075, 0.9624918103218079, 0.033731184899806976, 0.0016808187356218696]"
A05,session2,intra_session,train,pca_32,nn_erm,3,3,"[0.003227753099054098, 0.01577671803534031, 0.016676396131515503, 0.964319109916687]"
A05,session2,intra_session,train,pca_32,nn_erm,3,3,"[0.0024673452135175467, 0.007319044787436724, 0.008921636268496513, 0.9812920093536377]"
A05,session2,intra_session,train,pca_32,nn_erm,1,1,"[0.044450223445892334, 0.900489091873169, 0.017537634819746017, 0.037522971630096436]"
A05,session2,intra_session,train,pca_32,nn_erm,0,0,"[0.9609053730964661, 0.0009474823018535972, 0.03811490163207054, 3.22543564834632e-05]"
A05,session2,intra_session,train,pca_32,nn_erm,1,1,"[0.003909470047801733, 0.9798295497894287, 0.014931592158973217, 0.0013293965021148324]"
A05,session2,intra_session,train,pca_32,nn_erm,2,2,"[0.00018760235980153084, 0.0033715474419295788, 0.9823771715164185, 0.014063671231269836]"
A05,session2,intra_session,train,pca_32,nn_erm,2,2,"[0.026907948777079582, 0.01665865257382393, 0.9449581503868103, 0.01147526502609253]"
A05,session2,intra_session,train,pca_32,nn_erm,2,2,"[0.009181711822748184, 0.014796819537878036, 0.9594458937644958, 0.016575627028942108]"
A05,session2,intra_session,train,pca_32,nn_erm,3,3,"[0.0006784190773032606, 0.005196643527597189, 0.01020998414605856, 0.9839149713516235]"
A05,session2,intra_session,train,pca_32,nn_erm,2,2,"[0.01500506792217493, 0.005348915699869394, 0.9779416918754578, 0.0017042304389178753]"
A05,session2,intra_session,train,pca_32,nn_erm,0,0,"[0.9520037770271301, 0.007733685430139303, 0.02761787362396717, 0.012644637376070023]"
A05,session2,intra_session,train,pca_32,nn_erm,3,3,"[0.02559010684490204, 0.007405512500554323, 0.0019278937252238393, 0.9650765061378479]"
A05,session2,intra_session,train,pca_32,nn_erm,1,1,"[0.006036904640495777, 0.9790531992912292, 0.014420528896152973, 0.0004893440054729581]"
A05,session2,intra_session,train,pca_32,nn_erm,2,2,"[0.03673253580927849, 0.013208908960223198, 0.9487780928611755, 0.001280532800592482]"
A05,session2,intra_session,train,pca_32,nn_erm,1,1,"[0.009044337086379528, 0.9673287272453308, 0.008109155111014843, 0.015517820604145527]"
A05,session2,intra_session,train,pca_32,nn_erm,2,2,"[0.005000494886189699, 0.01315062865614891, 0.9817088842391968, 0.0001399906468577683]"
A05,session2,intra_session,train,pca_32,nn_erm,3,3,"[6.153679714770988e-05, 0.006589500233530998, 0.005155832041054964, 0.9881932139396667]"
A05,session2,intra_session,train,pca_32,nn_erm,1,1,"[0.0009594701114110649, 0.9923302531242371, 0.005103785544633865, 0.0016065128147602081]"
A05,session2,intra_session,train,pca_32,nn_erm,2,2,"[0.0015865551540628076, 0.005074684042483568, 0.9447022080421448, 0.04863658919930458]"
A05,session2,intra_session,train,pca_32,nn_erm,0,0,"[0.9786263704299927, 0.009265429340302944, 0.011273586191236973, 0.0008346580434590578]"
A05,session2,intra_session,train,pca_32,nn_erm,0,0,"[0.9918574690818787, 1.0232130080112256e-05, 0.0004886206006631255, 0.00764373829588294]"
A05,session2,intra_session,train,pca_32,nn_erm,0,0,"[0.9919725656509399, 0.001779956161044538, 0.0009098936570808291, 0.0053375717252492905]"
A05,session2,intra_session,train,pca_32,nn_erm,3,3,"[0.008630700409412384, 0.0017428408609703183, 0.006676246877759695, 0.9829502105712891]"
A05,session2,intra_session,train,pca_32,nn_erm,1,1,"[0.005170322954654694, 0.9865650534629822, 0.007041842211037874, 0.001222782302647829]"
A05,session2,intra_session,train,pca_32,nn_erm,0,0,"[0.9825749397277832, 0.001643422874622047, 0.0018011656356975436, 0.013980509713292122]"
A05,session2,intra_session,train,pca_32,nn_erm,2,2,"[0.0005874213529750705, 0.02310178242623806, 0.9671803116798401, 0.009130542166531086]"
A05,session2,intra_session,train,pca_32,nn_erm,0,0,"[0.9955846667289734, 0.00026739671011455357, 0.0003071873215958476, 0.0038408359978348017]"
A05,session2,intra_session,train,pca_32,nn_erm,2,2,"[0.0003561899939086288, 0.0027017397806048393, 0.9828201532363892, 0.014121976681053638]"
A05,session2,intra_session,train,pca_32,nn_erm,1,1,"[0.01099353190511465, 0.9753915071487427, 0.012058083899319172, 0.0015567955560982227]"
A05,session2,intra_session,train,pca_32,nn_erm,3,3,"[0.003505100728943944, 4.5376047637546435e-05, 0.001257594209164381, 0.9951920509338379]"
A05,session2,intra_session,train,pca_32,nn_erm,0,0,"[0.9564031362533569, 0.010462398640811443, 0.018801655620336533, 0.014332849532365799]"
A05,session2,intra_session,train,pca_32,nn_erm,2,2,"[0.0005056252703070641, 0.01688210293650627, 0.9801452159881592, 0.002467147307470441]"
A05,session2,intra_session,train,pca_32,nn_erm,2,2,"[0.009966173209249973, 0.0004345773777458817, 0.9871100187301636, 0.002489191945642233]"
A05,session2,intra_session,train,pca_32,nn_erm,0,0,"[0.9948122501373291, 0.000979688367806375, 0.004092735704034567, 0.00011539230035850778]"
A05,session2,intra_session,train,pca_32,nn_erm,2,2,"[0.011287235654890537, 0.008922711946070194, 0.9670302271842957, 0.012759844772517681]"
A05,session2,intra_session,train,pca_32,nn_erm,1,1,"[3.161817221553065e-05, 0.980413019657135, 0.00787112582474947, 0.01168430969119072]"
A05,session2,intra_session,train,pca_32,nn_erm,3,3,"[0.0061866361647844315, 0.0009586707456037402, 0.012595096603035927, 0.9802595973014832]"
A05,session2,intra_session,train,pca_32,nn_erm,3,3,"[0.004631482530385256, 0.003226463682949543, 0.02019798383116722, 0.9719440340995789]"
A05,session2,intra_session,train,pca_32,nn_erm,3,3,"[0.004464208614081144, 0.001348996884189546, 0.022991787642240524, 0.9711949229240417]"
A05,session2,intra_session,train,pca_32,nn_erm,2,2,"[0.015358145348727703, 0.011268441565334797, 0.9602307081222534, 0.013142707757651806]"
A05,session2,intra_session,train,pca_32,nn_erm,0,0,"[0.980426549911499, 1.0009698314661364e-07, 9.008815686684102e-05, 0.019483188167214394]"
A05,session2,intra_session,train,pca_32,nn_erm,3,3,"[0.01367767620831728, 0.001923786592669785, 0.019273564219474792, 0.9651250243186951]"
A05,session2,intra_session,train,pca_32,nn_erm,1,1,"[1.4882155596751545e-07, 0.9816026091575623, 0.002184048993512988, 0.01621311716735363]"
A05,session2,intra_session,train,pca_32,nn_erm,3,3,"[0.009435937739908695, 0.010944084264338017, 0.00993441417813301, 0.9696855545043945]"
A05,session2,intra_session,train,pca_32,nn_erm,1,1,"[0.000187389858183451, 0.9526644945144653, 0.03772599995136261, 0.009422114118933678]"
A05,session2,intra_session,train,pca_32,nn_erm,0,0,"[0.9876275062561035, 0.00016455660806968808, 0.005463033448904753, 0.006744868587702513]"
A05,session2,intra_session,train,pca_32,nn_erm,2,2,"[0.000642681960016489, 0.010291225276887417, 0.9848712086677551, 0.004194937646389008]"
A05,session2,intra_session,train,pca_32,nn_erm,1,1,"[0.020147304981946945, 0.9614909887313843, 0.004746907856315374, 0.01361476443707943]"
A05,session2,intra_session,train,pca_32,nn_erm,0,0,"[0.9756136536598206, 0.00010033108264906332, 0.006263422779738903, 0.018022596836090088]"
A05,session2,intra_session,train,pca_32,nn_erm,2,2,"[0.0191680695861578, 0.005157500971108675, 0.9582536220550537, 0.017420796677470207]"
A05,session2,intra_session,train,pca_32,nn_erm,2,2,"[0.006763475947082043, 0.021817844361066818, 0.9641773104667664, 0.007241352926939726]"
A05,session2,intra_session,train,pca_32,nn_erm,0,0,"[0.9509193301200867, 0.01998877339065075, 0.02635304443538189, 0.002738955430686474]"
A05,session2,intra_session,train,pca_32,nn_erm,2,2,"[0.014638641849160194, 0.013177899643778801, 0.9718841314315796, 0.00029935193015262485]"
A05,session2,intra_session,train,pca_32,nn_erm,3,3,"[0.016693735495209694, 0.012463487684726715, 0.0010128917638212442, 0.969829797744751]"
A05,session2,intra_session,train,pca_32,nn_erm,3,3,"[0.02720694988965988, 0.00014777842443436384, 0.007568045053631067, 0.9650771617889404]"
A05,session2,intra_session,train,pca_32,nn_erm,1,1,"[0.007888379506766796, 0.9301407933235168, 0.043201010674238205, 0.01876978389918804]"
A05,session2,intra_session,train,pca_32,nn_erm,0,0,"[0.9807268381118774, 0.010341172106564045, 0.005767996422946453, 0.003163984976708889]"
A05,session2,intra_session,train,pca_32,nn_erm,1,1,"[0.0009058868745341897, 0.9561159014701843, 0.03289378806948662, 0.010084477253258228]"
A05,session2,intra_session,train,pca_32,nn_erm,3,3,"[0.000317684025503695, 0.0010627639712765813, 0.008545855060219765, 0.9900738000869751]"
A05,session2,intra_session,train,pca_32,nn_erm,1,1,"[0.007225057575851679, 0.9911171197891235, 0.00035822304198518395, 0.0012996125733479857]"
A05,session2,intra_session,train,pca_32,nn_erm,3,3,"[0.014201497659087181, 0.00044574649655260146, 0.008310853503644466, 0.9770419001579285]"
A05,session2,intra_session,train,pca_32,nn_erm,2,2,"[0.01216797437518835, 0.02975522167980671, 0.9376199245452881, 0.0204569511115551]"
A05,session2,intra_session,train,pca_32,nn_erm,1,1,"[5.773624707217095e-07, 0.9927064776420593, 0.007111928425729275, 0.00018108179210685194]"
A05,session2,intra_session,train,pca_32,nn_erm,1,1,"[0.00017282090266235173, 0.9971402883529663, 0.002218961948528886, 0.0004680002748500556]"
A05,session2,intra_session,train,pca_32,nn_erm,1,1,"[0.0015258097555488348, 0.9816491007804871, 0.015715118497610092, 0.0011099232360720634]"
A05,session2,intra_session,train,pca_32,nn_erm,2,2,"[0.031045107170939445, 0.00042317857150919735, 0.9406126141548157, 0.02791902795433998]"
A05,session2,intra_session,train,pca_32,nn_erm,3,3,"[0.002821465255692601, 0.00026880649966187775, 0.003439410589635372, 0.993470311164856]"
A05,session2,intra_session,train,pca_32,nn_erm,0,0,"[0.9451867341995239, 0.011206058785319328, 0.025346877053380013, 0.0182602871209383]"
A05,session2,intra_session,train,pca_32,nn_erm,1,1,"[0.0016321945004165173, 0.9884138703346252, 0.005190066993236542, 0.004763924982398748]"
A05,session2,intra_session,train,pca_32,nn_erm,3,3,"[0.0010508733103051782, 0.003966502379626036, 0.005851813592016697, 0.9891308546066284]"
A05,session2,intra_session,train,pca_32,nn_erm,0,0,"[0.9682335257530212, 0.009753910824656487, 0.009535383433103561, 0.012477190233767033]"
A05,session2,intra_session,train,pca_32,nn_erm,2,2,"[0.0039518969133496284, 0.005004038568586111, 0.9910426139831543, 1.431630835213582e-06]"
A05,session2,intra_session,train,pca_32,nn_erm,2,2,"[0.0013372702524065971, 0.0012656933395192027, 0.9970808625221252, 0.00031613692408427596]"
A05,session2,intra_session,train,pca_32,nn_erm,3,3,"[0.0022326631005853415, 0.031195851042866707, 0.010416092351078987, 0.9561553597450256]"
A05,session2,intra_session,train,pca_32,nn_erm,0,0,"[0.9798923134803772, 0.019468208774924278, 0.0005884331767447293, 5.1166731282137334e-05]"
A05,session2,intra_session,train,pca_32,nn_erm,0,0,"[0.9938097596168518, 0.002465363359078765, 0.003642924828454852, 8.203908510040492e-05]"
A05,session2,intra_session,train,pca_32,nn_erm,2,2,"[0.007560540921986103, 0.003993837162852287, 0.942884624004364, 0.04556098207831383]"
A05,session2,intra_session,train,pca_32,nn_erm,1,1,"[0.008501035161316395, 0.9739349484443665, 0.011819842271506786, 0.00574412290006876]"
A05,session2,intra_session,train,pca_32,nn_erm,3,3,"[4.84232609565538e-09, 0.015585198998451233, 0.0038542221300303936, 0.9805605411529541]"
A05,session2,intra_session,train,pca_32,nn_erm,3,3,"[0.0016826966311782598, 0.011769800446927547, 0.034328848123550415, 0.9522185921669006]"
A05,session2,intra_session,train,pca_32,nn_erm,3,3,"[0.028957676142454147, 0.019658001139760017, 0.007691741455346346, 0.9436925649642944]"
A05,session2,intra_session,train,pca_32,nn_erm,1,1,"[0.010815585032105446, 0.9681825041770935, 0.020533988252282143, 0.00046787847531959414]"
A05,session2,intra_session,train,pca_32,nn_erm,0,0,"[0.9900335669517517, 0.0017888449365273118, 0.006067444104701281, 0.0021100600715726614]"
A05,session2,intra_session,train,pca_32,nn_erm,2,2,"[0.002792965155094862, 0.04114820063114166, 0.9525923132896423, 0.0034665626008063555]"
A05,session2,intra_session,train,pca_32,nn_erm,1,1,"[0.0016882726922631264, 0.9866160154342651, 0.006769497878849506, 0.004926248919218779]"
A05,session2,intra_session,train,pca_32,nn_erm,3,3,"[0.0001912118896143511, 0.000582727137953043, 0.023462042212486267, 0.9757639765739441]"
A05,session2,intra_session,train,pca_32,nn_erm,0,0,"[0.9970898032188416, 0.00026068786974065006, 0.0010837833397090435, 0.001565725659020245]"
A05,session2,intra_session,train,pca_32,nn_erm,3,3,"[0.01445202250033617, 0.010120379738509655, 0.01966499537229538, 0.9557626247406006]"
A05,session2,intra_session,train,pca_32,nn_erm,2,2,"[0.0007241707644425333, 0.004927344154566526, 0.9921070337295532, 0.0022415213752537966]"
A05,session2,intra_session,train,pca_32,nn_erm,1,1,"[0.002261312445625663, 0.9958871006965637, 0.0014685300411656499, 0.00038306848728097975]"
A05,session2,intra_session,train,pca_32,nn_erm,3,3,"[0.0027476875111460686, 0.00542266434058547, 0.0007182818371802568, 0.9911113381385803]"
A05,session2,intra_session,train,pca_32,nn_erm,3,3,"[9.812427015276626e-05, 0.031439874321222305, 0.014032469131052494, 0.9544295072555542]"
A05,session2,intra_session,train,pca_32,nn_erm,0,0,"[0.9726436734199524, 0.014088939875364304, 0.005349994171410799, 0.0079174330458045]"
A05,session2,intra_session,train,pca_32,nn_erm,1,1,"[0.008617270737886429, 0.9850631952285767, 0.005209169816225767, 0.0011103498982265592]"
A05,session2,intra_session,train,pca_32,nn_erm,1,1,"[0.001073799910955131, 0.9951362013816833, 0.003590949112549424, 0.00019906071247532964]"
A05,session2,intra_session,train,pca_32,nn_erm,2,2,"[0.004351357463747263, 0.020707886666059494, 0.959873616695404, 0.015067082829773426]"
A05,session2,intra_session,train,pca_32,nn_erm,3,3,"[0.008278043009340763, 0.004511360079050064, 0.01957443729043007, 0.9676361680030823]"
A05,session2,intra_session,train,pca_32,nn_erm,1,1,"[8.196624548872933e-06, 0.9946452379226685, 0.0053014131262898445, 4.5158201828598976e-05]"
A05,session2,intra_session,train,pca_32,nn_erm,0,0,"[0.9657266736030579, 0.006662137806415558, 0.02194114215672016, 0.005670055281370878]"
A05,session2,intra_session,train,pca_32,nn_erm,0,0,"[0.9691647887229919, 0.004659638740122318, 0.009318179450929165, 0.016857312992215157]"
A05,session2,intra_session,train,pca_32,nn_erm,3,3,"[0.012635912746191025, 0.004324429668486118, 0.009680444374680519, 0.9733591675758362]"
A05,session2,intra_session,train,pca_32,nn_erm,1,1,"[0.015415212139487267, 0.9742138981819153, 0.007413598243147135, 0.0029572434723377228]"
A05,session2,intra_session,train,pca_32,nn_erm,0,0,"[0.9734445810317993, 0.013885652646422386, 0.007329020649194717, 0.00534077500924468]"
A05,session2,intra_session,train,pca_32,nn_erm,2,2,"[5.828325083712116e-05, 0.011072439141571522, 0.9783777594566345, 0.010491462424397469]"
A05,session2,intra_session,train,pca_32,nn_erm,1,1,"[0.001566686318255961, 0.996272087097168, 0.0021105213090777397, 5.0671522330958396e-05]"
A05,session2,intra_session,train,pca_32,nn_erm,1,1,"[0.00025450249086134136, 0.9989280104637146, 0.0006976364529691637, 0.00011974360677413642]"
A05,session2,intra_session,train,pca_32,nn_erm,2,2,"[0.0004414920404087752, 0.01420509722083807, 0.9824385046958923, 0.0029148368630558252]"
A05,session2,intra_session,train,pca_32,nn_erm,0,0,"[0.9638479948043823, 0.0011929870815947652, 0.010654608719050884, 0.024304348975419998]"
A05,session2,intra_session,train,pca_32,nn_erm,3,3,"[0.007460729219019413, 0.006349977571517229, 0.0451117604970932, 0.9410775303840637]"
A05,session2,intra_session,train,pca_32,nn_erm,2,2,"[0.02597529999911785, 0.0007057865732349455, 0.9729973077774048, 0.00032156147062778473]"
A05,session2,intra_session,train,pca_32,nn_erm,2,2,"[0.024201342836022377, 0.012981295585632324, 0.933057427406311, 0.029759880155324936]"
A05,session2,intra_session,train,pca_32,nn_erm,2,2,"[0.0008038686937652528, 0.01764783449470997, 0.9712926745414734, 0.010255636647343636]"
A05,session2,intra_session,train,pca_32,nn_erm,2,2,"[0.0004659679834730923, 0.028049156069755554, 0.9590988159179688, 0.012386083602905273]"
A05,session2,intra_session,train,pca_32,nn_erm,0,0,"[0.9777381420135498, 0.010430827736854553, 0.005348934326320887, 0.006482039578258991]"
A05,session2,intra_session,train,pca_32,nn_erm,1,1,"[0.005840676836669445, 0.9798117280006409, 0.0018487132620066404, 0.012498890049755573]"
A05,session2,intra_session,train,pca_32,nn_erm,0,0,"[0.9460736513137817, 0.0010949111310765147, 0.02266557887196541, 0.030165860429406166]"
A05,session2,intra_session,train,pca_32,nn_erm,1,1,"[0.0011165906907990575, 0.933148980140686, 0.05450452119112015, 0.01122993417084217]"
A05,session2,intra_session,train,pca_32,nn_erm,0,0,"[0.9888458847999573, 0.0007866570958867669, 0.010254793800413609, 0.00011267821537330747]"
A05,session2,intra_session,train,pca_32,nn_erm,0,0,"[0.9546499848365784, 0.032728809863328934, 0.009324795566499233, 0.0032964267302304506]"
A05,session2,intra_session,train,pca_32,nn_erm,2,2,"[0.00970453955233097, 0.019382698461413383, 0.9613558053970337, 0.009557000361382961]"
A05,session2,intra_session,train,pca_32,nn_erm,2,2,"[0.009532798081636429, 0.00786157138645649, 0.973304271697998, 0.009301365353167057]"
A05,session2,intra_session,train,pca_32,nn_erm,1,1,"[0.0060467650182545185, 0.9758105278015137, 0.00817885436117649, 0.009963832795619965]"
A05,session2,intra_session,train,pca_32,nn_erm,2,2,"[0.001141166314482689, 0.03608819097280502, 0.9590518474578857, 0.0037187468260526657]"
A05,session2,intra_session,train,pca_32,nn_erm,3,3,"[0.05509292334318161, 0.0011841056402772665, 0.003593702334910631, 0.940129280090332]"
A05,session2,intra_session,train,pca_32,nn_erm,0,0,"[0.9497339725494385, 0.015031351707875729, 0.007560595404356718, 0.027674058452248573]"
A05,session2,intra_session,test,pca_32,nn_erm,3,0,"[0.9339374899864197, 0.04701795428991318, 0.018959036096930504, 8.544159936718643e-05]"
A05,session2,intra_session,test,pca_32,nn_erm,0,2,"[0.11616820096969604, 0.09124966710805893, 0.7825039029121399, 0.01007815171033144]"
A05,session2,intra_session,test,pca_32,nn_erm,0,1,"[0.015137501060962677, 0.5048037171363831, 0.47405242919921875, 0.006006286013871431]"
A05,session2,intra_session,test,pca_32,nn_erm,1,0,"[0.6095459461212158, 0.1301475614309311, 0.24417592585086823, 0.016130516305565834]"
A05,session2,intra_session,test,pca_32,nn_erm,3,3,"[0.001304943929426372, 0.07412804663181305, 0.22399170696735382, 0.7005752921104431]"
A05,session2,intra_session,test,pca_32,nn_erm,2,1,"[0.12786222994327545, 0.5378898978233337, 0.3250662684440613, 0.00918152742087841]"
A05,session2,intra_session,test,pca_32,nn_erm,1,0,"[0.7087345719337463, 0.12940514087677002, 0.13639749586582184, 0.025462733581662178]"
A05,session2,intra_session,test,pca_32,nn_erm,3,0,"[0.9362127780914307, 1.0407760782982223e-05, 0.05751281604170799, 0.006263955030590296]"
A05,session2,intra_session,test,pca_32,nn_erm,2,3,"[0.0009734792984090745, 0.004008237272500992, 0.38333046436309814, 0.6116878986358643]"
A05,session2,intra_session,test,pca_32,nn_erm,3,2,"[0.005151956342160702, 0.33214253187179565, 0.6564798951148987, 0.0062255170196294785]"
A05,session2,intra_session,test,pca_32,nn_erm,2,0,"[0.4966350495815277, 0.06899010390043259, 0.4042951464653015, 0.030079692602157593]"
A05,session2,intra_session,test,pca_32,nn_erm,3,2,"[0.01547850389033556, 0.0028289358597248793, 0.8533564209938049, 0.12833605706691742]"
A05,session2,intra_session,test,pca_32,nn_erm,1,0,"[0.9015535712242126, 0.006027260795235634, 0.08028902113437653, 0.01213014405220747]"
A05,session2,intra_session,test,pca_32,nn_erm,1,1,"[0.3082839548587799, 0.5096217393875122, 0.11734255403280258, 0.06475170701742172]"
A05,session2,intra_session,test,pca_32,nn_erm,3,2,"[0.2295382171869278, 0.03325190395116806, 0.6692314743995667, 0.0679783970117569]"
A05,session2,intra_session,test,pca_32,nn_erm,0,3,"[0.010686260648071766, 0.018631989136338234, 0.16525620222091675, 0.8054255843162537]"
A05,session2,intra_session,test,pca_32,nn_erm,1,2,"[0.00674915686249733, 0.049687352031469345, 0.9386478662490845, 0.0049155717715620995]"
A05,session2,intra_session,test,pca_32,nn_erm,1,2,"[0.1295033097267151, 0.22376075387001038, 0.5152902007102966, 0.13144579529762268]"
A05,session2,intra_session,test,pca_32,nn_erm,1,2,"[0.017458409070968628, 0.3562748432159424, 0.567757785320282, 0.05850885808467865]"
A05,session2,intra_session,test,pca_32,nn_erm,2,2,"[0.09098708629608154, 0.06778416037559509, 0.6257473230361938, 0.21548137068748474]"
A05,session2,intra_session,test,pca_32,nn_erm,3,2,"[0.008287823759019375, 0.008146651089191437, 0.9807820320129395, 0.002783489180728793]"
A05,session2,intra_session,test,pca_32,nn_erm,0,0,"[0.7167696356773376, 0.2527305483818054, 0.022511962801218033, 0.0079879155382514]"
A05,session2,intra_session,test,pca_32,nn_erm,3,3,"[0.19631853699684143, 0.2529199421405792, 0.25298646092414856, 0.297775000333786]"
A05,session2,intra_session,test,pca_32,nn_erm,0,2,"[0.006055998615920544, 0.03423625975847244, 0.7958498597145081, 0.16385780274868011]"
A05,session2,intra_session,test,pca_32,nn_erm,2,1,"[0.008330135606229305, 0.7076979875564575, 0.2818264663219452, 0.002145441249012947]"
A05,session2,intra_session,test,pca_32,nn_erm,0,0,"[0.9786567091941833, 3.258204014855437e-05, 0.02102493681013584, 0.00028584382380358875]"
A05,session2,intra_session,test,pca_32,nn_erm,3,2,"[0.07680071890354156, 0.016572577878832817, 0.8717820048332214, 0.03484468534588814]"
A05,session2,intra_session,test,pca_32,nn_erm,0,2,"[0.3327268064022064, 0.010628316551446915, 0.6302608847618103, 0.026383955031633377]"
A05,session2,intra_session,test,pca_32,nn_erm,2,3,"[0.0006312702316790819, 0.04594548046588898, 0.01366624515503645, 0.9397569894790649]"
A05,session2,intra_session,test,pca_32,nn_erm,0,2,"[0.004391176160424948, 0.042559415102005005, 0.9221376776695251, 0.030911730602383614]"
A05,session2,intra_session,test,pca_32,nn_erm,1,2,"[0.00539327971637249, 0.05555449798703194, 0.9272494912147522, 0.011802765540778637]"
A05,session2,intra_session,test,pca_32,nn_erm,2,2,"[0.03842860460281372, 0.008619674481451511, 0.9497661590576172, 0.0031856291461735964]"
A05,session2,intra_session,test,pca_32,nn_erm,2,2,"[0.216033935546875, 0.09937889873981476, 0.6591616868972778, 0.02542540617287159]"
A05,session2,intra_session,test,pca_32,nn_erm,3,2,"[0.0009300325764343143, 0.00567059637978673, 0.9844931364059448, 0.008906167931854725]"
A05,session2,intra_session,test,pca_32,nn_erm,0,1,"[2.9939445084892213e-05, 0.6787643432617188, 0.16328297555446625, 0.15792284905910492]"
A05,session2,intra_session,test,pca_32,nn_erm,1,2,"[0.10881362110376358, 0.0007714529056102037, 0.8801514506340027, 0.010263483040034771]"
A05,session2,intra_session,test,pca_32,nn_erm,3,1,"[0.0001542274112580344, 0.9988125562667847, 0.0010299256537109613, 3.3393691865057917e-06]"
A05,session2,intra_session,test,pca_32,nn_erm,1,2,"[0.11796680837869644, 0.009707505814731121, 0.8345018625259399, 0.03782380372285843]"
A05,session2,intra_session,test,pca_32,nn_erm,2,1,"[0.004450681619346142, 0.7318386435508728, 0.2623617649078369, 0.0013489543925970793]"
A05,session2,intra_session,test,pca_32,nn_erm,2,1,"[0.009440824389457703, 0.706885576248169, 0.22793489694595337, 0.05573872849345207]"
A05,session2,intra_session,test,pca_32,nn_erm,0,3,"[0.03614738583564758, 0.15364530682563782, 0.007121186703443527, 0.8030861020088196]"
A05,session2,intra_session,test,pca_32,nn_erm,3,0,"[0.4020920991897583, 0.0002792509621940553, 0.27508100867271423, 0.3225476145744324]"
A05,session2,intra_session,test,pca_32,nn_erm,1,2,"[0.007000933401286602, 0.3236364722251892, 0.3821588456630707, 0.28720375895500183]"
A05,session2,intra_session,test,pca_32,nn_erm,3,1,"[0.1412649154663086, 0.5123658180236816, 0.3457483947277069, 0.0006209128769114614]"
A05,session2,intra_session,test,pca_32,nn_erm,0,2,"[0.006628202274441719, 0.07019363343715668, 0.6100272536277771, 0.3131508529186249]"
A05,session2,intra_session,test,pca_32,nn_erm,0,2,"[0.011482322588562965, 0.20002689957618713, 0.4002056419849396, 0.3882851004600525]"
A05,session2,intra_session,test,pca_32,nn_erm,2,2,"[0.001008520252071321, 0.12049194425344467, 0.45959869027137756, 0.4189007878303528]"
A05,session2,intra_session,test,pca_32,nn_erm,2,1,"[0.009147117845714092, 0.4775732159614563, 0.037527624517679214, 0.475752055644989]"
A05,session2,intra_session,test,pca_32,nn_erm,1,2,"[0.1964903622865677, 0.13884148001670837, 0.5453594923019409, 0.11930874735116959]"
A05,session2,intra_session,test,pca_32,nn_erm,3,2,"[0.3107852637767792, 0.02743491530418396, 0.4201976954936981, 0.2415822148323059]"
A05,session2,intra_session,test,pca_32,nn_erm,1,2,"[0.0014199453871697187, 0.06024247407913208, 0.6515517830848694, 0.2867858111858368]"
A05,session2,intra_session,test,pca_32,nn_erm,1,2,"[0.11148970574140549, 0.0070621538907289505, 0.8776580095291138, 0.003790097776800394]"
A05,session2,intra_session,test,pca_32,nn_erm,0,0,"[0.9378358721733093, 0.01647404208779335, 0.006326040253043175, 0.03936406597495079]"
A05,session2,intra_session,test,pca_32,nn_erm,1,0,"[0.9154240489006042, 0.011616377159953117, 0.06790172308683395, 0.0050579397939145565]"
A05,session2,intra_session,test,pca_32,nn_erm,3,1,"[0.0020818242337554693, 0.9258973598480225, 0.0702691525220871, 0.0017517146188765764]"
A05,session2,intra_session,test,pca_32,nn_erm,3,2,"[0.012273004278540611, 0.09633031487464905, 0.731850266456604, 0.15954644978046417]"
A05,session2,intra_session,test,pca_32,nn_erm,1,2,"[0.12324781715869904, 0.004835634492337704, 0.8274061679840088, 0.044510334730148315]"
A05,session2,intra_session,test,pca_32,nn_erm,1,2,"[0.10460373759269714, 0.32575830817222595, 0.3279314637184143, 0.24170652031898499]"
A05,session2,intra_session,test,pca_32,nn_erm,1,0,"[0.5773180723190308, 0.16461825370788574, 0.1692955493927002, 0.08876817673444748]"
A05,session2,intra_session,test,pca_32,nn_erm,1,2,"[8.938219252740964e-05, 0.44820088148117065, 0.4888920783996582, 0.06281757354736328]"
A05,session2,intra_session,test,pca_32,nn_erm,3,1,"[0.047943953424692154, 0.4148520827293396, 0.40589281916618347, 0.1313110738992691]"
A05,session2,intra_session,test,pca_32,nn_erm,3,1,"[0.02022133208811283, 0.6874760985374451, 0.29220885038375854, 9.3704009486828e-05]"
A05,session2,intra_session,test,pca_32,nn_erm,2,1,"[0.013681023381650448, 0.7409175634384155, 0.11444254219532013, 0.13095881044864655]"
A05,session2,intra_session,test,pca_32,nn_erm,3,2,"[0.30206266045570374, 0.051214613020420074, 0.5602771639823914, 0.0864456295967102]"
A05,session2,intra_session,test,pca_32,nn_erm,0,2,"[0.17788679897785187, 0.04041880741715431, 0.7746382355690002, 0.007056104484945536]"
A05,session2,intra_session,test,pca_32,nn_erm,1,2,"[0.13683979213237762, 0.11760374903678894, 0.5588994026184082, 0.18665701150894165]"
A05,session2,intra_session,test,pca_32,nn_erm,2,2,"[0.14597222208976746, 0.05696573480963707, 0.6413789391517639, 0.1556830257177353]"
A05,session2,intra_session,test,pca_32,nn_erm,1,2,"[0.3488883376121521, 0.1151009202003479, 0.517240583896637, 0.01877012848854065]"
A05,session2,intra_session,test,pca_32,nn_erm,0,2,"[0.018239377066493034, 0.0043935347348451614, 0.5836084485054016, 0.393758624792099]"
A05,session2,intra_session,test,pca_32,nn_erm,3,2,"[0.2658487856388092, 0.2882382273674011, 0.3981890082359314, 0.04772396385669708]"
A05,session2,intra_session,test,pca_32,nn_erm,0,0,"[0.7747571468353271, 0.0960756465792656, 0.09695641696453094, 0.03221078962087631]"
A05,session2,intra_session,test,pca_32,nn_erm,3,3,"[0.24304898083209991, 0.011305036023259163, 0.055282481014728546, 0.6903634667396545]"
A05,session2,intra_session,test,pca_32,nn_erm,0,2,"[0.04512028768658638, 0.12915045022964478, 0.7996576428413391, 0.026071565225720406]"
A05,session2,intra_session,test,pca_32,nn_erm,0,0,"[0.8816303610801697, 0.10881927609443665, 0.006074103992432356, 0.0034763021394610405]"
A05,session2,intra_session,test,pca_32,nn_erm,0,2,"[0.2824353873729706, 0.06372805684804916, 0.6323269605636597, 0.021509645506739616]"
A05,session2,intra_session,test,pca_32,nn_erm,0,0,"[0.6029185652732849, 0.24446696043014526, 0.14375905692577362, 0.008855408988893032]"
A05,session2,intra_session,test,pca_32,nn_erm,2,2,"[0.016716374084353447, 0.025184549391269684, 0.49202609062194824, 0.46607300639152527]"
A05,session2,intra_session,test,pca_32,nn_erm,2,0,"[0.6925848722457886, 0.02188839577138424, 0.1784001886844635, 0.10712657868862152]"
A05,session2,intra_session,test,pca_32,nn_erm,3,3,"[0.012420408427715302, 0.029240258038043976, 0.04144306108355522, 0.9168962836265564]"
A05,session2,intra_session,test,pca_32,nn_erm,1,0,"[0.7729933261871338, 0.01824840158224106, 0.07801753282546997, 0.130740687251091]"
A05,session2,intra_session,test,pca_32,nn_erm,2,2,"[0.0004824964562430978, 0.0026338929310441017, 0.9935830235481262, 0.0033005005680024624]"
A05,session2,intra_session,test,pca_32,nn_erm,2,1,"[0.004482056479901075, 0.9649083018302917, 0.029346715658903122, 0.0012629230041056871]"
A05,session2,intra_session,test,pca_32,nn_erm,2,0,"[0.7126426696777344, 0.025707246735692024, 0.23201943933963776, 0.029630722478032112]"
A05,session2,intra_session,test,pca_32,nn_erm,3,3,"[0.0045435200445353985, 0.21981358528137207, 0.06149349734187126, 0.7141494750976562]"
A05,session2,intra_session,test,pca_32,nn_erm,2,2,"[0.2662161588668823, 0.05680622160434723, 0.668012261390686, 0.008965354412794113]"
A05,session2,intra_session,test,pca_32,nn_erm,0,2,"[0.3084161579608917, 0.044000547379255295, 0.40308400988578796, 0.24449926614761353]"
A05,session2,intra_session,test,pca_32,nn_erm,2,2,"[0.06319626420736313, 0.1831095814704895, 0.7229181528091431, 0.03077591024339199]"
A06,session1,intra_session,train,pca_32,nn_erm,3,3,"[0.03824929893016815, 0.025160033255815506, 0.019128207117319107, 0.9174624681472778]"
A06,session1,intra_session,train,pca_32,nn_erm,1,1,"[0.010003051720559597, 0.9136373400688171, 0.00012064175825798884, 0.07623893022537231]"
A06,session1,intra_session,train,pca_32,nn_erm,1,1,"[0.01600741036236286, 0.9713885188102722, 0.0006403647712431848, 0.011963685974478722]"
A06,session1,intra_session,train,pca_32,nn_erm,0,0,"[0.996009111404419, 0.0015119798481464386, 0.00015765742864459753, 0.0023211566731333733]"
A06,session1,intra_session,train,pca_32,nn_erm,3,3,"[0.013586524873971939, 0.03924627602100372, 0.032781846821308136, 0.9143853783607483]"
A06,session1,intra_session,train,pca_32,nn_erm,3,3,"[0.007294534705579281, 0.04311498999595642, 0.008374471217393875, 0.9412160515785217]"
A06,session1,intra_session,train,pca_32,nn_erm,2,2,"[0.0021004898007959127, 0.016138408333063126, 0.9804019331932068, 0.0013592405011877418]"
A06,session1,intra_session,train,pca_32,nn_erm,1,1,"[0.014272141270339489, 0.9152176976203918, 0.005954775959253311, 0.06455539911985397]"
A06,session1,intra_session,train,pca_32,nn_erm,2,2,"[0.025926919654011726, 0.0014667207142338157, 0.958895742893219, 0.013710620813071728]"
A06,session1,intra_session,train,pca_32,nn_erm,0,0,"[0.9991593360900879, 8.499532850692049e-05, 6.19065758655779e-05, 0.0006936835707165301]"
A06,session1,intra_session,train,pca_32,nn_erm,0,0,"[0.9798076152801514, 0.0002184515178669244, 0.019938502460718155, 3.546022708178498e-05]"
A06,session1,intra_session,train,pca_32,nn_erm,1,1,"[0.0059906612150371075, 0.9438584446907043, 0.003410522360354662, 0.046740368008613586]"
A06,session1,intra_session,train,pca_32,nn_erm,3,3,"[0.012133195996284485, 0.056512895971536636, 0.029526112601161003, 0.9018277525901794]"
A06,session1,intra_session,train,pca_32,nn_erm,3,3,"[0.008709962479770184, 0.04629659652709961, 0.011098659597337246, 0.9338947534561157]"
A06,session1,intra_session,train,pca_32,nn_erm,1,1,"[0.012300059199333191, 0.9518164992332458, 0.002569121541455388, 0.033314354717731476]"
A06,session1,intra_session,train,pca_32,nn_erm,3,3,"[0.00010530782310524955, 0.0014512964989989996, 0.01315622590482235, 0.9852871894836426]"
A06,session1,intra_session,train,pca_32,nn_erm,2,2,"[0.014906453900039196, 0.00031824232428334653, 0.9680625796318054, 0.016712620854377747]"
A06,session1,intra_session,train,pca_32,nn_erm,2,2,"[0.004991916939616203, 0.00021665377425961196, 0.9498686194419861, 0.0449228398501873]"
A06,session1,intra_session,train,pca_32,nn_erm,2,2,"[0.02285337820649147, 0.00014544458827003837, 0.9766532778739929, 0.0003478489234112203]"
A06,session1,intra_session,train,pca_32,nn_erm,0,0,"[0.8920063376426697, 0.005140242166817188, 0.003249958623200655, 0.09960348904132843]"
A06,session1,intra_session,train,pca_32,nn_erm,2,2,"[0.06213698908686638, 0.1041448637843132, 0.8148835301399231, 0.018834713846445084]"
A06,session1,intra_session,train,pca_32,nn_erm,0,0,"[0.9873065948486328, 0.0002537091786507517, 0.012194056063890457, 0.0002456996589899063]"
A06,session1,intra_session,train,pca_32,nn_erm,2,2,"[0.0016929877456277609, 0.0002498617395758629, 0.9947357773780823, 0.0033213463611900806]"
A06,session1,intra_session,train,pca_32,nn_erm,2,2,"[0.0011778639163821936, 0.007485362701117992, 0.9648614525794983, 0.026475301012396812]"
A06,session1,intra_session,train,pca_32,nn_erm,0,0,"[0.9497518539428711, 0.04142313450574875, 0.00044716178672388196, 0.008377846330404282]"
A06,session1,intra_session,train,pca_32,nn_erm,0,0,"[0.9426841735839844, 0.009142168797552586, 0.04135841876268387, 0.00681523559615016]"
A06,session1,intra_session,train,pca_32,nn_erm,1,1,"[0.003399310167878866, 0.9870096445083618, 0.002726917155086994, 0.006864042486995459]"
A06,session1,intra_session,train,pca_32,nn_erm,1,1,"[0.00019084932864643633, 0.9848885536193848, 0.0012719727819785476, 0.013648664578795433]"
A06,session1,intra_session,train,pca_32,nn_erm,0,0,"[0.9232662916183472, 0.024414371699094772, 0.04883104935288429, 0.0034883185289800167]"
A06,session1,intra_session,train,pca_32,nn_erm,2,2,"[0.004855956416577101, 0.018474195152521133, 0.943292498588562, 0.0333772711455822]"
A06,session1,intra_session,train,pca_32,nn_erm,1,1,"[0.001795093878172338, 0.9848604798316956, 0.00657928129658103, 0.0067652552388608456]"
A06,session1,intra_session,train,pca_32,nn_erm,3,3,"[0.0016630891477689147, 0.0035423412919044495, 0.0716475248336792, 0.9231470823287964]"
A06,session1,intra_session,train,pca_32,nn_erm,3,3,"[0.04058228060603142, 0.04568364843726158, 0.024509597569704056, 0.8892245292663574]"
A06,session1,intra_session,train,pca_32,nn_erm,0,0,"[0.955076277256012, 0.011845095083117485, 0.013488516211509705, 0.019590061157941818]"
A06,session1,intra_session,train,pca_32,nn_erm,3,3,"[0.028003714978694916, 0.023605791851878166, 0.037509072571992874, 0.9108813405036926]"
A06,session1,intra_session,train,pca_32,nn_erm,0,0,"[0.9871981739997864, 0.0028623894322663546, 0.0034178742207586765, 0.006521593313664198]"
A06,session1,intra_session,train,pca_32,nn_erm,3,3,"[0.017313679680228233, 0.0942389965057373, 0.00475975451990962, 0.8836876153945923]"
A06,session1,intra_session,train,pca_32,nn_erm,1,1,"[0.012501278892159462, 0.9635406732559204, 0.01727992855012417, 0.006678141187876463]"
A06,session1,intra_session,train,pca_32,nn_erm,2,2,"[0.0002859692904166877, 0.002268742071464658, 0.9769615530967712, 0.020483776926994324]"
A06,session1,intra_session,train,pca_32,nn_erm,3,3,"[0.00018344663840252906, 0.04999329894781113, 0.001072271028533578, 0.948750913143158]"
A06,session1,intra_session,train,pca_32,nn_erm,1,1,"[0.02865186147391796, 0.9674258828163147, 0.0002973961818497628, 0.0036248071119189262]"
A06,session1,intra_session,train,pca_32,nn_erm,2,2,"[0.0020189047791063786, 0.0018686138791963458, 0.9657861590385437, 0.03032631054520607]"
A06,session1,intra_session,train,pca_32,nn_erm,1,1,"[0.04598230496048927, 0.8572183847427368, 0.05478563904762268, 0.04201367869973183]"
A06,session1,intra_session,train,pca_32,nn_erm,2,2,"[0.0013731579529121518, 0.04275854304432869, 0.8550980687141418, 0.10077018290758133]"
A06,session1,intra_session,train,pca_32,nn_erm,0,0,"[0.9600712060928345, 0.030293559655547142, 0.005699620116502047, 0.003935587592422962]"
A06,session1,intra_session,train,pca_32,nn_erm,1,1,"[0.013526741415262222, 0.8099425435066223, 0.010922317393124104, 0.16560839116573334]"
A06,session1,intra_session,train,pca_32,nn_erm,3,3,"[0.0013975462643429637, 0.005109277553856373, 0.03497891500592232, 0.9585142135620117]"
A06,session1,intra_session,train,pca_32,nn_erm,0,0,"[0.9481602311134338, 0.04093606397509575, 0.0017117895185947418, 0.00919184647500515]"
A06,session1,intra_session,train,pca_32,nn_erm,2,2,"[0.012464173138141632, 0.07562769949436188, 0.8954939842224121, 0.016414180397987366]"
A06,session1,intra_session,train,pca_32,nn_erm,0,0,"[0.9938462376594543, 0.003040303708985448, 0.0003455649712122977, 0.0027678317856043577]"
A06,session1,intra_session,train,pca_32,nn_erm,0,0,"[0.9615874290466309, 0.0019931080751121044, 0.03593573346734047, 0.000483661046018824]"
A06,session1,intra_session,train,pca_32,nn_erm,3,3,"[0.002697503427043557, 0.0013321639271453023, 0.003914211876690388, 0.9920561909675598]"
A06,session1,intra_session,train,pca_32,nn_erm,0,0,"[0.992985188961029, 0.0029353871941566467, 0.0011477823136374354, 0.002931632800027728]"
A06,session1,intra_session,train,pca_32,nn_erm,3,3,"[3.141250999760814e-05, 0.006412678863853216, 0.001969014061614871, 0.9915869235992432]"
A06,session1,intra_session,train,pca_32,nn_erm,3,3,"[4.270153510788077e-07, 0.004654098302125931, 0.01533711887896061, 0.9800083637237549]"
A06,session1,intra_session,train,pca_32,nn_erm,1,1,"[0.008778312243521214, 0.948575496673584, 0.03625788167119026, 0.0063883159309625626]"
A06,session1,intra_session,train,pca_32,nn_erm,3,3,"[0.00028105624369345605, 0.009445136412978172, 0.0006579947657883167, 0.989615797996521]"
A06,session1,intra_session,train,pca_32,nn_erm,1,1,"[0.04408498853445053, 0.9017930626869202, 0.003998197615146637, 0.05012369900941849]"
A06,session1,intra_session,train,pca_32,nn_erm,3,3,"[0.00014634482795372605, 0.030145520344376564, 0.0005996024701744318, 0.969108521938324]"
A06,session1,intra_session,train,pca_32,nn_erm,2,2,"[0.10657697916030884, 4.676070966525003e-05, 0.8827741146087646, 0.010602147318422794]"
A06,session1,intra_session,train,pca_32,nn_erm,0,0,"[0.9122670888900757, 0.005707903765141964, 0.024089420214295387, 0.057935621589422226]"
A06,session1,intra_session,train,pca_32,nn_erm,1,1,"[0.01340282429009676, 0.9651427865028381, 0.015992825850844383, 0.0054616183042526245]"
A06,session1,intra_session,train,pca_32,nn_erm,2,2,"[0.014002387411892414, 0.002255787141621113, 0.897135317325592, 0.08660659193992615]"
A06,session1,intra_session,train,pca_32,nn_erm,0,0,"[0.9451194405555725, 0.005809782072901726, 0.04463654384016991, 0.004434279631823301]"
A06,session1,intra_session,train,pca_32,nn_erm,0,0,"[0.9042164087295532, 0.0007964228861965239, 0.042525459080934525, 0.05246172472834587]"
A06,session1,intra_session,train,pca_32,nn_erm,3,3,"[0.030458927154541016, 0.013299694284796715, 0.11276509612798691, 0.8434762954711914]"
A06,session1,intra_session,train,pca_32,nn_erm,3,3,"[0.004827101714909077, 0.00037808853085152805, 0.023776572197675705, 0.9710182547569275]"
A06,session1,intra_session,train,pca_32,nn_erm,1,1,"[0.009740184061229229, 0.9512952566146851, 0.0007644319557584822, 0.03820015490055084]"
A06,session1,intra_session,train,pca_32,nn_erm,0,0,"[0.9518689513206482, 0.012317282147705555, 0.014288815669715405, 0.021524960175156593]"
A06,session1,intra_session,train,pca_32,nn_erm,2,2,"[0.0035839853808283806, 0.004384511616080999, 0.9866197109222412, 0.005411779973655939]"
A06,session1,intra_session,train,pca_32,nn_erm,3,3,"[0.0030463167931884527, 0.017479458823800087, 0.0006189909181557596, 0.9788551926612854]"
A06,session1,intra_session,train,pca_32,nn_erm,3,3,"[0.0019025499932467937, 0.0037985139060765505, 0.09646352380514145, 0.897835373878479]"
A06,session1,intra_session,train,pca_32,nn_erm,3,3,"[0.0010521466610953212, 0.03810840845108032, 0.003918590024113655, 0.9569208025932312]"
A06,session1,intra_session,train,pca_32,nn_erm,2,2,"[0.004627172369509935, 0.0050465818494558334, 0.9396803379058838, 0.05064593628048897]"
A06,session1,intra_session,train,pca_32,nn_erm,2,2,"[0.00042621034663170576, 0.005773952696472406, 0.9334427118301392, 0.06035717576742172]"
A06,session1,intra_session,train,pca_32,nn_erm,2,2,"[2.039952050836291e-05, 0.000203394636628218, 0.9933484196662903, 0.006427815183997154]"
A06,session1,intra_session,train,pca_32,nn_erm,0,0,"[0.9815929532051086, 0.006537103559821844, 0.0016413718694821, 0.010228568688035011]"
A06,session1,intra_session,train,pca_32,nn_erm,1,1,"[0.003328087506815791, 0.9603517055511475, 0.006549803540110588, 0.02977040223777294]"
A06,session1,intra_session,train,pca_32,nn_erm,1,1,"[0.014945032075047493, 0.9393212199211121, 0.015161371789872646, 0.03057238645851612]"
A06,session1,intra_session,train,pca_32,nn_erm,1,1,"[0.004142495337873697, 0.9712355136871338, 0.02145533077418804, 0.0031665738206356764]"
A06,session1,intra_session,train,pca_32,nn_erm,2,2,"[0.005254713818430901, 0.00942748412489891, 0.9575576186180115, 0.027760084718465805]"
A06,session1,intra_session,train,pca_32,nn_erm,2,2,"[0.0026087292935699224, 0.00026412252918817103, 0.9804881811141968, 0.016638971865177155]"
A06,session1,intra_session,train,pca_32,nn_erm,1,1,"[0.0021138640586286783, 0.9446238279342651, 0.004961149301379919, 0.04830113798379898]"
A06,session1,intra_session,train,pca_32,nn_erm,2,2,"[0.006959275342524052, 0.013731286861002445, 0.974220335483551, 0.005089128389954567]"
A06,session1,intra_session,train,pca_32,nn_erm,0,0,"[0.9376106262207031, 0.029778538271784782, 0.029703164473176003, 0.0029077332001179457]"
A06,session1,intra_session,train,pca_32,nn_erm,2,2,"[0.016023477539420128, 0.007738563232123852, 0.9704653024673462, 0.0057727498933672905]"
A06,session1,intra_session,train,pca_32,nn_erm,2,2,"[0.005457273684442043, 0.0009476249688304961, 0.9862686991691589, 0.007326450664550066]"
A06,session1,intra_session,train,pca_32,nn_erm,1,1,"[0.016105860471725464, 0.9584799408912659, 0.015549223870038986, 0.0098649300634861]"
A06,session1,intra_session,train,pca_32,nn_erm,1,1,"[0.0001566371793160215, 0.9922852516174316, 0.0008897000807337463, 0.006668310612440109]"
A06,session1,intra_session,train,pca_32,nn_erm,0,0,"[0.9834060668945312, 0.011499779298901558, 0.004214997868984938, 0.0008791396976448596]"
A06,session1,intra_session,train,pca_32,nn_erm,1,1,"[0.042060382664203644, 0.8754578232765198, 0.026470934972167015, 0.056010786443948746]"
A06,session1,intra_session,train,pca_32,nn_erm,0,0,"[0.9971603155136108, 0.00017583181033842266, 0.002625253750011325, 3.8623798900516704e-05]"
A06,session1,intra_session,train,pca_32,nn_erm,0,0,"[0.9434776306152344, 0.011449513956904411, 0.022598152980208397, 0.022474611178040504]"
A06,session1,intra_session,train,pca_32,nn_erm,3,3,"[0.0035493639297783375, 0.003960561007261276, 0.0036599868908524513, 0.988830029964447]"
A06,session1,intra_session,train,pca_32,nn_erm,3,3,"[0.03981355205178261, 0.15106622874736786, 0.09389112144708633, 0.7152290940284729]"
A06,session1,intra_session,train,pca_32,nn_erm,1,1,"[0.011210722848773003, 0.9711880683898926, 0.0021204513031989336, 0.015480744652450085]"
A06,session1,intra_session,train,pca_32,nn_erm,1,1,"[0.024825578555464745, 0.9596904516220093, 0.0021186366211622953, 0.013365335762500763]"
A06,session1,intra_session,train,pca_32,nn_erm,3,3,"[0.0016662481939420104, 1.7697715520625934e-05, 4.670739883749775e-08, 0.9983160495758057]"
A06,session1,intra_session,train,pca_32,nn_erm,0,0,"[0.9711593985557556, 0.005094130989164114, 0.004979092162102461, 0.01876734010875225]"
A06,session1,intra_session,train,pca_32,nn_erm,3,3,"[0.0015773606719449162, 0.00860396958887577, 0.012033705599606037, 0.9777849912643433]"
A06,session1,intra_session,train,pca_32,nn_erm,1,1,"[0.006428283639252186, 0.9836348295211792, 0.008102308958768845, 0.0018346519209444523]"
A06,session1,intra_session,train,pca_32,nn_erm,3,3,"[7.799952072673477e-06, 0.001009759958833456, 0.0032518452499061823, 0.9957305788993835]"
A06,session1,intra_session,train,pca_32,nn_erm,0,0,"[0.9766676425933838, 0.005100428592413664, 0.01785266399383545, 0.0003792028874158859]"
A06,session1,intra_session,train,pca_32,nn_erm,1,1,"[0.009307186119258404, 0.9696327447891235, 0.015129972249269485, 0.005930038634687662]"
A06,session1,intra_session,train,pca_32,nn_erm,3,3,"[0.00919045228511095, 0.01743318885564804, 0.0051377806812524796, 0.9682385921478271]"
A06,session1,intra_session,train,pca_32,nn_erm,3,3,"[0.00823003239929676, 0.0010423880303278565, 0.005222690757364035, 0.9855049252510071]"
A06,session1,intra_session,train,pca_32,nn_erm,1,1,"[0.0013065123930573463, 0.998365581035614, 0.0002592869277577847, 6.863314774818718e-05]"
A06,session1,intra_session,train,pca_32,nn_erm,2,2,"[0.003255904419347644, 0.002293153665959835, 0.990202784538269, 0.004248156677931547]"
A06,session1,intra_session,train,pca_32,nn_erm,1,1,"[0.00021838740212842822, 0.9860536456108093, 0.00030955745023675263, 0.013418463990092278]"
A06,session1,intra_session,train,pca_32,nn_erm,0,0,"[0.9765300750732422, 0.023109715431928635, 0.0001538467186037451, 0.00020632270025089383]"
A06,session1,intra_session,train,pca_32,nn_erm,0,0,"[0.9770095348358154, 0.02157776430249214, 0.0011760182678699493, 0.0002367179695283994]"
A06,session1,intra_session,train,pca_32,nn_erm,1,1,"[0.006714921910315752, 0.9727029800415039, 0.006806321907788515, 0.013775791972875595]"
A06,session1,intra_session,train,pca_32,nn_erm,3,3,"[0.0010672261705622077, 0.0018287179991602898, 0.01744316890835762, 0.9796608686447144]"
A06,session1,intra_session,train,pca_32,nn_erm,0,0,"[0.9638961553573608, 0.023817602545022964, 0.006516563706099987, 0.005769717041403055]"
A06,session1,intra_session,train,pca_32,nn_erm,3,3,"[0.031548526138067245, 0.042498230934143066, 0.008602192625403404, 0.9173511266708374]"
A06,session1,intra_session,train,pca_32,nn_erm,1,1,"[0.10713213682174683, 0.8533175587654114, 0.03037646785378456, 0.009173857048153877]"
A06,session1,intra_session,train,pca_32,nn_erm,0,0,"[0.971051037311554, 0.020045943558216095, 0.0002832947066053748, 0.008619755506515503]"
A06,session1,intra_session,train,pca_32,nn_erm,2,2,"[0.004779119044542313, 0.0011078997049480677, 0.9865858554840088, 0.00752711808308959]"
A06,session1,intra_session,train,pca_32,nn_erm,2,2,"[0.022790439426898956, 0.014050811529159546, 0.9616274237632751, 0.001531335641629994]"
A06,session1,intra_session,train,pca_32,nn_erm,0,0,"[0.8702330589294434, 0.09209023416042328, 0.02854914590716362, 0.009127607569098473]"
A06,session1,intra_session,train,pca_32,nn_erm,1,1,"[0.004325497895479202, 0.9709513783454895, 0.006925265770405531, 0.017797837033867836]"
A06,session1,intra_session,train,pca_32,nn_erm,3,3,"[6.573669816134498e-05, 0.014051427133381367, 0.014855630695819855, 0.9710271954536438]"
A06,session1,intra_session,train,pca_32,nn_erm,2,2,"[0.0008396331104449928, 9.173370926873758e-05, 0.9936664700508118, 0.005402215290814638]"
A06,session1,intra_session,train,pca_32,nn_erm,2,2,"[0.005754560697823763, 0.011170596815645695, 0.979414165019989, 0.0036607631482183933]"
A06,session1,intra_session,train,pca_32,nn_erm,2,2,"[0.0024197353050112724, 0.02110726572573185, 0.9758800268173218, 0.0005929243052378297]"
A06,session1,intra_session,train,pca_32,nn_erm,2,2,"[0.0012396202655509114, 0.0009370325715281069, 0.9977776408195496, 4.5675049477722496e-05]"
A06,session1,intra_session,train,pca_32,nn_erm,0,0,"[0.9788321256637573, 0.0003886826743837446, 0.020557979121804237, 0.0002212054969277233]"
A06,session1,intra_session,train,pca_32,nn_erm,2,2,"[0.005867231637239456, 0.0034932647831737995, 0.9905388355255127, 0.00010062900400953367]"
A06,session1,intra_session,train,pca_32,nn_erm,3,3,"[0.006039912346750498, 0.0008620144799351692, 0.012815892696380615, 0.9802820682525635]"
A06,session1,intra_session,train,pca_32,nn_erm,2,2,"[0.00011233747500227764, 2.7481924917083234e-05, 0.9998156428337097, 4.447779429028742e-05]"
A06,session1,intra_session,train,pca_32,nn_erm,0,0,"[0.9917275905609131, 0.00394978653639555, 0.004109865054488182, 0.00021276919869706035]"
A06,session1,intra_session,train,pca_32,nn_erm,2,2,"[0.002997772302478552, 0.00244923890568316, 0.9933235049247742, 0.0012295637279748917]"
A06,session1,intra_session,train,pca_32,nn_erm,0,0,"[0.947654128074646, 0.006758177652955055, 0.015639642253518105, 0.029947947710752487]"
A06,session1,intra_session,train,pca_32,nn_erm,3,3,"[0.0013918752083554864, 0.0023727454245090485, 2.2614671252085827e-05, 0.9962127208709717]"
A06,session1,intra_session,train,pca_32,nn_erm,0,0,"[0.9998236298561096, 9.122450705945084e-07, 1.902167969092261e-05, 0.00015641562640666962]"
A06,session1,intra_session,train,pca_32,nn_erm,1,1,"[0.00019044536747969687, 0.9997566342353821, 2.7685533154908626e-07, 5.2626219257945195e-05]"
A06,session1,intra_session,train,pca_32,nn_erm,2,2,"[0.016192544251680374, 0.0006607622490264475, 0.9831424355506897, 4.231473667459795e-06]"
A06,session1,intra_session,train,pca_32,nn_erm,1,1,"[0.009705353528261185, 0.9744905829429626, 0.012037758715450764, 0.003766306908801198]"
A06,session1,intra_session,train,pca_32,nn_erm,0,0,"[0.989700198173523, 0.004358187317848206, 0.005912379361689091, 2.9222685043350793e-05]"
A06,session1,intra_session,train,pca_32,nn_erm,1,1,"[0.0053019411861896515, 0.9762505888938904, 0.0047270674258470535, 0.013720402494072914]"
A06,session1,intra_session,train,pca_32,nn_erm,1,1,"[0.0026238609571009874, 0.9944102168083191, 0.002437257906422019, 0.0005287206149660051]"
A06,session1,intra_session,train,pca_32,nn_erm,3,3,"[0.006162864621728659, 0.003584417048841715, 0.012554331682622433, 0.9776983857154846]"
A06,session1,intra_session,train,pca_32,nn_erm,2,2,"[0.01635420322418213, 0.014868314377963543, 0.9637485146522522, 0.005028960295021534]"
A06,session1,intra_session,train,pca_32,nn_erm,3,3,"[0.0057625239714980125, 0.006636955309659243, 0.006947481073439121, 0.9806530475616455]"
A06,session1,intra_session,train,pca_32,nn_erm,0,0,"[0.9937350153923035, 0.004840237554162741, 1.0878124157898128e-05, 0.0014138765400275588]"
A06,session1,intra_session,train,pca_32,nn_erm,0,0,"[0.9500501155853271, 0.03885176032781601, 0.0009164322982542217, 0.010181726887822151]"
A06,session1,intra_session,train,pca_32,nn_erm,1,1,"[0.025687286630272865, 0.9731035232543945, 0.00034977958421222866, 0.0008593825623393059]"
A06,session1,intra_session,train,pca_32,nn_erm,3,3,"[0.00017282183398492634, 0.0023834258317947388, 0.013986526057124138, 0.9834572672843933]"
A06,session1,intra_session,train,pca_32,nn_erm,0,0,"[0.9805464148521423, 0.001169121591374278, 0.0008494734647683799, 0.017434993758797646]"
A06,session1,intra_session,train,pca_32,nn_erm,3,3,"[0.003547241911292076, 2.197757930844091e-05, 5.86675523663871e-05, 0.9963721036911011]"
A06,session1,intra_session,train,pca_32,nn_erm,3,3,"[0.0006161968922242522, 0.010700609534978867, 0.014744451269507408, 0.9739388227462769]"
A06,session1,intra_session,train,pca_32,nn_erm,3,3,"[0.0023986410815268755, 0.05880630388855934, 0.005024950951337814, 0.9337700009346008]"
A06,session1,intra_session,train,pca_32,nn_erm,0,0,"[0.9947891235351562, 0.0016619147500023246, 0.00014237537106964737, 0.0034065742511302233]"
A06,session1,intra_session,train,pca_32,nn_erm,2,2,"[0.019428635016083717, 0.0023783354554325342, 0.9758850932121277, 0.0023078257218003273]"
A06,session1,intra_session,train,pca_32,nn_erm,3,3,"[3.1239265808835626e-05, 0.004075114615261555, 0.01323010679334402, 0.9826634526252747]"
A06,session1,intra_session,train,pca_32,nn_erm,3,3,"[1.3590682101494167e-05, 0.0014307537348940969, 4.129112858208828e-05, 0.9985143542289734]"
A06,session1,intra_session,train,pca_32,nn_erm,1,1,"[0.017071271315217018, 0.9799612164497375, 0.000794744526501745, 0.0021727303974330425]"
A06,session1,intra_session,train,pca_32,nn_erm,1,1,"[0.016976628452539444, 0.9819384813308716, 0.00011762107897084206, 0.000967185536865145]"
A06,session1,intra_session,train,pca_32,nn_erm,3,3,"[0.00011188841017428786, 0.030440155416727066, 0.004968291148543358, 0.9644796252250671]"
A06,session1,intra_session,train,pca_32,nn_erm,0,0,"[0.9793619513511658, 0.0005466704606078565, 0.003963874652981758, 0.01612750254571438]"
A06,session1,intra_session,train,pca_32,nn_erm,3,3,"[0.028815051540732384, 0.019075561314821243, 0.008546480908989906, 0.9435629844665527]"
A06,session1,intra_session,train,pca_32,nn_erm,2,2,"[0.0003872347588185221, 0.0007176919025368989, 0.9961339235305786, 0.002761158626526594]"
A06,session1,intra_session,train,pca_32,nn_erm,1,1,"[0.03841557726264, 0.9559308886528015, 0.0014010801678523421, 0.004252472892403603]"
A06,session1,intra_session,train,pca_32,nn_erm,2,2,"[0.006601135712116957, 2.9589340556412935e-05, 0.9933564066886902, 1.2789691936632153e-05]"
A06,session1,intra_session,train,pca_32,nn_erm,1,1,"[0.04495776444673538, 0.9423704147338867, 0.00040947465458884835, 0.0122624346986413]"
A06,session1,intra_session,train,pca_32,nn_erm,3,3,"[0.00202656676992774, 0.0004758684663102031, 0.007767476607114077, 0.9897301197052002]"
A06,session1,intra_session,train,pca_32,nn_erm,0,0,"[0.9686781167984009, 0.009351174347102642, 0.0038883695378899574, 0.018082348629832268]"
A06,session1,intra_session,train,pca_32,nn_erm,0,0,"[0.947025716304779, 0.008233191445469856, 0.010903690941631794, 0.03383737802505493]"
A06,session1,intra_session,train,pca_32,nn_erm,1,1,"[0.002411413239315152, 0.9722389578819275, 0.017536846920847893, 0.007812870666384697]"
A06,session1,intra_session,train,pca_32,nn_erm,2,2,"[0.022781068459153175, 0.0030934419482946396, 0.9612798690795898, 0.012845606543123722]"
A06,session1,intra_session,train,pca_32,nn_erm,0,0,"[0.9773368239402771, 0.01587527245283127, 0.006475424859672785, 0.00031251966720446944]"
A06,session1,intra_session,train,pca_32,nn_erm,3,3,"[0.01674593612551689, 0.0003325070138089359, 0.013905156403779984, 0.9690164923667908]"
A06,session1,intra_session,train,pca_32,nn_erm,0,0,"[0.9776325225830078, 0.004246826283633709, 0.014436102472245693, 0.003684618277475238]"
A06,session1,intra_session,train,pca_32,nn_erm,2,2,"[5.338992195902392e-06, 1.7470041711931117e-05, 0.974772572517395, 0.025204632431268692]"
A06,session1,intra_session,train,pca_32,nn_erm,2,2,"[0.0012006908655166626, 0.0008228301885537803, 0.9932461977005005, 0.004730220418423414]"
A06,session1,intra_session,train,pca_32,nn_erm,2,2,"[0.0061646453104913235, 0.00489598885178566, 0.9807028770446777, 0.008236515335738659]"
A06,session1,intra_session,train,pca_32,nn_erm,1,1,"[0.00036526547046378255, 0.9810664653778076, 0.0016448653768748045, 0.016923323273658752]"
A06,session1,intra_session,train,pca_32,nn_erm,1,1,"[0.0012393216602504253, 0.9957081079483032, 0.0012101642787456512, 0.0018424447625875473]"
A06,session1,intra_session,train,pca_32,nn_erm,1,1,"[0.009291522204875946, 0.9856104254722595, 0.001024311175569892, 0.004073767922818661]"
A06,session1,intra_session,train,pca_32,nn_erm,2,2,"[0.01774543523788452, 0.006837404333055019, 0.9575236439704895, 0.01789354532957077]"
A06,session1,intra_session,train,pca_32,nn_erm,0,0,"[0.9909900426864624, 0.004407895728945732, 0.0012077783467248082, 0.003394172992557287]"
A06,session1,intra_session,train,pca_32,nn_erm,1,1,"[0.004131498746573925, 0.9922072291374207, 0.00209159217774868, 0.001569673651829362]"
A06,session1,intra_session,train,pca_32,nn_erm,0,0,"[0.994005024433136, 0.005283189471811056, 0.0001585914724273607, 0.0005532847717404366]"
A06,session1,intra_session,train,pca_32,nn_erm,3,3,"[0.0001352895051240921, 0.0006959230522625148, 0.00225115311332047, 0.9969176054000854]"
A06,session1,intra_session,train,pca_32,nn_erm,3,3,"[0.018731340765953064, 0.001276420196518302, 0.0003234018513467163, 0.9796687960624695]"
A06,session1,intra_session,train,pca_32,nn_erm,2,2,"[0.0024502696469426155, 0.0047346423380076885, 0.9926044940948486, 0.00021066608314868063]"
A06,session1,intra_session,train,pca_32,nn_erm,2,2,"[6.632958957197843e-06, 6.9911047830828466e-06, 0.9992530941963196, 0.0007332441164180636]"
A06,session1,intra_session,train,pca_32,nn_erm,1,1,"[0.0005635506240651011, 0.9950600266456604, 0.0025742449797689915, 0.001802213373593986]"
A06,session1,intra_session,train,pca_32,nn_erm,1,1,"[0.001589067978784442, 0.9453438520431519, 0.03058372251689434, 0.02248327247798443]"
A06,session1,intra_session,train,pca_32,nn_erm,0,0,"[0.9870700836181641, 0.0027861534617841244, 0.006228534504771233, 0.003915283363312483]"
A06,session1,intra_session,train,pca_32,nn_erm,2,2,"[0.004265740979462862, 0.0008670263341628015, 0.9675132632255554, 0.02735394425690174]"
A06,session1,intra_session,train,pca_32,nn_erm,2,2,"[0.020568981766700745, 0.03870149701833725, 0.9364644885063171, 0.004265029449015856]"
A06,session1,intra_session,train,pca_32,nn_erm,3,3,"[0.001143667963333428, 0.00238185771740973, 0.01157798245549202, 0.9848965406417847]"
A06,session1,intra_session,train,pca_32,nn_erm,0,0,"[0.9958040118217468, 0.00169639871455729, 0.002141152508556843, 0.0003584437654353678]"
A06,session1,intra_session,train,pca_32,nn_erm,2,2,"[0.001322816708125174, 0.0003587107639759779, 0.974739134311676, 0.023579314351081848]"
A06,session1,intra_session,train,pca_32,nn_erm,3,3,"[0.07643897831439972, 0.0024350781459361315, 0.0331331267952919, 0.8879929184913635]"
A06,session1,intra_session,train,pca_32,nn_erm,1,1,"[0.0032848201226443052, 0.9933133721351624, 0.0021622576750814915, 0.0012395580997690558]"
A06,session1,intra_session,train,pca_32,nn_erm,1,1,"[0.0018400169210508466, 0.9538916349411011, 0.0403895303606987, 0.003878860268741846]"
A06,session1,intra_session,train,pca_32,nn_erm,2,2,"[0.007825837470591068, 0.005406734999269247, 0.9609805941581726, 0.02578684501349926]"
A06,session1,intra_session,train,pca_32,nn_erm,2,2,"[0.0003739990934263915, 0.011088769882917404, 0.9641596078872681, 0.02437756396830082]"
A06,session1,intra_session,train,pca_32,nn_erm,0,0,"[0.9530209898948669, 0.0219955425709486, 0.01358657144010067, 0.011396854184567928]"
A06,session1,intra_session,test,pca_32,nn_erm,0,0,"[0.4327356219291687, 0.34160107374191284, 0.09538640826940536, 0.1302768737077713]"
A06,session1,intra_session,test,pca_32,nn_erm,1,2,"[0.009883507154881954, 0.019825510680675507, 0.9680726528167725, 0.00221841293387115]"
A06,session1,intra_session,test,pca_32,nn_erm,1,0,"[0.6312882900238037, 0.24995219707489014, 0.04333297535777092, 0.07542653381824493]"
A06,session1,intra_session,test,pca_32,nn_erm,0,1,"[0.01997334696352482, 0.6087235808372498, 0.36611390113830566, 0.005189167335629463]"
A06,session1,intra_session,test,pca_32,nn_erm,3,2,"[0.07733463495969772, 0.06565806269645691, 0.8267546892166138, 0.03025258146226406]"
A06,session1,intra_session,test,pca_32,nn_erm,0,0,"[0.7083843350410461, 0.25084835290908813, 0.009195118211209774, 0.031572163105010986]"
A06,session1,intra_session,test,pca_32,nn_erm,1,2,"[0.16469024121761322, 0.3698158860206604, 0.37175795435905457, 0.09373597800731659]"
A06,session1,intra_session,test,pca_32,nn_erm,2,2,"[0.02350430190563202, 0.002103820675984025, 0.9700871109962463, 0.004304819740355015]"
A06,session1,intra_session,test,pca_32,nn_erm,0,3,"[0.38935142755508423, 0.08604659140110016, 0.06403134018182755, 0.46057063341140747]"
A06,session1,intra_session,test,pca_32,nn_erm,3,3,"[0.03692410886287689, 0.05947168916463852, 0.21058239042758942, 0.693021833896637]"
A06,session1,intra_session,test,pca_32,nn_erm,1,1,"[0.013855593279004097, 0.8080663084983826, 0.06926625221967697, 0.10881191492080688]"
A06,session1,intra_session,test,pca_32,nn_erm,1,3,"[0.0654328390955925, 0.20975361764431, 0.29528459906578064, 0.42952898144721985]"
A06,session1,intra_session,test,pca_32,nn_erm,1,3,"[0.1172381043434143, 0.02156711369752884, 0.0927220806479454, 0.7684727907180786]"
A06,session1,intra_session,test,pca_32,nn_erm,0,1,"[0.16905094683170319, 0.7337988615036011, 0.021452492102980614, 0.07569774985313416]"
A06,session1,intra_session,test,pca_32,nn_erm,1,0,"[0.6039543151855469, 0.05642649531364441, 0.08248845487833023, 0.25713077187538147]"
A06,session1,intra_session,test,pca_32,nn_erm,1,0,"[0.7252641320228577, 0.19908347725868225, 0.07305776327848434, 0.002594602992758155]"
A06,session1,intra_session,test,pca_32,nn_erm,0,2,"[0.13838018476963043, 0.24205654859542847, 0.5532934665679932, 0.06626978516578674]"
A06,session1,intra_session,test,pca_32,nn_erm,3,1,"[0.13739480078220367, 0.5782365202903748, 0.16151084005832672, 0.12285788357257843]"
A06,session1,intra_session,test,pca_32,nn_erm,3,1,"[0.269677072763443, 0.6265342235565186, 0.06088016554713249, 0.042908526957035065]"
A06,session1,intra_session,test,pca_32,nn_erm,3,1,"[0.061867643147706985, 0.7886635661125183, 0.04237264022231102, 0.10709618031978607]"
A06,session1,intra_session,test,pca_32,nn_erm,0,2,"[0.11269401013851166, 0.03145435452461243, 0.8246181011199951, 0.031233588233590126]"
A06,session1,intra_session,test,pca_32,nn_erm,0,0,"[0.8380141258239746, 0.017612673342227936, 0.13886889815330505, 0.005504267290234566]"
A06,session1,intra_session,test,pca_32,nn_erm,2,3,"[0.19726482033729553, 0.14548254013061523, 0.042868196964263916, 0.6143844127655029]"
A06,session1,intra_session,test,pca_32,nn_erm,3,1,"[0.17780545353889465, 0.5496892929077148, 0.026158053427934647, 0.24634717404842377]"
A06,session1,intra_session,test,pca_32,nn_erm,3,3,"[0.1626017838716507, 0.3142111301422119, 0.14803442358970642, 0.3751525580883026]"
A06,session1,intra_session,test,pca_32,nn_erm,2,2,"[0.01661253534257412, 0.049410924315452576, 0.6095249652862549, 0.3244515657424927]"
A06,session1,intra_session,test,pca_32,nn_erm,1,0,"[0.5978420972824097, 0.16052718460559845, 0.011935064569115639, 0.22969569265842438]"
A06,session1,intra_session,test,pca_32,nn_erm,2,3,"[0.2724171280860901, 0.2651635408401489, 0.05560936778783798, 0.4068099856376648]"
A06,session1,intra_session,test,pca_32,nn_erm,3,2,"[0.06345611065626144, 0.07905270904302597, 0.8183535933494568, 0.039137519896030426]"
A06,session1,intra_session,test,pca_32,nn_erm,3,1,"[0.0002380364021519199, 0.9797704219818115, 0.00010581847163848579, 0.01988578587770462]"
A06,session1,intra_session,test,pca_32,nn_erm,0,0,"[0.6190363168716431, 0.07061463594436646, 0.25337713956832886, 0.05697192624211311]"
A06,session1,intra_session,test,pca_32,nn_erm,2,1,"[0.01578817516565323, 0.9610961675643921, 0.01294717751443386, 0.010168449953198433]"
A06,session1,intra_session,test,pca_32,nn_erm,2,0,"[0.6173527836799622, 0.12887796759605408, 0.20891553163528442, 0.04485372081398964]"
A06,session1,intra_session,test,pca_32,nn_erm,2,3,"[0.0175976250320673, 0.028324464336037636, 0.3092430830001831, 0.6448347568511963]"
A06,session1,intra_session,test,pca_32,nn_erm,2,3,"[0.06949452310800552, 0.2139575481414795, 0.24000053107738495, 0.4765474796295166]"
A06,session1,intra_session,test,pca_32,nn_erm,0,1,"[0.09365229308605194, 0.8071590662002563, 0.01998879201710224, 0.07919985055923462]"
A06,session1,intra_session,test,pca_32,nn_erm,2,2,"[0.11026055365800858, 0.044256437569856644, 0.8419182896614075, 0.00356477708555758]"
A06,session1,intra_session,test,pca_32,nn_erm,1,0,"[0.9906371235847473, 0.004621006082743406, 0.0017954850336536765, 0.0029464447870850563]"
A06,session1,intra_session,test,pca_32,nn_erm,3,1,"[0.008379469625651836, 0.8699342608451843, 0.021333562210202217, 0.10035274922847748]"
A06,session1,intra_session,test,pca_32,nn_erm,0,1,"[0.05428134277462959, 0.7402920722961426, 0.006005934905260801, 0.19942069053649902]"
A06,session1,intra_session,test,pca_32,nn_erm,0,2,"[0.074752077460289, 0.15873530507087708, 0.5934256315231323, 0.1730869859457016]"
A06,session1,intra_session,test,pca_32,nn_erm,2,0,"[0.5904470086097717, 0.01169836800545454, 0.25746238231658936, 0.14039219915866852]"
A06,session1,intra_session,test,pca_32,nn_erm,2,1,"[0.0990196093916893, 0.6174740791320801, 0.09393153339624405, 0.18957483768463135]"
A06,session1,intra_session,test,pca_32,nn_erm,0,1,"[0.10971582680940628, 0.6596827507019043, 0.21738320589065552, 0.013218158856034279]"
A06,session1,intra_session,test,pca_32,nn_erm,2,2,"[0.006398192141205072, 0.004764126148074865, 0.746020495891571, 0.24281717836856842]"
A06,session1,intra_session,test,pca_32,nn_erm,2,2,"[0.015953080728650093, 0.0017274910351261497, 0.9668511152267456, 0.01546839252114296]"
A06,session1,intra_session,test,pca_32,nn_erm,3,3,"[0.19656333327293396, 0.10426240414381027, 0.2851349413394928, 0.4140393137931824]"
A06,session1,intra_session,test,pca_32,nn_erm,1,0,"[0.8506819009780884, 0.010184717364609241, 0.04097547009587288, 0.09815790504217148]"
A06,session1,intra_session,test,pca_32,nn_erm,1,1,"[0.012528563849627972, 0.9283020496368408, 0.04368121922016144, 0.01548814494162798]"
A06,session1,intra_session,test,pca_32,nn_erm,3,2,"[0.08265726268291473, 0.17693062126636505, 0.5802704691886902, 0.16014166176319122]"
A06,session1,intra_session,test,pca_32,nn_erm,1,0,"[0.6753537654876709, 0.18121470510959625, 0.06363433599472046, 0.07979720830917358]"
A06,session1,intra_session,test,pca_32,nn_erm,2,2,"[0.03478509187698364, 0.1548244208097458, 0.644547700881958, 0.16584277153015137]"
A06,session1,intra_session,test,pca_32,nn_erm,3,2,"[0.027162276208400726, 0.22617419064044952, 0.42138752341270447, 0.32527604699134827]"
A06,session1,intra_session,test,pca_32,nn_erm,2,2,"[0.002031138399615884, 2.1913900127401575e-05, 0.9979006052017212, 4.631427873391658e-05]"
A06,session1,intra_session,test,pca_32,nn_erm,1,0,"[0.8424245715141296, 0.03272659704089165, 0.12272130697965622, 0.002127433894202113]"
A06,session1,intra_session,test,pca_32,nn_erm,0,0,"[0.6745943427085876, 0.0651610791683197, 0.051406148821115494, 0.20883841812610626]"
A06,session1,intra_session,test,pca_32,nn_erm,1,2,"[0.0011108897160738707, 0.012260911986231804, 0.5583838224411011, 0.42824435234069824]"
A06,session1,intra_session,test,pca_32,nn_erm,3,0,"[0.990397572517395, 0.00040998522308655083, 0.0020400024950504303, 0.007152360398322344]"
A06,session1,intra_session,test,pca_32,nn_erm,0,0,"[0.9127107858657837, 0.06292960792779922, 0.0061079212464392185, 0.018251707777380943]"
A06,session1,intra_session,test,pca_32,nn_erm,2,2,"[0.01651318557560444, 0.03221636638045311, 0.9365332722663879, 0.014737150631844997]"
A06,session1,intra_session,test,pca_32,nn_erm,1,1,"[0.39187824726104736, 0.4416082203388214, 0.06721767783164978, 0.09929580241441727]"
A06,session1,intra_session,test,pca_32,nn_erm,2,1,"[0.07403053343296051, 0.8964408040046692, 0.012528421357274055, 0.017000241205096245]"
A06,session1,intra_session,test,pca_32,nn_erm,3,1,"[0.025782953947782516, 0.8861634135246277, 0.00837817694991827, 0.07967549562454224]"
A06,session1,intra_session,test,pca_32,nn_erm,0,2,"[0.0037263459526002407, 7.778951112413779e-05, 0.9329580068588257, 0.06323790550231934]"
A06,session1,intra_session,test,pca_32,nn_erm,0,2,"[3.6435969832382398e-06, 0.0023015718907117844, 0.9796991348266602, 0.017995651811361313]"
A06,session1,intra_session,test,pca_32,nn_erm,1,0,"[0.7482072114944458, 0.1905057430267334, 0.00605862308293581, 0.05522841587662697]"
A06,session1,intra_session,test,pca_32,nn_erm,3,2,"[0.027042647823691368, 0.16144385933876038, 0.733168363571167, 0.07834510505199432]"
A06,session1,intra_session,test,pca_32,nn_erm,0,1,"[0.1438063234090805, 0.7070003151893616, 0.11760332435369492, 0.03158999979496002]"
A06,session1,intra_session,test,pca_32,nn_erm,3,1,"[0.2759160101413727, 0.4573875367641449, 0.04534577578306198, 0.22135064005851746]"
A06,session1,intra_session,test,pca_32,nn_erm,1,1,"[0.4846797585487366, 0.49367427825927734, 0.015271847136318684, 0.00637409882619977]"
A06,session1,intra_session,test,pca_32,nn_erm,1,0,"[0.810888946056366, 0.04369131103157997, 0.14082543551921844, 0.004594353027641773]"
A06,session1,intra_session,test,pca_32,nn_erm,2,0,"[0.5887804627418518, 0.12126819044351578, 0.28814697265625, 0.0018042977899312973]"
A06,session1,intra_session,test,pca_32,nn_erm,2,1,"[0.25721901655197144, 0.6906029582023621, 0.032169170677661896, 0.020008821040391922]"
A06,session1,intra_session,test,pca_32,nn_erm,3,3,"[0.021387500688433647, 0.4320310354232788, 0.0405106320977211, 0.5060707926750183]"
A06,session1,intra_session,test,pca_32,nn_erm,3,1,"[0.37849289178848267, 0.41942280530929565, 0.17767007648944855, 0.024414196610450745]"
A06,session1,intra_session,test,pca_32,nn_erm,2,2,"[0.30277371406555176, 0.172713965177536, 0.42471733689308167, 0.09979502111673355]"
A06,session1,intra_session,test,pca_32,nn_erm,0,0,"[0.6064590811729431, 0.28711384534835815, 0.077224962413311, 0.029202140867710114]"
A06,session1,intra_session,test,pca_32,nn_erm,0,0,"[0.8588518500328064, 0.0825124979019165, 0.051691196858882904, 0.006944483146071434]"
A06,session1,intra_session,test,pca_32,nn_erm,1,0,"[0.6221907138824463, 0.08763814717531204, 0.1695069521665573, 0.12066418677568436]"
A06,session1,intra_session,test,pca_32,nn_erm,0,3,"[4.189875539850618e-07, 0.3991245925426483, 6.547989414684707e-06, 0.6008684635162354]"
A06,session1,intra_session,test,pca_32,nn_erm,3,1,"[0.17908646166324615, 0.6805324554443359, 0.12243859469890594, 0.017942478880286217]"
A06,session1,intra_session,test,pca_32,nn_erm,1,0,"[0.8055329322814941, 0.019232649356126785, 0.1682327687740326, 0.007001635152846575]"
A06,session1,intra_session,test,pca_32,nn_erm,3,2,"[0.04500638321042061, 0.29762789607048035, 0.3771919310092926, 0.28017377853393555]"
A06,session1,intra_session,test,pca_32,nn_erm,3,2,"[0.1039191260933876, 0.02114340476691723, 0.7905315160751343, 0.08440598845481873]"
A06,session1,intra_session,test,pca_32,nn_erm,0,0,"[0.5035213232040405, 0.4395938515663147, 0.015223490074276924, 0.04166125878691673]"
A06,session1,intra_session,test,pca_32,nn_erm,1,2,"[0.0478166863322258, 0.006284055765718222, 0.8815208673477173, 0.06437838077545166]"
A06,session1,intra_session,test,pca_32,nn_erm,2,3,"[0.058698173612356186, 0.053470175713300705, 0.2754276990890503, 0.6124039888381958]"
A06,session2,intra_session,train,pca_32,nn_erm,0,0,"[0.9508858919143677, 0.017619583755731583, 0.0003163416695315391, 0.03117816150188446]"
A06,session2,intra_session,train,pca_32,nn_erm,1,1,"[0.038474105298519135, 0.9537138938903809, 0.0008009796729311347, 0.00701097073033452]"
A06,session2,intra_session,train,pca_32,nn_erm,1,1,"[0.03779100626707077, 0.9607374668121338, 0.0009491791715845466, 0.000522396934684366]"
A06,session2,intra_session,train,pca_32,nn_erm,0,0,"[0.9519816637039185, 0.01206245832145214, 0.03573409095406532, 0.00022179220104590058]"
A06,session2,intra_session,train,pca_32,nn_erm,1,1,"[0.008721044287085533, 0.9856796860694885, 0.004867242649197578, 0.0007320077857002616]"
A06,session2,intra_session,train,pca_32,nn_erm,0,0,"[0.9915327429771423, 5.44394897588063e-05, 0.006676191464066505, 0.001736651873216033]"
A06,session2,intra_session,train,pca_32,nn_erm,1,1,"[0.07805582880973816, 0.9144233465194702, 0.00595601974055171, 0.001564803416840732]"
A06,session2,intra_session,train,pca_32,nn_erm,2,2,"[0.007169489283114672, 0.02607269026339054, 0.9590374827384949, 0.007720279041677713]"
A06,session2,intra_session,train,pca_32,nn_erm,1,1,"[0.011631765402853489, 0.9488565325737, 0.01446229126304388, 0.025049446150660515]"
A06,session2,intra_session,train,pca_32,nn_erm,3,3,"[0.002331431722268462, 0.015549097210168839, 0.029608599841594696, 0.9525108933448792]"
A06,session2,intra_session,train,pca_32,nn_erm,0,0,"[0.9610645771026611, 0.03189152851700783, 0.006820995360612869, 0.0002229003730462864]"
A06,session2,intra_session,train,pca_32,nn_erm,2,2,"[0.011995839886367321, 7.089309292496182e-06, 0.987613320350647, 0.000383727194275707]"
A06,session2,intra_session,train,pca_32,nn_erm,1,1,"[0.0024864934384822845, 0.9807571172714233, 0.009729549288749695, 0.007026847451925278]"
A06,session2,intra_session,train,pca_32,nn_erm,0,0,"[0.9520936012268066, 0.036501217633485794, 0.0005896230577491224, 0.010815613903105259]"
A06,session2,intra_session,train,pca_32,nn_erm,3,3,"[0.009199577383697033, 0.0007651738706044853, 0.007538507226854563, 0.9824967384338379]"
A06,session2,intra_session,train,pca_32,nn_erm,3,3,"[0.0125524727627635, 7.198327512014657e-05, 0.000855476304423064, 0.9865200519561768]"
A06,session2,intra_session,train,pca_32,nn_erm,3,3,"[3.561987114153453e-06, 5.105642912894837e-07, 0.020468931645154953, 0.9795270562171936]"
A06,session2,intra_session,train,pca_32,nn_erm,3,3,"[0.0008687186636961997, 0.006688054651021957, 0.00123047165106982, 0.991212785243988]"
A06,session2,intra_session,train,pca_32,nn_erm,3,3,"[0.0014798693591728806, 4.684259693021886e-05, 0.011871601454913616, 0.9866017699241638]"
A06,session2,intra_session,train,pca_32,nn_erm,0,0,"[0.9703378081321716, 0.02931319922208786, 3.26962981489487e-05, 0.0003162580542266369]"
A06,session2,intra_session,train,pca_32,nn_erm,2,2,"[0.011762255802750587, 0.00431840168312192, 0.983144998550415, 0.0007742360467091203]"
A06,session2,intra_session,train,pca_32,nn_erm,1,1,"[2.9245909900055267e-05, 0.9993048906326294, 0.0004524602845776826, 0.00021335098426789045]"
A06,session2,intra_session,train,pca_32,nn_erm,0,0,"[0.974881112575531, 0.00034184212563559413, 0.0009966191137209535, 0.02378040738403797]"
A06,session2,intra_session,train,pca_32,nn_erm,0,0,"[0.9946269392967224, 9.729901648825034e-05, 0.0013236628146842122, 0.003952053375542164]"
A06,session2,intra_session,train,pca_32,nn_erm,2,2,"[0.02007804811000824, 0.04725208878517151, 0.9085856676101685, 0.024084102362394333]"
A06,session2,intra_session,train,pca_32,nn_erm,3,3,"[0.0004171851905994117, 1.5638797776773572e-05, 0.0018218538025394082, 0.9977453351020813]"
A06,session2,intra_session,train,pca_32,nn_erm,0,0,"[0.9915886521339417, 0.0024655924644321203, 0.0025228962767869234, 0.0034228863660246134]"
A06,session2,intra_session,train,pca_32,nn_erm,2,2,"[0.000723030068911612, 0.0024562105536460876, 0.9713464379310608, 0.02547435276210308]"
A06,session2,intra_session,train,pca_32,nn_erm,2,2,"[0.003555277129635215, 0.00014431517047341913, 0.9954922199249268, 0.0008080934057943523]"
A06,session2,intra_session,train,pca_32,nn_erm,2,2,"[0.005914830602705479, 1.0867843229789287e-05, 0.9697311520576477, 0.024343177676200867]"
A06,session2,intra_session,train,pca_32,nn_erm,0,0,"[0.9675759673118591, 0.027820227667689323, 0.0032513937912881374, 0.001352383173070848]"
A06,session2,intra_session,train,pca_32,nn_erm,1,1,"[0.031930822879076004, 0.9529440402984619, 0.0005632155225612223, 0.014561908319592476]"
A06,session2,intra_session,train,pca_32,nn_erm,0,0,"[0.9727509021759033, 0.006516698282212019, 0.001408024923875928, 0.01932433247566223]"
A06,session2,intra_session,train,pca_32,nn_erm,1,1,"[0.029793672263622284, 0.9174319505691528, 0.0478009395301342, 0.004973465111106634]"
A06,session2,intra_session,train,pca_32,nn_erm,1,1,"[0.03668363019824028, 0.9308903813362122, 0.011656021699309349, 0.02076992578804493]"
A06,session2,intra_session,train,pca_32,nn_erm,0,0,"[0.9750829935073853, 0.004055622033774853, 0.009739541448652744, 0.011121818795800209]"
A06,session2,intra_session,train,pca_32,nn_erm,1,1,"[0.0002745741221588105, 0.9929916858673096, 0.0067337676882743835, 2.946213273347098e-10]"
A06,session2,intra_session,train,pca_32,nn_erm,2,2,"[0.01394344586879015, 0.000641296268440783, 0.9844751954078674, 0.0009399473783560097]"
A06,session2,intra_session,train,pca_32,nn_erm,1,1,"[0.032676227390766144, 0.9377404451370239, 0.025441627949476242, 0.004141722805798054]"
A06,session2,intra_session,train,pca_32,nn_erm,2,2,"[0.00011946354061365128, 0.00011433117470005527, 0.9996080994606018, 0.00015806045848876238]"
A06,session2,intra_session,train,pca_32,nn_erm,2,2,"[0.006501017138361931, 0.00011988633195869625, 0.9655783772468567, 0.02780064567923546]"
A06,session2,intra_session,train,pca_32,nn_erm,3,3,"[0.06498918682336807, 0.0030344808474183083, 0.013052153401076794, 0.9189242124557495]"
A06,session2,intra_session,train,pca_32,nn_erm,2,2,"[0.023808473721146584, 0.007677828427404165, 0.9505582451820374, 0.0179554745554924]"
A06,session2,intra_session,train,pca_32,nn_erm,2,2,"[0.01106554176658392, 0.0005375607288442552, 0.9824286103248596, 0.005968273617327213]"
A06,session2,intra_session,train,pca_32,nn_erm,3,3,"[0.0018902724841609597, 0.0068357763811945915, 0.007678431924432516, 0.9835954904556274]"
A06,session2,intra_session,train,pca_32,nn_erm,3,3,"[0.04425928369164467, 0.02375420369207859, 0.026734530925750732, 0.9052519798278809]"
A06,session2,intra_session,train,pca_32,nn_erm,3,3,"[0.0014931611949577928, 0.021424323320388794, 0.0025407325010746717, 0.9745417833328247]"
A06,session2,intra_session,train,pca_32,nn_erm,3,3,"[0.02461216226220131, 0.007846321910619736, 0.019371066242456436, 0.9481704235076904]"
A06,session2,intra_session,train,pca_32,nn_erm,3,3,"[0.0025502117350697517, 1.175245506601641e-05, 8.032954065129161e-05, 0.9973576664924622]"
A06,session2,intra_session,train,pca_32,nn_erm,2,2,"[0.010081558488309383, 0.0018254655878990889, 0.9384382963180542, 0.04965466260910034]"
A06,session2,intra_session,train,pca_32,nn_erm,1,1,"[2.637910256453324e-05, 0.9849808216094971, 0.0065002962946891785, 0.008492400869727135]"
A06,session2,intra_session,train,pca_32,nn_erm,0,0,"[0.9896654486656189, 0.002644313732162118, 0.000769351318012923, 0.006920953746885061]"
A06,session2,intra_session,train,pca_32,nn_erm,0,0,"[0.9305602312088013, 0.06914228200912476, 0.00013077312905807048, 0.0001666159660089761]"
A06,session2,intra_session,train,pca_32,nn_erm,1,1,"[0.13057957589626312, 0.8483920693397522, 0.00043982273200526834, 0.02058846317231655]"
A06,session2,intra_session,train,pca_32,nn_erm,2,2,"[0.0015997387235984206, 0.008718801662325859, 0.9896124005317688, 6.914723780937493e-05]"
A06,session2,intra_session,train,pca_32,nn_erm,3,3,"[0.00891688372939825, 0.0003699574153870344, 0.03219442814588547, 0.9585187435150146]"
A06,session2,intra_session,train,pca_32,nn_erm,1,1,"[0.026483673602342606, 0.9558724164962769, 0.0021259584464132786, 0.015518025495111942]"
A06,session2,intra_session,train,pca_32,nn_erm,2,2,"[0.06281520426273346, 0.03279898315668106, 0.8847440481185913, 0.01964174024760723]"
A06,session2,intra_session,train,pca_32,nn_erm,0,0,"[0.9575296640396118, 0.031165624037384987, 0.000603765482082963, 0.010701021179556847]"
A06,session2,intra_session,train,pca_32,nn_erm,0,0,"[0.9685994386672974, 0.00040380790596827865, 0.008117740973830223, 0.022879043594002724]"
A06,session2,intra_session,train,pca_32,nn_erm,0,0,"[0.9830504059791565, 0.014022267423570156, 0.0025150813162326813, 0.0004122204554732889]"
A06,session2,intra_session,train,pca_32,nn_erm,3,3,"[0.040719594806432724, 0.00011031948088202626, 0.015325337648391724, 0.9438448548316956]"
A06,session2,intra_session,train,pca_32,nn_erm,1,1,"[0.01663377322256565, 0.9232287406921387, 0.013952466659247875, 0.04618491604924202]"
A06,session2,intra_session,train,pca_32,nn_erm,1,1,"[0.012573078274726868, 0.9122116565704346, 0.053282104432582855, 0.021933166310191154]"
A06,session2,intra_session,train,pca_32,nn_erm,0,0,"[0.9614681601524353, 0.015095639042556286, 0.013494850136339664, 0.009941249154508114]"
A06,session2,intra_session,train,pca_32,nn_erm,0,0,"[0.8951413631439209, 0.021093768998980522, 0.01496710442006588, 0.06879769265651703]"
A06,session2,intra_session,train,pca_32,nn_erm,2,2,"[0.007992335595190525, 0.13393037021160126, 0.8542097806930542, 0.0038675544783473015]"
A06,session2,intra_session,train,pca_32,nn_erm,0,0,"[0.9985291957855225, 0.0005579999415203929, 0.0009116021101363003, 1.2692687505477807e-06]"
A06,session2,intra_session,train,pca_32,nn_erm,1,1,"[0.006083888467401266, 0.9896281957626343, 0.002102884463965893, 0.002185114426538348]"
A06,session2,intra_session,train,pca_32,nn_erm,3,3,"[0.026879720389842987, 0.00135055894497782, 0.014850887469947338, 0.9569188356399536]"
A06,session2,intra_session,train,pca_32,nn_erm,3,3,"[0.03610937297344208, 0.04259452968835831, 0.07677088677883148, 0.8445252776145935]"
A06,session2,intra_session,train,pca_32,nn_erm,2,2,"[0.010850814171135426, 0.0014095038641244173, 0.9871283769607544, 0.0006113246781751513]"
A06,session2,intra_session,train,pca_32,nn_erm,0,0,"[0.9709506630897522, 0.019527914002537727, 0.00021093404211569577, 0.009310552850365639]"
A06,session2,intra_session,train,pca_32,nn_erm,3,3,"[0.013230517506599426, 0.026286086067557335, 0.023570150136947632, 0.936913251876831]"
A06,session2,intra_session,train,pca_32,nn_erm,3,3,"[0.02408505417406559, 0.03305009379982948, 0.009937014430761337, 0.9329278469085693]"
A06,session2,intra_session,train,pca_32,nn_erm,1,1,"[0.013025837019085884, 0.9705474972724915, 0.012322639115154743, 0.0041040657088160515]"
A06,session2,intra_session,train,pca_32,nn_erm,3,3,"[0.0017184549942612648, 0.00036538680433295667, 0.020474841818213463, 0.9774412512779236]"
A06,session2,intra_session,train,pca_32,nn_erm,3,3,"[0.05374254658818245, 0.010655789636075497, 0.01289461925625801, 0.9227070212364197]"
A06,session2,intra_session,train,pca_32,nn_erm,1,1,"[0.07240565121173859, 0.9139699339866638, 0.012896480038762093, 0.0007278937264345586]"
A06,session2,intra_session,train,pca_32,nn_erm,0,0,"[0.8829671144485474, 0.08297976106405258, 0.01830744557082653, 0.01574571803212166]"
A06,session2,intra_session,train,pca_32,nn_erm,1,1,"[3.022971395694185e-05, 0.9999557733535767, 2.979976670758333e-06, 1.0979971193592064e-05]"
A06,session2,intra_session,train,pca_32,nn_erm,2,2,"[0.00014800792268943042, 0.0004656017117667943, 0.9982783794403076, 0.0011080250842496753]"
A06,session2,intra_session,train,pca_32,nn_erm,2,2,"[0.002557087456807494, 0.00021236989414319396, 0.9946603178977966, 0.002570170909166336]"
A06,session2,intra_session,train,pca_32,nn_erm,2,2,"[0.0022004293277859688, 0.00016765305190347135, 0.997565507888794, 6.638535705860704e-05]"
A06,session2,intra_session,train,pca_32,nn_erm,3,3,"[0.00032016332261264324, 2.1110517991473898e-05, 0.0014879482332617044, 0.9981708526611328]"
A06,session2,intra_session,train,pca_32,nn_erm,2,2,"[1.467043512093369e-05, 1.2379028646591905e-07, 0.9999852180480957, 1.0643322667647226e-08]"
A06,session2,intra_session,train,pca_32,nn_erm,0,0,"[0.9877274036407471, 0.011411143466830254, 0.0008094903896562755, 5.193206015974283e-05]"
A06,session2,intra_session,train,pca_32,nn_erm,3,3,"[0.0004870218690484762, 0.0027112977113574743, 0.013521291315555573, 0.9832804203033447]"
A06,session2,intra_session,train,pca_32,nn_erm,1,1,"[0.0005430563469417393, 0.9882805347442627, 0.008449103683233261, 0.002727359998971224]"
A06,session2,intra_session,train,pca_32,nn_erm,2,2,"[0.01334032230079174, 0.0010710267815738916, 0.9443318843841553, 0.041256651282310486]"
A06,session2,intra_session,train,pca_32,nn_erm,1,1,"[0.02572150155901909, 0.9726399183273315, 0.0012417357647791505, 0.00039682642091065645]"
A06,session2,intra_session,train,pca_32,nn_erm,2,2,"[0.0016305041499435902, 0.042023591697216034, 0.9562464356422424, 9.950312960427254e-05]"
A06,session2,intra_session,train,pca_32,nn_erm,3,3,"[0.0027546421624720097, 0.004412228241562843, 0.0009333710186183453, 0.9918997287750244]"
A06,session2,intra_session,train,pca_32,nn_erm,1,1,"[0.009044750593602657, 0.983754575252533, 0.002378415549173951, 0.004822273273020983]"
A06,session2,intra_session,train,pca_32,nn_erm,2,2,"[0.0002692710258997977, 0.00013512166333384812, 0.9943769574165344, 0.005218546371906996]"
A06,session2,intra_session,train,pca_32,nn_erm,0,0,"[0.9342408180236816, 0.02869121916592121, 0.03370531648397446, 0.003362724557518959]"
A06,session2,intra_session,train,pca_32,nn_erm,0,0,"[0.9834640622138977, 0.012965034693479538, 3.3402360713807866e-05, 0.0035375356674194336]"
A06,session2,intra_session,train,pca_32,nn_erm,0,0,"[0.9825169444084167, 0.0004969143774360418, 0.0008015318890102208, 0.016184672713279724]"
A06,session2,intra_session,train,pca_32,nn_erm,3,3,"[0.0042780363000929356, 0.04809730127453804, 0.010389146395027637, 0.9372354745864868]"
A06,session2,intra_session,train,pca_32,nn_erm,1,1,"[0.00011844943946925923, 0.9782957434654236, 0.01092473603785038, 0.010661167092621326]"
A06,session2,intra_session,train,pca_32,nn_erm,0,0,"[0.9554721713066101, 0.007003365084528923, 0.03598560765385628, 0.001538892975077033]"
A06,session2,intra_session,train,pca_32,nn_erm,2,2,"[0.013285847380757332, 0.019672228023409843, 0.8773775100708008, 0.08966446667909622]"
A06,session2,intra_session,train,pca_32,nn_erm,0,0,"[0.920434296131134, 0.0008823154494166374, 0.06524793058633804, 0.013435548171401024]"
A06,session2,intra_session,train,pca_32,nn_erm,2,2,"[9.04195894690929e-06, 0.0050215935334563255, 0.9945876598358154, 0.0003817529941443354]"
A06,session2,intra_session,train,pca_32,nn_erm,1,1,"[0.0003740423417184502, 0.9360463619232178, 0.013210336677730083, 0.050369225442409515]"
A06,session2,intra_session,train,pca_32,nn_erm,3,3,"[0.0005919667892158031, 0.0009077918366529047, 0.005058787297457457, 0.9934414625167847]"
A06,session2,intra_session,train,pca_32,nn_erm,0,0,"[0.9928293824195862, 0.003085589502006769, 0.0009218173800036311, 0.003163190558552742]"
A06,session2,intra_session,train,pca_32,nn_erm,2,2,"[0.0026210439391434193, 0.00046710410970263183, 0.9968210458755493, 9.076885180547833e-05]"
A06,session2,intra_session,train,pca_32,nn_erm,2,2,"[0.0028982548974454403, 3.466965836196323e-06, 0.9969391822814941, 0.00015911468653939664]"
A06,session2,intra_session,train,pca_32,nn_erm,0,0,"[0.9545411467552185, 0.0046210805885493755, 0.008057352155447006, 0.03278034180402756]"
A06,session2,intra_session,train,pca_32,nn_erm,2,2,"[0.009020562283694744, 0.0003313100605737418, 0.9805647730827332, 0.01008338201791048]"
A06,session2,intra_session,train,pca_32,nn_erm,1,1,"[0.0030623129568994045, 0.9616015553474426, 0.018247224390506744, 0.0170889925211668]"
A06,session2,intra_session,train,pca_32,nn_erm,3,3,"[0.005913980305194855, 0.010128594934940338, 0.009061169810593128, 0.974896252155304]"
A06,session2,intra_session,train,pca_32,nn_erm,3,3,"[0.00020140827109571546, 0.002086807508021593, 0.0002527558244764805, 0.9974589943885803]"
A06,session2,intra_session,train,pca_32,nn_erm,3,3,"[0.0032669734209775925, 0.05118243023753166, 0.0040612490847706795, 0.9414893388748169]"
A06,session2,intra_session,train,pca_32,nn_erm,2,2,"[0.02327314391732216, 0.018409892916679382, 0.955660343170166, 0.0026566011365503073]"
A06,session2,intra_session,train,pca_32,nn_erm,0,0,"[0.9665997624397278, 0.030988158658146858, 0.0004497043846640736, 0.0019623865373432636]"
A06,session2,intra_session,train,pca_32,nn_erm,3,3,"[0.0005847322754561901, 7.607045699842274e-05, 0.0031332778744399548, 0.9962058067321777]"
A06,session2,intra_session,train,pca_32,nn_erm,1,1,"[0.008470354601740837, 0.9838019609451294, 0.0030923800077289343, 0.004635339602828026]"
A06,session2,intra_session,train,pca_32,nn_erm,3,3,"[0.025723740458488464, 7.200689287856221e-05, 0.0012024784227833152, 0.9730017185211182]"
A06,session2,intra_session,train,pca_32,nn_erm,1,1,"[0.04866736754775047, 0.9503179788589478, 0.0004811998805962503, 0.0005335115711204708]"
A06,session2,intra_session,train,pca_32,nn_erm,0,0,"[0.9795212149620056, 0.010300523601472378, 0.005460652522742748, 0.004717648029327393]"
A06,session2,intra_session,train,pca_32,nn_erm,2,2,"[0.02068755216896534, 0.0050636278465390205, 0.9738432765007019, 0.0004055221506860107]"
A06,session2,intra_session,train,pca_32,nn_erm,1,1,"[0.0018866193713620305, 0.9767447113990784, 0.02130761183798313, 6.0986338212387636e-05]"
A06,session2,intra_session,train,pca_32,nn_erm,0,0,"[0.9952842593193054, 5.765230889664963e-05, 0.0043595884926617146, 0.00029854977037757635]"
A06,session2,intra_session,train,pca_32,nn_erm,2,2,"[0.03567551076412201, 0.03760967031121254, 0.9175482988357544, 0.009166617877781391]"
A06,session2,intra_session,train,pca_32,nn_erm,2,2,"[0.001027777441777289, 0.03627263754606247, 0.954277753829956, 0.008421780541539192]"
A06,session2,intra_session,train,pca_32,nn_erm,0,0,"[0.9150887131690979, 0.017220856621861458, 0.03398239612579346, 0.03370805084705353]"
A06,session2,intra_session,train,pca_32,nn_erm,2,2,"[0.0023066336289048195, 0.00035403118818067014, 0.9860520362854004, 0.011287296190857887]"
A06,session2,intra_session,train,pca_32,nn_erm,3,3,"[0.02567247673869133, 0.0035186726599931717, 0.0015524214832112193, 0.9692564010620117]"
A06,session2,intra_session,train,pca_32,nn_erm,3,3,"[0.002902620006352663, 0.023918846622109413, 0.007829690352082253, 0.9653488397598267]"
A06,session2,intra_session,train,pca_32,nn_erm,1,1,"[0.002559179440140724, 0.9831153750419617, 0.0012234128080308437, 0.01310193631798029]"
A06,session2,intra_session,train,pca_32,nn_erm,0,0,"[0.9919893145561218, 4.10280263167806e-05, 0.007512995507568121, 0.00045663435594178736]"
A06,session2,intra_session,train,pca_32,nn_erm,1,1,"[0.008442743681371212, 0.9679663181304932, 0.007668095175176859, 0.01592288352549076]"
A06,session2,intra_session,train,pca_32,nn_erm,3,3,"[0.0020264144986867905, 0.001254598842933774, 0.011802422814071178, 0.9849165081977844]"
A06,session2,intra_session,train,pca_32,nn_erm,1,1,"[0.012056355364620686, 0.9872577786445618, 0.000287383038084954, 0.00039852713234722614]"
A06,session2,intra_session,train,pca_32,nn_erm,3,3,"[0.025445234030485153, 0.027248894795775414, 0.00030011084163561463, 0.9470057487487793]"
A06,session2,intra_session,train,pca_32,nn_erm,2,2,"[0.004103616811335087, 0.002415633527562022, 0.9933079481124878, 0.000172774976817891]"
A06,session2,intra_session,train,pca_32,nn_erm,1,1,"[0.00022272714704740793, 0.9986409544944763, 0.0003999854379799217, 0.0007363164913840592]"
A06,session2,intra_session,train,pca_32,nn_erm,1,1,"[0.0006160277407616377, 0.9879313111305237, 0.011250247247517109, 0.00020230436348356307]"
A06,session2,intra_session,train,pca_32,nn_erm,1,1,"[0.011724710464477539, 0.9734417796134949, 0.010791240260004997, 0.0040422966703772545]"
A06,session2,intra_session,train,pca_32,nn_erm,2,2,"[0.00325951911509037, 3.795378506765701e-05, 0.9966160655021667, 8.643297041999176e-05]"
A06,session2,intra_session,train,pca_32,nn_erm,3,3,"[1.40570582516375e-05, 3.382364752724243e-07, 0.00205651274882257, 0.9979290962219238]"
A06,session2,intra_session,train,pca_32,nn_erm,0,0,"[0.9818331003189087, 0.011773088946938515, 0.0006163594080135226, 0.005777494050562382]"
A06,session2,intra_session,train,pca_32,nn_erm,1,1,"[0.006900693755596876, 0.9916976690292358, 0.00010812278196681291, 0.0012935216072946787]"
A06,session2,intra_session,train,pca_32,nn_erm,3,3,"[0.000506178883370012, 0.0033062410075217485, 0.042180418968200684, 0.9540071487426758]"
A06,session2,intra_session,train,pca_32,nn_erm,0,0,"[0.9921793937683105, 0.004477852955460548, 6.020052751409821e-05, 0.0032825474627316]"
A06,session2,intra_session,train,pca_32,nn_erm,2,2,"[0.001003815559670329, 0.00485402625054121, 0.9861394166946411, 0.008002669550478458]"
A06,session2,intra_session,train,pca_32,nn_erm,2,2,"[0.0003129907709080726, 0.022402947768568993, 0.9452797174453735, 0.03200424090027809]"
A06,session2,intra_session,train,pca_32,nn_erm,3,3,"[0.009595234878361225, 0.0002576115948613733, 0.005865131039172411, 0.9842819571495056]"
A06,session2,intra_session,train,pca_32,nn_erm,0,0,"[0.9853448271751404, 0.0021841677371412516, 0.0002800498914439231, 0.012191003188490868]"
A06,session2,intra_session,train,pca_32,nn_erm,0,0,"[0.9813266396522522, 0.013999488204717636, 0.0019193085609003901, 0.0027544721961021423]"
A06,session2,intra_session,train,pca_32,nn_erm,2,2,"[0.000857616076245904, 0.00020045886049047112, 0.9969430565834045, 0.0019988655112683773]"
A06,session2,intra_session,train,pca_32,nn_erm,1,1,"[0.0028011167887598276, 0.9914276599884033, 9.892976959235966e-05, 0.005672329571098089]"
A06,session2,intra_session,train,pca_32,nn_erm,3,3,"[0.005783297121524811, 0.00011446391727076843, 0.010330649092793465, 0.9837716221809387]"
A06,session2,intra_session,train,pca_32,nn_erm,3,3,"[0.02687654085457325, 0.0008458062657155097, 0.0012097632279619575, 0.9710677862167358]"
A06,session2,intra_session,train,pca_32,nn_erm,3,3,"[1.6130614312714897e-05, 0.0015645200619474053, 0.00020363731891848147, 0.9982156753540039]"
A06,session2,intra_session,train,pca_32,nn_erm,1,1,"[0.004081324208527803, 0.9923772811889648, 0.002974811475723982, 0.0005665181670337915]"
A06,session2,intra_session,train,pca_32,nn_erm,0,0,"[0.9909517765045166, 0.004245932213962078, 0.0038859776686877012, 0.0009162239730358124]"
A06,session2,intra_session,train,pca_32,nn_erm,2,2,"[0.006118758115917444, 0.0013852488482370973, 0.9915106892585754, 0.0009853396331891418]"
A06,session2,intra_session,train,pca_32,nn_erm,1,1,"[0.0012696918565779924, 0.9629217982292175, 0.02666245959699154, 0.009146115742623806]"
A06,session2,intra_session,train,pca_32,nn_erm,3,3,"[0.029801324009895325, 0.01788368821144104, 0.03825067728757858, 0.914064347743988]"
A06,session2,intra_session,train,pca_32,nn_erm,0,0,"[0.9692152142524719, 0.019766846671700478, 0.0025211339816451073, 0.008496785536408424]"
A06,session2,intra_session,train,pca_32,nn_erm,3,3,"[0.05419258773326874, 0.0006087515503168106, 0.003618604503571987, 0.9415801167488098]"
A06,session2,intra_session,train,pca_32,nn_erm,2,2,"[0.013590306043624878, 0.023719169199466705, 0.9620878100395203, 0.0006027056952007115]"
A06,session2,intra_session,train,pca_32,nn_erm,1,1,"[0.04575888067483902, 0.9225215315818787, 0.01713520660996437, 0.014584367163479328]"
A06,session2,intra_session,train,pca_32,nn_erm,3,3,"[0.0406908355653286, 0.05813012272119522, 0.0029594411607831717, 0.8982195258140564]"
A06,session2,intra_session,train,pca_32,nn_erm,3,3,"[0.003303221194073558, 2.894772599404405e-08, 0.00012542468903120607, 0.9965713024139404]"
A06,session2,intra_session,train,pca_32,nn_erm,0,0,"[0.9546633958816528, 0.028478417545557022, 0.008842751383781433, 0.008015424013137817]"
A06,session2,intra_session,train,pca_32,nn_erm,1,1,"[0.0038314457051455975, 0.969269871711731, 0.025948122143745422, 0.0009506421047262847]"
A06,session2,intra_session,train,pca_32,nn_erm,1,1,"[0.05137955769896507, 0.9365364909172058, 0.008883876726031303, 0.0032000262290239334]"
A06,session2,intra_session,train,pca_32,nn_erm,2,2,"[0.013942653313279152, 0.030273688957095146, 0.9457899332046509, 0.009993753395974636]"
A06,session2,intra_session,train,pca_32,nn_erm,3,3,"[0.04071306064724922, 0.0027283192612230778, 0.005527705419808626, 0.9510309100151062]"
A06,session2,intra_session,train,pca_32,nn_erm,1,1,"[2.5345110771013424e-05, 0.9550307393074036, 0.006833695340901613, 0.03811027482151985]"
A06,session2,intra_session,train,pca_32,nn_erm,0,0,"[0.8954417705535889, 0.008260115049779415, 0.039757825434207916, 0.056540291756391525]"
A06,session2,intra_session,train,pca_32,nn_erm,0,0,"[0.9676339030265808, 0.0002135165559593588, 0.032095767557621, 5.6914101151051e-05]"
A06,session2,intra_session,train,pca_32,nn_erm,3,3,"[0.03233207017183304, 0.004818012937903404, 7.760224980302155e-05, 0.9627723097801208]"
A06,session2,intra_session,train,pca_32,nn_erm,1,1,"[0.0011825661640614271, 0.9018884897232056, 0.094113290309906, 0.00281569454818964]"
A06,session2,intra_session,train,pca_32,nn_erm,0,0,"[0.9974731802940369, 0.0009459989378228784, 0.0015717301284894347, 9.012307600642089e-06]"
A06,session2,intra_session,train,pca_32,nn_erm,2,2,"[0.006112724542617798, 0.0032742826733738184, 0.9733304977416992, 0.01728249341249466]"
A06,session2,intra_session,train,pca_32,nn_erm,1,1,"[0.01055875327438116, 0.9696499109268188, 0.011131673119962215, 0.008659625425934792]"
A06,session2,intra_session,train,pca_32,nn_erm,1,1,"[0.010683619417250156, 0.9719692468643188, 0.012810712680220604, 0.004536404274404049]"
A06,session2,intra_session,train,pca_32,nn_erm,2,2,"[0.04643058404326439, 0.023798231035470963, 0.9244492650032043, 0.005321890115737915]"
A06,session2,intra_session,train,pca_32,nn_erm,0,0,"[0.9101881384849548, 0.0021274599712342024, 0.0005042632110416889, 0.08718016743659973]"
A06,session2,intra_session,train,pca_32,nn_erm,3,3,"[0.0025035622529685497, 0.0017657262505963445, 0.03506123274564743, 0.9606695771217346]"
A06,session2,intra_session,train,pca_32,nn_erm,2,2,"[0.028118735179305077, 0.012691892683506012, 0.9567479491233826, 0.0024414444342255592]"
A06,session2,intra_session,train,pca_32,nn_erm,2,2,"[0.0006846825126558542, 5.862890247954056e-06, 0.993488073348999, 0.005821452476084232]"
A06,session2,intra_session,train,pca_32,nn_erm,2,2,"[0.004080294165760279, 0.0007744821486994624, 0.9875801801681519, 0.007565027102828026]"
A06,session2,intra_session,train,pca_32,nn_erm,2,2,"[0.0016895595472306013, 1.0444637155160308e-06, 0.9923617839813232, 0.005947578232735395]"
A06,session2,intra_session,train,pca_32,nn_erm,0,0,"[0.9006423354148865, 0.026558397337794304, 0.05367773771286011, 0.01912151277065277]"
A06,session2,intra_session,train,pca_32,nn_erm,1,1,"[0.00014150234346743673, 0.99552983045578, 0.0038522141985595226, 0.0004764558980241418]"
A06,session2,intra_session,train,pca_32,nn_erm,0,0,"[0.9901396632194519, 0.0018110359087586403, 0.0018944512121379375, 0.006154786329716444]"
A06,session2,intra_session,train,pca_32,nn_erm,1,1,"[0.06008251756429672, 0.8555181622505188, 0.056036293506622314, 0.028363022953271866]"
A06,session2,intra_session,train,pca_32,nn_erm,0,0,"[0.9130643606185913, 0.003493421943858266, 0.03779615834355354, 0.04564610868692398]"
A06,session2,intra_session,train,pca_32,nn_erm,0,0,"[0.9891729354858398, 0.0012849705526605248, 0.0014225253835320473, 0.008119513280689716]"
A06,session2,intra_session,train,pca_32,nn_erm,2,2,"[0.00022398676082957536, 0.0064996154978871346, 0.9930684566497803, 0.00020791291899513453]"
A06,session2,intra_session,train,pca_32,nn_erm,2,2,"[0.000195802902453579, 0.010799042880535126, 0.9872800707817078, 0.0017250567907467484]"
A06,session2,intra_session,train,pca_32,nn_erm,1,1,"[7.833175186533481e-05, 0.9827628135681152, 0.004776479676365852, 0.01238243654370308]"
A06,session2,intra_session,train,pca_32,nn_erm,2,2,"[0.005805008113384247, 0.0050734044052660465, 0.9874600172042847, 0.0016615749336779118]"
A06,session2,intra_session,train,pca_32,nn_erm,3,3,"[7.636670488864183e-05, 0.0002748646948020905, 0.0010196667863056064, 0.998629093170166]"
A06,session2,intra_session,train,pca_32,nn_erm,0,0,"[0.9726898670196533, 0.020295869559049606, 0.006082237232476473, 0.0009320450481027365]"
A06,session2,intra_session,test,pca_32,nn_erm,3,2,"[0.25393885374069214, 0.056036580353975296, 0.44773828983306885, 0.2422863095998764]"
A06,session2,intra_session,test,pca_32,nn_erm,0,2,"[0.00845292117446661, 0.14830410480499268, 0.802740752696991, 0.040502190589904785]"
A06,session2,intra_session,test,pca_32,nn_erm,0,1,"[0.03558803349733353, 0.6858847737312317, 0.058951277285814285, 0.21957597136497498]"
A06,session2,intra_session,test,pca_32,nn_erm,1,2,"[0.18166202306747437, 8.075559162534773e-05, 0.7725878357887268, 0.04566936939954758]"
A06,session2,intra_session,test,pca_32,nn_erm,3,2,"[0.018655918538570404, 2.762407348200213e-05, 0.964522659778595, 0.016793683171272278]"
A06,session2,intra_session,test,pca_32,nn_erm,2,0,"[0.8123083114624023, 0.0015686354599893093, 0.16588155925273895, 0.02024155668914318]"
A06,session2,intra_session,test,pca_32,nn_erm,1,1,"[0.004014085046947002, 0.9678366184234619, 0.013105572201311588, 0.015043627470731735]"
A06,session2,intra_session,test,pca_32,nn_erm,3,3,"[0.001459144870750606, 0.007692721672356129, 0.13559524714946747, 0.8552528619766235]"
A06,session2,intra_session,test,pca_32,nn_erm,2,1,"[0.0005116534302942455, 0.8363273739814758, 0.16109269857406616, 0.002068229950964451]"
A06,session2,intra_session,test,pca_32,nn_erm,3,1,"[0.10271149128675461, 0.8922663331031799, 0.0023208418861031532, 0.0027013549115508795]"
A06,session2,intra_session,test,pca_32,nn_erm,2,2,"[0.19550155103206635, 0.041300952434539795, 0.48492977023124695, 0.2782677710056305]"
A06,session2,intra_session,test,pca_32,nn_erm,3,1,"[0.0033053027000278234, 0.8768611550331116, 0.10381469875574112, 0.01601884886622429]"
A06,session2,intra_session,test,pca_32,nn_erm,1,0,"[0.5863636136054993, 0.3305215835571289, 0.07162056118249893, 0.0114942891523242]"
A06,session2,intra_session,test,pca_32,nn_erm,1,1,"[0.14478762447834015, 0.36281606554985046, 0.3603714108467102, 0.1320248544216156]"
A06,session2,intra_session,test,pca_32,nn_erm,3,2,"[0.011825411580502987, 0.0011185486800968647, 0.8936642408370972, 0.09339187294244766]"
A06,session2,intra_session,test,pca_32,nn_erm,0,2,"[0.22396264970302582, 0.27093634009361267, 0.5019066333770752, 0.003194434568285942]"
A06,session2,intra_session,test,pca_32,nn_erm,1,2,"[0.010317505337297916, 0.3581022024154663, 0.625819742679596, 0.005760578438639641]"
A06,session2,intra_session,test,pca_32,nn_erm,1,3,"[0.029403988271951675, 0.01310425903648138, 0.006169160362333059, 0.951322615146637]"
A06,session2,intra_session,test,pca_32,nn_erm,1,3,"[0.29219162464141846, 0.07936609536409378, 0.07041650265455246, 0.5580257773399353]"
A06,session2,intra_session,test,pca_32,nn_erm,2,3,"[0.03714379295706749, 0.0001599038514541462, 0.306519091129303, 0.6561772227287292]"
A06,session2,intra_session,test,pca_32,nn_erm,3,0,"[0.5111530423164368, 0.2022717297077179, 0.03059379942715168, 0.2559813857078552]"
A06,session2,intra_session,test,pca_32,nn_erm,0,3,"[0.3854805529117584, 0.02506345510482788, 0.06739649176597595, 0.5220595002174377]"
A06,session2,intra_session,test,pca_32,nn_erm,3,0,"[0.6277347803115845, 0.009575089439749718, 0.002258299384266138, 0.36043182015419006]"
A06,session2,intra_session,test,pca_32,nn_erm,0,0,"[0.826691746711731, 0.03912417218089104, 0.119691863656044, 0.014492137357592583]"
A06,session2,intra_session,test,pca_32,nn_erm,2,3,"[0.27610135078430176, 0.08145448565483093, 0.13565364480018616, 0.5067904591560364]"
A06,session2,intra_session,test,pca_32,nn_erm,0,3,"[0.1096486821770668, 0.0014467001892626286, 0.3299592435359955, 0.5589454174041748]"
A06,session2,intra_session,test,pca_32,nn_erm,3,2,"[0.04677977412939072, 0.010092902928590775, 0.9323902726173401, 0.010737099684774876]"
A06,session2,intra_session,test,pca_32,nn_erm,0,0,"[0.8477824330329895, 0.02163168042898178, 0.01269411388784647, 0.11789177358150482]"
A06,session2,intra_session,test,pca_32,nn_erm,2,0,"[0.6016889214515686, 0.006318192929029465, 0.37799882888793945, 0.013994085602462292]"
A06,session2,intra_session,test,pca_32,nn_erm,0,2,"[0.22278112173080444, 0.06479381024837494, 0.5692322850227356, 0.14319275319576263]"
A06,session2,intra_session,test,pca_32,nn_erm,1,0,"[0.9714666604995728, 0.01808098889887333, 0.0015145697398111224, 0.00893781241029501]"
A06,session2,intra_session,test,pca_32,nn_erm,2,1,"[0.03597136586904526, 0.5975580215454102, 0.3505851626396179, 0.015885435044765472]"
A06,session2,intra_session,test,pca_32,nn_erm,2,2,"[0.08216977119445801, 0.03408278897404671, 0.632137656211853, 0.2516098618507385]"
A06,session2,intra_session,test,pca_32,nn_erm,3,2,"[0.2178153097629547, 0.24711482226848602, 0.32253557443618774, 0.21253429353237152]"
A06,session2,intra_session,test,pca_32,nn_erm,0,2,"[0.08902250975370407, 0.07702106982469559, 0.8275660872459412, 0.006390313617885113]"
A06,session2,intra_session,test,pca_32,nn_erm,1,1,"[0.2299065887928009, 0.40711888670921326, 0.19490239024162292, 0.16807210445404053]"
A06,session2,intra_session,test,pca_32,nn_erm,3,3,"[0.05424795299768448, 0.26633936166763306, 0.0012156203156337142, 0.6781970858573914]"
A06,session2,intra_session,test,pca_32,nn_erm,1,0,"[0.6895506978034973, 0.012255387380719185, 0.032434068620204926, 0.26575982570648193]"
A06,session2,intra_session,test,pca_32,nn_erm,2,2,"[0.03594430908560753, 6.393663352355361e-05, 0.9631219506263733, 0.0008697953308001161]"
A06,session2,intra_session,test,pca_32,nn_erm,2,1,"[0.03529558330774307, 0.7932555675506592, 0.0515252910554409, 0.11992356926202774]"
A06,session2,intra_session,test,pca_32,nn_erm,0,1,"[0.2726765275001526, 0.3831542432308197, 0.004351582378149033, 0.33981770277023315]"
A06,session2,intra_session,test,pca_32,nn_erm,3,3,"[0.002972259884700179, 0.0024354939814656973, 0.2888808250427246, 0.7057114839553833]"
A06,session2,intra_session,test,pca_32,nn_erm,1,0,"[0.5021249055862427, 0.004699026700109243, 0.0016337482957169414, 0.4915422797203064]"
A06,session2,intra_session,test,pca_32,nn_erm,3,1,"[0.05137072503566742, 0.4206225275993347, 0.40639233589172363, 0.12161438912153244]"
A06,session2,intra_session,test,pca_32,nn_erm,0,0,"[0.4959784150123596, 0.4300568401813507, 0.006948044523596764, 0.06701673567295074]"
A06,session2,intra_session,test,pca_32,nn_erm,0,0,"[0.569091260433197, 0.000524449918884784, 0.23464761674404144, 0.1957365870475769]"
A06,session2,intra_session,test,pca_32,nn_erm,2,2,"[0.0020625293254852295, 0.012054250575602055, 0.9810529351234436, 0.004830281250178814]"
A06,session2,intra_session,test,pca_32,nn_erm,2,2,"[0.09426776319742203, 0.042452484369277954, 0.8630324602127075, 0.00024736233172006905]"
A06,session2,intra_session,test,pca_32,nn_erm,1,1,"[0.008196325041353703, 0.9831094145774841, 0.006143973674625158, 0.002550321165472269]"
A06,session2,intra_session,test,pca_32,nn_erm,3,2,"[0.007483162451535463, 0.24309778213500977, 0.65355384349823, 0.09586526453495026]"
A06,session2,intra_session,test,pca_32,nn_erm,1,1,"[0.23877893388271332, 0.37794482707977295, 0.23548825085163116, 0.14778795838356018]"
A06,session2,intra_session,test,pca_32,nn_erm,1,2,"[0.291178822517395, 0.0015211512800306082, 0.6977102160453796, 0.009589796885848045]"
A06,session2,intra_session,test,pca_32,nn_erm,0,2,"[0.0762132778763771, 0.18843230605125427, 0.4203907549381256, 0.3149637281894684]"
A06,session2,intra_session,test,pca_32,nn_erm,1,0,"[0.5005154609680176, 0.19985027611255646, 0.1398872584104538, 0.15974700450897217]"
A06,session2,intra_session,test,pca_32,nn_erm,3,3,"[0.0005326383979991078, 0.07497996836900711, 0.051191993057727814, 0.8732953667640686]"
A06,session2,intra_session,test,pca_32,nn_erm,3,0,"[0.6947753429412842, 0.03599358722567558, 0.012117113918066025, 0.25711390376091003]"
A06,session2,intra_session,test,pca_32,nn_erm,1,1,"[0.10322415828704834, 0.6766443252563477, 0.20982876420021057, 0.010302775539457798]"
A06,session2,intra_session,test,pca_32,nn_erm,1,0,"[0.4061013460159302, 0.27829957008361816, 0.03548381105065346, 0.2801152467727661]"
A06,session2,intra_session,test,pca_32,nn_erm,1,3,"[0.10023225843906403, 0.003227206878364086, 0.1186593770980835, 0.7778811454772949]"
A06,session2,intra_session,test,pca_32,nn_erm,1,2,"[0.03693772852420807, 0.004151641856878996, 0.8501306176185608, 0.10877995193004608]"
A06,session2,intra_session,test,pca_32,nn_erm,3,0,"[0.41889840364456177, 0.1546885222196579, 0.1641969382762909, 0.26221615076065063]"
A06,session2,intra_session,test,pca_32,nn_erm,3,2,"[0.012523037381470203, 0.32121244072914124, 0.6503645181655884, 0.01590004935860634]"
A06,session2,intra_session,test,pca_32,nn_erm,2,3,"[0.00026062328834086657, 0.00015168613754212856, 0.013076861388981342, 0.9865108132362366]"
A06,session2,intra_session,test,pca_32,nn_erm,3,3,"[0.00020222961029503495, 0.015996543690562248, 0.38748860359191895, 0.5963126420974731]"
A06,session2,intra_session,test,pca_32,nn_erm,0,3,"[0.15943938493728638, 0.0008721725316718221, 0.030827807262539864, 0.8088606595993042]"
A06,session2,intra_session,test,pca_32,nn_erm,1,0,"[0.49971726536750793, 0.0005578628042712808, 0.4895591735839844, 0.010165659710764885]"
A06,session2,intra_session,test,pca_32,nn_erm,2,2,"[0.08248443156480789, 0.39223042130470276, 0.4894251525402069, 0.03586003556847572]"
A06,session2,intra_session,test,pca_32,nn_erm,1,1,"[0.08964293450117111, 0.7541010975837708, 0.010016068816184998, 0.14623986184597015]"
A06,session2,intra_session,test,pca_32,nn_erm,0,2,"[0.03530317544937134, 0.013342105783522129, 0.9341998100280762, 0.017154941335320473]"
A06,session2,intra_session,test,pca_32,nn_erm,3,1,"[0.15138275921344757, 0.3552720844745636, 0.22377003729343414, 0.2695750892162323]"
A06,session2,intra_session,test,pca_32,nn_erm,0,1,"[0.22465871274471283, 0.7114412188529968, 0.006490892730653286, 0.05740906670689583]"
A06,session2,intra_session,test,pca_32,nn_erm,3,1,"[0.00163258018437773, 0.9081795811653137, 0.08563574403524399, 0.004552064463496208]"
A06,session2,intra_session,test,pca_32,nn_erm,0,1,"[0.3717002868652344, 0.5555617809295654, 0.04319034889340401, 0.029547590762376785]"
A06,session2,intra_session,test,pca_32,nn_erm,0,0,"[0.45028796792030334, 0.3566986620426178, 0.187800332903862, 0.005213047843426466]"
A06,session2,intra_session,test,pca_32,nn_erm,0,1,"[0.026935335248708725, 0.6613315939903259, 0.07351349294185638, 0.23821963369846344]"
A06,session2,intra_session,test,pca_32,nn_erm,0,2,"[0.012978950515389442, 0.21090920269489288, 0.5678777098655701, 0.20823414623737335]"
A06,session2,intra_session,test,pca_32,nn_erm,2,1,"[0.04853815957903862, 0.5017552971839905, 0.34431883692741394, 0.10538773238658905]"
A06,session2,intra_session,test,pca_32,nn_erm,2,0,"[0.681836724281311, 0.11300137639045715, 0.0310815516859293, 0.17408032715320587]"
A06,session2,intra_session,test,pca_32,nn_erm,3,2,"[0.10882014781236649, 0.07089903205633163, 0.7185104489326477, 0.10177042335271835]"
A06,session2,intra_session,test,pca_32,nn_erm,1,1,"[0.1276370733976364, 0.8633214831352234, 0.005432210862636566, 0.0036092563532292843]"
A06,session2,intra_session,test,pca_32,nn_erm,2,3,"[0.002834862330928445, 0.17118287086486816, 0.31708279252052307, 0.508899450302124]"
A06,session2,intra_session,test,pca_32,nn_erm,2,3,"[0.12759806215763092, 0.2517942190170288, 0.0289745032787323, 0.5916332602500916]"
A06,session2,intra_session,test,pca_32,nn_erm,2,1,"[0.0034359425771981478, 0.5105278491973877, 0.45296329259872437, 0.0330728180706501]"
A06,session2,intra_session,test,pca_32,nn_erm,3,0,"[0.7316856384277344, 0.17880576848983765, 0.005183833185583353, 0.08432485163211823]"
A06,session2,intra_session,test,pca_32,nn_erm,2,2,"[0.01575419306755066, 0.11282004415988922, 0.6990745067596436, 0.17235125601291656]"
A06,session2,intra_session,test,pca_32,nn_erm,0,3,"[0.01636417582631111, 0.000917223806027323, 0.004222415387630463, 0.9784961938858032]"
A06,session2,intra_session,test,pca_32,nn_erm,2,2,"[0.06790460646152496, 0.20389752089977264, 0.43087080121040344, 0.29732710123062134]"
A07,session1,intra_session,train,pca_32,nn_erm,0,0,"[0.9740400314331055, 0.02593405358493328, 2.5177734642056748e-05, 6.916271217960457e-07]"
A07,session1,intra_session,train,pca_32,nn_erm,1,1,"[0.025975188240408897, 0.9700629711151123, 0.003946322947740555, 1.5445741155417636e-05]"
A07,session1,intra_session,train,pca_32,nn_erm,1,1,"[1.0957492122543044e-06, 0.9979985356330872, 6.815216835320825e-08, 0.002000227104872465]"
A07,session1,intra_session,train,pca_32,nn_erm,0,0,"[0.986443281173706, 0.01355522871017456, 9.450114362152817e-07, 5.479162723531772e-07]"
A07,session1,intra_session,train,pca_32,nn_erm,1,1,"[0.0049509322270751, 0.9832911491394043, 0.0012119343737140298, 0.010546025820076466]"
A07,session1,intra_session,train,pca_32,nn_erm,0,0,"[0.9877516031265259, 0.006206587888300419, 0.005985599476844072, 5.62925124540925e-05]"
A07,session1,intra_session,train,pca_32,nn_erm,1,1,"[0.0014282707124948502, 0.9666528701782227, 0.005123973358422518, 0.026794858276844025]"
A07,session1,intra_session,train,pca_32,nn_erm,2,2,"[2.8129607017035596e-05, 2.5020362954819575e-06, 0.9999669790267944, 2.443976427457528e-06]"
A07,session1,intra_session,train,pca_32,nn_erm,1,1,"[0.012149922549724579, 0.9839861392974854, 0.0023572284262627363, 0.0015067238127812743]"
A07,session1,intra_session,train,pca_32,nn_erm,3,3,"[1.955843072209973e-05, 0.006013497710227966, 0.00219097756780684, 0.9917759895324707]"
A07,session1,intra_session,train,pca_32,nn_erm,0,0,"[0.9957221746444702, 0.0035565379075706005, 0.0006882377783767879, 3.308696614112705e-05]"
A07,session1,intra_session,train,pca_32,nn_erm,2,2,"[8.708834502613172e-05, 0.001042680349200964, 0.9969980716705322, 0.0018721946980804205]"
A07,session1,intra_session,train,pca_32,nn_erm,1,1,"[0.010410882532596588, 0.9895508885383606, 2.2065631128498353e-05, 1.6202820916078053e-05]"
A07,session1,intra_session,train,pca_32,nn_erm,0,0,"[0.9867755770683289, 0.0006579089676961303, 0.0029190247878432274, 0.009647486731410027]"
A07,session1,intra_session,train,pca_32,nn_erm,3,3,"[0.00015199922199826688, 0.019185105338692665, 0.0031845292542129755, 0.9774783849716187]"
A07,session1,intra_session,train,pca_32,nn_erm,3,3,"[1.0291590115230065e-05, 0.0011925941798835993, 0.0071648964658379555, 0.9916321635246277]"
A07,session1,intra_session,train,pca_32,nn_erm,3,3,"[6.31928414804861e-05, 0.0008042512345127761, 0.0007519828504882753, 0.9983806610107422]"
A07,session1,intra_session,train,pca_32,nn_erm,3,3,"[0.0016379841836169362, 0.010341376066207886, 0.03362782672047615, 0.9543927907943726]"
A07,session1,intra_session,train,pca_32,nn_erm,3,3,"[0.001327725127339363, 0.008802864700555801, 0.004336489364504814, 0.9855329394340515]"
A07,session1,intra_session,train,pca_32,nn_erm,0,0,"[0.9825619459152222, 0.01672700047492981, 0.000710217107553035, 9.099716180571704e-07]"
A07,session1,intra_session,train,pca_32,nn_erm,2,2,"[0.0013116630725562572, 4.1050730942515656e-05, 0.996405839920044, 0.002241496229544282]"
A07,session1,intra_session,train,pca_32,nn_erm,1,1,"[0.002058862941339612, 0.9969503283500671, 6.114925054134801e-05, 0.0009296870557591319]"
A07,session1,intra_session,train,pca_32,nn_erm,0,0,"[0.9953384399414062, 0.0008068401948548853, 0.0038545916322618723, 1.691039983597875e-07]"
A07,session1,intra_session,train,pca_32,nn_erm,0,0,"[0.9952587485313416, 0.004617880564182997, 0.00012300966773182154, 2.937523788659746e-07]"
A07,session1,intra_session,train,pca_32,nn_erm,2,2,"[0.0018930787919089198, 0.0017524444265291095, 0.9932190775871277, 0.00313536892645061]"
A07,session1,intra_session,train,pca_32,nn_erm,3,3,"[0.0011070091277360916, 0.00755590945482254, 0.0021903766319155693, 0.9891467094421387]"
A07,session1,intra_session,train,pca_32,nn_erm,0,0,"[0.9827057123184204, 0.01628538779914379, 0.0001905469543999061, 0.0008183330646716058]"
A07,session1,intra_session,train,pca_32,nn_erm,2,2,"[1.5409379557240754e-05, 0.002225284930318594, 0.9965277314186096, 0.0012315463973209262]"
A07,session1,intra_session,train,pca_32,nn_erm,2,2,"[0.0011531669879332185, 0.002176492242142558, 0.9962043166160583, 0.0004661080311052501]"
A07,session1,intra_session,train,pca_32,nn_erm,2,2,"[0.0007480332278646529, 4.527807323029265e-05, 0.9988598823547363, 0.0003467783681116998]"
A07,session1,intra_session,train,pca_32,nn_erm,0,0,"[0.9934885501861572, 0.006243827287107706, 0.00017295428551733494, 9.476570266997442e-05]"
A07,session1,intra_session,train,pca_32,nn_erm,1,1,"[0.00761924684047699, 0.9897081851959229, 0.0024577141739428043, 0.00021482435113284737]"
A07,session1,intra_session,train,pca_32,nn_erm,0,0,"[0.9882591962814331, 0.00852113775908947, 0.0029983208514750004, 0.00022133009042590857]"
A07,session1,intra_session,train,pca_32,nn_erm,1,1,"[0.0186905637383461, 0.9807668924331665, 0.00034512949059717357, 0.0001975102350115776]"
A07,session1,intra_session,train,pca_32,nn_erm,1,1,"[0.004312359727919102, 0.9825389385223389, 0.010816909372806549, 0.0023318056482821703]"
A07,session1,intra_session,train,pca_32,nn_erm,0,0,"[0.9995666146278381, 0.0003224151732865721, 0.00011062821431551129, 4.003494780135952e-07]"
A07,session1,intra_session,train,pca_32,nn_erm,1,1,"[0.017949838191270828, 0.9714972972869873, 0.001641242066398263, 0.008911589160561562]"
A07,session1,intra_session,train,pca_32,nn_erm,2,2,"[0.003727432806044817, 0.0004296794068068266, 0.9949001669883728, 0.000942787854000926]"
A07,session1,intra_session,train,pca_32,nn_erm,1,1,"[0.00882627721875906, 0.9905486702919006, 1.1647690371319186e-05, 0.0006134461145848036]"
A07,session1,intra_session,train,pca_32,nn_erm,2,2,"[0.009237422607839108, 0.0006534219137392938, 0.9887406229972839, 0.0013685199664905667]"
A07,session1,intra_session,train,pca_32,nn_erm,2,2,"[0.012415970675647259, 0.011333785019814968, 0.9668480753898621, 0.00940218660980463]"
A07,session1,intra_session,train,pca_32,nn_erm,3,3,"[0.0026370189152657986, 0.0007864171057008207, 0.0003447236376814544, 0.9962318539619446]"
A07,session1,intra_session,train,pca_32,nn_erm,2,2,"[0.00040397653356194496, 0.011856552213430405, 0.9771806001663208, 0.01055880542844534]"
A07,session1,intra_session,train,pca_32,nn_erm,2,2,"[0.002162054181098938, 0.002788691548630595, 0.993520200252533, 0.0015290003502741456]"
A07,session1,intra_session,train,pca_32,nn_erm,3,3,"[0.00034173147287219763, 0.0005177791463211179, 0.012330612167716026, 0.9868098497390747]"
A07,session1,intra_session,train,pca_32,nn_erm,3,3,"[0.00304649886675179, 0.00011146297038067132, 0.0031402448657900095, 0.9937018156051636]"
A07,session1,intra_session,train,pca_32,nn_erm,3,3,"[1.7118007917815703e-06, 1.244370923814131e-05, 0.0002939810510724783, 0.9996919631958008]"
A07,session1,intra_session,train,pca_32,nn_erm,3,3,"[0.0008638600120320916, 0.00017697445582598448, 0.0005541834980249405, 0.9984050393104553]"
A07,session1,intra_session,train,pca_32,nn_erm,3,3,"[0.00030937325209379196, 0.014434855431318283, 0.010989331640303135, 0.9742664098739624]"
A07,session1,intra_session,train,pca_32,nn_erm,2,2,"[0.012538080103695393, 0.003320111660286784, 0.9650601744651794, 0.019081629812717438]"
A07,session1,intra_session,train,pca_32,nn_erm,1,1,"[0.0016780223231762648, 0.9879860281944275, 0.009143557399511337, 0.0011923176934942603]"
A07,session1,intra_session,train,pca_32,nn_erm,0,0,"[0.9925543665885925, 0.004223741590976715, 0.0032207374460995197, 1.118057184612553e-06]"
A07,session1,intra_session,train,pca_32,nn_erm,0,0,"[0.9458047151565552, 0.02830628864467144, 0.02441505715250969, 0.0014739357866346836]"
A07,session1,intra_session,train,pca_32,nn_erm,1,1,"[0.007298016455024481, 0.9885523319244385, 0.002585273701697588, 0.0015643868828192353]"
A07,session1,intra_session,train,pca_32,nn_erm,2,2,"[1.5353900380432606e-05, 0.003186916932463646, 0.9967377781867981, 6.000246503390372e-05]"
A07,session1,intra_session,train,pca_32,nn_erm,3,3,"[0.0018818319076672196, 0.0002601755550131202, 0.0015149574028328061, 0.9963429570198059]"
A07,session1,intra_session,train,pca_32,nn_erm,1,1,"[0.02238982543349266, 0.9774670004844666, 1.5001066458353307e-05, 0.0001282149605685845]"
A07,session1,intra_session,train,pca_32,nn_erm,2,2,"[0.0009648180566728115, 0.0023045227862894535, 0.9967267513275146, 3.865878625219921e-06]"
A07,session1,intra_session,train,pca_32,nn_erm,0,0,"[0.9927288889884949, 0.0037735383957624435, 0.00027252428117208183, 0.003225052496418357]"
A07,session1,intra_session,train,pca_32,nn_erm,0,0,"[0.9900406002998352, 0.009192416444420815, 0.0005190511583350599, 0.00024794114870019257]"
A07,session1,intra_session,train,pca_32,nn_erm,0,0,"[0.9838813543319702, 0.008480632677674294, 0.007263332139700651, 0.00037476819125004113]"
A07,session1,intra_session,train,pca_32,nn_erm,3,3,"[0.0032082132529467344, 0.00178271543700248, 0.0008631158270873129, 0.9941458702087402]"
A07,session1,intra_session,train,pca_32,nn_erm,1,1,"[0.0005733625148423016, 0.9848726987838745, 0.013771722093224525, 0.0007821170729584992]"
A07,session1,intra_session,train,pca_32,nn_erm,1,1,"[0.006601333152502775, 0.9907299876213074, 0.001017509144730866, 0.001651271595619619]"
A07,session1,intra_session,train,pca_32,nn_erm,0,0,"[0.996550440788269, 0.0034494029823690653, 4.145660881249569e-08, 1.7429050558348536e-07]"
A07,session1,intra_session,train,pca_32,nn_erm,0,0,"[0.978400707244873, 0.012430637143552303, 0.009147657081484795, 2.101272184518166e-05]"
A07,session1,intra_session,train,pca_32,nn_erm,2,2,"[0.0013025987427681684, 0.0007188815507106483, 0.997456967830658, 0.0005215833662077785]"
A07,session1,intra_session,train,pca_32,nn_erm,0,0,"[0.9984795451164246, 0.001518344390206039, 1.9345213786436943e-06, 2.3603055865351052e-07]"
A07,session1,intra_session,train,pca_32,nn_erm,1,1,"[0.03211416304111481, 0.9674806594848633, 0.00039931549690663815, 5.877337571291719e-06]"
A07,session1,intra_session,train,pca_32,nn_erm,3,3,"[0.0018740503583103418, 2.280272929056082e-05, 0.005307032261043787, 0.9927961230278015]"
A07,session1,intra_session,train,pca_32,nn_erm,3,3,"[0.0007642324198968709, 3.904945697286166e-05, 0.0028170912992209196, 0.9963796734809875]"
A07,session1,intra_session,train,pca_32,nn_erm,2,2,"[0.0007332541281357408, 0.010398069396615028, 0.9834344983100891, 0.005434056278318167]"
A07,session1,intra_session,train,pca_32,nn_erm,0,0,"[0.9964665174484253, 0.0035195157397538424, 9.814100849325769e-06, 4.0704067032493185e-06]"
A07,session1,intra_session,train,pca_32,nn_erm,3,3,"[0.00016013103595469147, 2.050523653451819e-05, 1.103084741771454e-05, 0.9998083710670471]"
A07,session1,intra_session,train,pca_32,nn_erm,3,3,"[2.365617888244742e-07, 1.945422845039957e-08, 1.7091346308006905e-05, 0.9999827146530151]"
A07,session1,intra_session,train,pca_32,nn_erm,1,1,"[0.008858805522322655, 0.9854590892791748, 0.0008778602350503206, 0.004804310388863087]"
A07,session1,intra_session,train,pca_32,nn_erm,3,3,"[0.0007894444279372692, 2.4906203179853037e-06, 0.0022179854568094015, 0.9969900846481323]"
A07,session1,intra_session,train,pca_32,nn_erm,3,3,"[0.00015188849647529423, 0.004821731708943844, 0.002491139806807041, 0.9925352334976196]"
A07,session1,intra_session,train,pca_32,nn_erm,1,1,"[0.0105005893856287, 0.9893355965614319, 0.00015473602979909629, 9.038641110237222e-06]"
A07,session1,intra_session,train,pca_32,nn_erm,0,0,"[0.999434769153595, 0.00040547133539803326, 0.00015946522762533277, 3.8500670029861794e-07]"
A07,session1,intra_session,train,pca_32,nn_erm,1,1,"[0.00030260879429988563, 0.9975554943084717, 0.00031620595837011933, 0.0018255948089063168]"
A07,session1,intra_session,train,pca_32,nn_erm,2,2,"[0.002765831770375371, 2.518506562410039e-06, 0.9972090125083923, 2.2678214008919895e-05]"
A07,session1,intra_session,train,pca_32,nn_erm,2,2,"[1.8772589100990444e-06, 0.0036253042053431273, 0.9963709115982056, 1.8386878082310432e-06]"
A07,session1,intra_session,train,pca_32,nn_erm,2,2,"[0.002872663550078869, 0.00564117357134819, 0.9903061389923096, 0.0011799888452515006]"
A07,session1,intra_session,train,pca_32,nn_erm,3,3,"[1.2289060578041244e-05, 0.00046930855023674667, 0.0004489727725740522, 0.9990693926811218]"
A07,session1,intra_session,train,pca_32,nn_erm,2,2,"[8.237807196564972e-05, 3.136194573016837e-05, 0.9986245632171631, 0.001261728466488421]"
A07,session1,intra_session,train,pca_32,nn_erm,0,0,"[0.9930476546287537, 0.004943230655044317, 0.001994586316868663, 1.454932862543501e-05]"
A07,session1,intra_session,train,pca_32,nn_erm,3,3,"[0.0011135926470160484, 0.003250322537496686, 0.0077101015485823154, 0.9879260063171387]"
A07,session1,intra_session,train,pca_32,nn_erm,1,1,"[0.011444034986197948, 0.981793999671936, 0.0030724117532372475, 0.0036895726807415485]"
A07,session1,intra_session,train,pca_32,nn_erm,2,2,"[1.4902929251547903e-05, 0.003618745133280754, 0.9956320524215698, 0.0007342201424762607]"
A07,session1,intra_session,train,pca_32,nn_erm,1,1,"[0.005343887489289045, 0.989459753036499, 0.0007638084352947772, 0.004432495217770338]"
A07,session1,intra_session,train,pca_32,nn_erm,2,2,"[0.009770510718226433, 0.0016310684150084853, 0.970058023929596, 0.018540294840931892]"
A07,session1,intra_session,train,pca_32,nn_erm,3,3,"[0.0028137380722910166, 0.014439093880355358, 0.0033123912289738655, 0.9794347882270813]"
A07,session1,intra_session,train,pca_32,nn_erm,1,1,"[0.0035635612439364195, 0.9915628433227539, 0.00480254739522934, 7.099907816154882e-05]"
A07,session1,intra_session,train,pca_32,nn_erm,2,2,"[0.00785180926322937, 2.7569540179683827e-05, 0.9921008944511414, 1.978321415663231e-05]"
A07,session1,intra_session,train,pca_32,nn_erm,0,0,"[0.9839249849319458, 0.015949901193380356, 0.00010518650378799066, 1.9932916984544136e-05]"
A07,session1,intra_session,train,pca_32,nn_erm,0,0,"[0.9950136542320251, 0.004937422927469015, 3.416069012018852e-05, 1.4739639482286293e-05]"
A07,session1,intra_session,train,pca_32,nn_erm,0,0,"[0.9900570511817932, 0.008328009396791458, 0.0016147538553923368, 1.7619845493754838e-07]"
A07,session1,intra_session,train,pca_32,nn_erm,3,3,"[0.00023196893744170666, 0.0012257997877895832, 0.0033970142249017954, 0.9951451420783997]"
A07,session1,intra_session,train,pca_32,nn_erm,1,1,"[0.0021063019521534443, 0.9977636337280273, 5.736147068091668e-05, 7.267923501785845e-05]"
A07,session1,intra_session,train,pca_32,nn_erm,0,0,"[0.9859617352485657, 0.0015527212526649237, 0.006137770600616932, 0.006347823888063431]"
A07,session1,intra_session,train,pca_32,nn_erm,2,2,"[4.446289676707238e-05, 0.0006677807541564107, 0.9988290667533875, 0.0004587704024743289]"
A07,session1,intra_session,train,pca_32,nn_erm,0,0,"[0.9887452721595764, 0.010373183526098728, 0.0005436926730908453, 0.0003378128749318421]"
A07,session1,intra_session,train,pca_32,nn_erm,2,2,"[1.3190079926062026e-06, 0.00021498760906979442, 0.9921998381614685, 0.007583866361528635]"
A07,session1,intra_session,train,pca_32,nn_erm,1,1,"[0.0003224815591238439, 0.9987471103668213, 0.0007318457937799394, 0.00019861130567733198]"
A07,session1,intra_session,train,pca_32,nn_erm,3,3,"[0.0002242206537630409, 0.0005686174845322967, 0.011069690808653831, 0.988137423992157]"
A07,session1,intra_session,train,pca_32,nn_erm,0,0,"[0.9829080104827881, 0.009657987393438816, 0.006801933981478214, 0.0006320626707747579]"
A07,session1,intra_session,train,pca_32,nn_erm,2,2,"[0.004912596195936203, 0.00029680688749067485, 0.9947305917739868, 5.996221079840325e-05]"
A07,session1,intra_session,train,pca_32,nn_erm,2,2,"[0.014633526094257832, 0.006308211479336023, 0.9787681698799133, 0.00029001515940763056]"
A07,session1,intra_session,train,pca_32,nn_erm,0,0,"[0.9988069534301758, 0.0008586870389990509, 0.0003343630232848227, 3.737099163458879e-08]"
A07,session1,intra_session,train,pca_32,nn_erm,2,2,"[0.0002375760377617553, 0.0007978786015883088, 0.9963401556015015, 0.0026245007757097483]"
A07,session1,intra_session,train,pca_32,nn_erm,1,1,"[0.008794952183961868, 0.989741325378418, 0.0007114853942766786, 0.0007522932719439268]"
A07,session1,intra_session,train,pca_32,nn_erm,3,3,"[2.666514546945109e-06, 0.004416383802890778, 0.010315868072211742, 0.9852650761604309]"
A07,session1,intra_session,train,pca_32,nn_erm,3,3,"[0.003414773615077138, 0.00028191288583911955, 0.005638327449560165, 0.9906649589538574]"
A07,session1,intra_session,train,pca_32,nn_erm,3,3,"[0.0008263696799986064, 0.0014846096746623516, 0.000989541644230485, 0.9966995120048523]"
A07,session1,intra_session,train,pca_32,nn_erm,2,2,"[2.2161639208206907e-05, 0.0019193150801584125, 0.9784760475158691, 0.01958249881863594]"
A07,session1,intra_session,train,pca_32,nn_erm,0,0,"[0.9933857321739197, 0.006356415804475546, 0.00014108438335824758, 0.00011683050979627296]"
A07,session1,intra_session,train,pca_32,nn_erm,3,3,"[0.0002965697494801134, 0.0011174241080880165, 0.025655856356024742, 0.9729301929473877]"
A07,session1,intra_session,train,pca_32,nn_erm,1,1,"[0.03467162698507309, 0.9649245142936707, 0.0003697042993735522, 3.4129621781175956e-05]"
A07,session1,intra_session,train,pca_32,nn_erm,3,3,"[2.657286835017203e-09, 6.799291440984234e-06, 7.835259907551517e-07, 0.9999923706054688]"
A07,session1,intra_session,train,pca_32,nn_erm,1,1,"[0.005792522337287664, 0.9800906777381897, 0.01177163515239954, 0.002345181768760085]"
A07,session1,intra_session,train,pca_32,nn_erm,0,0,"[0.9851974844932556, 0.010704395361244678, 0.004069918300956488, 2.814428626152221e-05]"
A07,session1,intra_session,train,pca_32,nn_erm,2,2,"[0.0006726566352881491, 0.009860984049737453, 0.9876984357833862, 0.0017678370932117105]"
A07,session1,intra_session,train,pca_32,nn_erm,1,1,"[0.0016074650920927525, 0.9975783228874207, 9.983676136471331e-06, 0.0008042900008149445]"
A07,session1,intra_session,train,pca_32,nn_erm,0,0,"[0.9882310032844543, 0.00042968118214048445, 0.009753075428307056, 0.00158622523304075]"
A07,session1,intra_session,train,pca_32,nn_erm,2,2,"[0.00013336529082152992, 0.002282768953591585, 0.9974873065948486, 9.650475112721324e-05]"
A07,session1,intra_session,train,pca_32,nn_erm,2,2,"[0.0018884115852415562, 0.03369737043976784, 0.9457568526268005, 0.018657302483916283]"
A07,session1,intra_session,train,pca_32,nn_erm,0,0,"[0.9792962074279785, 0.016550898551940918, 0.002688189037144184, 0.001464731409214437]"
A07,session1,intra_session,train,pca_32,nn_erm,2,2,"[0.0006464524776674807, 0.006555985659360886, 0.9760755300521851, 0.016721975058317184]"
A07,session1,intra_session,train,pca_32,nn_erm,3,3,"[0.00023524653806816787, 0.001192135619930923, 0.007301459554582834, 0.9912712574005127]"
A07,session1,intra_session,train,pca_32,nn_erm,3,3,"[1.865769718278898e-06, 4.8516958486288786e-05, 0.0015262565575540066, 0.9984233379364014]"
A07,session1,intra_session,train,pca_32,nn_erm,1,1,"[0.011649963445961475, 0.9811479449272156, 0.00531200272962451, 0.0018900842405855656]"
A07,session1,intra_session,train,pca_32,nn_erm,0,0,"[0.9898437261581421, 0.009052189067006111, 3.025325531780254e-05, 0.001073861145414412]"
A07,session1,intra_session,train,pca_32,nn_erm,1,1,"[0.016388295218348503, 0.9726352095603943, 0.008683035150170326, 0.0022934868466109037]"
A07,session1,intra_session,train,pca_32,nn_erm,3,3,"[6.474468516870502e-09, 5.575839345794975e-09, 3.042933940378134e-06, 0.9999969005584717]"
A07,session1,intra_session,train,pca_32,nn_erm,1,1,"[0.01648387871682644, 0.9751810431480408, 0.0021654923912137747, 0.006169590167701244]"
A07,session1,intra_session,train,pca_32,nn_erm,3,3,"[1.1807571809185902e-06, 7.43951095500961e-05, 2.2327709302771837e-05, 0.9999021291732788]"
A07,session1,intra_session,train,pca_32,nn_erm,2,2,"[0.0001386725780321285, 0.00022879536845721304, 0.9994891881942749, 0.00014331254351418465]"
A07,session1,intra_session,train,pca_32,nn_erm,1,1,"[8.721803897060454e-05, 0.9997968077659607, 1.933133489728789e-06, 0.00011408914724597707]"
A07,session1,intra_session,train,pca_32,nn_erm,1,1,"[0.012291991151869297, 0.9831286072731018, 0.0029834220185875893, 0.001595949288457632]"
A07,session1,intra_session,train,pca_32,nn_erm,1,1,"[8.7950007582549e-05, 0.984443187713623, 0.014726734720170498, 0.0007422038470394909]"
A07,session1,intra_session,train,pca_32,nn_erm,2,2,"[0.0029826941899955273, 0.003074928419664502, 0.9928916692733765, 0.0010506660910323262]"
A07,session1,intra_session,train,pca_32,nn_erm,3,3,"[0.0010610627941787243, 0.0020956657826900482, 0.0025794587563723326, 0.9942638278007507]"
A07,session1,intra_session,train,pca_32,nn_erm,0,0,"[0.9968589544296265, 0.0030912996735423803, 1.529995643068105e-05, 3.438431667746045e-05]"
A07,session1,intra_session,train,pca_32,nn_erm,1,1,"[0.017706895247101784, 0.9821959733963013, 9.639878408052027e-05, 6.774943699383584e-07]"
A07,session1,intra_session,train,pca_32,nn_erm,3,3,"[1.2742894517359105e-09, 4.483153588807909e-06, 1.857797360571567e-05, 0.9999768733978271]"
A07,session1,intra_session,train,pca_32,nn_erm,0,0,"[0.9868267774581909, 0.009226341731846333, 0.0032572487834841013, 0.0006895200931467116]"
A07,session1,intra_session,train,pca_32,nn_erm,2,2,"[8.214698027586564e-05, 0.00039540830766782165, 0.9902158975601196, 0.009306591935455799]"
A07,session1,intra_session,train,pca_32,nn_erm,2,2,"[0.00022850297682452947, 0.0019222256960347295, 0.9902350902557373, 0.007614224683493376]"
A07,session1,intra_session,train,pca_32,nn_erm,3,3,"[0.00013279436097946018, 0.0009769814787432551, 0.0017895945347845554, 0.9971006512641907]"
A07,session1,intra_session,train,pca_32,nn_erm,0,0,"[0.9997960925102234, 0.0001996191858779639, 1.336720515610068e-06, 2.9378968520177295e-06]"
A07,session1,intra_session,train,pca_32,nn_erm,0,0,"[0.9929585456848145, 0.0022187468130141497, 0.004725930746644735, 9.682910604169592e-05]"
A07,session1,intra_session,train,pca_32,nn_erm,2,2,"[0.00067937932908535, 0.0014364757807925344, 0.9970472455024719, 0.000836944964248687]"
A07,session1,intra_session,train,pca_32,nn_erm,1,1,"[0.011212368495762348, 0.9795516729354858, 0.006478773429989815, 0.0027571613900363445]"
A07,session1,intra_session,train,pca_32,nn_erm,3,3,"[0.0008281944901682436, 0.00014823545643594116, 0.00112239143345505, 0.997901201248169]"
A07,session1,intra_session,train,pca_32,nn_erm,3,3,"[0.00014925278082955629, 0.000547843228559941, 0.0030384764540940523, 0.9962643980979919]"
A07,session1,intra_session,train,pca_32,nn_erm,3,3,"[0.0033803232945501804, 0.00031990360002964735, 0.00029708928195759654, 0.996002733707428]"
A07,session1,intra_session,train,pca_32,nn_erm,1,1,"[0.004525990691035986, 0.9904810786247253, 0.00038391604903154075, 0.004609057679772377]"
A07,session1,intra_session,train,pca_32,nn_erm,0,0,"[0.9886360168457031, 0.010244709439575672, 0.0006858521956019104, 0.0004334830737207085]"
A07,session1,intra_session,train,pca_32,nn_erm,2,2,"[2.1110450688865967e-05, 0.0012040125438943505, 0.9986514449119568, 0.0001235566451214254]"
A07,session1,intra_session,train,pca_32,nn_erm,1,1,"[0.006858264096081257, 0.9914133548736572, 0.00010436517186462879, 0.0016240424010902643]"
A07,session1,intra_session,train,pca_32,nn_erm,3,3,"[2.2411930331145413e-05, 0.0012569149257615209, 4.7134552005445585e-05, 0.9986735582351685]"
A07,session1,intra_session,train,pca_32,nn_erm,0,0,"[0.9867379069328308, 0.013099770061671734, 0.00014246364298742265, 1.9857903680531308e-05]"
A07,session1,intra_session,train,pca_32,nn_erm,3,3,"[1.1662073529095096e-09, 3.967393524817453e-08, 3.2725242817832623e-06, 0.9999967813491821]"
A07,session1,intra_session,train,pca_32,nn_erm,2,2,"[1.0697296602302231e-05, 0.0012743269326165318, 0.9913449287414551, 0.007370060309767723]"
A07,session1,intra_session,train,pca_32,nn_erm,1,1,"[0.014483802020549774, 0.9835628867149353, 0.00120259216055274, 0.0007508030394092202]"
A07,session1,intra_session,train,pca_32,nn_erm,3,3,"[1.3990606930747163e-06, 5.6194290664279833e-05, 0.0010326667688786983, 0.9989097118377686]"
A07,session1,intra_session,train,pca_32,nn_erm,3,3,"[0.0022089884150773287, 0.007616167888045311, 0.01761990785598755, 0.9725549221038818]"
A07,session1,intra_session,train,pca_32,nn_erm,0,0,"[0.9761315584182739, 0.022933470085263252, 0.0006800066912546754, 0.0002549179189372808]"
A07,session1,intra_session,train,pca_32,nn_erm,1,1,"[0.026564529165625572, 0.971219003200531, 0.001879252609796822, 0.000337296340148896]"
A07,session1,intra_session,train,pca_32,nn_erm,1,1,"[0.0362665094435215, 0.9450436234474182, 0.017098458483815193, 0.0015913639217615128]"
A07,session1,intra_session,train,pca_32,nn_erm,2,2,"[0.001095018582418561, 0.00011242328037042171, 0.9979281425476074, 0.0008643231703899801]"
A07,session1,intra_session,train,pca_32,nn_erm,3,3,"[5.030017564422451e-05, 0.0009364879224449396, 0.012915616855025291, 0.9860975742340088]"
A07,session1,intra_session,train,pca_32,nn_erm,1,1,"[0.016430741176009178, 0.9683784246444702, 0.014727718196809292, 0.0004630875773727894]"
A07,session1,intra_session,train,pca_32,nn_erm,0,0,"[0.9945422410964966, 0.0022017627488821745, 0.0003785214794334024, 0.002877462888136506]"
A07,session1,intra_session,train,pca_32,nn_erm,0,0,"[0.9998447895050049, 3.782765634241514e-05, 5.977007731416961e-06, 0.00011138075933558866]"
A07,session1,intra_session,train,pca_32,nn_erm,3,3,"[2.460235464241123e-06, 1.1732426173693966e-05, 0.0002231964754173532, 0.9997627139091492]"
A07,session1,intra_session,train,pca_32,nn_erm,1,1,"[0.0012852067593485117, 0.9749112129211426, 0.013934758491814137, 0.00986877828836441]"
A07,session1,intra_session,train,pca_32,nn_erm,0,0,"[0.9839503765106201, 0.015311387367546558, 0.0002616558049339801, 0.00047657746472395957]"
A07,session1,intra_session,train,pca_32,nn_erm,2,2,"[0.002766264136880636, 0.0010394575074315071, 0.9956515431404114, 0.0005427623400464654]"
A07,session1,intra_session,train,pca_32,nn_erm,1,1,"[0.014287997037172318, 0.9786723852157593, 0.00032764647039584816, 0.006711927708238363]"
A07,session1,intra_session,train,pca_32,nn_erm,1,1,"[0.001932853483594954, 0.9914621114730835, 0.0014961002161726356, 0.005108919460326433]"
A07,session1,intra_session,train,pca_32,nn_erm,2,2,"[0.005425711628049612, 0.0004961836966685951, 0.9933294057846069, 0.0007487070979550481]"
A07,session1,intra_session,train,pca_32,nn_erm,0,0,"[0.977709174156189, 0.002588568488135934, 0.019671468064188957, 3.083250703639351e-05]"
A07,session1,intra_session,train,pca_32,nn_erm,3,3,"[1.0718214980443008e-05, 2.600516745587811e-05, 0.010388179682195187, 0.989575207233429]"
A07,session1,intra_session,train,pca_32,nn_erm,2,2,"[0.00571058364585042, 0.0014675799757242203, 0.992495059967041, 0.000326777488226071]"
A07,session1,intra_session,train,pca_32,nn_erm,2,2,"[0.001623704330995679, 0.003728441894054413, 0.9945996999740601, 4.808376979781315e-05]"
A07,session1,intra_session,train,pca_32,nn_erm,2,2,"[0.002066217362880707, 0.01252411212772131, 0.9812183976173401, 0.004191334825009108]"
A07,session1,intra_session,train,pca_32,nn_erm,2,2,"[0.005064668599516153, 3.980922338087112e-05, 0.9948943853378296, 1.1036939895348041e-06]"
A07,session1,intra_session,train,pca_32,nn_erm,0,0,"[0.9685941934585571, 0.03103945590555668, 0.0001590369938639924, 0.00020738951570820063]"
A07,session1,intra_session,train,pca_32,nn_erm,1,1,"[0.00012438581325113773, 0.9954236149787903, 0.0002189460938097909, 0.0042330557480454445]"
A07,session1,intra_session,train,pca_32,nn_erm,0,0,"[0.9898030757904053, 0.009978258982300758, 5.7651614042697474e-05, 0.0001609553291928023]"
A07,session1,intra_session,train,pca_32,nn_erm,1,1,"[0.014088287949562073, 0.9848397374153137, 0.0008334358572028577, 0.00023855485778767616]"
A07,session1,intra_session,train,pca_32,nn_erm,0,0,"[0.9624795317649841, 0.037013839930295944, 6.008240961818956e-05, 0.00044650008203461766]"
A07,session1,intra_session,train,pca_32,nn_erm,0,0,"[0.9845950603485107, 0.01148076169192791, 0.000586766516789794, 0.003337407950311899]"
A07,session1,intra_session,train,pca_32,nn_erm,2,2,"[0.006738209165632725, 0.006005740724503994, 0.9865254163742065, 0.0007307225023396313]"
A07,session1,intra_session,train,pca_32,nn_erm,2,2,"[0.0006364132277667522, 0.0030244349036365747, 0.9931604862213135, 0.003178715007379651]"
A07,session1,intra_session,train,pca_32,nn_erm,1,1,"[0.012271029874682426, 0.9762651324272156, 0.010140355676412582, 0.0013235036749392748]"
A07,session1,intra_session,train,pca_32,nn_erm,2,2,"[4.75926608487498e-05, 0.000158705297508277, 0.9865238666534424, 0.013269768096506596]"
A07,session1,intra_session,train,pca_32,nn_erm,3,3,"[0.00045841006794944406, 0.004261418711394072, 0.008594000712037086, 0.986686110496521]"
A07,session1,intra_session,train,pca_32,nn_erm,0,0,"[0.9934626817703247, 0.006533922627568245, 1.1060258202633122e-06, 2.299291509189061e-06]"
A07,session1,intra_session,test,pca_32,nn_erm,3,3,"[0.0026757565792649984, 0.034429628401994705, 0.014227495528757572, 0.9486671090126038]"
A07,session1,intra_session,test,pca_32,nn_erm,0,1,"[0.42900270223617554, 0.5187728404998779, 0.018537098541855812, 0.03368731588125229]"
A07,session1,intra_session,test,pca_32,nn_erm,0,1,"[0.204599991440773, 0.7913424968719482, 0.0018315587658435106, 0.002225952921435237]"
A07,session1,intra_session,test,pca_32,nn_erm,1,0,"[0.9858165979385376, 0.014036166481673717, 0.00012491062807384878, 2.234438397863414e-05]"
A07,session1,intra_session,test,pca_32,nn_erm,3,0,"[0.8924420475959778, 0.06478301435709, 0.032887052744627, 0.009887839667499065]"
A07,session1,intra_session,test,pca_32,nn_erm,2,3,"[0.0015916595002636313, 0.22187086939811707, 0.004310167394578457, 0.7722272276878357]"
A07,session1,intra_session,test,pca_32,nn_erm,1,0,"[0.9373169541358948, 0.0595545656979084, 0.003068435238674283, 6.0052956541767344e-05]"
A07,session1,intra_session,test,pca_32,nn_erm,3,2,"[0.009941642172634602, 0.03153013810515404, 0.9520449638366699, 0.006483308505266905]"
A07,session1,intra_session,test,pca_32,nn_erm,2,2,"[0.1551196575164795, 0.3114185333251953, 0.4685031473636627, 0.06495868414640427]"
A07,session1,intra_session,test,pca_32,nn_erm,3,1,"[0.045723654329776764, 0.7057374715805054, 0.024816982448101044, 0.22372187674045563]"
A07,session1,intra_session,test,pca_32,nn_erm,2,1,"[0.26583656668663025, 0.4536367952823639, 0.2764613628387451, 0.004065243527293205]"
A07,session1,intra_session,test,pca_32,nn_erm,3,2,"[0.0072342390194535255, 0.04534773528575897, 0.944689154624939, 0.00272897956892848]"
A07,session1,intra_session,test,pca_32,nn_erm,1,0,"[0.5283715128898621, 0.1313886046409607, 0.26295918226242065, 0.07728079706430435]"
A07,session1,intra_session,test,pca_32,nn_erm,1,1,"[0.29438790678977966, 0.565228283405304, 0.035878751426935196, 0.10450506210327148]"
A07,session1,intra_session,test,pca_32,nn_erm,3,2,"[0.0001512175367679447, 0.0048008691519498825, 0.9949041604995728, 0.00014372433361131698]"
A07,session1,intra_session,test,pca_32,nn_erm,0,0,"[0.832019031047821, 0.06330884993076324, 0.10441093146800995, 0.0002611770760267973]"
A07,session1,intra_session,test,pca_32,nn_erm,1,2,"[0.20950371026992798, 0.005782088730484247, 0.7823083996772766, 0.0024057391565293074]"
A07,session1,intra_session,test,pca_32,nn_erm,1,2,"[0.0013591325841844082, 0.0015731451567262411, 0.9912959337234497, 0.005771872587502003]"
A07,session1,intra_session,test,pca_32,nn_erm,1,1,"[0.35677698254585266, 0.5184481739997864, 0.0348128043115139, 0.08996205031871796]"
A07,session1,intra_session,test,pca_32,nn_erm,2,3,"[0.004735393915325403, 0.058518730103969574, 0.1297849714756012, 0.8069608807563782]"
A07,session1,intra_session,test,pca_32,nn_erm,3,3,"[0.00042010401375591755, 0.21109089255332947, 0.19639724493026733, 0.5920917391777039]"
A07,session1,intra_session,test,pca_32,nn_erm,0,0,"[0.3455589711666107, 0.30453935265541077, 0.3202594518661499, 0.029642190784215927]"
A07,session1,intra_session,test,pca_32,nn_erm,3,1,"[0.002786963479593396, 0.5149917602539062, 0.4100657105445862, 0.07215552777051926]"
A07,session1,intra_session,test,pca_32,nn_erm,0,0,"[0.7463934421539307, 0.051942434161901474, 0.1926182359457016, 0.009045859798789024]"
A07,session1,intra_session,test,pca_32,nn_erm,2,2,"[0.3259405791759491, 0.12826217710971832, 0.4996001422405243, 0.04619717597961426]"
A07,session1,intra_session,test,pca_32,nn_erm,0,2,"[0.13536742329597473, 0.17015595734119415, 0.6743601560592651, 0.020116494968533516]"
A07,session1,intra_session,test,pca_32,nn_erm,3,0,"[0.4907340705394745, 0.09372406452894211, 0.11370886862277985, 0.30183303356170654]"
A07,session1,intra_session,test,pca_32,nn_erm,0,2,"[0.021555783227086067, 0.3759036958217621, 0.6013502478599548, 0.0011902675032615662]"
A07,session1,intra_session,test,pca_32,nn_erm,2,3,"[0.0008547550532966852, 0.10586828738451004, 0.10885530710220337, 0.7844216227531433]"
A07,session1,intra_session,test,pca_32,nn_erm,0,1,"[0.03167124092578888, 0.9356444478034973, 0.02874990925192833, 0.003934451378881931]"
A07,session1,intra_session,test,pca_32,nn_erm,1,0,"[0.9989608526229858, 0.0009157201857306063, 7.263471343321726e-05, 5.080614209873602e-05]"
A07,session1,intra_session,test,pca_32,nn_erm,2,2,"[0.05289888381958008, 0.3867967426776886, 0.5327150225639343, 0.02758936397731304]"
A07,session1,intra_session,test,pca_32,nn_erm,2,1,"[0.013204502873122692, 0.9018900394439697, 0.07981639355421066, 0.005089078564196825]"
A07,session1,intra_session,test,pca_32,nn_erm,3,3,"[0.1093764454126358, 0.2612997591495514, 0.18503066897392273, 0.44429314136505127]"
A07,session1,intra_session,test,pca_32,nn_erm,0,1,"[0.001949858502484858, 0.8617451190948486, 0.06222511827945709, 0.07407981902360916]"
A07,session1,intra_session,test,pca_32,nn_erm,1,0,"[0.8828279376029968, 0.1085369884967804, 0.0037477018777281046, 0.0048873513005673885]"
A07,session1,intra_session,test,pca_32,nn_erm,3,2,"[0.01460581086575985, 0.01602967642247677, 0.7470462322235107, 0.22231830656528473]"
A07,session1,intra_session,test,pca_32,nn_erm,1,1,"[0.49014607071876526, 0.4981374740600586, 0.00757124787196517, 0.004145242739468813]"
A07,session1,intra_session,test,pca_32,nn_erm,2,1,"[0.09843183308839798, 0.5244239568710327, 0.37712228298187256, 2.195570050389506e-05]"
A07,session1,intra_session,test,pca_32,nn_erm,2,1,"[0.0002703601203393191, 0.9997288584709167, 7.775061021675356e-07, 1.822337480916758e-08]"
A07,session1,intra_session,test,pca_32,nn_erm,0,1,"[0.17876726388931274, 0.8198342323303223, 0.0013483016518875957, 5.0250797357875854e-05]"
A07,session1,intra_session,test,pca_32,nn_erm,3,1,"[6.420216777769383e-06, 0.9870796799659729, 2.2828797227703035e-05, 0.012891034595668316]"
A07,session1,intra_session,test,pca_32,nn_erm,1,1,"[0.0024154698476195335, 0.9975842237472534, 1.2995502629564726e-07, 1.1158956425560973e-07]"
A07,session1,intra_session,test,pca_32,nn_erm,3,1,"[0.0008248037192970514, 0.9796594977378845, 0.01523495838046074, 0.004280739463865757]"
A07,session1,intra_session,test,pca_32,nn_erm,0,1,"[0.4493977427482605, 0.5506010055541992, 6.19210766217293e-07, 5.606381705547392e-07]"
A07,session1,intra_session,test,pca_32,nn_erm,0,1,"[0.02947179786860943, 0.9704703688621521, 1.9475328372209333e-06, 5.586798579315655e-05]"
A07,session1,intra_session,test,pca_32,nn_erm,2,1,"[0.029688548296689987, 0.9610441327095032, 1.8539656593929976e-05, 0.00924884807318449]"
A07,session1,intra_session,test,pca_32,nn_erm,2,1,"[0.0014782932121306658, 0.9983367919921875, 0.00012058419815730304, 6.42067170701921e-05]"
A07,session1,intra_session,test,pca_32,nn_erm,1,0,"[0.8886695504188538, 0.11123454570770264, 6.319465319393203e-05, 3.266489875386469e-05]"
A07,session1,intra_session,test,pca_32,nn_erm,3,1,"[6.379802925948752e-07, 0.9979820251464844, 2.595189926068997e-06, 0.0020147336181253195]"
A07,session1,intra_session,test,pca_32,nn_erm,1,1,"[0.07443813234567642, 0.9235950112342834, 0.0016186408465728164, 0.0003482347819954157]"
A07,session1,intra_session,test,pca_32,nn_erm,1,1,"[0.001213208888657391, 0.9984878301620483, 7.392153929686174e-05, 0.00022496096789836884]"
A07,session1,intra_session,test,pca_32,nn_erm,0,1,"[0.012030260637402534, 0.9877550005912781, 4.225516022415832e-05, 0.0001724535832181573]"
A07,session1,intra_session,test,pca_32,nn_erm,1,1,"[0.0002502076677046716, 0.9996799230575562, 4.749941581394523e-06, 6.520382157759741e-05]"
A07,session1,intra_session,test,pca_32,nn_erm,3,1,"[1.8981761229497351e-07, 0.999884843826294, 1.9497315406624693e-07, 0.0001148021110566333]"
A07,session1,intra_session,test,pca_32,nn_erm,3,1,"[1.265848027287575e-06, 0.9999979734420776, 2.1763049695699976e-10, 7.500573246943532e-07]"
A07,session1,intra_session,test,pca_32,nn_erm,1,1,"[0.39244988560676575, 0.531276285648346, 0.0006117296288721263, 0.07566206902265549]"
A07,session1,intra_session,test,pca_32,nn_erm,1,0,"[0.5128421783447266, 0.2398226410150528, 0.023535525426268578, 0.22379964590072632]"
A07,session1,intra_session,test,pca_32,nn_erm,1,1,"[0.052598536014556885, 0.9453431963920593, 0.0002084326697513461, 0.0018497043056413531]"
A07,session1,intra_session,test,pca_32,nn_erm,1,1,"[4.1446015529800206e-05, 0.9999561309814453, 3.4128394332810785e-08, 2.4003350063139806e-06]"
A07,session1,intra_session,test,pca_32,nn_erm,3,1,"[7.367281796177849e-05, 0.9949157238006592, 6.298568678175798e-06, 0.005004293750971556]"
A07,session1,intra_session,test,pca_32,nn_erm,3,1,"[0.0008716959273442626, 0.9980624318122864, 7.562646260339534e-06, 0.0010582755785435438]"
A07,session1,intra_session,test,pca_32,nn_erm,2,1,"[0.000902434519957751, 0.9990717172622681, 2.2413414626498707e-06, 2.3588761905557476e-05]"
A07,session1,intra_session,test,pca_32,nn_erm,3,2,"[0.00012726077693514526, 0.022696522995829582, 0.5744129419326782, 0.402763307094574]"
A07,session1,intra_session,test,pca_32,nn_erm,0,1,"[0.007378573529422283, 0.98068767786026, 0.002699698554351926, 0.009233998134732246]"
A07,session1,intra_session,test,pca_32,nn_erm,1,0,"[0.9752345681190491, 0.02434379793703556, 0.0003982823109254241, 2.3273101760423742e-05]"
A07,session1,intra_session,test,pca_32,nn_erm,2,2,"[0.24337847530841827, 0.16460026800632477, 0.5507108569145203, 0.041310444474220276]"
A07,session1,intra_session,test,pca_32,nn_erm,1,1,"[0.0007832861156202853, 0.999160885810852, 6.203829343576217e-07, 5.5222801165655255e-05]"
A07,session1,intra_session,test,pca_32,nn_erm,0,3,"[0.009153920225799084, 0.11909861117601395, 0.22101396322250366, 0.650733470916748]"
A07,session1,intra_session,test,pca_32,nn_erm,3,3,"[5.9415095165604725e-05, 0.001628532656468451, 0.002298481296747923, 0.9960135221481323]"
A07,session1,intra_session,test,pca_32,nn_erm,0,3,"[9.581424092175439e-05, 0.3235936760902405, 0.002641010098159313, 0.6736695766448975]"
A07,session1,intra_session,test,pca_32,nn_erm,3,2,"[0.10841196030378342, 0.23778559267520905, 0.6382244229316711, 0.015578055754303932]"
A07,session1,intra_session,test,pca_32,nn_erm,0,0,"[0.9285860657691956, 0.018368683755397797, 0.05080793425440788, 0.002237292705103755]"
A07,session1,intra_session,test,pca_32,nn_erm,0,1,"[0.004851395729929209, 0.9884029030799866, 0.00525740347802639, 0.001488231704570353]"
A07,session1,intra_session,test,pca_32,nn_erm,0,0,"[0.47994405031204224, 0.47341188788414, 0.005580059252679348, 0.0410640649497509]"
A07,session1,intra_session,test,pca_32,nn_erm,0,1,"[0.2475167065858841, 0.7458553314208984, 0.006239103153347969, 0.0003889382060151547]"
A07,session1,intra_session,test,pca_32,nn_erm,2,2,"[0.226051464676857, 0.30573391914367676, 0.466839998960495, 0.001374535379000008]"
A07,session1,intra_session,test,pca_32,nn_erm,2,2,"[0.19346323609352112, 0.03026915341615677, 0.7695327401161194, 0.006734838243573904]"
A07,session1,intra_session,test,pca_32,nn_erm,3,3,"[0.002111387439072132, 0.006810132414102554, 0.0393502376973629, 0.9517282247543335]"
A07,session1,intra_session,test,pca_32,nn_erm,1,1,"[0.3792617917060852, 0.5815324187278748, 0.0011835562763735652, 0.038022231310606]"
A07,session1,intra_session,test,pca_32,nn_erm,2,2,"[0.013634985312819481, 0.06718422472476959, 0.8967546820640564, 0.02242615818977356]"
A07,session1,intra_session,test,pca_32,nn_erm,2,3,"[0.01172279566526413, 0.07588687539100647, 0.19714674353599548, 0.7152435183525085]"
A07,session1,intra_session,test,pca_32,nn_erm,2,1,"[0.06613168865442276, 0.5936093926429749, 0.067463718354702, 0.27279528975486755]"
A07,session1,intra_session,test,pca_32,nn_erm,3,3,"[0.0013657801318913698, 0.009930676780641079, 0.06132453680038452, 0.9273790121078491]"
A07,session1,intra_session,test,pca_32,nn_erm,2,3,"[2.6787096430780366e-05, 0.0009038310381583869, 0.07534046471118927, 0.9237289428710938]"
A07,session1,intra_session,test,pca_32,nn_erm,0,0,"[0.6644943356513977, 0.2866706848144531, 0.04798385873436928, 0.0008511408814229071]"
A07,session1,intra_session,test,pca_32,nn_erm,2,2,"[0.00020522305567283183, 1.5416055248351768e-05, 0.9993554949760437, 0.0004238502006046474]"
A07,session2,intra_session,train,pca_32,nn_erm,0,0,"[0.9493739008903503, 0.040819767862558365, 0.00812909472733736, 0.0016772393137216568]"
A07,session2,intra_session,train,pca_32,nn_erm,1,1,"[0.0015084098558872938, 0.9774813652038574, 3.052462488994934e-05, 0.02097974345088005]"
A07,session2,intra_session,train,pca_32,nn_erm,1,1,"[0.005410623271018267, 0.9858883023262024, 3.2877247576834634e-05, 0.008668183349072933]"
A07,session2,intra_session,train,pca_32,nn_erm,0,0,"[0.9321218132972717, 0.005716724321246147, 0.025957562029361725, 0.036203984171152115]"
A07,session2,intra_session,train,pca_32,nn_erm,1,1,"[0.0060712420381605625, 0.9718903303146362, 0.01650869846343994, 0.0055296821519732475]"
A07,session2,intra_session,train,pca_32,nn_erm,0,0,"[0.9795225858688354, 0.01553785614669323, 0.0010184621205553412, 0.003921106457710266]"
A07,session2,intra_session,train,pca_32,nn_erm,1,1,"[0.03782708942890167, 0.9553238749504089, 0.0065377927385270596, 0.0003112450067419559]"
A07,session2,intra_session,train,pca_32,nn_erm,2,2,"[0.027421334758400917, 0.006844045594334602, 0.9633462429046631, 0.00238840002566576]"
A07,session2,intra_session,train,pca_32,nn_erm,1,1,"[0.03525282070040703, 0.9602168202400208, 0.002683209255337715, 0.001847197418101132]"
A07,session2,intra_session,train,pca_32,nn_erm,3,3,"[0.0046523562632501125, 0.004783481825143099, 0.00042161133023910224, 0.9901425838470459]"
A07,session2,intra_session,train,pca_32,nn_erm,0,0,"[0.985171914100647, 0.014422568492591381, 0.00011901019024662673, 0.00028655631467700005]"
A07,session2,intra_session,train,pca_32,nn_erm,2,2,"[0.002060938160866499, 0.005006957333534956, 0.992819607257843, 0.00011247629299759865]"
A07,session2,intra_session,train,pca_32,nn_erm,1,1,"[0.04171229898929596, 0.9573839902877808, 0.00044484372483566403, 0.0004588921437971294]"
A07,session2,intra_session,train,pca_32,nn_erm,0,0,"[0.9997648596763611, 0.00023009450524114072, 1.5780611875015893e-06, 3.4507329473854043e-06]"
A07,session2,intra_session,train,pca_32,nn_erm,3,3,"[0.003315436188131571, 0.013470291160047054, 0.0003328087041154504, 0.9828814268112183]"
A07,session2,intra_session,train,pca_32,nn_erm,3,3,"[1.6860125469975173e-05, 6.980627631492098e-07, 4.376114404180953e-08, 0.9999823570251465]"
A07,session2,intra_session,train,pca_32,nn_erm,3,3,"[0.003874177811667323, 0.03101806901395321, 0.04211610555648804, 0.9229915738105774]"
A07,session2,intra_session,train,pca_32,nn_erm,3,3,"[2.6883685677603353e-06, 0.0007286789477802813, 2.2582735255127773e-05, 0.9992461204528809]"
A07,session2,intra_session,train,pca_32,nn_erm,3,3,"[0.006782990880310535, 0.00089353317162022, 0.0014128785114735365, 0.9909105896949768]"
A07,session2,intra_session,train,pca_32,nn_erm,0,0,"[0.9933392405509949, 0.00428720423951745, 0.001506263273768127, 0.000867288326844573]"
A07,session2,intra_session,train,pca_32,nn_erm,2,2,"[0.0006501314928755164, 0.0016741219442337751, 0.9901577830314636, 0.007517891936004162]"
A07,session2,intra_session,train,pca_32,nn_erm,1,1,"[0.01464743260294199, 0.9852563142776489, 5.980726928100921e-05, 3.6569632356986403e-05]"
A07,session2,intra_session,train,pca_32,nn_erm,0,0,"[0.9764088988304138, 0.016387145966291428, 0.0035247327759861946, 0.003679204499348998]"
A07,session2,intra_session,train,pca_32,nn_erm,0,0,"[0.9420092105865479, 0.05504177138209343, 0.0027769189327955246, 0.00017206389748025686]"
A07,session2,intra_session,train,pca_32,nn_erm,2,2,"[0.0002941474667750299, 5.105032687424682e-05, 0.9996447563171387, 1.0046330316981766e-05]"
A07,session2,intra_session,train,pca_32,nn_erm,3,3,"[0.03610130771994591, 0.01493015605956316, 5.050712206866592e-05, 0.9489180445671082]"
A07,session2,intra_session,train,pca_32,nn_erm,0,0,"[0.9865374565124512, 0.01246930006891489, 6.95673079462722e-05, 0.000923569081351161]"
A07,session2,intra_session,train,pca_32,nn_erm,2,2,"[0.00023454161419067532, 0.0022948405239731073, 0.9965110421180725, 0.0009596430463716388]"
A07,session2,intra_session,train,pca_32,nn_erm,2,2,"[0.0572073794901371, 9.864301682682708e-05, 0.9412206411361694, 0.001473315991461277]"
A07,session2,intra_session,train,pca_32,nn_erm,2,2,"[0.00010544194810790941, 1.6493107978021726e-05, 0.9998202919960022, 5.77482242078986e-05]"
A07,session2,intra_session,train,pca_32,nn_erm,0,0,"[0.9806632399559021, 0.017548618838191032, 5.2952727855881676e-05, 0.0017351506976410747]"
A07,session2,intra_session,train,pca_32,nn_erm,1,1,"[0.006461863871663809, 0.9935314059257507, 4.195575456833467e-06, 2.6285454168828437e-06]"
A07,session2,intra_session,train,pca_32,nn_erm,0,0,"[0.9699525237083435, 0.011732783168554306, 0.0006589696276932955, 0.017655743286013603]"
A07,session2,intra_session,train,pca_32,nn_erm,1,1,"[0.003162406152114272, 0.9940065145492554, 0.0018871870124712586, 0.0009438967681489885]"
A07,session2,intra_session,train,pca_32,nn_erm,1,1,"[0.01848434843122959, 0.9508731961250305, 0.005072474014014006, 0.025570033118128777]"
A07,session2,intra_session,train,pca_32,nn_erm,0,0,"[0.9861378073692322, 0.01177314855158329, 0.001633672509342432, 0.00045531190698966384]"
A07,session2,intra_session,train,pca_32,nn_erm,1,1,"[0.011864302679896355, 0.971986711025238, 0.0147256376221776, 0.0014233727706596255]"
A07,session2,intra_session,train,pca_32,nn_erm,2,2,"[0.0009791126940399408, 1.439596508134855e-05, 0.992267906665802, 0.006738681346178055]"
A07,session2,intra_session,train,pca_32,nn_erm,1,1,"[0.01227070577442646, 0.9617266654968262, 0.0002541519934311509, 0.02574845775961876]"
A07,session2,intra_session,train,pca_32,nn_erm,2,2,"[0.00040586350951343775, 0.007292390801012516, 0.9852820038795471, 0.007019795011729002]"
A07,session2,intra_session,train,pca_32,nn_erm,2,2,"[6.754096830263734e-06, 1.377467742713634e-05, 0.9999741315841675, 5.273511760606198e-06]"
A07,session2,intra_session,train,pca_32,nn_erm,3,3,"[3.697694046422839e-05, 5.04436599157998e-08, 1.7856945078165154e-06, 0.999961256980896]"
A07,session2,intra_session,train,pca_32,nn_erm,2,2,"[0.011802198365330696, 0.011616053059697151, 0.9761220216751099, 0.00045974573004059494]"
A07,session2,intra_session,train,pca_32,nn_erm,2,2,"[0.0005554086528718472, 0.0031052406411617994, 0.994905948638916, 0.001433450961485505]"
A07,session2,intra_session,train,pca_32,nn_erm,3,3,"[2.6134100608032895e-06, 0.0011608065105974674, 1.1815131983894389e-05, 0.9988247752189636]"
A07,session2,intra_session,train,pca_32,nn_erm,3,3,"[3.8574435166083276e-05, 0.00041843237704597414, 0.0005970048950985074, 0.9989460110664368]"
A07,session2,intra_session,train,pca_32,nn_erm,3,3,"[7.274678500834852e-05, 6.660278813797049e-06, 0.00772214075550437, 0.9921985268592834]"
A07,session2,intra_session,train,pca_32,nn_erm,3,3,"[0.00029587940662167966, 0.005010681692510843, 0.0012330065947026014, 0.9934604167938232]"
A07,session2,intra_session,train,pca_32,nn_erm,3,3,"[0.0034099349286407232, 0.007633857429027557, 0.018870249390602112, 0.9700859785079956]"
A07,session2,intra_session,train,pca_32,nn_erm,2,2,"[0.00030909202178008854, 0.006669842172414064, 0.9901028871536255, 0.0029182082507759333]"
A07,session2,intra_session,train,pca_32,nn_erm,1,1,"[0.02323860302567482, 0.9542549252510071, 0.01609048619866371, 0.006415922194719315]"
A07,session2,intra_session,train,pca_32,nn_erm,0,0,"[0.9695742130279541, 0.030024688690900803, 0.00015503416943829507, 0.0002460894174873829]"
A07,session2,intra_session,train,pca_32,nn_erm,0,0,"[0.9670066833496094, 0.008526014164090157, 0.022691117599606514, 0.0017762115458026528]"
A07,session2,intra_session,train,pca_32,nn_erm,1,1,"[0.0044368356466293335, 0.9848583936691284, 0.00031362613663077354, 0.010391255840659142]"
A07,session2,intra_session,train,pca_32,nn_erm,2,2,"[0.02324480190873146, 0.006524375639855862, 0.9568789005279541, 0.013351882807910442]"
A07,session2,intra_session,train,pca_32,nn_erm,3,3,"[0.009921700693666935, 0.00714204041287303, 0.010104462504386902, 0.9728317856788635]"
A07,session2,intra_session,train,pca_32,nn_erm,1,1,"[0.006046323571354151, 0.9594225287437439, 0.016060644760727882, 0.018470535054802895]"
A07,session2,intra_session,train,pca_32,nn_erm,2,2,"[0.0030634612776339054, 0.0008586024632677436, 0.9925364255905151, 0.0035416376776993275]"
A07,session2,intra_session,train,pca_32,nn_erm,0,0,"[0.9814467430114746, 0.0015474854735657573, 0.008580305613577366, 0.008425464853644371]"
A07,session2,intra_session,train,pca_32,nn_erm,0,0,"[0.9983322024345398, 0.0016675969818606973, 1.3187442959861073e-07, 8.685051966494939e-08]"
A07,session2,intra_session,train,pca_32,nn_erm,0,0,"[0.9811614751815796, 0.018153047189116478, 0.0006679476355202496, 1.7471011233283207e-05]"
A07,session2,intra_session,train,pca_32,nn_erm,3,3,"[0.014537817798554897, 0.011489562690258026, 0.0015277499333024025, 0.972445011138916]"
A07,session2,intra_session,train,pca_32,nn_erm,1,1,"[0.0034859562292695045, 0.9828522801399231, 0.008945080451667309, 0.004716725554317236]"
A07,session2,intra_session,train,pca_32,nn_erm,1,1,"[0.0011897165095433593, 0.988021731376648, 0.002914567943662405, 0.00787392072379589]"
A07,session2,intra_session,train,pca_32,nn_erm,0,0,"[0.9878963232040405, 0.010352427139878273, 0.0016441503539681435, 0.00010716764518292621]"
A07,session2,intra_session,train,pca_32,nn_erm,0,0,"[0.9939111471176147, 0.0013543312670663, 0.00039097919943742454, 0.004343527369201183]"
A07,session2,intra_session,train,pca_32,nn_erm,2,2,"[0.0029073641635477543, 0.0010696252575144172, 0.9938445091247559, 0.0021784985437989235]"
A07,session2,intra_session,train,pca_32,nn_erm,0,0,"[0.9668379426002502, 0.0009907366475090384, 0.03198007121682167, 0.00019116535258945078]"
A07,session2,intra_session,train,pca_32,nn_erm,1,1,"[0.0008504900615662336, 0.9952719807624817, 0.0008117608376778662, 0.00306583009660244]"
A07,session2,intra_session,train,pca_32,nn_erm,3,3,"[0.00012465268082451075, 0.006946046836674213, 0.0007506479159928858, 0.9921786785125732]"
A07,session2,intra_session,train,pca_32,nn_erm,3,3,"[2.831471306308231e-07, 1.4424364280785085e-06, 2.549423925302108e-07, 0.9999979734420776]"
A07,session2,intra_session,train,pca_32,nn_erm,2,2,"[0.0013319323770701885, 1.962660922671944e-09, 0.9852354526519775, 0.01343272253870964]"
A07,session2,intra_session,train,pca_32,nn_erm,0,0,"[0.9721471071243286, 0.014855456538498402, 0.00723580177873373, 0.005761621054261923]"
A07,session2,intra_session,train,pca_32,nn_erm,3,3,"[6.185853271745145e-05, 1.6336400676664198e-07, 4.808383437193697e-06, 0.9999332427978516]"
A07,session2,intra_session,train,pca_32,nn_erm,3,3,"[0.0008896319777704775, 0.00047161791007965803, 0.002381209982559085, 0.9962575435638428]"
A07,session2,intra_session,train,pca_32,nn_erm,1,1,"[0.002528236713260412, 0.997258186340332, 0.00013565437984652817, 7.791565440129489e-05]"
A07,session2,intra_session,train,pca_32,nn_erm,3,3,"[2.6726340252025693e-07, 1.2226447324792389e-05, 0.0022264299914240837, 0.9977610111236572]"
A07,session2,intra_session,train,pca_32,nn_erm,3,3,"[2.8899718017783016e-05, 2.8022002879879437e-05, 0.014710722491145134, 0.9852323532104492]"
A07,session2,intra_session,train,pca_32,nn_erm,1,1,"[0.0004614122153725475, 0.999010443687439, 3.0169527235557325e-05, 0.0004979202058166265]"
A07,session2,intra_session,train,pca_32,nn_erm,0,0,"[0.9845726490020752, 0.003883511060848832, 0.010145241394639015, 0.0013986133271828294]"
A07,session2,intra_session,train,pca_32,nn_erm,1,1,"[0.006919217295944691, 0.9893916845321655, 0.0023468576837331057, 0.0013422304764389992]"
A07,session2,intra_session,train,pca_32,nn_erm,2,2,"[0.003460506210103631, 0.008204038254916668, 0.9878765344619751, 0.00045890361070632935]"
A07,session2,intra_session,train,pca_32,nn_erm,2,2,"[0.008849933743476868, 0.011254980228841305, 0.9798216819763184, 7.35023568267934e-05]"
A07,session2,intra_session,train,pca_32,nn_erm,2,2,"[2.9303173505468294e-05, 3.171049684169702e-05, 0.9998407363891602, 9.818830585572869e-05]"
A07,session2,intra_session,train,pca_32,nn_erm,3,3,"[4.740865551866591e-05, 3.649740165201365e-06, 9.536655124975368e-05, 0.9998534917831421]"
A07,session2,intra_session,train,pca_32,nn_erm,2,2,"[0.05654222145676613, 0.021581673994660378, 0.9180089831352234, 0.00386716122739017]"
A07,session2,intra_session,train,pca_32,nn_erm,0,0,"[0.9863242506980896, 0.012015114538371563, 0.0015554846031591296, 0.00010513493180042133]"
A07,session2,intra_session,train,pca_32,nn_erm,3,3,"[0.00015827055904082954, 1.722178240015637e-05, 1.0995509001077153e-06, 0.9998235106468201]"
A07,session2,intra_session,train,pca_32,nn_erm,1,1,"[0.0038546135183423758, 0.995305597782135, 0.0006934658740647137, 0.00014635051775258034]"
A07,session2,intra_session,train,pca_32,nn_erm,2,2,"[0.000132055050926283, 0.0013494461309164762, 0.9919873476028442, 0.006531126797199249]"
A07,session2,intra_session,train,pca_32,nn_erm,1,1,"[0.011120629496872425, 0.9883732199668884, 0.0002248401870019734, 0.0002813723112922162]"
A07,session2,intra_session,train,pca_32,nn_erm,2,2,"[7.647039456060156e-05, 3.973927675815503e-08, 0.9993652701377869, 0.000558219850063324]"
A07,session2,intra_session,train,pca_32,nn_erm,3,3,"[0.01071965042501688, 0.0002763796946965158, 0.0007352622924372554, 0.9882687330245972]"
A07,session2,intra_session,train,pca_32,nn_erm,1,1,"[0.021235380321741104, 0.9783705472946167, 0.00029629102209582925, 9.774005593499169e-05]"
A07,session2,intra_session,train,pca_32,nn_erm,2,2,"[0.00047242105938494205, 6.034588750480907e-06, 0.9921541810035706, 0.007367380429059267]"
A07,session2,intra_session,train,pca_32,nn_erm,0,0,"[0.9804608225822449, 0.017540162429213524, 0.0018070661462843418, 0.0001919302885653451]"
A07,session2,intra_session,train,pca_32,nn_erm,0,0,"[0.9813801646232605, 0.018561171367764473, 1.921020884765312e-05, 3.9425136492354795e-05]"
A07,session2,intra_session,train,pca_32,nn_erm,0,0,"[0.9961128234863281, 0.002961653284728527, 4.1190956835635006e-05, 0.0008843347895890474]"
A07,session2,intra_session,train,pca_32,nn_erm,3,3,"[0.04033476486802101, 0.0015616514720022678, 0.001245179446414113, 0.9568583965301514]"
A07,session2,intra_session,train,pca_32,nn_erm,1,1,"[0.018851660192012787, 0.9761238098144531, 0.0012284989934414625, 0.0037960035260766745]"
A07,session2,intra_session,train,pca_32,nn_erm,0,0,"[0.9801051020622253, 0.009203358553349972, 3.4379975204501534e-06, 0.010688160546123981]"
A07,session2,intra_session,train,pca_32,nn_erm,2,2,"[2.0917021004152048e-08, 6.896570869940888e-09, 0.9999947547912598, 5.287136445986107e-06]"
A07,session2,intra_session,train,pca_32,nn_erm,0,0,"[0.9869130849838257, 0.005478339269757271, 0.00030016200616955757, 0.007308479864150286]"
A07,session2,intra_session,train,pca_32,nn_erm,2,2,"[0.007910524494946003, 0.001898953109048307, 0.9858139157295227, 0.0043766675516963005]"
A07,session2,intra_session,train,pca_32,nn_erm,1,1,"[0.0039391531608998775, 0.9685645699501038, 0.002049060305580497, 0.02544722706079483]"
A07,session2,intra_session,train,pca_32,nn_erm,3,3,"[0.0005803468520753086, 6.097581717767753e-05, 5.944128133705817e-06, 0.999352753162384]"
A07,session2,intra_session,train,pca_32,nn_erm,0,0,"[0.9886465668678284, 8.821841220196802e-06, 0.0004020608030259609, 0.010942594148218632]"
A07,session2,intra_session,train,pca_32,nn_erm,2,2,"[0.015428329817950726, 0.0006334618083201349, 0.9800565838813782, 0.0038816770538687706]"
A07,session2,intra_session,train,pca_32,nn_erm,2,2,"[0.0034632582683116198, 0.0036105294711887836, 0.977451503276825, 0.015474675223231316]"
A07,session2,intra_session,train,pca_32,nn_erm,0,0,"[0.9318031072616577, 0.019781162962317467, 0.0007445525261573493, 0.047671087086200714]"
A07,session2,intra_session,train,pca_32,nn_erm,2,2,"[0.004141528159379959, 0.004419688135385513, 0.9908260703086853, 0.0006127506494522095]"
A07,session2,intra_session,train,pca_32,nn_erm,1,1,"[0.0006108467350713909, 0.9965188503265381, 0.000158114024088718, 0.0027122488245368004]"
A07,session2,intra_session,train,pca_32,nn_erm,3,3,"[0.0003552268317434937, 1.851767228799872e-05, 2.6126235752599314e-05, 0.9996002316474915]"
A07,session2,intra_session,train,pca_32,nn_erm,3,3,"[0.00018654153973329812, 0.0004573856422211975, 0.013697356916964054, 0.9856587052345276]"
A07,session2,intra_session,train,pca_32,nn_erm,3,3,"[0.003760159481316805, 0.000610909191891551, 0.003917968366295099, 0.991710901260376]"
A07,session2,intra_session,train,pca_32,nn_erm,2,2,"[0.004968822933733463, 0.02089260146021843, 0.9624060988426208, 0.01173237431794405]"
A07,session2,intra_session,train,pca_32,nn_erm,0,0,"[0.995378851890564, 0.004020719788968563, 2.349063470319379e-05, 0.0005769739509560168]"
A07,session2,intra_session,train,pca_32,nn_erm,3,3,"[0.00034719216637313366, 3.6881443520542234e-05, 0.0025262972339987755, 0.997089684009552]"
A07,session2,intra_session,train,pca_32,nn_erm,1,1,"[0.00020003120880573988, 0.9911333918571472, 0.007515634875744581, 0.0011508805910125375]"
A07,session2,intra_session,train,pca_32,nn_erm,3,3,"[0.0003713016922120005, 0.00018652211292646825, 0.00385078857652843, 0.995591402053833]"
A07,session2,intra_session,train,pca_32,nn_erm,1,1,"[0.006919858045876026, 0.9922175407409668, 0.0006147580570541322, 0.0002478437963873148]"
A07,session2,intra_session,train,pca_32,nn_erm,0,0,"[0.971670925617218, 0.002038020873442292, 0.0013611109461635351, 0.024929877370595932]"
A07,session2,intra_session,train,pca_32,nn_erm,2,2,"[0.0013863607309758663, 0.00749547453597188, 0.9845496416091919, 0.006568570155650377]"
A07,session2,intra_session,train,pca_32,nn_erm,1,1,"[3.537883094395511e-05, 0.9913480877876282, 0.0051813493482768536, 0.003435162827372551]"
A07,session2,intra_session,train,pca_32,nn_erm,0,0,"[0.9891891479492188, 0.010398609563708305, 0.0001458955812267959, 0.00026634163805283606]"
A07,session2,intra_session,train,pca_32,nn_erm,2,2,"[0.0009489845833741128, 0.0021073808893561363, 0.9886930584907532, 0.008250478655099869]"
A07,session2,intra_session,train,pca_32,nn_erm,2,2,"[9.465357288718224e-05, 2.3233037609315943e-06, 0.9850603938102722, 0.014842602424323559]"
A07,session2,intra_session,train,pca_32,nn_erm,0,0,"[0.9390281438827515, 0.03291096165776253, 0.009907469153404236, 0.018153483048081398]"
A07,session2,intra_session,train,pca_32,nn_erm,2,2,"[2.0127941752434708e-05, 3.5440145893517183e-06, 0.994533896446228, 0.0054423813708126545]"
A07,session2,intra_session,train,pca_32,nn_erm,3,3,"[0.017193380743265152, 0.0023933332413434982, 0.0003821018908638507, 0.9800311326980591]"
A07,session2,intra_session,train,pca_32,nn_erm,3,3,"[0.0005446461727842689, 0.000331083225319162, 0.020975854247808456, 0.9781484603881836]"
A07,session2,intra_session,train,pca_32,nn_erm,1,1,"[0.011845261789858341, 0.9825673699378967, 0.004822189453989267, 0.0007651880732737482]"
A07,session2,intra_session,train,pca_32,nn_erm,0,0,"[0.9509637355804443, 0.028529787436127663, 0.01865207590162754, 0.00185439083725214]"
A07,session2,intra_session,train,pca_32,nn_erm,1,1,"[0.03343367204070091, 0.9643120169639587, 0.0002771512372419238, 0.0019771899096667767]"
A07,session2,intra_session,train,pca_32,nn_erm,3,3,"[1.4408173854008055e-07, 4.2335798755566145e-10, 2.3901044187368825e-05, 0.9999759197235107]"
A07,session2,intra_session,train,pca_32,nn_erm,1,1,"[0.000624608073849231, 0.99544358253479, 0.0037630663719028234, 0.0001687840704107657]"
A07,session2,intra_session,train,pca_32,nn_erm,3,3,"[0.0032866315450519323, 1.5487534255953506e-05, 0.010244155302643776, 0.9864537119865417]"
A07,session2,intra_session,train,pca_32,nn_erm,2,2,"[0.00021292403107509017, 8.137631084537134e-05, 0.9987737536430359, 0.0009319912060163915]"
A07,session2,intra_session,train,pca_32,nn_erm,1,1,"[0.005805551540106535, 0.9880281686782837, 0.003638671478256583, 0.002527561504393816]"
A07,session2,intra_session,train,pca_32,nn_erm,1,1,"[0.0002295377926202491, 0.9996846914291382, 2.3739642074360745e-06, 8.34379970910959e-05]"
A07,session2,intra_session,train,pca_32,nn_erm,1,1,"[0.0002541221329011023, 0.9990715980529785, 0.0005420674569904804, 0.00013216373918112367]"
A07,session2,intra_session,train,pca_32,nn_erm,2,2,"[0.0009745419956743717, 4.722922676592134e-05, 0.9821231961250305, 0.016854947432875633]"
A07,session2,intra_session,train,pca_32,nn_erm,3,3,"[0.004231427796185017, 0.0010012523271143436, 0.007481358014047146, 0.9872860312461853]"
A07,session2,intra_session,train,pca_32,nn_erm,0,0,"[0.9972072243690491, 0.0022807291243225336, 0.0004351374227553606, 7.698070112382993e-05]"
A07,session2,intra_session,train,pca_32,nn_erm,1,1,"[6.185778289591326e-08, 0.9980533123016357, 5.9872800193261355e-06, 0.0019405808998271823]"
A07,session2,intra_session,train,pca_32,nn_erm,3,3,"[4.64473578176694e-06, 0.005951553583145142, 1.2504756341513712e-05, 0.9940312504768372]"
A07,session2,intra_session,train,pca_32,nn_erm,0,0,"[0.9980706572532654, 0.0005996166728436947, 0.00038835377199575305, 0.000941386038903147]"
A07,session2,intra_session,train,pca_32,nn_erm,2,2,"[0.003787863766774535, 1.0529275868975674e-06, 0.9933085441589355, 0.002902507083490491]"
A07,session2,intra_session,train,pca_32,nn_erm,2,2,"[0.0153327202424407, 0.0015615386655554175, 0.9823610782623291, 0.0007445837836712599]"
A07,session2,intra_session,train,pca_32,nn_erm,3,3,"[6.691569524264196e-06, 0.0001790564856491983, 0.001025309436954558, 0.9987888932228088]"
A07,session2,intra_session,train,pca_32,nn_erm,0,0,"[0.9663269519805908, 0.00598915247246623, 0.008981389924883842, 0.018702447414398193]"
A07,session2,intra_session,train,pca_32,nn_erm,0,0,"[0.9981429576873779, 0.001224038889631629, 0.00046465013292618096, 0.0001683859300101176]"
A07,session2,intra_session,train,pca_32,nn_erm,2,2,"[0.0013650937471538782, 0.008965983055531979, 0.9852861166000366, 0.00438283197581768]"
A07,session2,intra_session,train,pca_32,nn_erm,1,1,"[0.0057299090549349785, 0.9871277809143066, 0.0010391081450507045, 0.006103154271841049]"
A07,session2,intra_session,train,pca_32,nn_erm,3,3,"[0.0011211623204872012, 1.683152913756203e-05, 0.002564495662227273, 0.9962975382804871]"
A07,session2,intra_session,train,pca_32,nn_erm,3,3,"[1.62828300176443e-07, 6.915142591878976e-08, 7.496236776205478e-06, 0.9999922513961792]"
A07,session2,intra_session,train,pca_32,nn_erm,3,3,"[0.009406579658389091, 0.009099509567022324, 0.006502992939203978, 0.974990963935852]"
A07,session2,intra_session,train,pca_32,nn_erm,1,1,"[0.020605547353625298, 0.9732179045677185, 0.005397695582360029, 0.0007787650683894753]"
A07,session2,intra_session,train,pca_32,nn_erm,0,0,"[0.9768998622894287, 0.015400035306811333, 0.00472966069355607, 0.0029704859480261803]"
A07,session2,intra_session,train,pca_32,nn_erm,2,2,"[0.0029581314884126186, 0.0005681841284967959, 0.9954872727394104, 0.0009864058811217546]"
A07,session2,intra_session,train,pca_32,nn_erm,1,1,"[0.01023105252534151, 0.9767065048217773, 0.004563771653920412, 0.008498593233525753]"
A07,session2,intra_session,train,pca_32,nn_erm,3,3,"[1.9413078007346485e-06, 0.005482608452439308, 0.0022192825563251972, 0.992296040058136]"
A07,session2,intra_session,train,pca_32,nn_erm,0,0,"[0.9992555975914001, 0.0005414916668087244, 0.0001840757322497666, 1.8829248801921494e-05]"
A07,session2,intra_session,train,pca_32,nn_erm,3,3,"[0.003527589375153184, 0.00020780815975740552, 0.02514483779668808, 0.97111976146698]"
A07,session2,intra_session,train,pca_32,nn_erm,2,2,"[0.002297624945640564, 0.002459567505866289, 0.9948925971984863, 0.0003501961473375559]"
A07,session2,intra_session,train,pca_32,nn_erm,1,1,"[0.010514622554183006, 0.9821839332580566, 0.0063137998804450035, 0.000987654784694314]"
A07,session2,intra_session,train,pca_32,nn_erm,3,3,"[0.02049999125301838, 0.022220857441425323, 0.002250450197607279, 0.9550286531448364]"
A07,session2,intra_session,train,pca_32,nn_erm,3,3,"[0.008790837600827217, 0.006931982468813658, 0.003001715987920761, 0.9812754392623901]"
A07,session2,intra_session,train,pca_32,nn_erm,0,0,"[0.9873217940330505, 0.010643238201737404, 0.0016657519154250622, 0.00036915531381964684]"
A07,session2,intra_session,train,pca_32,nn_erm,1,1,"[0.05557898432016373, 0.9245288372039795, 0.009153642691671848, 0.01073851715773344]"
A07,session2,intra_session,train,pca_32,nn_erm,1,1,"[0.0003382260911166668, 0.9991912245750427, 6.459697033278644e-05, 0.00040592049481347203]"
A07,session2,intra_session,train,pca_32,nn_erm,2,2,"[0.000716326932888478, 0.00033498648554086685, 0.9987987279891968, 0.0001499428617535159]"
A07,session2,intra_session,train,pca_32,nn_erm,3,3,"[0.011523278430104256, 0.0005085169104859233, 0.00044015058665536344, 0.9875280261039734]"
A07,session2,intra_session,train,pca_32,nn_erm,1,1,"[0.0337696373462677, 0.9636295437812805, 0.0009984205244109035, 0.0016023635398596525]"
A07,session2,intra_session,train,pca_32,nn_erm,0,0,"[0.9843592047691345, 0.0022219959646463394, 0.013339715078473091, 7.901088247308508e-05]"
A07,session2,intra_session,train,pca_32,nn_erm,0,0,"[0.9757164716720581, 0.0007456475286744535, 0.004929199814796448, 0.018608681857585907]"
A07,session2,intra_session,train,pca_32,nn_erm,3,3,"[0.001813617185689509, 0.0028585640247911215, 0.02489103004336357, 0.9704368114471436]"
A07,session2,intra_session,train,pca_32,nn_erm,1,1,"[0.009085183031857014, 0.9749814867973328, 0.01180057879537344, 0.004132803995162249]"
A07,session2,intra_session,train,pca_32,nn_erm,0,0,"[0.9563943147659302, 0.008459885604679585, 0.03438996151089668, 0.0007558265933766961]"
A07,session2,intra_session,train,pca_32,nn_erm,2,2,"[3.0423113912547706e-06, 3.94156486436259e-05, 0.9814519286155701, 0.018505625426769257]"
A07,session2,intra_session,train,pca_32,nn_erm,1,1,"[4.3093830754514784e-05, 0.9994269609451294, 0.0003126196388620883, 0.00021728422143496573]"
A07,session2,intra_session,train,pca_32,nn_erm,1,1,"[0.019137971103191376, 0.9808135628700256, 9.126052873398294e-07, 4.7531826567137614e-05]"
A07,session2,intra_session,train,pca_32,nn_erm,2,2,"[7.529725280619459e-06, 1.1345337469492733e-07, 0.9945520758628845, 0.0054402705281972885]"
A07,session2,intra_session,train,pca_32,nn_erm,0,0,"[0.9945472478866577, 0.0020479278173297644, 0.002448992570862174, 0.0009559209574945271]"
A07,session2,intra_session,train,pca_32,nn_erm,3,3,"[0.004348328802734613, 0.013435674831271172, 0.0001928911660797894, 0.9820230603218079]"
A07,session2,intra_session,train,pca_32,nn_erm,2,2,"[0.001168615068309009, 0.009562481194734573, 0.9841209053993225, 0.005147994961589575]"
A07,session2,intra_session,train,pca_32,nn_erm,2,2,"[0.0013621909311041236, 0.0002960299316328019, 0.9967480897903442, 0.001593747641891241]"
A07,session2,intra_session,train,pca_32,nn_erm,2,2,"[0.013013741932809353, 0.0001637542445678264, 0.9852875471115112, 0.0015350248431786895]"
A07,session2,intra_session,train,pca_32,nn_erm,2,2,"[0.010911507532000542, 0.0011764181545004249, 0.9816232919692993, 0.00628872774541378]"
A07,session2,intra_session,train,pca_32,nn_erm,0,0,"[0.9824748635292053, 0.008083036169409752, 0.0011264649219810963, 0.008315697312355042]"
A07,session2,intra_session,train,pca_32,nn_erm,1,1,"[0.00398242985829711, 0.9812584519386292, 0.012626823037862778, 0.002132244873791933]"
A07,session2,intra_session,train,pca_32,nn_erm,0,0,"[0.9808387756347656, 0.00011562803410924971, 0.01833339035511017, 0.0007122430251911283]"
A07,session2,intra_session,train,pca_32,nn_erm,1,1,"[0.03356671333312988, 0.9663867354393005, 2.7685275199473836e-05, 1.886958307295572e-05]"
A07,session2,intra_session,train,pca_32,nn_erm,0,0,"[0.9985320568084717, 0.0009598118485882878, 0.0003545434447005391, 0.0001535802148282528]"
A07,session2,intra_session,train,pca_32,nn_erm,0,0,"[0.9846588373184204, 0.013024453073740005, 0.0008444603299722075, 0.0014722608029842377]"
A07,session2,intra_session,train,pca_32,nn_erm,2,2,"[0.0010738042183220387, 1.2408965631038882e-05, 0.9973115921020508, 0.0016022272175177932]"
A07,session2,intra_session,train,pca_32,nn_erm,2,2,"[0.00026675444678403437, 0.0024272524751722813, 0.9961501359939575, 0.001155881560407579]"
A07,session2,intra_session,train,pca_32,nn_erm,1,1,"[0.0004713122034445405, 0.9995099306106567, 1.6519238670298364e-06, 1.7163118172902614e-05]"
A07,session2,intra_session,train,pca_32,nn_erm,2,2,"[0.023603586480021477, 0.003535269293934107, 0.9618785381317139, 0.010982677340507507]"
A07,session2,intra_session,train,pca_32,nn_erm,3,3,"[0.004142142366617918, 0.0005137610714882612, 0.0009633507579565048, 0.9943807721138]"
A07,session2,intra_session,train,pca_32,nn_erm,0,0,"[0.9804633259773254, 0.009392756037414074, 0.0099020441994071, 0.00024180090986192226]"
A07,session2,intra_session,test,pca_32,nn_erm,3,3,"[0.0002947693283203989, 0.07378654181957245, 0.00022461726621259004, 0.9256940484046936]"
A07,session2,intra_session,test,pca_32,nn_erm,0,0,"[0.4407360553741455, 0.3037092983722687, 0.20177525281906128, 0.05377938970923424]"
A07,session2,intra_session,test,pca_32,nn_erm,0,1,"[0.037824422121047974, 0.959473729133606, 0.002028579590842128, 0.0006731845205649734]"
A07,session2,intra_session,test,pca_32,nn_erm,1,0,"[0.8024722337722778, 0.16194623708724976, 0.0068574766628444195, 0.028724147006869316]"
A07,session2,intra_session,test,pca_32,nn_erm,3,3,"[0.007278315257281065, 0.010438668541610241, 0.13341550529003143, 0.8488674759864807]"
A07,session2,intra_session,test,pca_32,nn_erm,2,2,"[0.002435414120554924, 6.256626511458308e-05, 0.997347354888916, 0.00015463119780179113]"
A07,session2,intra_session,test,pca_32,nn_erm,1,2,"[0.31598392128944397, 0.27053102850914, 0.37113699316978455, 0.04234808310866356]"
A07,session2,intra_session,test,pca_32,nn_erm,3,3,"[0.005020700860768557, 0.17793092131614685, 0.13970689475536346, 0.6773414015769958]"
A07,session2,intra_session,test,pca_32,nn_erm,2,0,"[0.7955665588378906, 0.1232716366648674, 0.057517316192388535, 0.023644499480724335]"
A07,session2,intra_session,test,pca_32,nn_erm,3,2,"[0.025371070951223373, 0.12181958556175232, 0.8455705642700195, 0.0072388071566820145]"
A07,session2,intra_session,test,pca_32,nn_erm,2,2,"[0.01329051423817873, 0.46465229988098145, 0.5150221586227417, 0.0070350682362914085]"
A07,session2,intra_session,test,pca_32,nn_erm,3,1,"[0.0792028084397316, 0.3718850314617157, 0.2468784600496292, 0.3020336627960205]"
A07,session2,intra_session,test,pca_32,nn_erm,1,1,"[0.05830131098628044, 0.9407333731651306, 7.572019967483357e-05, 0.000889583898242563]"
A07,session2,intra_session,test,pca_32,nn_erm,1,1,"[0.11838963627815247, 0.8301189541816711, 0.008081944659352303, 0.04340944439172745]"
A07,session2,intra_session,test,pca_32,nn_erm,3,2,"[0.014506278559565544, 0.014260386116802692, 0.8921275734901428, 0.07910580188035965]"
A07,session2,intra_session,test,pca_32,nn_erm,0,0,"[0.49057266116142273, 0.022599054500460625, 0.45540228486061096, 0.03142602741718292]"
A07,session2,intra_session,test,pca_32,nn_erm,1,0,"[0.7010773420333862, 0.2581011950969696, 0.03845253959298134, 0.0023688646033406258]"
A07,session2,intra_session,test,pca_32,nn_erm,1,1,"[0.3643108904361725, 0.45478034019470215, 0.1707460582256317, 0.010162741877138615]"
A07,session2,intra_session,test,pca_32,nn_erm,1,2,"[0.3176994025707245, 0.010777575895190239, 0.6664503216743469, 0.005072681233286858]"
A07,session2,intra_session,test,pca_32,nn_erm,2,2,"[0.09917614609003067, 0.08926289528608322, 0.7866726517677307, 0.02488841861486435]"
A07,session2,intra_session,test,pca_32,nn_erm,3,3,"[0.22461014986038208, 0.0977386012673378, 0.017082588747143745, 0.6605685949325562]"
A07,session2,intra_session,test,pca_32,nn_erm,0,1,"[0.30155861377716064, 0.6388798952102661, 0.05018281936645508, 0.00937871728092432]"
A07,session2,intra_session,test,pca_32,nn_erm,3,2,"[0.3165022134780884, 0.07995513081550598, 0.44662418961524963, 0.15691843628883362]"
A07,session2,intra_session,test,pca_32,nn_erm,0,0,"[0.9240884780883789, 0.06911220401525497, 0.004037630278617144, 0.002761720446869731]"
A07,session2,intra_session,test,pca_32,nn_erm,2,2,"[0.11974216252565384, 0.37168651819229126, 0.47447705268859863, 0.03409425541758537]"
A07,session2,intra_session,test,pca_32,nn_erm,0,0,"[0.520293653011322, 0.17918343842029572, 0.28453338146209717, 0.01598958671092987]"
A07,session2,intra_session,test,pca_32,nn_erm,3,1,"[0.044336091727018356, 0.843651533126831, 0.07534745335578918, 0.03666488453745842]"
A07,session2,intra_session,test,pca_32,nn_erm,0,1,"[0.02125418744981289, 0.9051750898361206, 0.044674430042505264, 0.0288962721824646]"
A07,session2,intra_session,test,pca_32,nn_erm,2,3,"[0.21553432941436768, 0.04151226207613945, 0.0829140841960907, 0.6600393652915955]"
A07,session2,intra_session,test,pca_32,nn_erm,0,1,"[0.002234287327155471, 0.9972564578056335, 0.0003096932778134942, 0.00019961423822678626]"
A07,session2,intra_session,test,pca_32,nn_erm,1,0,"[0.44472822546958923, 0.03744930773973465, 0.30768105387687683, 0.21014143526554108]"
A07,session2,intra_session,test,pca_32,nn_erm,2,1,"[0.14817394316196442, 0.5155377984046936, 0.22894956171512604, 0.10733876377344131]"
A07,session2,intra_session,test,pca_32,nn_erm,2,1,"[0.028460491448640823, 0.7238893508911133, 0.21896591782569885, 0.028684264048933983]"
A07,session2,intra_session,test,pca_32,nn_erm,3,2,"[0.14444737136363983, 0.3127948045730591, 0.3170875310897827, 0.22567033767700195]"
A07,session2,intra_session,test,pca_32,nn_erm,0,0,"[0.7245962023735046, 0.14560285210609436, 0.008141168393194675, 0.1216597855091095]"
A07,session2,intra_session,test,pca_32,nn_erm,1,1,"[0.0019146084086969495, 0.9979992508888245, 3.6571444070432335e-05, 4.961256490787491e-05]"
A07,session2,intra_session,test,pca_32,nn_erm,3,3,"[0.0036754535976797342, 0.0015682622324675322, 0.0008693411946296692, 0.9938870072364807]"
A07,session2,intra_session,test,pca_32,nn_erm,1,2,"[0.0006916461861692369, 0.25734028220176697, 0.7360166907310486, 0.005951396189630032]"
A07,session2,intra_session,test,pca_32,nn_erm,2,2,"[0.0066689676605165005, 0.0009539362508803606, 0.9909161925315857, 0.0014609337085857987]"
A07,session2,intra_session,test,pca_32,nn_erm,2,2,"[0.010816692374646664, 0.4142792820930481, 0.5616174340248108, 0.013286588713526726]"
A07,session2,intra_session,test,pca_32,nn_erm,0,2,"[0.0021924665197730064, 0.14903579652309418, 0.8480532765388489, 0.0007184585556387901]"
A07,session2,intra_session,test,pca_32,nn_erm,3,2,"[0.16153667867183685, 0.2448979765176773, 0.34497445821762085, 0.24859090149402618]"
A07,session2,intra_session,test,pca_32,nn_erm,1,1,"[0.014580884948372841, 0.9770835041999817, 0.0004568320291582495, 0.007878771051764488]"
A07,session2,intra_session,test,pca_32,nn_erm,3,2,"[0.04844340682029724, 0.2281692773103714, 0.6039718985557556, 0.11941540241241455]"
A07,session2,intra_session,test,pca_32,nn_erm,0,1,"[0.10084952414035797, 0.502971887588501, 0.007612697314471006, 0.38856592774391174]"
A07,session2,intra_session,test,pca_32,nn_erm,0,3,"[0.09568053483963013, 0.4043549597263336, 0.007646930404007435, 0.4923175871372223]"
A07,session2,intra_session,test,pca_32,nn_erm,2,2,"[0.09632530063390732, 0.0844394788146019, 0.6887270212173462, 0.13050824403762817]"
A07,session2,intra_session,test,pca_32,nn_erm,2,3,"[0.0066819870844483376, 0.0012512211687862873, 0.00025410918169654906, 0.9918125867843628]"
A07,session2,intra_session,test,pca_32,nn_erm,1,1,"[0.010448298417031765, 0.9554335474967957, 0.03019098751246929, 0.003927185665816069]"
A07,session2,intra_session,test,pca_32,nn_erm,3,3,"[0.004177269991487265, 0.007380804978311062, 0.0031386972405016422, 0.9853032827377319]"
A07,session2,intra_session,test,pca_32,nn_erm,1,1,"[0.29277074337005615, 0.5953708291053772, 0.056533943861722946, 0.05532453581690788]"
A07,session2,intra_session,test,pca_32,nn_erm,1,1,"[0.006708050146698952, 0.8711581230163574, 0.018955575302243233, 0.10317827761173248]"
A07,session2,intra_session,test,pca_32,nn_erm,0,1,"[0.09348702430725098, 0.8211389780044556, 0.03532124310731888, 0.05005280300974846]"
A07,session2,intra_session,test,pca_32,nn_erm,1,2,"[0.30105045437812805, 0.12922686338424683, 0.5618641376495361, 0.007858590222895145]"
A07,session2,intra_session,test,pca_32,nn_erm,3,3,"[8.549029007554054e-05, 0.011816109530627728, 0.001816856674849987, 0.9862815737724304]"
A07,session2,intra_session,test,pca_32,nn_erm,3,2,"[0.0003674286708701402, 0.00034515661536715925, 0.9764829874038696, 0.022804439067840576]"
A07,session2,intra_session,test,pca_32,nn_erm,1,1,"[0.032080236822366714, 0.4609595239162445, 0.42174842953681946, 0.08521179109811783]"
A07,session2,intra_session,test,pca_32,nn_erm,1,1,"[0.21843132376670837, 0.6371216177940369, 0.11634193360805511, 0.02810503914952278]"
A07,session2,intra_session,test,pca_32,nn_erm,1,2,"[0.17774797976016998, 0.15615510940551758, 0.6624481081962585, 0.0036488648038357496]"
A07,session2,intra_session,test,pca_32,nn_erm,1,2,"[0.14003793895244598, 0.19869446754455566, 0.6382172107696533, 0.023050470277667046]"
A07,session2,intra_session,test,pca_32,nn_erm,3,3,"[0.0014796156901866198, 2.1447744074976072e-05, 0.0004909341805614531, 0.9980080723762512]"
A07,session2,intra_session,test,pca_32,nn_erm,3,3,"[1.9132528450427344e-06, 4.978155266144313e-05, 0.00036734333843924105, 0.9995809197425842]"
A07,session2,intra_session,test,pca_32,nn_erm,2,1,"[0.19660653173923492, 0.5860491991043091, 0.2155354768037796, 0.0018087918870151043]"
A07,session2,intra_session,test,pca_32,nn_erm,3,2,"[0.06268978863954544, 0.16361120343208313, 0.6198877096176147, 0.15381138026714325]"
A07,session2,intra_session,test,pca_32,nn_erm,0,0,"[0.6520674228668213, 0.21089202165603638, 0.11500341445207596, 0.022037150338292122]"
A07,session2,intra_session,test,pca_32,nn_erm,1,2,"[0.2791835367679596, 0.2945154011249542, 0.39696407318115234, 0.029337085783481598]"
A07,session2,intra_session,test,pca_32,nn_erm,2,2,"[0.005471335258334875, 0.005223939660936594, 0.8845534920692444, 0.10475123673677444]"
A07,session2,intra_session,test,pca_32,nn_erm,1,2,"[0.24884158372879028, 0.24765755236148834, 0.39768725633621216, 0.10581362247467041]"
A07,session2,intra_session,test,pca_32,nn_erm,0,3,"[0.25529205799102783, 0.2491418570280075, 0.1770588457584381, 0.31850719451904297]"
A07,session2,intra_session,test,pca_32,nn_erm,3,3,"[0.0005078762769699097, 0.005617337301373482, 0.07345253974199295, 0.9204221963882446]"
A07,session2,intra_session,test,pca_32,nn_erm,0,0,"[0.43606242537498474, 0.35735461115837097, 0.13874973356723785, 0.06783327460289001]"
A07,session2,intra_session,test,pca_32,nn_erm,3,2,"[0.054507721215486526, 0.0045134625397622585, 0.6236977577209473, 0.3172810673713684]"
A07,session2,intra_session,test,pca_32,nn_erm,0,1,"[0.36369019746780396, 0.39044588804244995, 0.21261999011039734, 0.03324394300580025]"
A07,session2,intra_session,test,pca_32,nn_erm,0,0,"[0.5241901278495789, 0.34163665771484375, 0.0774945467710495, 0.05667868256568909]"
A07,session2,intra_session,test,pca_32,nn_erm,0,2,"[0.08172845095396042, 0.01644730381667614, 0.8789761066436768, 0.022848064079880714]"
A07,session2,intra_session,test,pca_32,nn_erm,0,3,"[0.00011834657925646752, 4.4791049731429666e-05, 0.005259085912257433, 0.9945777654647827]"
A07,session2,intra_session,test,pca_32,nn_erm,2,2,"[0.0023637181147933006, 0.008789191022515297, 0.9036869406700134, 0.08516006916761398]"
A07,session2,intra_session,test,pca_32,nn_erm,2,3,"[0.0002438363153487444, 0.00010808506340254098, 0.01398093905299902, 0.9856671690940857]"
A07,session2,intra_session,test,pca_32,nn_erm,3,3,"[0.000641749647911638, 0.0005870751338079572, 0.005235775839537382, 0.9935353994369507]"
A07,session2,intra_session,test,pca_32,nn_erm,1,1,"[0.09467188268899918, 0.8351751565933228, 0.04668927937746048, 0.023463677614927292]"
A07,session2,intra_session,test,pca_32,nn_erm,2,2,"[0.02376534789800644, 0.010228452272713184, 0.7442734837532043, 0.22173276543617249]"
A07,session2,intra_session,test,pca_32,nn_erm,2,2,"[0.04390399903059006, 0.0022047460079193115, 0.9171255230903625, 0.0367656871676445]"
A07,session2,intra_session,test,pca_32,nn_erm,2,2,"[0.1341491937637329, 0.0811968743801117, 0.7084208130836487, 0.07623309642076492]"
A07,session2,intra_session,test,pca_32,nn_erm,3,3,"[0.0254929531365633, 0.00019523693481460214, 0.25993338227272034, 0.7143783569335938]"
A07,session2,intra_session,test,pca_32,nn_erm,2,0,"[0.9393953680992126, 0.0015769876772537827, 0.05785689130425453, 0.001170817413367331]"
A07,session2,intra_session,test,pca_32,nn_erm,0,0,"[0.8069402575492859, 0.012356491759419441, 0.159171462059021, 0.021531779319047928]"
A07,session2,intra_session,test,pca_32,nn_erm,2,2,"[0.15547074377536774, 0.010784005746245384, 0.7036023139953613, 0.1301429122686386]"
A08,session1,intra_session,train,pca_32,nn_erm,0,0,"[0.9954653382301331, 0.0037580057978630066, 0.000773804378695786, 2.8976251087442506e-06]"
A08,session1,intra_session,train,pca_32,nn_erm,1,1,"[0.006323504727333784, 0.9934366345405579, 0.00021633520373143256, 2.3412892915075645e-05]"
A08,session1,intra_session,train,pca_32,nn_erm,1,1,"[0.007552891504019499, 0.9919065237045288, 0.0003699983353726566, 0.00017064137500710785]"
A08,session1,intra_session,train,pca_32,nn_erm,0,0,"[0.9561006426811218, 0.013453848659992218, 0.03040989674627781, 3.565997758414596e-05]"
A08,session1,intra_session,train,pca_32,nn_erm,1,1,"[0.0009618920157663524, 0.9665611982345581, 0.011183380149304867, 0.021293506026268005]"
A08,session1,intra_session,train,pca_32,nn_erm,0,0,"[0.9829059839248657, 0.01619376242160797, 0.0008857637876644731, 1.4463089428318199e-05]"
A08,session1,intra_session,train,pca_32,nn_erm,1,1,"[0.006345044355839491, 0.9674013257026672, 0.025135256350040436, 0.0011184517061337829]"
A08,session1,intra_session,train,pca_32,nn_erm,2,2,"[0.016263572499155998, 0.015281892381608486, 0.9684528708457947, 1.686973405412573e-06]"
A08,session1,intra_session,train,pca_32,nn_erm,1,1,"[0.011320512741804123, 0.9515298008918762, 0.024358168244361877, 0.01279149018228054]"
A08,session1,intra_session,train,pca_32,nn_erm,3,3,"[0.0004931147559545934, 0.009695653803646564, 0.01102219708263874, 0.9787889719009399]"
A08,session1,intra_session,train,pca_32,nn_erm,0,0,"[0.9922837615013123, 0.002907506888732314, 0.00477243447676301, 3.6404297134140506e-05]"
A08,session1,intra_session,train,pca_32,nn_erm,2,2,"[0.0005339317722246051, 0.0034021404571831226, 0.9954713582992554, 0.0005926307057961822]"
A08,session1,intra_session,train,pca_32,nn_erm,1,1,"[0.0012148800306022167, 0.9833146333694458, 0.015440835617482662, 2.9710252420045435e-05]"
A08,session1,intra_session,train,pca_32,nn_erm,0,0,"[0.9997403025627136, 5.2943858463549986e-05, 0.00020651798695325851, 2.667729859240353e-07]"
A08,session1,intra_session,train,pca_32,nn_erm,3,3,"[1.871821275756247e-08, 3.221943416065187e-06, 0.0005754045560024679, 0.9994213581085205]"
A08,session1,intra_session,train,pca_32,nn_erm,3,3,"[8.530665218131617e-05, 0.005841520149260759, 0.0234054047614336, 0.9706677794456482]"
A08,session1,intra_session,train,pca_32,nn_erm,3,3,"[2.6331344997743145e-05, 0.0010898506734520197, 0.02282378077507019, 0.9760599732398987]"
A08,session1,intra_session,train,pca_32,nn_erm,3,3,"[1.6963183213647426e-07, 2.8722668048430933e-06, 0.00011487692245282233, 0.9998821020126343]"
A08,session1,intra_session,train,pca_32,nn_erm,3,3,"[8.98619987310667e-08, 5.773514430984505e-07, 6.8363274294824805e-06, 0.9999924898147583]"
A08,session1,intra_session,train,pca_32,nn_erm,0,0,"[0.9685608744621277, 0.0003962609334848821, 0.031039195135235786, 3.6986125451221596e-06]"
A08,session1,intra_session,train,pca_32,nn_erm,2,2,"[0.015998464077711105, 0.028037166222929955, 0.9539846181869507, 0.0019798034336417913]"
A08,session1,intra_session,train,pca_32,nn_erm,1,1,"[5.360137947718613e-05, 0.9956673383712769, 0.000128044601297006, 0.004151014145463705]"
A08,session1,intra_session,train,pca_32,nn_erm,0,0,"[0.9929468035697937, 0.005675792694091797, 0.001349418773315847, 2.805311123665888e-05]"
A08,session1,intra_session,train,pca_32,nn_erm,0,0,"[0.9832565188407898, 0.0003113466955255717, 0.016424352303147316, 7.654114597244188e-06]"
A08,session1,intra_session,train,pca_32,nn_erm,2,2,"[0.05316516011953354, 0.011178574524819851, 0.9243770241737366, 0.011279224418103695]"
A08,session1,intra_session,train,pca_32,nn_erm,3,3,"[0.00017755586304701865, 0.00891581829637289, 0.0021106156054884195, 0.9887959957122803]"
A08,session1,intra_session,train,pca_32,nn_erm,0,0,"[0.9924031496047974, 4.3803978769574314e-05, 0.007544956635683775, 8.09755965747172e-06]"
A08,session1,intra_session,train,pca_32,nn_erm,2,2,"[0.04203345254063606, 0.005712750367820263, 0.9521387219429016, 0.00011509039177326486]"
A08,session1,intra_session,train,pca_32,nn_erm,2,2,"[1.682925176282879e-05, 0.0004167822771705687, 0.9943696856498718, 0.005196661222726107]"
A08,session1,intra_session,train,pca_32,nn_erm,2,2,"[1.6316909750457853e-05, 0.005016382783651352, 0.9650469422340393, 0.0299203023314476]"
A08,session1,intra_session,train,pca_32,nn_erm,0,0,"[0.9931066632270813, 0.0003987591771874577, 0.006494632922112942, 1.9805167283948322e-08]"
A08,session1,intra_session,train,pca_32,nn_erm,1,1,"[4.60324008599855e-05, 0.9762138724327087, 0.012100761756300926, 0.011639336124062538]"
A08,session1,intra_session,train,pca_32,nn_erm,0,0,"[0.9488131403923035, 0.017532259225845337, 0.032938387244939804, 0.0007161439280025661]"
A08,session1,intra_session,train,pca_32,nn_erm,1,1,"[0.002827280666679144, 0.9778684377670288, 0.017672264948487282, 0.001631996245123446]"
A08,session1,intra_session,train,pca_32,nn_erm,1,1,"[0.0028107843827456236, 0.9770593047142029, 0.008839445188641548, 0.011290480382740498]"
A08,session1,intra_session,train,pca_32,nn_erm,0,0,"[0.9520875215530396, 0.043729476630687714, 0.0037286216393113136, 0.0004543851246125996]"
A08,session1,intra_session,train,pca_32,nn_erm,1,1,"[0.0015987898223102093, 0.992077648639679, 0.0041784318163990974, 0.002145032398402691]"
A08,session1,intra_session,train,pca_32,nn_erm,2,2,"[0.019542023539543152, 0.016838079318404198, 0.9629693627357483, 0.0006506064673885703]"
A08,session1,intra_session,train,pca_32,nn_erm,1,1,"[0.0023360864724963903, 0.9585374593734741, 0.03890049457550049, 0.00022592765162698925]"
A08,session1,intra_session,train,pca_32,nn_erm,2,2,"[0.02121884375810623, 0.04056088253855705, 0.9374120831489563, 0.0008082541753537953]"
A08,session1,intra_session,train,pca_32,nn_erm,2,2,"[0.0037929592654109, 0.012578374706208706, 0.9785096049308777, 0.00511913513764739]"
A08,session1,intra_session,train,pca_32,nn_erm,3,3,"[4.9490299716126174e-05, 0.0005411857855506241, 6.366211164277047e-05, 0.999345600605011]"
A08,session1,intra_session,train,pca_32,nn_erm,2,2,"[0.003967995289713144, 0.0025624483823776245, 0.9780086278915405, 0.015460986644029617]"
A08,session1,intra_session,train,pca_32,nn_erm,2,2,"[0.002135797869414091, 0.02348364144563675, 0.9641565084457397, 0.0102241151034832]"
A08,session1,intra_session,train,pca_32,nn_erm,3,3,"[1.1799033018178307e-05, 0.027113022282719612, 0.0009213825687766075, 0.9719538688659668]"
A08,session1,intra_session,train,pca_32,nn_erm,3,3,"[0.005783201660960913, 0.009901277720928192, 0.005125558003783226, 0.9791899919509888]"
A08,session1,intra_session,train,pca_32,nn_erm,3,3,"[4.5335937670643034e-08, 0.0004299806314520538, 1.3608677363663446e-05, 0.9995562434196472]"
A08,session1,intra_session,train,pca_32,nn_erm,3,3,"[2.4130793008225737e-06, 0.013474185019731522, 0.018559709191322327, 0.9679636359214783]"
A08,session1,intra_session,train,pca_32,nn_erm,3,3,"[0.000761108472943306, 0.011437725275754929, 0.0010042464127764106, 0.9867969751358032]"
A08,session1,intra_session,train,pca_32,nn_erm,2,2,"[0.001947735552676022, 0.006455263122916222, 0.9915969967842102, 8.37498461692121e-08]"
A08,session1,intra_session,train,pca_32,nn_erm,1,1,"[0.004858552478253841, 0.9904955625534058, 0.0024910327047109604, 0.0021548443473875523]"
A08,session1,intra_session,train,pca_32,nn_erm,0,0,"[0.9955883026123047, 0.00016745628090575337, 0.0042194789275527, 2.4835122530930676e-05]"
A08,session1,intra_session,train,pca_32,nn_erm,0,0,"[0.9955015778541565, 0.0011611711233854294, 0.002102645579725504, 0.0012345958966761827]"
A08,session1,intra_session,train,pca_32,nn_erm,1,1,"[0.0003036373236682266, 0.9996848106384277, 1.1409154467401095e-05, 1.6741047659252217e-07]"
A08,session1,intra_session,train,pca_32,nn_erm,2,2,"[0.0007273066439665854, 0.0001349725789623335, 0.9990482926368713, 8.943273132899776e-05]"
A08,session1,intra_session,train,pca_32,nn_erm,3,3,"[0.00831640511751175, 4.447171158972196e-05, 0.0013237778330221772, 0.9903152585029602]"
A08,session1,intra_session,train,pca_32,nn_erm,1,1,"[0.0034870256204158068, 0.9964942336082458, 2.192505462517147e-06, 1.647169847274199e-05]"
A08,session1,intra_session,train,pca_32,nn_erm,2,2,"[0.002803049748763442, 0.003815333591774106, 0.9931748509407043, 0.00020681583555415273]"
A08,session1,intra_session,train,pca_32,nn_erm,0,0,"[0.9983581900596619, 2.7512809808172278e-08, 0.0016418024897575378, 1.8072961793791364e-08]"
A08,session1,intra_session,train,pca_32,nn_erm,0,0,"[0.9979815483093262, 0.0019828660879284143, 1.0062610272143502e-05, 2.544174094509799e-05]"
A08,session1,intra_session,train,pca_32,nn_erm,0,0,"[0.9875906705856323, 0.011806190945208073, 2.0634206521208398e-05, 0.000582592620048672]"
A08,session1,intra_session,train,pca_32,nn_erm,3,3,"[8.671660179970786e-05, 8.497437193000223e-06, 9.26447391975671e-05, 0.9998121857643127]"
A08,session1,intra_session,train,pca_32,nn_erm,1,1,"[0.0008687735535204411, 0.9991230368614197, 1.6732813037378946e-06, 6.610285709029995e-06]"
A08,session1,intra_session,train,pca_32,nn_erm,1,1,"[0.005058331415057182, 0.9905078411102295, 0.0008280458278022707, 0.0036057608667761087]"
A08,session1,intra_session,train,pca_32,nn_erm,0,0,"[0.9950556755065918, 2.109807383021689e-06, 0.00015973683912307024, 0.004782437812536955]"
A08,session1,intra_session,train,pca_32,nn_erm,0,0,"[0.9961339235305786, 0.0028653983026742935, 0.0008713987772352993, 0.0001293464592890814]"
A08,session1,intra_session,train,pca_32,nn_erm,2,2,"[0.0011839329963549972, 0.004707061219960451, 0.9940062761306763, 0.00010277397086611018]"
A08,session1,intra_session,train,pca_32,nn_erm,0,0,"[0.9734328389167786, 0.0035453077871352434, 0.022309137508273125, 0.0007127938442863524]"
A08,session1,intra_session,train,pca_32,nn_erm,1,1,"[0.00016163915279321373, 0.9992109537124634, 9.92167343838446e-08, 0.0006272614118643105]"
A08,session1,intra_session,train,pca_32,nn_erm,3,3,"[2.1644769310213974e-11, 1.3672514231899413e-09, 5.071271402812272e-09, 1.0]"
A08,session1,intra_session,train,pca_32,nn_erm,3,3,"[9.733966180647258e-06, 0.0054665859788656235, 0.00022243874263949692, 0.9943011999130249]"
A08,session1,intra_session,train,pca_32,nn_erm,2,2,"[0.003985872957855463, 4.1432369471294805e-05, 0.9948782920837402, 0.001094428705982864]"
A08,session1,intra_session,train,pca_32,nn_erm,0,0,"[0.993759274482727, 0.0004828126693610102, 0.0025575694162398577, 0.0032003812957555056]"
A08,session1,intra_session,train,pca_32,nn_erm,3,3,"[4.6273544285213575e-06, 5.236017022980377e-05, 1.0734937383460874e-09, 0.9999430179595947]"
A08,session1,intra_session,train,pca_32,nn_erm,3,3,"[4.639484359358903e-06, 0.0006011794903315604, 2.5079023544094525e-05, 0.999369204044342]"
A08,session1,intra_session,train,pca_32,nn_erm,1,1,"[0.019048364832997322, 0.9808579087257385, 2.5411773094674572e-05, 6.825245509389788e-05]"
A08,session1,intra_session,train,pca_32,nn_erm,3,3,"[0.001548855216242373, 0.005257860291749239, 0.0008622190798632801, 0.9923310279846191]"
A08,session1,intra_session,train,pca_32,nn_erm,3,3,"[6.515171116916463e-05, 0.0015664455713704228, 0.0030561077874153852, 0.9953123331069946]"
A08,session1,intra_session,train,pca_32,nn_erm,1,1,"[0.005996229127049446, 0.9928122162818909, 0.0008637443534098566, 0.00032780037145130336]"
A08,session1,intra_session,train,pca_32,nn_erm,0,0,"[0.9978005290031433, 0.0010219219839200377, 0.0011536100646480918, 2.381634112680331e-05]"
A08,session1,intra_session,train,pca_32,nn_erm,1,1,"[0.018144238740205765, 0.9814526438713074, 6.093898718972923e-06, 0.00039705203380435705]"
A08,session1,intra_session,train,pca_32,nn_erm,2,2,"[1.2020652485553174e-13, 5.808352252943336e-14, 1.0, 5.39476907590597e-09]"
A08,session1,intra_session,train,pca_32,nn_erm,2,2,"[0.005856742151081562, 4.7378525778185576e-05, 0.9940930008888245, 2.8459664918045746e-06]"
A08,session1,intra_session,train,pca_32,nn_erm,2,2,"[0.004209207370877266, 0.00034220045199617743, 0.9954452514648438, 3.394985242266557e-06]"
A08,session1,intra_session,train,pca_32,nn_erm,3,3,"[4.7922888768425764e-08, 1.2022115697618574e-05, 1.856660333032778e-06, 0.9999860525131226]"
A08,session1,intra_session,train,pca_32,nn_erm,2,2,"[0.018270093947649002, 0.0037366796750575304, 0.9643262028694153, 0.01366702001541853]"
A08,session1,intra_session,train,pca_32,nn_erm,0,0,"[0.9951059818267822, 0.004801474511623383, 9.115230204770342e-05, 1.4677133322038571e-06]"
A08,session1,intra_session,train,pca_32,nn_erm,3,3,"[0.0001012916472973302, 0.0027713614981621504, 6.0150887293275446e-05, 0.9970672726631165]"
A08,session1,intra_session,train,pca_32,nn_erm,1,1,"[0.002767787780612707, 0.9684392213821411, 0.012684992514550686, 0.016107961535453796]"
A08,session1,intra_session,train,pca_32,nn_erm,2,2,"[0.002712089102715254, 0.004642353858798742, 0.9910481572151184, 0.0015974605921655893]"
A08,session1,intra_session,train,pca_32,nn_erm,1,1,"[0.0031539860647171736, 0.974373459815979, 0.021879253908991814, 0.0005933544016443193]"
A08,session1,intra_session,train,pca_32,nn_erm,2,2,"[0.007449377328157425, 0.011059720069169998, 0.9785245060920715, 0.0029664654284715652]"
A08,session1,intra_session,train,pca_32,nn_erm,3,3,"[1.4136094250716269e-05, 5.607371633686853e-08, 0.0004459800838958472, 0.999539852142334]"
A08,session1,intra_session,train,pca_32,nn_erm,1,1,"[0.012670744210481644, 0.9663846492767334, 0.01985936053097248, 0.00108530861325562]"
A08,session1,intra_session,train,pca_32,nn_erm,2,2,"[0.007194282952696085, 0.02677350863814354, 0.966018795967102, 1.335661636403529e-05]"
A08,session1,intra_session,train,pca_32,nn_erm,0,0,"[0.9819145798683167, 0.005426754709333181, 0.009632867760956287, 0.003025745740160346]"
A08,session1,intra_session,train,pca_32,nn_erm,0,0,"[0.993468165397644, 0.0051572746597230434, 0.0013635964132845402, 1.0934095371339936e-05]"
A08,session1,intra_session,train,pca_32,nn_erm,0,0,"[0.9999192953109741, 6.82674944982864e-05, 1.1329634617140982e-05, 1.1334772125337622e-06]"
A08,session1,intra_session,train,pca_32,nn_erm,3,3,"[0.0016229926841333508, 0.0223655067384243, 0.0026753894053399563, 0.9733361601829529]"
A08,session1,intra_session,train,pca_32,nn_erm,1,1,"[0.01092176791280508, 0.9876603484153748, 0.0013859624741598964, 3.195732642780058e-05]"
A08,session1,intra_session,train,pca_32,nn_erm,0,0,"[0.9725626707077026, 0.0023379374761134386, 0.02447873167693615, 0.0006207517581060529]"
A08,session1,intra_session,train,pca_32,nn_erm,2,2,"[0.013876354321837425, 0.0012034567771479487, 0.9848737716674805, 4.642976637114771e-05]"
A08,session1,intra_session,train,pca_32,nn_erm,0,0,"[0.9929392337799072, 0.0022336572874337435, 0.003377657849341631, 0.0014494459610432386]"
A08,session1,intra_session,train,pca_32,nn_erm,2,2,"[0.01288696937263012, 0.0014278043527156115, 0.9855322241783142, 0.0001529750443296507]"
A08,session1,intra_session,train,pca_32,nn_erm,1,1,"[0.006043803878128529, 0.993884265422821, 3.5735192795982584e-05, 3.616394315031357e-05]"
A08,session1,intra_session,train,pca_32,nn_erm,3,3,"[2.0407588091603908e-15, 4.18709407423723e-11, 9.57205842366804e-11, 1.0]"
A08,session1,intra_session,train,pca_32,nn_erm,0,0,"[0.9628509879112244, 0.0031601903028786182, 0.03342415764927864, 0.0005647228099405766]"
A08,session1,intra_session,train,pca_32,nn_erm,2,2,"[0.005328302271664143, 5.868221251148498e-07, 0.9946651458740234, 5.958208475931315e-06]"
A08,session1,intra_session,train,pca_32,nn_erm,2,2,"[0.031096041202545166, 0.028590375557541847, 0.9355500936508179, 0.004763448145240545]"
A08,session1,intra_session,train,pca_32,nn_erm,0,0,"[0.999925971031189, 3.7051140111543646e-07, 7.363841723417863e-05, 3.712592455684671e-10]"
A08,session1,intra_session,train,pca_32,nn_erm,2,2,"[0.04086434096097946, 0.006617386359721422, 0.9369330406188965, 0.015585295855998993]"
A08,session1,intra_session,train,pca_32,nn_erm,1,1,"[0.0008070264593698084, 0.9664947390556335, 0.006948830559849739, 0.025749482214450836]"
A08,session1,intra_session,train,pca_32,nn_erm,3,3,"[9.484179486207722e-07, 2.2689350771543104e-06, 0.00022502608771901578, 0.999771773815155]"
A08,session1,intra_session,train,pca_32,nn_erm,3,3,"[1.1481784895295277e-05, 2.069979927910026e-05, 4.166348298895173e-05, 0.9999260902404785]"
A08,session1,intra_session,train,pca_32,nn_erm,3,3,"[1.4050745456017921e-08, 3.065696319026756e-07, 0.0014377855695784092, 0.9985617995262146]"
A08,session1,intra_session,train,pca_32,nn_erm,2,2,"[0.029945865273475647, 0.0014953984646126628, 0.9685124754905701, 4.626984809874557e-05]"
A08,session1,intra_session,train,pca_32,nn_erm,0,0,"[0.9972518086433411, 0.000556736602447927, 0.0021333438344299793, 5.8149707911070436e-05]"
A08,session1,intra_session,train,pca_32,nn_erm,3,3,"[1.3586463865067344e-06, 0.00019939846242778003, 0.004612137097865343, 0.9951871037483215]"
A08,session1,intra_session,train,pca_32,nn_erm,1,1,"[0.004361975006759167, 0.9859536290168762, 0.0066369264386594296, 0.003047466278076172]"
A08,session1,intra_session,train,pca_32,nn_erm,3,3,"[2.400924677203875e-05, 9.21411847230047e-05, 0.00030044306186027825, 0.9995834231376648]"
A08,session1,intra_session,train,pca_32,nn_erm,1,1,"[0.00019882351625710726, 0.9997981190681458, 3.006537781402585e-06, 1.2964908080448367e-07]"
A08,session1,intra_session,train,pca_32,nn_erm,0,0,"[0.9913028478622437, 0.00843399204313755, 0.0002180338924517855, 4.507246922003105e-05]"
A08,session1,intra_session,train,pca_32,nn_erm,2,2,"[0.017240852117538452, 0.00733267143368721, 0.9669149518013, 0.008511586114764214]"
A08,session1,intra_session,train,pca_32,nn_erm,1,1,"[0.0008466865983791649, 0.9788420796394348, 0.006088529713451862, 0.014222785830497742]"
A08,session1,intra_session,train,pca_32,nn_erm,0,0,"[0.9952781200408936, 0.0039810361340641975, 0.0007400627946481109, 7.547941436314431e-07]"
A08,session1,intra_session,train,pca_32,nn_erm,2,2,"[2.137754017894622e-05, 0.00035236109397374094, 0.9916146993637085, 0.008011506870388985]"
A08,session1,intra_session,train,pca_32,nn_erm,2,2,"[0.0011816072510555387, 2.4491489512001863e-06, 0.9986764788627625, 0.00013945132377557456]"
A08,session1,intra_session,train,pca_32,nn_erm,0,0,"[0.9844123721122742, 0.006687370594590902, 0.0004493763844948262, 0.008450943976640701]"
A08,session1,intra_session,train,pca_32,nn_erm,2,2,"[0.0013638598611578345, 0.00012164710642537102, 0.9954004883766174, 0.0031140369828790426]"
A08,session1,intra_session,train,pca_32,nn_erm,3,3,"[3.109585304628126e-05, 0.007731026969850063, 6.451277295127511e-05, 0.992173433303833]"
A08,session1,intra_session,train,pca_32,nn_erm,3,3,"[0.008985431864857674, 0.012444450519979, 8.036763756535947e-05, 0.9784898161888123]"
A08,session1,intra_session,train,pca_32,nn_erm,1,1,"[0.0017509430181235075, 0.9925474524497986, 0.0021884157322347164, 0.0035131771583110094]"
A08,session1,intra_session,train,pca_32,nn_erm,0,0,"[0.9702427387237549, 0.02948574163019657, 7.059479685267434e-05, 0.00020095113723073155]"
A08,session1,intra_session,train,pca_32,nn_erm,1,1,"[0.004283851012587547, 0.9780453443527222, 0.004323133733123541, 0.013347669504582882]"
A08,session1,intra_session,train,pca_32,nn_erm,3,3,"[1.4896965012667351e-06, 2.8533735530800186e-05, 0.00016582669923081994, 0.9998041987419128]"
A08,session1,intra_session,train,pca_32,nn_erm,1,1,"[0.0010387407382950187, 0.9961708188056946, 0.0027257553301751614, 6.471761298598722e-05]"
A08,session1,intra_session,train,pca_32,nn_erm,3,3,"[4.0046119198500207e-10, 1.5852891010581516e-05, 2.6678403628466185e-06, 0.9999815225601196]"
A08,session1,intra_session,train,pca_32,nn_erm,2,2,"[0.000507625169120729, 4.17980772908777e-05, 0.9993521571159363, 9.836567915044725e-05]"
A08,session1,intra_session,train,pca_32,nn_erm,1,1,"[0.0036908104084432125, 0.9944023489952087, 0.0010739010758697987, 0.0008329987176693976]"
A08,session1,intra_session,train,pca_32,nn_erm,1,1,"[0.003549565328285098, 0.9876740574836731, 0.0027225373778492212, 0.006053855177015066]"
A08,session1,intra_session,train,pca_32,nn_erm,1,1,"[0.030758101493120193, 0.9372622966766357, 0.023823190480470657, 0.00815638154745102]"
A08,session1,intra_session,train,pca_32,nn_erm,2,2,"[0.003947348799556494, 0.0025377776473760605, 0.9928054213523865, 0.0007094109314493835]"
A08,session1,intra_session,train,pca_32,nn_erm,3,3,"[0.0005689043900929391, 0.027851087972521782, 0.0009363176068291068, 0.9706436395645142]"
A08,session1,intra_session,train,pca_32,nn_erm,0,0,"[0.9820616841316223, 0.014231963083148003, 0.002158478368073702, 0.001547959866002202]"
A08,session1,intra_session,train,pca_32,nn_erm,1,1,"[0.005803969688713551, 0.992213785648346, 0.0013916335301473737, 0.0005905359284952283]"
A08,session1,intra_session,train,pca_32,nn_erm,3,3,"[4.000128228653921e-06, 0.0012570403050631285, 0.00943321269005537, 0.9893057346343994]"
A08,session1,intra_session,train,pca_32,nn_erm,0,0,"[0.9941139817237854, 9.857658369583078e-06, 0.0058758873492479324, 3.2218395062955096e-07]"
A08,session1,intra_session,train,pca_32,nn_erm,2,2,"[0.0009559714817442, 0.00041767623042687774, 0.9902938604354858, 0.00833252351731062]"
A08,session1,intra_session,train,pca_32,nn_erm,2,2,"[0.00180728523992002, 0.0043179793283343315, 0.9923031330108643, 0.001571689615957439]"
A08,session1,intra_session,train,pca_32,nn_erm,3,3,"[0.011895740404725075, 7.442843343596905e-05, 0.01578047126531601, 0.9722493290901184]"
A08,session1,intra_session,train,pca_32,nn_erm,0,0,"[0.9978991746902466, 0.0013369215885177255, 0.000752103456761688, 1.1788151823566295e-05]"
A08,session1,intra_session,train,pca_32,nn_erm,0,0,"[0.9636121392250061, 0.0002468168968334794, 0.02106579765677452, 0.015075203031301498]"
A08,session1,intra_session,train,pca_32,nn_erm,2,2,"[0.005234409123659134, 0.03607784956693649, 0.9552032947540283, 0.0034843699540942907]"
A08,session1,intra_session,train,pca_32,nn_erm,1,1,"[0.016648750752210617, 0.9709385633468628, 0.009966052137315273, 0.0024466337636113167]"
A08,session1,intra_session,train,pca_32,nn_erm,3,3,"[4.871441205978044e-07, 7.029103016975569e-06, 7.990683661773801e-05, 0.9999126195907593]"
A08,session1,intra_session,train,pca_32,nn_erm,3,3,"[2.2708974256602232e-08, 1.237598667103157e-06, 2.1471076252055354e-05, 0.9999773502349854]"
A08,session1,intra_session,train,pca_32,nn_erm,3,3,"[0.0009209933923557401, 0.03219807893037796, 0.009163085371255875, 0.957717776298523]"
A08,session1,intra_session,train,pca_32,nn_erm,1,1,"[0.012134014628827572, 0.9533025622367859, 0.03282357007265091, 0.0017398769268766046]"
A08,session1,intra_session,train,pca_32,nn_erm,0,0,"[0.9986581802368164, 8.020759196369909e-06, 0.0013322350569069386, 1.5499072105740197e-06]"
A08,session1,intra_session,train,pca_32,nn_erm,2,2,"[0.01268777996301651, 0.011096453294157982, 0.9759708642959595, 0.0002449655148666352]"
A08,session1,intra_session,train,pca_32,nn_erm,1,1,"[0.0003773113712668419, 0.978753924369812, 0.0001223189028678462, 0.02074645832180977]"
A08,session1,intra_session,train,pca_32,nn_erm,3,3,"[0.0006277408683672547, 0.026203565299510956, 0.0015732828760519624, 0.9715954065322876]"
A08,session1,intra_session,train,pca_32,nn_erm,0,0,"[0.9613264799118042, 0.006111990660429001, 0.03175050765275955, 0.000811039877589792]"
A08,session1,intra_session,train,pca_32,nn_erm,3,3,"[2.6625824034454126e-07, 5.495929406018618e-11, 2.114946482834057e-06, 0.999997615814209]"
A08,session1,intra_session,train,pca_32,nn_erm,2,2,"[0.0006854177918285131, 0.004299984313547611, 0.9867480993270874, 0.008266530930995941]"
A08,session1,intra_session,train,pca_32,nn_erm,1,1,"[0.0002534936065785587, 0.9942178726196289, 0.0006802446441724896, 0.0048484536819159985]"
A08,session1,intra_session,train,pca_32,nn_erm,3,3,"[0.00030409966711886227, 0.002209932543337345, 0.002608380513265729, 0.9948775768280029]"
A08,session1,intra_session,train,pca_32,nn_erm,3,3,"[5.8885207181447186e-06, 0.000391756504541263, 0.00026074168272316456, 0.9993416666984558]"
A08,session1,intra_session,train,pca_32,nn_erm,0,0,"[0.9978355765342712, 2.1977839423925616e-06, 0.0021594096906483173, 2.743117192949285e-06]"
A08,session1,intra_session,train,pca_32,nn_erm,1,1,"[0.011874707415699959, 0.9806032776832581, 0.0005933429929427803, 0.006928678136318922]"
A08,session1,intra_session,train,pca_32,nn_erm,1,1,"[0.0021776987705379725, 0.9941620230674744, 0.00301791587844491, 0.0006422970909625292]"
A08,session1,intra_session,train,pca_32,nn_erm,2,2,"[0.012082586996257305, 0.026805642992258072, 0.960121214389801, 0.0009904823964461684]"
A08,session1,intra_session,train,pca_32,nn_erm,3,3,"[2.3767321444267964e-11, 1.91833642304573e-08, 1.352703407064837e-07, 0.9999998807907104]"
A08,session1,intra_session,train,pca_32,nn_erm,1,1,"[0.0015802072593942285, 0.9642894864082336, 0.012299099005758762, 0.021831126883625984]"
A08,session1,intra_session,train,pca_32,nn_erm,0,0,"[0.9890499114990234, 0.010706363245844841, 0.00023507399600930512, 8.603619789937511e-06]"
A08,session1,intra_session,train,pca_32,nn_erm,0,0,"[0.9824204444885254, 0.0012852922081947327, 0.014133846387267113, 0.0021604460198432207]"
A08,session1,intra_session,train,pca_32,nn_erm,3,3,"[3.225939508411102e-05, 0.0012754453346133232, 0.011672420427203178, 0.9870198965072632]"
A08,session1,intra_session,train,pca_32,nn_erm,1,1,"[0.00043985064257867634, 0.9946889877319336, 0.0006407227483578026, 0.00423045689240098]"
A08,session1,intra_session,train,pca_32,nn_erm,0,0,"[0.9944104552268982, 0.0011656659189611673, 0.00441784830763936, 5.984315066598356e-06]"
A08,session1,intra_session,train,pca_32,nn_erm,2,2,"[0.0004188245511613786, 0.0003088121593464166, 0.9990835189819336, 0.0001888240221887827]"
A08,session1,intra_session,train,pca_32,nn_erm,1,1,"[0.0012246249243617058, 0.9677115082740784, 0.011759668588638306, 0.01930425502359867]"
A08,session1,intra_session,train,pca_32,nn_erm,1,1,"[0.0005112802609801292, 0.9833973050117493, 0.015037212520837784, 0.0010542557574808598]"
A08,session1,intra_session,train,pca_32,nn_erm,2,2,"[0.0009279907098971307, 1.3717599358642474e-05, 0.9988275170326233, 0.0002307406539330259]"
A08,session1,intra_session,train,pca_32,nn_erm,0,0,"[0.9998906850814819, 1.1274566531938035e-05, 9.776152728591114e-05, 2.856884862012521e-07]"
A08,session1,intra_session,train,pca_32,nn_erm,3,3,"[3.7877401837249636e-07, 0.001248190295882523, 0.00028626140556298196, 0.9984651803970337]"
A08,session1,intra_session,train,pca_32,nn_erm,2,2,"[0.008491582237184048, 0.00301503692753613, 0.9882136583328247, 0.00027972678071819246]"
A08,session1,intra_session,train,pca_32,nn_erm,2,2,"[0.0005420163506641984, 0.0041814749129116535, 0.9933167695999146, 0.0019597935024648905]"
A08,session1,intra_session,train,pca_32,nn_erm,2,2,"[0.0008335572201758623, 0.0008849888108670712, 0.9980766773223877, 0.00020474825578276068]"
A08,session1,intra_session,train,pca_32,nn_erm,2,2,"[0.010974294506013393, 1.263249032490421e-06, 0.9880262017250061, 0.0009982807096093893]"
A08,session1,intra_session,train,pca_32,nn_erm,0,0,"[0.9649548530578613, 0.016097217798233032, 0.01699395291507244, 0.0019540260545909405]"
A08,session1,intra_session,train,pca_32,nn_erm,1,1,"[0.00023963418789207935, 0.982506275177002, 0.017216457054018974, 3.756400110432878e-05]"
A08,session1,intra_session,train,pca_32,nn_erm,0,0,"[0.9499164819717407, 0.023714303970336914, 0.023969825357198715, 0.0023993656504899263]"
A08,session1,intra_session,train,pca_32,nn_erm,1,1,"[0.00045716125168837607, 0.9877372980117798, 0.011542456224560738, 0.0002629999944474548]"
A08,session1,intra_session,train,pca_32,nn_erm,0,0,"[0.9951978325843811, 0.004737770650535822, 5.155401231604628e-05, 1.2858951777161565e-05]"
A08,session1,intra_session,train,pca_32,nn_erm,0,0,"[0.9940276145935059, 3.0107107704679947e-06, 0.005969255696982145, 3.681844162883863e-08]"
A08,session1,intra_session,train,pca_32,nn_erm,2,2,"[0.0007269933121278882, 0.07061617821455002, 0.9020676612854004, 0.026589129120111465]"
A08,session1,intra_session,train,pca_32,nn_erm,2,2,"[0.0037188339047133923, 0.00538686802610755, 0.9757354259490967, 0.015158855356276035]"
A08,session1,intra_session,train,pca_32,nn_erm,1,1,"[0.0003603037912398577, 0.9966292977333069, 0.001492162817157805, 0.0015182693023234606]"
A08,session1,intra_session,train,pca_32,nn_erm,2,2,"[0.0023973993957042694, 0.00020964381110388786, 0.9973577857017517, 3.51674243574962e-05]"
A08,session1,intra_session,train,pca_32,nn_erm,3,3,"[3.099058574207447e-07, 0.009019226767122746, 0.00022599119984079152, 0.9907544851303101]"
A08,session1,intra_session,train,pca_32,nn_erm,0,0,"[0.9794888496398926, 6.462437340815086e-06, 0.020272966474294662, 0.00023174782108981162]"
A08,session1,intra_session,test,pca_32,nn_erm,3,3,"[1.8070761143462732e-05, 9.023930942930747e-06, 0.006786770652979612, 0.9931861162185669]"
A08,session1,intra_session,test,pca_32,nn_erm,0,0,"[0.41376978158950806, 0.32390296459198, 0.2619038224220276, 0.0004234040970914066]"
A08,session1,intra_session,test,pca_32,nn_erm,0,3,"[0.1663530468940735, 0.2215249091386795, 0.23172859847545624, 0.38039350509643555]"
A08,session1,intra_session,test,pca_32,nn_erm,1,0,"[0.4350082278251648, 0.11803114414215088, 0.3974897861480713, 0.0494709275662899]"
A08,session1,intra_session,test,pca_32,nn_erm,3,3,"[1.859851682384228e-11, 3.3294320633814323e-09, 1.309912818214798e-07, 0.9999998807907104]"
A08,session1,intra_session,test,pca_32,nn_erm,2,1,"[0.1631137728691101, 0.7412450313568115, 0.0538700632750988, 0.041771050542593]"
A08,session1,intra_session,test,pca_32,nn_erm,1,1,"[0.006639852654188871, 0.9105964303016663, 0.04679205268621445, 0.035971738398075104]"
A08,session1,intra_session,test,pca_32,nn_erm,3,3,"[9.965363005903782e-07, 0.0001756080600898713, 5.737088486057473e-06, 0.9998177886009216]"
A08,session1,intra_session,test,pca_32,nn_erm,2,2,"[0.024088310077786446, 0.01785089448094368, 0.9578553438186646, 0.00020542784477584064]"
A08,session1,intra_session,test,pca_32,nn_erm,3,3,"[1.2527636954473564e-06, 0.02437133528292179, 0.00021206328528933227, 0.9754153490066528]"
A08,session1,intra_session,test,pca_32,nn_erm,2,2,"[0.0014323535142466426, 0.004559824708849192, 0.9930570125579834, 0.0009508172515779734]"
A08,session1,intra_session,test,pca_32,nn_erm,3,3,"[1.3687231330550276e-05, 0.03191783279180527, 0.0014347872929647565, 0.9666337370872498]"
A08,session1,intra_session,test,pca_32,nn_erm,1,2,"[0.08566826581954956, 0.1044108048081398, 0.7612258195877075, 0.04869510605931282]"
A08,session1,intra_session,test,pca_32,nn_erm,1,1,"[0.15655997395515442, 0.5947770476341248, 0.2360798418521881, 0.0125831114128232]"
A08,session1,intra_session,test,pca_32,nn_erm,3,3,"[4.833638829769343e-15, 9.801310341117642e-08, 1.0406137757046352e-10, 0.9999998807907104]"
A08,session1,intra_session,test,pca_32,nn_erm,0,2,"[0.14292685687541962, 0.025007357820868492, 0.8292967081069946, 0.0027691442519426346]"
A08,session1,intra_session,test,pca_32,nn_erm,1,3,"[2.0277897419873625e-05, 5.187246642890386e-05, 0.011974365450441837, 0.9879535436630249]"
A08,session1,intra_session,test,pca_32,nn_erm,1,0,"[0.6398190259933472, 0.3147263824939728, 0.045398008078336716, 5.662603143719025e-05]"
A08,session1,intra_session,test,pca_32,nn_erm,1,1,"[0.014288011007010937, 0.8516498804092407, 0.1331925243139267, 0.0008695775177329779]"
A08,session1,intra_session,test,pca_32,nn_erm,2,3,"[0.0016057412140071392, 0.024552850052714348, 0.24080383777618408, 0.733037531375885]"
A08,session1,intra_session,test,pca_32,nn_erm,3,3,"[1.9513910842761106e-07, 0.00017001526430249214, 0.0002231980033684522, 0.9996065497398376]"
A08,session1,intra_session,test,pca_32,nn_erm,0,3,"[0.0013751789228990674, 0.016041379421949387, 0.11250311136245728, 0.8700803518295288]"
A08,session1,intra_session,test,pca_32,nn_erm,3,3,"[0.0002246451476821676, 0.04792137071490288, 0.010728218592703342, 0.9411258101463318]"
A08,session1,intra_session,test,pca_32,nn_erm,0,1,"[0.19395367801189423, 0.7438812255859375, 0.02901947684586048, 0.033145662397146225]"
A08,session1,intra_session,test,pca_32,nn_erm,2,1,"[0.14889858663082123, 0.40904366970062256, 0.3125477731227875, 0.12950998544692993]"
A08,session1,intra_session,test,pca_32,nn_erm,0,0,"[0.5673739910125732, 0.0526314340531826, 0.3647608757019043, 0.015233702957630157]"
A08,session1,intra_session,test,pca_32,nn_erm,3,3,"[3.974394771621981e-11, 1.2555648964962529e-08, 9.495115591562353e-07, 0.9999990463256836]"
A08,session1,intra_session,test,pca_32,nn_erm,0,1,"[0.11285310238599777, 0.8708831071853638, 0.009959383867681026, 0.006304382812231779]"
A08,session1,intra_session,test,pca_32,nn_erm,2,1,"[0.2906966805458069, 0.47891926765441895, 0.20551151037216187, 0.02487247809767723]"
A08,session1,intra_session,test,pca_32,nn_erm,0,3,"[0.006538348738104105, 0.27288034558296204, 0.3283844292163849, 0.392196923494339]"
A08,session1,intra_session,test,pca_32,nn_erm,1,1,"[0.05103691667318344, 0.48849090933799744, 0.4071749448776245, 0.05329728499054909]"
A08,session1,intra_session,test,pca_32,nn_erm,2,2,"[0.04287664592266083, 0.17989185452461243, 0.7147476673126221, 0.06248387694358826]"
A08,session1,intra_session,test,pca_32,nn_erm,2,3,"[0.006959651596844196, 0.08767259865999222, 0.029653968289494514, 0.8757138252258301]"
A08,session1,intra_session,test,pca_32,nn_erm,3,3,"[1.2188837899884675e-05, 0.0008828399004414678, 0.007312665227800608, 0.9917923212051392]"
A08,session1,intra_session,test,pca_32,nn_erm,0,2,"[0.34926047921180725, 0.007580175064504147, 0.6407980918884277, 0.002361179096624255]"
A08,session1,intra_session,test,pca_32,nn_erm,1,2,"[0.0709221139550209, 0.33565664291381836, 0.5761639475822449, 0.01725740171968937]"
A08,session1,intra_session,test,pca_32,nn_erm,3,3,"[5.767918537458172e-06, 0.004931509494781494, 0.09877043962478638, 0.8962922692298889]"
A08,session1,intra_session,test,pca_32,nn_erm,1,2,"[0.004442082718014717, 0.03342103213071823, 0.7334912419319153, 0.22864557802677155]"
A08,session1,intra_session,test,pca_32,nn_erm,2,1,"[0.016140315681695938, 0.9595004320144653, 0.015373168513178825, 0.008986128494143486]"
A08,session1,intra_session,test,pca_32,nn_erm,2,0,"[0.7833450436592102, 0.039559103548526764, 0.14073772728443146, 0.03635810688138008]"
A08,session1,intra_session,test,pca_32,nn_erm,0,1,"[0.10738874226808548, 0.8868862390518188, 0.003912610001862049, 0.001812488422729075]"
A08,session1,intra_session,test,pca_32,nn_erm,3,3,"[1.4019954086563757e-08, 9.711835446069017e-06, 0.0007962261443026364, 0.9991939663887024]"
A08,session1,intra_session,test,pca_32,nn_erm,1,1,"[0.0224887877702713, 0.9305511713027954, 0.0005781186046078801, 0.04638197645545006]"
A08,session1,intra_session,test,pca_32,nn_erm,3,3,"[0.06448573619127274, 0.015144049189984798, 0.26831114292144775, 0.6520590782165527]"
A08,session1,intra_session,test,pca_32,nn_erm,0,0,"[0.7160905003547668, 0.27751725912094116, 0.0034335285890847445, 0.0029586292803287506]"
A08,session1,intra_session,test,pca_32,nn_erm,0,0,"[0.39737316966056824, 0.26303040981292725, 0.04969964921474457, 0.28989678621292114]"
A08,session1,intra_session,test,pca_32,nn_erm,2,3,"[0.0006166321691125631, 0.003612838452681899, 0.09465718269348145, 0.9011133909225464]"
A08,session1,intra_session,test,pca_32,nn_erm,2,3,"[0.010075069963932037, 0.28741100430488586, 0.006015169899910688, 0.6964988112449646]"
A08,session1,intra_session,test,pca_32,nn_erm,1,0,"[0.8528338670730591, 0.12817701697349548, 0.017655789852142334, 0.001333279418759048]"
A08,session1,intra_session,test,pca_32,nn_erm,3,0,"[0.8582631349563599, 0.06499765813350677, 0.07154849916696548, 0.00519072450697422]"
A08,session1,intra_session,test,pca_32,nn_erm,1,1,"[0.07564425468444824, 0.5532671213150024, 0.3182391822338104, 0.05284949764609337]"
A08,session1,intra_session,test,pca_32,nn_erm,1,3,"[0.00649309204891324, 0.28454580903053284, 0.06927325576543808, 0.6396878361701965]"
A08,session1,intra_session,test,pca_32,nn_erm,0,0,"[0.8027921319007874, 0.10399897396564484, 0.08951417356729507, 0.0036946663167327642]"
A08,session1,intra_session,test,pca_32,nn_erm,1,1,"[0.018286610022187233, 0.4433518350124359, 0.433208167552948, 0.10515331476926804]"
A08,session1,intra_session,test,pca_32,nn_erm,3,1,"[5.463446655085136e-07, 0.7035741806030273, 5.544408395508071e-06, 0.2964196801185608]"
A08,session1,intra_session,test,pca_32,nn_erm,3,3,"[5.5781633534479624e-08, 0.001726450864225626, 4.2775525798788294e-05, 0.9982307553291321]"
A08,session1,intra_session,test,pca_32,nn_erm,1,1,"[0.007094107568264008, 0.7855528593063354, 0.004625996109098196, 0.2027270346879959]"
A08,session1,intra_session,test,pca_32,nn_erm,1,1,"[0.07458947598934174, 0.4271097481250763, 0.3806210458278656, 0.11767975986003876]"
A08,session1,intra_session,test,pca_32,nn_erm,1,2,"[0.022707365453243256, 0.002136102644726634, 0.9751419425010681, 1.4605514479626436e-05]"
A08,session1,intra_session,test,pca_32,nn_erm,1,1,"[0.0017827425617724657, 0.948621928691864, 0.0003840402059722692, 0.049211286008358]"
A08,session1,intra_session,test,pca_32,nn_erm,3,3,"[0.0007437715539708734, 0.00017074016795959324, 0.001026446232572198, 0.9980589747428894]"
A08,session1,intra_session,test,pca_32,nn_erm,3,3,"[3.8280049921013415e-05, 0.27296483516693115, 0.08155453205108643, 0.6454423666000366]"
A08,session1,intra_session,test,pca_32,nn_erm,2,0,"[0.462224543094635, 0.11420218646526337, 0.42126139998435974, 0.0023119293618947268]"
A08,session1,intra_session,test,pca_32,nn_erm,3,3,"[0.00017459416994825006, 0.00018148325034417212, 0.08461108058691025, 0.9150328040122986]"
A08,session1,intra_session,test,pca_32,nn_erm,0,0,"[0.939175546169281, 0.016142696142196655, 0.04317494109272957, 0.001506748958490789]"
A08,session1,intra_session,test,pca_32,nn_erm,1,1,"[0.14547646045684814, 0.4434176981449127, 0.010808026418089867, 0.40029779076576233]"
A08,session1,intra_session,test,pca_32,nn_erm,2,2,"[0.16265250742435455, 0.22953090071678162, 0.6064457893371582, 0.0013708516489714384]"
A08,session1,intra_session,test,pca_32,nn_erm,1,0,"[0.6569405794143677, 0.11847062408924103, 0.21057581901550293, 0.014012960717082024]"
A08,session1,intra_session,test,pca_32,nn_erm,0,2,"[0.11471908539533615, 0.03193355351686478, 0.8442322015762329, 0.0091151287779212]"
A08,session1,intra_session,test,pca_32,nn_erm,3,1,"[0.023944344371557236, 0.9270410537719727, 0.009547637775540352, 0.03946705535054207]"
A08,session1,intra_session,test,pca_32,nn_erm,0,0,"[0.5764599442481995, 0.3435716927051544, 0.07849707454442978, 0.001471329596824944]"
A08,session1,intra_session,test,pca_32,nn_erm,3,3,"[3.957056549097615e-07, 2.9547018129960634e-05, 0.00025944667868316174, 0.9997106194496155]"
A08,session1,intra_session,test,pca_32,nn_erm,0,0,"[0.42924413084983826, 0.1485232412815094, 0.19355379045009613, 0.2286788672208786]"
A08,session1,intra_session,test,pca_32,nn_erm,0,0,"[0.6024218797683716, 0.008130112662911415, 0.38795986771583557, 0.0014881067909300327]"
A08,session1,intra_session,test,pca_32,nn_erm,0,2,"[0.06439346820116043, 0.0009150057449005544, 0.9346873760223389, 4.160507160122506e-06]"
A08,session1,intra_session,test,pca_32,nn_erm,0,0,"[0.7798532843589783, 0.02089391089975834, 0.09506884217262268, 0.10418399423360825]"
A08,session1,intra_session,test,pca_32,nn_erm,2,2,"[0.33192285895347595, 0.29558345675468445, 0.36089253425598145, 0.011601150035858154]"
A08,session1,intra_session,test,pca_32,nn_erm,2,1,"[0.2213827520608902, 0.5365002155303955, 0.2342960685491562, 0.00782101321965456]"
A08,session1,intra_session,test,pca_32,nn_erm,3,3,"[4.008114501630189e-06, 0.0017997719114646316, 0.010987096466124058, 0.9872090816497803]"
A08,session1,intra_session,test,pca_32,nn_erm,1,2,"[0.07498397678136826, 0.02392246574163437, 0.8683634400367737, 0.0327301062643528]"
A08,session1,intra_session,test,pca_32,nn_erm,2,2,"[0.3198564350605011, 0.004715085495263338, 0.6709027290344238, 0.004525689873844385]"
A08,session1,intra_session,test,pca_32,nn_erm,2,2,"[0.006742673926055431, 0.050858139991760254, 0.8758049607276917, 0.06659429520368576]"
A08,session1,intra_session,test,pca_32,nn_erm,2,2,"[0.0024693873710930347, 0.28791165351867676, 0.6532374024391174, 0.05638160556554794]"
A08,session1,intra_session,test,pca_32,nn_erm,3,2,"[0.04731327295303345, 0.05466628074645996, 0.8954861760139465, 0.0025342891458421946]"
A08,session1,intra_session,test,pca_32,nn_erm,2,2,"[0.0002102039143210277, 0.002648653695359826, 0.9824007749557495, 0.014740332961082458]"
A08,session1,intra_session,test,pca_32,nn_erm,0,1,"[0.057670485228300095, 0.9179388284683228, 0.001196898752823472, 0.023193804547190666]"
A08,session1,intra_session,test,pca_32,nn_erm,2,3,"[0.008334086276590824, 0.12103833258152008, 0.008492506109178066, 0.862135112285614]"
A08,session2,intra_session,train,pca_32,nn_erm,0,0,"[0.9959742426872253, 0.0013351466041058302, 0.0026562311686575413, 3.439786087255925e-05]"
A08,session2,intra_session,train,pca_32,nn_erm,1,1,"[0.027289630845189095, 0.9576604962348938, 0.000847571121994406, 0.014202364720404148]"
A08,session2,intra_session,train,pca_32,nn_erm,1,1,"[0.006917746737599373, 0.970942497253418, 0.0010203865822404623, 0.021119365468621254]"
A08,session2,intra_session,train,pca_32,nn_erm,0,0,"[0.9926722049713135, 0.004419452045112848, 0.0029070964083075523, 1.1811622471213923e-06]"
A08,session2,intra_session,train,pca_32,nn_erm,1,1,"[0.0015752968611195683, 0.9877822995185852, 0.008809646591544151, 0.00183276052121073]"
A08,session2,intra_session,train,pca_32,nn_erm,0,0,"[0.9763793349266052, 0.005325255449861288, 0.017364608123898506, 0.0009308048174716532]"
A08,session2,intra_session,train,pca_32,nn_erm,1,1,"[0.000427792314440012, 0.9974578022956848, 0.001382869784720242, 0.0007314899121411145]"
A08,session2,intra_session,train,pca_32,nn_erm,2,2,"[0.0026538425590842962, 0.0057787769474089146, 0.9914558529853821, 0.00011143919982714579]"
A08,session2,intra_session,train,pca_32,nn_erm,1,1,"[3.125421790173277e-05, 0.9655756950378418, 0.00047123045078478754, 0.033921901136636734]"
A08,session2,intra_session,train,pca_32,nn_erm,3,3,"[2.917457459261641e-05, 0.017229653894901276, 0.023567456752061844, 0.9591736793518066]"
A08,session2,intra_session,train,pca_32,nn_erm,0,0,"[0.9806358218193054, 0.016289303079247475, 0.0025274869985878468, 0.000547378440387547]"
A08,session2,intra_session,train,pca_32,nn_erm,2,2,"[0.014444032683968544, 0.011286353692412376, 0.9698772430419922, 0.004392363131046295]"
A08,session2,intra_session,train,pca_32,nn_erm,1,1,"[0.006889475509524345, 0.9896441698074341, 0.00335043971426785, 0.00011597386765060946]"
A08,session2,intra_session,train,pca_32,nn_erm,0,0,"[0.9810490608215332, 0.00040809460915625095, 0.01851044036448002, 3.245854895794764e-05]"
A08,session2,intra_session,train,pca_32,nn_erm,3,3,"[0.0013486049138009548, 0.0050325943157076836, 0.01677834615111351, 0.9768404960632324]"
A08,session2,intra_session,train,pca_32,nn_erm,3,3,"[0.0070524197071790695, 0.0018954973202198744, 0.01978662982583046, 0.971265435218811]"
A08,session2,intra_session,train,pca_32,nn_erm,3,3,"[0.010936165228486061, 0.018686095252633095, 0.02441980689764023, 0.9459580183029175]"
A08,session2,intra_session,train,pca_32,nn_erm,3,3,"[0.0002654108393471688, 0.01693871058523655, 0.008357275277376175, 0.9744385480880737]"
A08,session2,intra_session,train,pca_32,nn_erm,3,3,"[1.3761479955576306e-08, 0.0018282687524333596, 2.5606668714317493e-06, 0.9981690645217896]"
A08,session2,intra_session,train,pca_32,nn_erm,0,0,"[0.9827688336372375, 0.00016305316239595413, 0.017064440995454788, 3.6208955407346366e-06]"
A08,session2,intra_session,train,pca_32,nn_erm,2,2,"[0.02746267057955265, 0.0009181411587633193, 0.9530901908874512, 0.018529012799263]"
A08,session2,intra_session,train,pca_32,nn_erm,1,1,"[0.0033936481922864914, 0.9906511306762695, 0.00038168765604496, 0.005573515314608812]"
A08,session2,intra_session,train,pca_32,nn_erm,0,0,"[0.9889096617698669, 0.00847935676574707, 0.00013975630281493068, 0.0024711296427994967]"
A08,session2,intra_session,train,pca_32,nn_erm,0,0,"[0.9815990328788757, 0.0024881900753825903, 0.015513462014496326, 0.0003992919810116291]"
A08,session2,intra_session,train,pca_32,nn_erm,2,2,"[0.0015062398742884398, 0.001407368341460824, 0.9956640601158142, 0.0014223800972104073]"
A08,session2,intra_session,train,pca_32,nn_erm,3,3,"[0.002338591031730175, 2.022970875259489e-06, 0.0003057191788684577, 0.9973536729812622]"
A08,session2,intra_session,train,pca_32,nn_erm,0,0,"[0.981290876865387, 0.004641194827854633, 0.006023590452969074, 0.008044359274208546]"
A08,session2,intra_session,train,pca_32,nn_erm,2,2,"[0.0021456372924149036, 0.0014936523512005806, 0.9849734306335449, 0.011387365870177746]"
A08,session2,intra_session,train,pca_32,nn_erm,2,2,"[0.008321928791701794, 0.000533930491656065, 0.9911265969276428, 1.7615966498851776e-05]"
A08,session2,intra_session,train,pca_32,nn_erm,2,2,"[0.014152411371469498, 4.801010618393775e-06, 0.9858032464981079, 3.951202234020457e-05]"
A08,session2,intra_session,train,pca_32,nn_erm,0,0,"[0.9897258877754211, 0.008126172237098217, 0.0006253875326365232, 0.0015224573435261846]"
A08,session2,intra_session,train,pca_32,nn_erm,1,1,"[0.0015622162027284503, 0.9830179214477539, 0.013930442743003368, 0.0014893754851073027]"
A08,session2,intra_session,train,pca_32,nn_erm,0,0,"[0.9992805123329163, 0.00025997936609201133, 0.0004395967989694327, 2.0007042621728033e-05]"
A08,session2,intra_session,train,pca_32,nn_erm,1,1,"[0.012386319227516651, 0.964806318283081, 0.02162153460085392, 0.0011857799254357815]"
A08,session2,intra_session,train,pca_32,nn_erm,1,1,"[0.001226581633090973, 0.9500017166137695, 0.045151304453611374, 0.003620513016358018]"
A08,session2,intra_session,train,pca_32,nn_erm,0,0,"[0.9981155395507812, 0.0012517889263108373, 0.0006103312480263412, 2.236371801700443e-05]"
A08,session2,intra_session,train,pca_32,nn_erm,1,1,"[0.01885848119854927, 0.9740361571311951, 0.0020754667930305004, 0.00502988463267684]"
A08,session2,intra_session,train,pca_32,nn_erm,2,2,"[0.016167499125003815, 0.005929273087531328, 0.9779029488563538, 3.233869563246117e-07]"
A08,session2,intra_session,train,pca_32,nn_erm,1,1,"[0.00016153152682818472, 0.9704633951187134, 0.026992803439497948, 0.0023822677321732044]"
A08,session2,intra_session,train,pca_32,nn_erm,2,2,"[0.00015363338752649724, 0.0009802841814234853, 0.9734755158424377, 0.025390520691871643]"
A08,session2,intra_session,train,pca_32,nn_erm,2,2,"[8.638743020128459e-05, 0.0005264930659905076, 0.9886137247085571, 0.01077339332550764]"
A08,session2,intra_session,train,pca_32,nn_erm,3,3,"[1.0880029321924667e-08, 0.0006760318065062165, 2.0632980522350408e-05, 0.9993033409118652]"
A08,session2,intra_session,train,pca_32,nn_erm,2,2,"[4.720497963717207e-05, 0.0037979567423462868, 0.9382479786872864, 0.05790679156780243]"
A08,session2,intra_session,train,pca_32,nn_erm,2,2,"[0.005708951037377119, 0.0007407894008792937, 0.967094898223877, 0.026455385610461235]"
A08,session2,intra_session,train,pca_32,nn_erm,3,3,"[4.2201885662507266e-05, 0.0071302540600299835, 1.132406760007143e-05, 0.9928162097930908]"
A08,session2,intra_session,train,pca_32,nn_erm,3,3,"[4.780380186275579e-05, 0.0009191210847347975, 0.00014831987209618092, 0.9988847374916077]"
A08,session2,intra_session,train,pca_32,nn_erm,3,3,"[6.570349455614632e-07, 2.2255408111959696e-05, 9.17343368200818e-06, 0.9999679327011108]"
A08,session2,intra_session,train,pca_32,nn_erm,3,3,"[7.814101081748959e-06, 1.603315831744112e-05, 8.493701898260042e-06, 0.9999675750732422]"
A08,session2,intra_session,train,pca_32,nn_erm,3,3,"[6.377535464707762e-05, 0.0003008694329764694, 0.0007094254833646119, 0.9989258646965027]"
A08,session2,intra_session,train,pca_32,nn_erm,2,2,"[0.006123319733887911, 0.0028178889770060778, 0.9910195469856262, 3.912497413693927e-05]"
A08,session2,intra_session,train,pca_32,nn_erm,1,1,"[6.779020623071119e-05, 0.9942957758903503, 0.005270220339298248, 0.00036631154944188893]"
A08,session2,intra_session,train,pca_32,nn_erm,0,0,"[0.9843804836273193, 0.014466999098658562, 0.0009022076264955103, 0.0002503939322195947]"
A08,session2,intra_session,train,pca_32,nn_erm,0,0,"[0.9855837821960449, 0.002811168320477009, 0.01050493959337473, 0.0011001215316355228]"
A08,session2,intra_session,train,pca_32,nn_erm,1,1,"[0.008949840441346169, 0.972203254699707, 0.010109901428222656, 0.008737046271562576]"
A08,session2,intra_session,train,pca_32,nn_erm,2,2,"[0.005275969859212637, 0.01244868990033865, 0.9789491891860962, 0.003326075617223978]"
A08,session2,intra_session,train,pca_32,nn_erm,3,3,"[0.007722337264567614, 0.007405522279441357, 0.002951208967715502, 0.9819208979606628]"
A08,session2,intra_session,train,pca_32,nn_erm,1,1,"[0.0048776608891785145, 0.9900912046432495, 0.004682132042944431, 0.00034895772114396095]"
A08,session2,intra_session,train,pca_32,nn_erm,2,2,"[0.006832560524344444, 3.446139089646749e-05, 0.9930680990219116, 6.490321538876742e-05]"
A08,session2,intra_session,train,pca_32,nn_erm,0,0,"[0.9839211702346802, 0.00020943225536029786, 0.011809373274445534, 0.00406001228839159]"
A08,session2,intra_session,train,pca_32,nn_erm,0,0,"[0.990856945514679, 2.5017448933795094e-05, 0.008027950301766396, 0.001090040779672563]"
A08,session2,intra_session,train,pca_32,nn_erm,0,0,"[0.9475623965263367, 0.0033043615985661745, 0.030650131404399872, 0.01848309114575386]"
A08,session2,intra_session,train,pca_32,nn_erm,3,3,"[0.0082036592066288, 0.01811470091342926, 0.005418495740741491, 0.9682631492614746]"
A08,session2,intra_session,train,pca_32,nn_erm,1,1,"[0.0021394125651568174, 0.9970968961715698, 0.00014892645413056016, 0.0006147825624793768]"
A08,session2,intra_session,train,pca_32,nn_erm,1,1,"[0.0048042526468634605, 0.9769944548606873, 0.004155846778303385, 0.014045399613678455]"
A08,session2,intra_session,train,pca_32,nn_erm,0,0,"[0.99997878074646, 1.601124921535302e-08, 2.014196252275724e-05, 1.0699849326556432e-06]"
A08,session2,intra_session,train,pca_32,nn_erm,0,0,"[0.9918451905250549, 0.0006798792746849358, 0.0044735027477145195, 0.0030013949144631624]"
A08,session2,intra_session,train,pca_32,nn_erm,2,2,"[0.008848488330841064, 7.539465877925977e-05, 0.9882712960243225, 0.0028048388194292784]"
A08,session2,intra_session,train,pca_32,nn_erm,0,0,"[0.9718886613845825, 1.8636872482602485e-05, 0.02460746094584465, 0.0034852614626288414]"
A08,session2,intra_session,train,pca_32,nn_erm,1,1,"[0.010541321709752083, 0.9784877896308899, 0.0006809770129621029, 0.010289975441992283]"
A08,session2,intra_session,train,pca_32,nn_erm,3,3,"[0.000494255917146802, 0.014999057166278362, 0.002813386730849743, 0.9816932678222656]"
A08,session2,intra_session,train,pca_32,nn_erm,3,3,"[8.303020770927816e-11, 4.287945102987578e-06, 0.00019204769341740757, 0.9998037219047546]"
A08,session2,intra_session,train,pca_32,nn_erm,2,2,"[0.00035171222407370806, 0.0067812795750796795, 0.9924142956733704, 0.0004527603159658611]"
A08,session2,intra_session,train,pca_32,nn_erm,0,0,"[0.9748690724372864, 0.016928836703300476, 0.0060401130467653275, 0.0021620155312120914]"
A08,session2,intra_session,train,pca_32,nn_erm,3,3,"[1.2631434401555452e-05, 1.5422887372551486e-05, 0.0011141144204884768, 0.9988577365875244]"
A08,session2,intra_session,train,pca_32,nn_erm,3,3,"[0.0033380158711224794, 0.0023788863327354193, 0.0016350382938981056, 0.9926481246948242]"
A08,session2,intra_session,train,pca_32,nn_erm,1,1,"[0.0006936869467608631, 0.9987468719482422, 0.00013283688167575747, 0.0004265733005013317]"
A08,session2,intra_session,train,pca_32,nn_erm,3,3,"[2.9311516414054495e-07, 1.363236776796839e-07, 6.7731256159220266e-09, 0.9999995231628418]"
A08,session2,intra_session,train,pca_32,nn_erm,3,3,"[0.015348190441727638, 0.0004901063512079418, 0.004167680162936449, 0.9799940586090088]"
A08,session2,intra_session,train,pca_32,nn_erm,1,1,"[0.0005481161060743034, 0.9745871424674988, 0.022239217534661293, 0.002625526860356331]"
A08,session2,intra_session,train,pca_32,nn_erm,0,0,"[0.9952400922775269, 0.004026814829558134, 0.00036136689595878124, 0.00037174418685026467]"
A08,session2,intra_session,train,pca_32,nn_erm,1,1,"[0.0038231632206588984, 0.9945849776268005, 0.0012731972383335233, 0.0003186959947925061]"
A08,session2,intra_session,train,pca_32,nn_erm,2,2,"[0.008315151557326317, 0.00650740135461092, 0.9738076329231262, 0.011369751766324043]"
A08,session2,intra_session,train,pca_32,nn_erm,2,2,"[4.105426796741085e-06, 3.223296062060399e-06, 0.9885563254356384, 0.011436299420893192]"
A08,session2,intra_session,train,pca_32,nn_erm,2,2,"[4.3701918912120163e-05, 7.132600876502693e-05, 0.9961600303649902, 0.0037249738816171885]"
A08,session2,intra_session,train,pca_32,nn_erm,3,3,"[0.00010436788579681888, 0.001650111167691648, 9.042362944455817e-05, 0.9981550574302673]"
A08,session2,intra_session,train,pca_32,nn_erm,2,2,"[0.009467238560318947, 0.003267840715125203, 0.9847525954246521, 0.0025123439263552427]"
A08,session2,intra_session,train,pca_32,nn_erm,0,0,"[0.9905146360397339, 0.006007133051753044, 0.0029440063517540693, 0.0005341756623238325]"
A08,session2,intra_session,train,pca_32,nn_erm,3,3,"[0.013565688394010067, 0.008122066967189312, 0.013173122890293598, 0.9651390910148621]"
A08,session2,intra_session,train,pca_32,nn_erm,1,1,"[0.006345849018543959, 0.9906349778175354, 2.9371940399869345e-05, 0.002989739878103137]"
A08,session2,intra_session,train,pca_32,nn_erm,2,2,"[0.0016455163713544607, 0.000645698222797364, 0.9806174039840698, 0.017091434448957443]"
A08,session2,intra_session,train,pca_32,nn_erm,1,1,"[0.002355387434363365, 0.9942110776901245, 0.001440197229385376, 0.0019933204166591167]"
A08,session2,intra_session,train,pca_32,nn_erm,2,2,"[0.008723466657102108, 0.0001224677253048867, 0.991115927696228, 3.805744563578628e-05]"
A08,session2,intra_session,train,pca_32,nn_erm,3,3,"[0.004220194648951292, 0.0001105722549255006, 0.0006312886252999306, 0.9950379729270935]"
A08,session2,intra_session,train,pca_32,nn_erm,1,1,"[0.016935745254158974, 0.982100784778595, 0.0006275384803302586, 0.0003358602989464998]"
A08,session2,intra_session,train,pca_32,nn_erm,2,2,"[0.00029556237859651446, 0.001112573896534741, 0.9955089092254639, 0.0030828751623630524]"
A08,session2,intra_session,train,pca_32,nn_erm,0,0,"[0.9723821878433228, 0.00033367876312695444, 0.012668485753238201, 0.014615718275308609]"
A08,session2,intra_session,train,pca_32,nn_erm,0,0,"[0.9957239627838135, 0.0029891293961554766, 0.0012742821127176285, 1.271613837161567e-05]"
A08,session2,intra_session,train,pca_32,nn_erm,0,0,"[0.9919833540916443, 0.00018980591266881675, 0.007821117527782917, 5.802507530461298e-06]"
A08,session2,intra_session,train,pca_32,nn_erm,3,3,"[3.35113363689743e-05, 0.019835177809000015, 8.891963079804555e-05, 0.9800423979759216]"
A08,session2,intra_session,train,pca_32,nn_erm,1,1,"[0.002233656821772456, 0.9702165722846985, 0.02203395403921604, 0.005515804514288902]"
A08,session2,intra_session,train,pca_32,nn_erm,0,0,"[0.9678163528442383, 0.0037032796535640955, 0.013571500778198242, 0.014908903278410435]"
A08,session2,intra_session,train,pca_32,nn_erm,2,2,"[0.007421357091516256, 0.010797815397381783, 0.9812115430831909, 0.0005693074781447649]"
A08,session2,intra_session,train,pca_32,nn_erm,0,0,"[0.9627926349639893, 0.0014103770954534411, 0.035758815705776215, 3.815309901256114e-05]"
A08,session2,intra_session,train,pca_32,nn_erm,2,2,"[0.0008595817489549518, 0.0019920081831514835, 0.9937134385108948, 0.003434979123994708]"
A08,session2,intra_session,train,pca_32,nn_erm,1,1,"[0.0022377632558345795, 0.9673639535903931, 0.015146438963711262, 0.015251846052706242]"
A08,session2,intra_session,train,pca_32,nn_erm,3,3,"[9.753858165595375e-08, 0.0013109846040606499, 3.231198661524104e-06, 0.9986856579780579]"
A08,session2,intra_session,train,pca_32,nn_erm,0,0,"[0.989728569984436, 0.01005824189633131, 2.4243654479505494e-05, 0.00018897271365858614]"
A08,session2,intra_session,train,pca_32,nn_erm,2,2,"[0.0015976941213011742, 0.024953236803412437, 0.9732640981674194, 0.00018498318968340755]"
A08,session2,intra_session,train,pca_32,nn_erm,2,2,"[0.0023061528336256742, 0.018593652173876762, 0.9789076447486877, 0.0001925871620187536]"
A08,session2,intra_session,train,pca_32,nn_erm,0,0,"[0.9841572642326355, 0.0065111564472317696, 0.008546384982764721, 0.000785257201641798]"
A08,session2,intra_session,train,pca_32,nn_erm,2,2,"[6.17696568951942e-05, 0.009784412570297718, 0.9897714257240295, 0.0003823064034804702]"
A08,session2,intra_session,train,pca_32,nn_erm,1,1,"[2.6733057438832475e-06, 0.9846124053001404, 0.004919271916151047, 0.010465672239661217]"
A08,session2,intra_session,train,pca_32,nn_erm,3,3,"[0.0002237516746390611, 0.015182609669864178, 0.0009350678883492947, 0.9836586117744446]"
A08,session2,intra_session,train,pca_32,nn_erm,3,3,"[9.421214781468734e-05, 0.004513103514909744, 0.0056442394852638245, 0.9897484183311462]"
A08,session2,intra_session,train,pca_32,nn_erm,3,3,"[0.0002589564537629485, 0.000867100665345788, 7.732529411441647e-06, 0.9988662004470825]"
A08,session2,intra_session,train,pca_32,nn_erm,2,2,"[0.014667926356196404, 0.011314542032778263, 0.97393798828125, 7.947495032567531e-05]"
A08,session2,intra_session,train,pca_32,nn_erm,0,0,"[0.967951238155365, 0.027493907138705254, 0.0010672929929569364, 0.0034874717239290476]"
A08,session2,intra_session,train,pca_32,nn_erm,3,3,"[0.0007444257498718798, 0.025204934179782867, 0.0058921873569488525, 0.968158483505249]"
A08,session2,intra_session,train,pca_32,nn_erm,1,1,"[0.0014211992966011167, 0.9903510212898254, 0.0052862707525491714, 0.002941406797617674]"
A08,session2,intra_session,train,pca_32,nn_erm,3,3,"[0.002079964382573962, 0.004914488643407822, 0.008658062666654587, 0.9843475818634033]"
A08,session2,intra_session,train,pca_32,nn_erm,1,1,"[0.001194512820802629, 0.9835554957389832, 0.009230004623532295, 0.0060200160369277]"
A08,session2,intra_session,train,pca_32,nn_erm,0,0,"[0.9978224039077759, 8.442381840723101e-06, 0.002169069368392229, 1.2728457932098536e-07]"
A08,session2,intra_session,train,pca_32,nn_erm,2,2,"[0.03298857808113098, 0.008840171620249748, 0.9523114562034607, 0.005859807133674622]"
A08,session2,intra_session,train,pca_32,nn_erm,1,1,"[0.0015194545267149806, 0.9884635806083679, 0.006489863153547049, 0.0035271684173494577]"
A08,session2,intra_session,train,pca_32,nn_erm,0,0,"[0.9814832806587219, 0.005442055873572826, 0.01084429956972599, 0.002230375772342086]"
A08,session2,intra_session,train,pca_32,nn_erm,2,2,"[0.00028230028692632914, 0.0021737783681601286, 0.9969467520713806, 0.0005972189246676862]"
A08,session2,intra_session,train,pca_32,nn_erm,2,2,"[0.00016130124276969582, 0.001861396012827754, 0.9974949359893799, 0.0004824899369850755]"
A08,session2,intra_session,train,pca_32,nn_erm,0,0,"[0.9585719704627991, 0.02840939722955227, 0.010251627303659916, 0.0027669270057231188]"
A08,session2,intra_session,train,pca_32,nn_erm,2,2,"[0.00013627014413941652, 0.012521953321993351, 0.9859282970428467, 0.0014135941164568067]"
A08,session2,intra_session,train,pca_32,nn_erm,3,3,"[2.2527481178258313e-06, 0.00021239097986835986, 0.000215271589695476, 0.9995700716972351]"
A08,session2,intra_session,train,pca_32,nn_erm,3,3,"[0.007528860587626696, 0.00015729697770439088, 0.027124624699354172, 0.9651892185211182]"
A08,session2,intra_session,train,pca_32,nn_erm,1,1,"[0.03991443291306496, 0.9443174600601196, 0.008487981744110584, 0.007280082441866398]"
A08,session2,intra_session,train,pca_32,nn_erm,0,0,"[0.9811542630195618, 0.01099561806768179, 0.007748696021735668, 0.000101403275039047]"
A08,session2,intra_session,train,pca_32,nn_erm,1,1,"[0.00016581731324549764, 0.9797377586364746, 0.019707009196281433, 0.0003893655666615814]"
A08,session2,intra_session,train,pca_32,nn_erm,3,3,"[1.7731428670231253e-05, 0.003629835322499275, 8.24674207251519e-05, 0.996269941329956]"
A08,session2,intra_session,train,pca_32,nn_erm,1,1,"[0.00026470021111890674, 0.989065408706665, 0.009272227063775063, 0.0013976804912090302]"
A08,session2,intra_session,train,pca_32,nn_erm,3,3,"[8.064255041517754e-09, 1.00652380297106e-06, 0.00030633126152679324, 0.9996926784515381]"
A08,session2,intra_session,train,pca_32,nn_erm,2,2,"[0.017445962876081467, 1.5641320487702615e-06, 0.9815937876701355, 0.0009587028762325644]"
A08,session2,intra_session,train,pca_32,nn_erm,1,1,"[0.001094028470106423, 0.9726989269256592, 0.0188816599547863, 0.007325474172830582]"
A08,session2,intra_session,train,pca_32,nn_erm,1,1,"[0.0011787895346060395, 0.9857928156852722, 0.007195677142590284, 0.00583266606554389]"
A08,session2,intra_session,train,pca_32,nn_erm,1,1,"[0.000786048942245543, 0.9722951650619507, 0.0068037542514503, 0.020114995539188385]"
A08,session2,intra_session,train,pca_32,nn_erm,2,2,"[0.008390620350837708, 0.0008469567983411252, 0.9907398223876953, 2.2480184270534664e-05]"
A08,session2,intra_session,train,pca_32,nn_erm,3,3,"[5.9378868172643706e-05, 0.0008795401663519442, 0.008999214507639408, 0.99006187915802]"
A08,session2,intra_session,train,pca_32,nn_erm,0,0,"[0.9995986819267273, 1.053313917509513e-05, 0.0001606462028576061, 0.0002301418426213786]"
A08,session2,intra_session,train,pca_32,nn_erm,1,1,"[0.00502812722697854, 0.9945558309555054, 0.00033811843604780734, 7.788413495291024e-05]"
A08,session2,intra_session,train,pca_32,nn_erm,3,3,"[1.3402259355643764e-06, 0.003776260418817401, 8.488829735142644e-06, 0.9962138533592224]"
A08,session2,intra_session,train,pca_32,nn_erm,0,0,"[0.9823529124259949, 6.849437340861186e-05, 0.01632685400545597, 0.0012517331633716822]"
A08,session2,intra_session,train,pca_32,nn_erm,2,2,"[0.0015595128061249852, 0.004339247010648251, 0.9896851778030396, 0.004416169598698616]"
A08,session2,intra_session,train,pca_32,nn_erm,2,2,"[0.01066738460212946, 0.015454640612006187, 0.9391211867332458, 0.034756772220134735]"
A08,session2,intra_session,train,pca_32,nn_erm,3,3,"[0.0016785943880677223, 0.0005997062544338405, 0.01339452899992466, 0.9843271374702454]"
A08,session2,intra_session,train,pca_32,nn_erm,0,0,"[0.9753708839416504, 0.007281961385160685, 0.01517496444284916, 0.0021722118835896254]"
A08,session2,intra_session,train,pca_32,nn_erm,0,0,"[0.9938843846321106, 0.002418831456452608, 0.0032344632782042027, 0.0004623007553163916]"
A08,session2,intra_session,train,pca_32,nn_erm,2,2,"[0.0006672648596577346, 0.0068577853962779045, 0.9923784732818604, 9.656226029619575e-05]"
A08,session2,intra_session,train,pca_32,nn_erm,1,1,"[0.0015076430281624198, 0.9939519762992859, 0.0005197892314754426, 0.004020492546260357]"
A08,session2,intra_session,train,pca_32,nn_erm,3,3,"[0.0038822961505502462, 0.00015648294356651604, 0.00017027503054123372, 0.995790958404541]"
A08,session2,intra_session,train,pca_32,nn_erm,3,3,"[0.004145197570323944, 0.0008890402386896312, 0.017823604866862297, 0.9771421551704407]"
A08,session2,intra_session,train,pca_32,nn_erm,3,3,"[2.2678563254885375e-05, 0.004175604321062565, 4.8574736865703017e-05, 0.9957531690597534]"
A08,session2,intra_session,train,pca_32,nn_erm,1,1,"[0.022095724940299988, 0.9775909185409546, 5.106501339469105e-05, 0.00026227787020616233]"
A08,session2,intra_session,train,pca_32,nn_erm,0,0,"[0.9877485632896423, 0.008637730032205582, 0.002749883569777012, 0.0008638195577077568]"
A08,session2,intra_session,train,pca_32,nn_erm,2,2,"[0.004954013507813215, 0.0013603116385638714, 0.9913396239280701, 0.0023460867814719677]"
A08,session2,intra_session,train,pca_32,nn_erm,1,1,"[4.8218248593911994e-06, 0.996070146560669, 0.00158186093904078, 0.0023430718574672937]"
A08,session2,intra_session,train,pca_32,nn_erm,3,3,"[1.897245238069445e-05, 0.004989985842257738, 3.758983075385913e-05, 0.994953453540802]"
A08,session2,intra_session,train,pca_32,nn_erm,0,0,"[0.9830294251441956, 0.014818103983998299, 0.0016809640219435096, 0.00047150455066002905]"
A08,session2,intra_session,train,pca_32,nn_erm,3,3,"[0.00028579364879988134, 0.01113246288150549, 0.006085310131311417, 0.9824963808059692]"
A08,session2,intra_session,train,pca_32,nn_erm,2,2,"[0.016900382936000824, 0.0004886567476205528, 0.982366144657135, 0.00024483323795720935]"
A08,session2,intra_session,train,pca_32,nn_erm,1,1,"[0.022030334919691086, 0.9620317220687866, 0.009385107085108757, 0.006552751176059246]"
A08,session2,intra_session,train,pca_32,nn_erm,3,3,"[0.0010097185149788857, 0.004926558118313551, 0.015493486076593399, 0.9785701632499695]"
A08,session2,intra_session,train,pca_32,nn_erm,3,3,"[0.00010781121090985835, 0.005239557940512896, 0.004659536760300398, 0.9899930357933044]"
A08,session2,intra_session,train,pca_32,nn_erm,0,0,"[0.9863578081130981, 0.013047952204942703, 0.00023517916270066053, 0.00035905351978726685]"
A08,session2,intra_session,train,pca_32,nn_erm,1,1,"[0.022331010550260544, 0.9765340089797974, 1.3959755960968323e-05, 0.0011211044620722532]"
A08,session2,intra_session,train,pca_32,nn_erm,1,1,"[0.001549868262372911, 0.9983301758766174, 2.4246364773716778e-06, 0.00011758671462303028]"
A08,session2,intra_session,train,pca_32,nn_erm,2,2,"[0.01254316046833992, 0.005559942685067654, 0.9818475246429443, 4.9383383156964555e-05]"
A08,session2,intra_session,train,pca_32,nn_erm,3,3,"[0.0004300094733480364, 0.00033582450123503804, 0.005554201081395149, 0.9936800003051758]"
A08,session2,intra_session,train,pca_32,nn_erm,1,1,"[0.00817031878978014, 0.988577127456665, 0.000663704879116267, 0.002588823437690735]"
A08,session2,intra_session,train,pca_32,nn_erm,0,0,"[0.9881296157836914, 2.4843930077622645e-05, 0.011788740754127502, 5.6805551139405e-05]"
A08,session2,intra_session,train,pca_32,nn_erm,0,0,"[0.9759348630905151, 0.01743124984204769, 0.0002888451563194394, 0.006344989873468876]"
A08,session2,intra_session,train,pca_32,nn_erm,3,3,"[1.0521925020157141e-07, 0.000229687531827949, 3.747042001123191e-06, 0.9997665286064148]"
A08,session2,intra_session,train,pca_32,nn_erm,1,1,"[0.02075706422328949, 0.9783161282539368, 0.00011573070514714345, 0.0008109778282232583]"
A08,session2,intra_session,train,pca_32,nn_erm,0,0,"[0.9911471009254456, 0.00013325516192708164, 0.0015934279654175043, 0.00712625402957201]"
A08,session2,intra_session,train,pca_32,nn_erm,2,2,"[0.02514994516968727, 0.0023453235626220703, 0.9626349806785583, 0.009869759902358055]"
A08,session2,intra_session,train,pca_32,nn_erm,1,1,"[0.0011639929143711925, 0.9986714124679565, 5.838406877956004e-07, 0.00016408701776526868]"
A08,session2,intra_session,train,pca_32,nn_erm,1,1,"[0.0178418830037117, 0.9585591554641724, 0.002526624361053109, 0.02107240818440914]"
A08,session2,intra_session,train,pca_32,nn_erm,2,2,"[0.017282921820878983, 4.195866495138034e-05, 0.9825411438941956, 0.00013394159032031894]"
A08,session2,intra_session,train,pca_32,nn_erm,0,0,"[0.9613996744155884, 0.0033089870121330023, 0.02866765670478344, 0.00662377942353487]"
A08,session2,intra_session,train,pca_32,nn_erm,3,3,"[8.364875247934833e-05, 0.004727879073470831, 0.0006272083264775574, 0.9945612549781799]"
A08,session2,intra_session,train,pca_32,nn_erm,2,2,"[0.007673285435885191, 0.025669144466519356, 0.9653109312057495, 0.0013467021053656936]"
A08,session2,intra_session,train,pca_32,nn_erm,2,2,"[0.005924557335674763, 0.0010044830851256847, 0.991292417049408, 0.001778538920916617]"
A08,session2,intra_session,train,pca_32,nn_erm,2,2,"[0.03058619424700737, 0.018090402707457542, 0.935055673122406, 0.01626770757138729]"
A08,session2,intra_session,train,pca_32,nn_erm,2,2,"[0.003422368550673127, 0.00022559140052180737, 0.9946638345718384, 0.0016882228665053844]"
A08,session2,intra_session,train,pca_32,nn_erm,0,0,"[0.9974741339683533, 0.0022086084354668856, 0.00029271768289618194, 2.4445993403787725e-05]"
A08,session2,intra_session,train,pca_32,nn_erm,1,1,"[0.0048810457810759544, 0.9888144135475159, 0.0014538455288857222, 0.004850704222917557]"
A08,session2,intra_session,train,pca_32,nn_erm,0,0,"[0.9738551378250122, 0.0029834583401679993, 0.023113204166293144, 4.819387322640978e-05]"
A08,session2,intra_session,train,pca_32,nn_erm,1,1,"[0.004652942065149546, 0.9810898900032043, 0.011239833198487759, 0.003017374547198415]"
A08,session2,intra_session,train,pca_32,nn_erm,0,0,"[0.988832950592041, 0.011091959662735462, 7.13397457730025e-05, 3.804497509918292e-06]"
A08,session2,intra_session,train,pca_32,nn_erm,0,0,"[0.9990062117576599, 0.0003816893440671265, 0.0006108071538619697, 1.2603869663507794e-06]"
A08,session2,intra_session,train,pca_32,nn_erm,2,2,"[0.004691872745752335, 0.001026128651574254, 0.9942779541015625, 4.004735274065752e-06]"
A08,session2,intra_session,train,pca_32,nn_erm,2,2,"[0.0003070841485168785, 0.00016457359015475959, 0.9993038177490234, 0.00022446112416218966]"
A08,session2,intra_session,train,pca_32,nn_erm,1,1,"[0.0012417887337505817, 0.997763991355896, 0.0007646109443157911, 0.00022950877610128373]"
A08,session2,intra_session,train,pca_32,nn_erm,2,2,"[0.002092288341373205, 0.019843706861138344, 0.9757667183876038, 0.002297315513715148]"
A08,session2,intra_session,train,pca_32,nn_erm,3,3,"[2.5372032723680604e-06, 0.0005767245893366635, 4.441939017851837e-05, 0.9993763566017151]"
A08,session2,intra_session,train,pca_32,nn_erm,0,0,"[0.9755527377128601, 0.022905942052602768, 0.0004786599602084607, 0.0010626661824062467]"
A08,session2,intra_session,test,pca_32,nn_erm,3,1,"[0.021754387766122818, 0.5044462084770203, 0.4586388170719147, 0.015160495415329933]"
A08,session2,intra_session,test,pca_32,nn_erm,0,1,"[0.33303025364875793, 0.6379008293151855, 0.012792418710887432, 0.016276516020298004]"
A08,session2,intra_session,test,pca_32,nn_erm,0,1,"[0.13933363556861877, 0.7264559864997864, 0.12931711971759796, 0.004893244709819555]"
A08,session2,intra_session,test,pca_32,nn_erm,1,0,"[0.9725216627120972, 0.013243104331195354, 0.012819270603358746, 0.0014159615384414792]"
A08,session2,intra_session,test,pca_32,nn_erm,3,1,"[0.0008993374067358673, 0.5352641344070435, 0.05258657783269882, 0.41124996542930603]"
A08,session2,intra_session,test,pca_32,nn_erm,2,0,"[0.503463625907898, 0.17432355880737305, 0.29530900716781616, 0.026903847232460976]"
A08,session2,intra_session,test,pca_32,nn_erm,1,1,"[0.10818969458341599, 0.7709245681762695, 0.015558263286948204, 0.10532751679420471]"
A08,session2,intra_session,test,pca_32,nn_erm,3,3,"[2.2427848307415843e-05, 4.725903272628784e-05, 0.00024236980243586004, 0.999687910079956]"
A08,session2,intra_session,test,pca_32,nn_erm,2,1,"[0.0014470018213614821, 0.9338809251785278, 0.0638502836227417, 0.000821778317913413]"
A08,session2,intra_session,test,pca_32,nn_erm,3,3,"[0.09289956092834473, 0.006945336237549782, 0.26330530643463135, 0.6368498802185059]"
A08,session2,intra_session,test,pca_32,nn_erm,2,0,"[0.9740516543388367, 0.00022252458438742906, 0.024515122175216675, 0.001210651476867497]"
A08,session2,intra_session,test,pca_32,nn_erm,3,1,"[0.25413212180137634, 0.572479248046875, 0.1287512630224228, 0.04463735222816467]"
A08,session2,intra_session,test,pca_32,nn_erm,1,0,"[0.7838917970657349, 0.16524849832057953, 0.04569249600172043, 0.005167164374142885]"
A08,session2,intra_session,test,pca_32,nn_erm,1,0,"[0.6857098340988159, 0.26429373025894165, 0.02731073834002018, 0.02268565259873867]"
A08,session2,intra_session,test,pca_32,nn_erm,3,3,"[0.025546368211507797, 0.1398954689502716, 0.0013861445477232337, 0.833172082901001]"
A08,session2,intra_session,test,pca_32,nn_erm,0,0,"[0.9098551869392395, 0.040267981588840485, 0.046233344823122025, 0.0036435616202652454]"
A08,session2,intra_session,test,pca_32,nn_erm,1,1,"[0.0032218515407294035, 0.9734547138214111, 0.0002841691020876169, 0.02303917706012726]"
A08,session2,intra_session,test,pca_32,nn_erm,1,3,"[0.006672038231045008, 0.04656794294714928, 0.3153631091117859, 0.6313968896865845]"
A08,session2,intra_session,test,pca_32,nn_erm,1,3,"[0.0015780112007632852, 0.005939686205238104, 0.039443597197532654, 0.9530386328697205]"
A08,session2,intra_session,test,pca_32,nn_erm,2,3,"[0.04051569476723671, 0.03369893506169319, 0.026571841910481453, 0.8992134928703308]"
A08,session2,intra_session,test,pca_32,nn_erm,3,3,"[0.3073612153530121, 0.0003278984222561121, 0.250343918800354, 0.4419669210910797]"
A08,session2,intra_session,test,pca_32,nn_erm,0,0,"[0.995284378528595, 4.213840657030232e-05, 0.004658926278352737, 1.4579665730707347e-05]"
A08,session2,intra_session,test,pca_32,nn_erm,3,3,"[0.15703248977661133, 0.0409538559615612, 0.019233345985412598, 0.7827802896499634]"
A08,session2,intra_session,test,pca_32,nn_erm,0,0,"[0.5776317715644836, 0.04642973095178604, 0.36725515127182007, 0.008683266118168831]"
A08,session2,intra_session,test,pca_32,nn_erm,2,2,"[0.015978291630744934, 0.21918976306915283, 0.4315038025379181, 0.3333282470703125]"
A08,session2,intra_session,test,pca_32,nn_erm,0,1,"[0.009656737558543682, 0.9591078758239746, 0.023973431438207626, 0.007261939812451601]"
A08,session2,intra_session,test,pca_32,nn_erm,3,0,"[0.634778618812561, 0.1700102686882019, 0.12919844686985016, 0.06601263582706451]"
A08,session2,intra_session,test,pca_32,nn_erm,0,1,"[0.25661343336105347, 0.7149240374565125, 0.027667077258229256, 0.0007954401662573218]"
A08,session2,intra_session,test,pca_32,nn_erm,2,0,"[0.8164855241775513, 0.04737117141485214, 0.13526371121406555, 0.0008796292822808027]"
A08,session2,intra_session,test,pca_32,nn_erm,0,2,"[0.2616841793060303, 0.007315522525459528, 0.6570218205451965, 0.07397846132516861]"
A08,session2,intra_session,test,pca_32,nn_erm,1,0,"[0.8841606974601746, 0.11480136215686798, 0.00035159854451194406, 0.0006863810704089701]"
A08,session2,intra_session,test,pca_32,nn_erm,2,0,"[0.6731063723564148, 0.04073148965835571, 0.28459930419921875, 0.0015629241243004799]"
A08,session2,intra_session,test,pca_32,nn_erm,2,3,"[4.976664058631286e-05, 0.01290748082101345, 0.002616515848785639, 0.9844262599945068]"
A08,session2,intra_session,test,pca_32,nn_erm,3,2,"[0.026714783161878586, 0.015035811811685562, 0.8460561037063599, 0.11219332367181778]"
A08,session2,intra_session,test,pca_32,nn_erm,0,0,"[0.8911044001579285, 0.012370320037007332, 0.014758389443159103, 0.08176691085100174]"
A08,session2,intra_session,test,pca_32,nn_erm,1,1,"[0.008300877176225185, 0.9755090475082397, 0.0009346697479486465, 0.01525544561445713]"
A08,session2,intra_session,test,pca_32,nn_erm,3,2,"[0.1663803905248642, 0.2123616635799408, 0.4098546504974365, 0.21140339970588684]"
A08,session2,intra_session,test,pca_32,nn_erm,1,1,"[0.34672459959983826, 0.3881043493747711, 0.25475257635116577, 0.010418402031064034]"
A08,session2,intra_session,test,pca_32,nn_erm,2,0,"[0.9886035919189453, 0.00789066031575203, 0.0030834286008030176, 0.00042227402445860207]"
A08,session2,intra_session,test,pca_32,nn_erm,2,0,"[0.9886302947998047, 0.007336440496146679, 0.004017906729131937, 1.539052027510479e-05]"
A08,session2,intra_session,test,pca_32,nn_erm,0,0,"[0.8941455483436584, 2.5846553398878314e-05, 0.10581182688474655, 1.6779566067270935e-05]"
A08,session2,intra_session,test,pca_32,nn_erm,3,0,"[0.8687401413917542, 0.000890621158760041, 0.1075856015086174, 0.02278364822268486]"
A08,session2,intra_session,test,pca_32,nn_erm,1,0,"[0.9766709208488464, 0.00024510337971150875, 0.01862036995589733, 0.004463568329811096]"
A08,session2,intra_session,test,pca_32,nn_erm,3,3,"[0.02470003440976143, 0.026853343471884727, 0.01501602865755558, 0.933430552482605]"
A08,session2,intra_session,test,pca_32,nn_erm,0,0,"[0.9990025162696838, 2.2152307792566717e-05, 0.0008722187485545874, 0.0001030959901981987]"
A08,session2,intra_session,test,pca_32,nn_erm,0,2,"[0.14378120005130768, 0.0420231819152832, 0.7874359488487244, 0.026759641245007515]"
A08,session2,intra_session,test,pca_32,nn_erm,2,3,"[0.0020770011469721794, 0.009369994513690472, 0.003031626809388399, 0.9855213761329651]"
A08,session2,intra_session,test,pca_32,nn_erm,2,3,"[0.04429106041789055, 0.010313467122614384, 0.008871317841112614, 0.9365240335464478]"
A08,session2,intra_session,test,pca_32,nn_erm,1,0,"[0.5126140713691711, 0.328508585691452, 0.06945156306028366, 0.08942585438489914]"
A08,session2,intra_session,test,pca_32,nn_erm,3,0,"[0.8342933058738708, 0.0027676441241055727, 0.06204580143094063, 0.10089323669672012]"
A08,session2,intra_session,test,pca_32,nn_erm,1,1,"[0.12202372401952744, 0.8494884967803955, 0.00970432162284851, 0.018783491104841232]"
A08,session2,intra_session,test,pca_32,nn_erm,1,1,"[0.03791949152946472, 0.7115915417671204, 0.052990514785051346, 0.19749853014945984]"
A08,session2,intra_session,test,pca_32,nn_erm,0,0,"[0.8196355104446411, 0.08976968377828598, 0.056746724992990494, 0.03384801745414734]"
A08,session2,intra_session,test,pca_32,nn_erm,1,0,"[0.975862443447113, 0.0011578273260965943, 0.018994363024830818, 0.003985446412116289]"
A08,session2,intra_session,test,pca_32,nn_erm,3,3,"[0.005020900163799524, 0.001819381956011057, 0.0034603348467499018, 0.9896994233131409]"
A08,session2,intra_session,test,pca_32,nn_erm,3,3,"[0.017125839367508888, 8.845123375067487e-05, 0.1843336522579193, 0.7984520792961121]"
A08,session2,intra_session,test,pca_32,nn_erm,1,0,"[0.7903987169265747, 0.00011680454190354794, 0.1312345713376999, 0.07824993878602982]"
A08,session2,intra_session,test,pca_32,nn_erm,1,0,"[0.5291221141815186, 0.24540656805038452, 0.19984492659568787, 0.025626355782151222]"
A08,session2,intra_session,test,pca_32,nn_erm,1,2,"[0.118494413793087, 0.26571786403656006, 0.4853840470314026, 0.13040368258953094]"
A08,session2,intra_session,test,pca_32,nn_erm,1,0,"[0.6146594882011414, 0.08890262246131897, 0.1922074854373932, 0.10423042625188828]"
A08,session2,intra_session,test,pca_32,nn_erm,3,0,"[0.5347623825073242, 1.2322061593295075e-07, 0.4633215665817261, 0.001915881410241127]"
A08,session2,intra_session,test,pca_32,nn_erm,3,2,"[0.007749537006020546, 0.0011097855167463422, 0.9526958465576172, 0.03844481706619263]"
A08,session2,intra_session,test,pca_32,nn_erm,2,3,"[0.01714928261935711, 0.00502941245213151, 0.07218465954065323, 0.9056366682052612]"
A08,session2,intra_session,test,pca_32,nn_erm,3,3,"[0.4014332592487335, 0.0026018985081464052, 0.011072197929024696, 0.5848925709724426]"
A08,session2,intra_session,test,pca_32,nn_erm,0,0,"[0.9988340735435486, 3.152769204461947e-05, 0.00035378674510866404, 0.0007806941284798086]"
A08,session2,intra_session,test,pca_32,nn_erm,1,1,"[0.0858868956565857, 0.5648218989372253, 0.2964268922805786, 0.05286436155438423]"
A08,session2,intra_session,test,pca_32,nn_erm,2,0,"[0.9249632358551025, 0.0009382017888128757, 0.01830330677330494, 0.05579524114727974]"
A08,session2,intra_session,test,pca_32,nn_erm,1,0,"[0.9936680197715759, 0.005744277033954859, 0.0005835678311996162, 4.113625891477568e-06]"
A08,session2,intra_session,test,pca_32,nn_erm,0,0,"[0.7328112721443176, 0.0003642538795247674, 0.2616735100746155, 0.005150992423295975]"
A08,session2,intra_session,test,pca_32,nn_erm,3,2,"[0.4677848517894745, 2.0067052446393063e-06, 0.5313200354576111, 0.0008930256590247154]"
A08,session2,intra_session,test,pca_32,nn_erm,0,0,"[0.9131209850311279, 0.002535229315981269, 0.013162277638912201, 0.07118156552314758]"
A08,session2,intra_session,test,pca_32,nn_erm,3,2,"[0.31765636801719666, 0.0007125212578102946, 0.6740887761116028, 0.007542347069829702]"
A08,session2,intra_session,test,pca_32,nn_erm,0,0,"[0.9480206370353699, 0.0001685858442215249, 0.015121077187359333, 0.03668960556387901]"
A08,session2,intra_session,test,pca_32,nn_erm,0,0,"[0.9914023280143738, 0.000399167591240257, 0.00029600595007650554, 0.007902410812675953]"
A08,session2,intra_session,test,pca_32,nn_erm,0,0,"[0.9925514459609985, 0.002864551730453968, 0.0018744043773040175, 0.0027095358818769455]"
A08,session2,intra_session,test,pca_32,nn_erm,0,2,"[0.032835617661476135, 2.237308081021183e-06, 0.9670243859291077, 0.00013767392374575138]"
A08,session2,intra_session,test,pca_32,nn_erm,2,2,"[0.00037180035724304616, 0.00016992894234135747, 0.9994239807128906, 3.426093462621793e-05]"
A08,session2,intra_session,test,pca_32,nn_erm,2,2,"[0.38990530371665955, 0.0162393506616354, 0.543746292591095, 0.050109121948480606]"
A08,session2,intra_session,test,pca_32,nn_erm,3,2,"[0.34624722599983215, 0.01215408742427826, 0.5153948068618774, 0.12620382010936737]"
A08,session2,intra_session,test,pca_32,nn_erm,1,0,"[0.9674742221832275, 0.0049315704964101315, 0.024227196350693703, 0.0033669653348624706]"
A08,session2,intra_session,test,pca_32,nn_erm,2,1,"[0.4014855623245239, 0.555713951587677, 0.03572819009423256, 0.007072225213050842]"
A08,session2,intra_session,test,pca_32,nn_erm,2,0,"[0.9685949683189392, 3.0678238545078784e-05, 0.02491069957613945, 0.0064636883325874805]"
A08,session2,intra_session,test,pca_32,nn_erm,2,3,"[0.136069655418396, 2.1257629612136952e-07, 0.2125048041343689, 0.6514253616333008]"
A08,session2,intra_session,test,pca_32,nn_erm,3,3,"[0.0008444990962743759, 0.0004985050181858242, 0.006426556501537561, 0.9922303557395935]"
A08,session2,intra_session,test,pca_32,nn_erm,2,3,"[6.992361886659637e-05, 0.0014466329012066126, 0.00044945356785319746, 0.9980340600013733]"
A08,session2,intra_session,test,pca_32,nn_erm,0,2,"[0.005272293463349342, 0.0008481827098876238, 0.9779255390167236, 0.01595395989716053]"
A08,session2,intra_session,test,pca_32,nn_erm,2,2,"[0.06414072215557098, 0.03799330070614815, 0.6914194822311401, 0.2064465433359146]"
A09,session1,intra_session,train,pca_32,nn_erm,3,3,"[4.138023723498918e-05, 0.0003806831082329154, 0.002262201625853777, 0.9973157048225403]"
A09,session1,intra_session,train,pca_32,nn_erm,1,1,"[0.002406924031674862, 0.997174859046936, 0.0004173846682533622, 8.65022059315379e-07]"
A09,session1,intra_session,train,pca_32,nn_erm,1,1,"[0.0044073183089494705, 0.995051920413971, 0.000538242980837822, 2.5413753519387683e-06]"
A09,session1,intra_session,train,pca_32,nn_erm,0,0,"[0.9685000777244568, 0.03145802393555641, 3.807671964750625e-05, 3.836359155684477e-06]"
A09,session1,intra_session,train,pca_32,nn_erm,3,3,"[0.002803462790325284, 0.0003799045516643673, 0.013131242245435715, 0.9836853742599487]"
A09,session1,intra_session,train,pca_32,nn_erm,3,3,"[0.000123385718325153, 0.005382710136473179, 0.005858276505023241, 0.9886356592178345]"
A09,session1,intra_session,train,pca_32,nn_erm,2,2,"[0.004559637978672981, 0.0012626369716599584, 0.994125485420227, 5.218656951910816e-05]"
A09,session1,intra_session,train,pca_32,nn_erm,1,1,"[0.0032721774186939, 0.99549400806427, 0.0012323556002229452, 1.4103338799031917e-06]"
A09,session1,intra_session,train,pca_32,nn_erm,2,2,"[0.06136882305145264, 0.011975143104791641, 0.9263952374458313, 0.0002607870555948466]"
A09,session1,intra_session,train,pca_32,nn_erm,0,0,"[0.9485461115837097, 0.05060800164937973, 0.0008316320017911494, 1.4160324099066202e-05]"
A09,session1,intra_session,train,pca_32,nn_erm,0,0,"[0.9916307330131531, 0.006484047509729862, 0.0017768085235729814, 0.00010833036503754556]"
A09,session1,intra_session,train,pca_32,nn_erm,1,1,"[0.01430151704698801, 0.9812617897987366, 0.004418826662003994, 1.791607246559579e-05]"
A09,session1,intra_session,train,pca_32,nn_erm,3,3,"[3.7209880247246474e-05, 6.353505341394339e-06, 0.0014753196155652404, 0.9984812140464783]"
A09,session1,intra_session,train,pca_32,nn_erm,3,3,"[0.0038491133600473404, 0.0005550803616642952, 0.0033832844346761703, 0.9922124743461609]"
A09,session1,intra_session,train,pca_32,nn_erm,1,1,"[0.0479569174349308, 0.9428933262825012, 0.008137392811477184, 0.0010123845422640443]"
A09,session1,intra_session,train,pca_32,nn_erm,3,3,"[0.00012871550279669464, 0.012940125539898872, 0.00728920241817832, 0.9796420335769653]"
A09,session1,intra_session,train,pca_32,nn_erm,2,2,"[0.001482897438108921, 0.014132119715213776, 0.9843409657478333, 4.4050244468962774e-05]"
A09,session1,intra_session,train,pca_32,nn_erm,2,2,"[0.005101014394313097, 0.03600875288248062, 0.9565379023551941, 0.002352288458496332]"
A09,session1,intra_session,train,pca_32,nn_erm,2,2,"[0.00011810709111159667, 0.0013784534530714154, 0.9899824261665344, 0.008520958013832569]"
A09,session1,intra_session,train,pca_32,nn_erm,0,0,"[0.9498522877693176, 0.033085621893405914, 0.014183631166815758, 0.0028783741872757673]"
A09,session1,intra_session,train,pca_32,nn_erm,2,2,"[0.0024775350466370583, 0.00037575606256723404, 0.9875671863555908, 0.00957946851849556]"
A09,session1,intra_session,train,pca_32,nn_erm,0,0,"[0.9546693563461304, 0.029447143897414207, 0.002393175847828388, 0.013490267097949982]"
A09,session1,intra_session,train,pca_32,nn_erm,2,2,"[0.000196855966350995, 0.00021757159265689552, 0.9990590214729309, 0.0005265782820060849]"
A09,session1,intra_session,train,pca_32,nn_erm,2,2,"[0.00015228000120259821, 0.012085100635886192, 0.9862626791000366, 0.001499946229159832]"
A09,session1,intra_session,train,pca_32,nn_erm,0,0,"[0.9658474326133728, 0.015115464106202126, 0.01308348961174488, 0.005953580141067505]"
A09,session1,intra_session,train,pca_32,nn_erm,0,0,"[0.9970477223396301, 0.0028680062387138605, 7.6696029282175e-05, 7.590807854285231e-06]"
A09,session1,intra_session,train,pca_32,nn_erm,1,1,"[0.017523949965834618, 0.9485833644866943, 0.03380483388900757, 8.788745617493987e-05]"
A09,session1,intra_session,train,pca_32,nn_erm,1,1,"[0.0006353462813422084, 0.974548876285553, 0.024651264771819115, 0.00016445753863081336]"
A09,session1,intra_session,train,pca_32,nn_erm,0,0,"[0.980398952960968, 0.015378234907984734, 0.0041943760588765144, 2.8533246222650632e-05]"
A09,session1,intra_session,train,pca_32,nn_erm,2,2,"[0.0017862215172499418, 0.02607870288193226, 0.9685404300689697, 0.0035946073476225138]"
A09,session1,intra_session,train,pca_32,nn_erm,1,1,"[5.5584911024197936e-05, 0.9373879432678223, 0.06242881715297699, 0.0001276515395147726]"
A09,session1,intra_session,train,pca_32,nn_erm,3,3,"[3.0773608159506693e-05, 0.00010985291010001674, 0.0014164624735713005, 0.9984429478645325]"
A09,session1,intra_session,train,pca_32,nn_erm,3,3,"[1.57004353695811e-06, 1.9467208289825066e-08, 0.0016722666332498193, 0.9983261227607727]"
A09,session1,intra_session,train,pca_32,nn_erm,0,0,"[0.9941918253898621, 0.0026462823152542114, 0.003094701562076807, 6.711837340844795e-05]"
A09,session1,intra_session,train,pca_32,nn_erm,3,3,"[2.916845551226288e-05, 1.606423029443249e-05, 0.0008791779982857406, 0.9990755319595337]"
A09,session1,intra_session,train,pca_32,nn_erm,0,0,"[0.9955676198005676, 0.00041651169885881245, 0.003001805394887924, 0.0010140156373381615]"
A09,session1,intra_session,train,pca_32,nn_erm,3,3,"[0.05005171149969101, 0.015002040192484856, 0.03381022438406944, 0.9011359810829163]"
A09,session1,intra_session,train,pca_32,nn_erm,1,1,"[0.004521117080003023, 0.9576153755187988, 0.028845258057117462, 0.009018262848258018]"
A09,session1,intra_session,train,pca_32,nn_erm,2,2,"[0.00860067643225193, 0.010623984038829803, 0.9807062149047852, 6.917180144228041e-05]"
A09,session1,intra_session,train,pca_32,nn_erm,3,3,"[5.0845261284848675e-05, 1.3878300251235487e-06, 0.0020293989218771458, 0.9979183077812195]"
A09,session1,intra_session,train,pca_32,nn_erm,1,1,"[0.024607762694358826, 0.969848096370697, 0.00419597327709198, 0.0013482269132509828]"
A09,session1,intra_session,train,pca_32,nn_erm,2,2,"[0.000223503026063554, 0.020450720563530922, 0.9791615009307861, 0.0001642614952288568]"
A09,session1,intra_session,train,pca_32,nn_erm,1,1,"[0.024894552305340767, 0.9653340578079224, 0.009616131894290447, 0.00015525761409662664]"
A09,session1,intra_session,train,pca_32,nn_erm,2,2,"[0.012829780578613281, 0.02013549394905567, 0.9668075442314148, 0.0002271422417834401]"
A09,session1,intra_session,train,pca_32,nn_erm,0,0,"[0.9952345490455627, 0.0026745072100311518, 0.0020905521232634783, 3.572103537408111e-07]"
A09,session1,intra_session,train,pca_32,nn_erm,1,1,"[0.01326303742825985, 0.9794676899909973, 0.005600293632596731, 0.0016690066549926996]"
A09,session1,intra_session,train,pca_32,nn_erm,3,3,"[3.32319104927592e-05, 5.5769331083865836e-05, 0.002410088898614049, 0.9975009560585022]"
A09,session1,intra_session,train,pca_32,nn_erm,0,0,"[0.9858058094978333, 0.003759706625714898, 0.009627780877053738, 0.0008067141170613468]"
A09,session1,intra_session,train,pca_32,nn_erm,2,2,"[0.002625360619276762, 0.008388768881559372, 0.9858826398849487, 0.003103300230577588]"
A09,session1,intra_session,train,pca_32,nn_erm,0,0,"[0.9782494306564331, 0.006520216353237629, 0.0042639742605388165, 0.010966389440000057]"
A09,session1,intra_session,train,pca_32,nn_erm,0,0,"[0.9961845278739929, 0.0037917259614914656, 2.2402919057640247e-05, 1.2772914033121197e-06]"
A09,session1,intra_session,train,pca_32,nn_erm,3,3,"[0.00015588966198265553, 8.63162711084442e-07, 2.2506425011670217e-05, 0.9998207688331604]"
A09,session1,intra_session,train,pca_32,nn_erm,0,0,"[0.9837174415588379, 0.007914404384791851, 0.0082923024892807, 7.585306593682617e-05]"
A09,session1,intra_session,train,pca_32,nn_erm,3,3,"[0.00019076075113844126, 1.1881842510774732e-05, 0.0004905894747935236, 0.9993066787719727]"
A09,session1,intra_session,train,pca_32,nn_erm,3,3,"[0.0007416585576720536, 0.0008787080878391862, 0.03820328041911125, 0.9601762890815735]"
A09,session1,intra_session,train,pca_32,nn_erm,1,1,"[0.005058851558715105, 0.9816529154777527, 0.008978824131190777, 0.004309453535825014]"
A09,session1,intra_session,train,pca_32,nn_erm,3,3,"[6.601215864066035e-05, 1.6282028809655458e-06, 0.01370325032621622, 0.9862290620803833]"
A09,session1,intra_session,train,pca_32,nn_erm,1,1,"[0.004918551072478294, 0.984732449054718, 0.005834390874952078, 0.004514566622674465]"
A09,session1,intra_session,train,pca_32,nn_erm,3,3,"[0.012408760376274586, 0.001727046212181449, 0.02394772693514824, 0.961916446685791]"
A09,session1,intra_session,train,pca_32,nn_erm,2,2,"[0.00010969833238050342, 0.004823974799364805, 0.9947234392166138, 0.00034289018367417157]"
A09,session1,intra_session,train,pca_32,nn_erm,0,0,"[0.998254120349884, 0.0017274324782192707, 1.660040106798988e-05, 1.9380302092031343e-06]"
A09,session1,intra_session,train,pca_32,nn_erm,1,1,"[2.156991696367072e-09, 0.9999297857284546, 7.015993469394743e-05, 3.8099646104683416e-08]"
A09,session1,intra_session,train,pca_32,nn_erm,2,2,"[0.002035455545410514, 0.011310895904898643, 0.9781020283699036, 0.008551639504730701]"
A09,session1,intra_session,train,pca_32,nn_erm,0,0,"[0.9803196787834167, 0.01916450820863247, 0.0003997466992586851, 0.00011605954932747409]"
A09,session1,intra_session,train,pca_32,nn_erm,0,0,"[0.9793955683708191, 0.0022255931980907917, 0.0041816020384430885, 0.014197204262018204]"
A09,session1,intra_session,train,pca_32,nn_erm,3,3,"[0.0005441629327833652, 0.00445024948567152, 0.0533943846821785, 0.9416112303733826]"
A09,session1,intra_session,train,pca_32,nn_erm,3,3,"[7.637373755642329e-07, 7.776929655811671e-10, 4.879370408161776e-06, 0.9999943971633911]"
A09,session1,intra_session,train,pca_32,nn_erm,1,1,"[0.04313398525118828, 0.9564099907875061, 0.0002716955787036568, 0.00018434719822835177]"
A09,session1,intra_session,train,pca_32,nn_erm,0,0,"[0.9965291619300842, 0.002550408709794283, 0.0009160699555650353, 4.454788268049015e-06]"
A09,session1,intra_session,train,pca_32,nn_erm,2,2,"[0.02992609702050686, 0.018407799303531647, 0.936348557472229, 0.015317580662667751]"
A09,session1,intra_session,train,pca_32,nn_erm,3,3,"[0.00011695253488142043, 6.437178967644286e-07, 8.364616223843768e-05, 0.9997988343238831]"
A09,session1,intra_session,train,pca_32,nn_erm,3,3,"[0.006014865357428789, 4.621539595461854e-09, 0.00012188299297122285, 0.9938632249832153]"
A09,session1,intra_session,train,pca_32,nn_erm,3,3,"[0.0005736525636166334, 0.00016193781630136073, 2.612083699204959e-05, 0.9992383718490601]"
A09,session1,intra_session,train,pca_32,nn_erm,2,2,"[0.0002178624999942258, 0.020214682444930077, 0.9688856601715088, 0.010681877844035625]"
A09,session1,intra_session,train,pca_32,nn_erm,2,2,"[0.00012017201515845954, 0.011189797893166542, 0.9736887216567993, 0.01500137522816658]"
A09,session1,intra_session,train,pca_32,nn_erm,2,2,"[0.00021702512458432466, 0.0026902284007519484, 0.994836688041687, 0.0022561070509254932]"
A09,session1,intra_session,train,pca_32,nn_erm,0,0,"[0.9686635732650757, 0.01908251643180847, 0.012230634689331055, 2.3330276235355996e-05]"
A09,session1,intra_session,train,pca_32,nn_erm,1,1,"[4.164496931480244e-05, 0.9829845428466797, 0.013307454995810986, 0.003666411153972149]"
A09,session1,intra_session,train,pca_32,nn_erm,1,1,"[0.010836551897227764, 0.9850152730941772, 0.0038659393321722746, 0.0002821638190653175]"
A09,session1,intra_session,train,pca_32,nn_erm,1,1,"[1.1040255230909679e-05, 0.9980620741844177, 0.0019248067401349545, 2.0746476820932003e-06]"
A09,session1,intra_session,train,pca_32,nn_erm,2,2,"[0.0020128863397985697, 0.026870639994740486, 0.9676433801651001, 0.0034731265623122454]"
A09,session1,intra_session,train,pca_32,nn_erm,2,2,"[0.000876419129781425, 0.0030394892673939466, 0.9589605331420898, 0.03712345287203789]"
A09,session1,intra_session,train,pca_32,nn_erm,1,1,"[0.007459199987351894, 0.9850456118583679, 0.005259739700704813, 0.002235505497083068]"
A09,session1,intra_session,train,pca_32,nn_erm,2,2,"[0.0009399567497894168, 0.007287812419235706, 0.9524590969085693, 0.03931325674057007]"
A09,session1,intra_session,train,pca_32,nn_erm,0,0,"[0.9999319314956665, 5.980405330774374e-05, 7.738514796074014e-06, 5.006355081604852e-07]"
A09,session1,intra_session,train,pca_32,nn_erm,2,2,"[0.0005690552061423659, 0.006205353885889053, 0.980697751045227, 0.012527773156762123]"
A09,session1,intra_session,train,pca_32,nn_erm,2,2,"[0.0008346122922375798, 0.008718006312847137, 0.9485384821891785, 0.041908830404281616]"
A09,session1,intra_session,train,pca_32,nn_erm,1,1,"[0.0007557960343547165, 0.9991119503974915, 6.780111289117485e-05, 6.445137114496902e-05]"
A09,session1,intra_session,train,pca_32,nn_erm,1,1,"[0.00013822133769281209, 0.9916027188301086, 0.007434885483235121, 0.0008241055766120553]"
A09,session1,intra_session,train,pca_32,nn_erm,0,0,"[0.9631785154342651, 0.01801634207367897, 0.01533801294863224, 0.0034671216271817684]"
A09,session1,intra_session,train,pca_32,nn_erm,1,1,"[0.0027078078128397465, 0.9909795522689819, 0.004927493166178465, 0.0013851664261892438]"
A09,session1,intra_session,train,pca_32,nn_erm,0,0,"[0.9919763207435608, 0.0050021084025502205, 0.0017737091984599829, 0.0012478817952796817]"
A09,session1,intra_session,train,pca_32,nn_erm,0,0,"[0.9954773783683777, 1.7313253153176944e-13, 2.2288054424279835e-06, 0.004520408809185028]"
A09,session1,intra_session,train,pca_32,nn_erm,3,3,"[0.0029008754063397646, 5.204756234888919e-05, 0.00030027725733816624, 0.9967467784881592]"
A09,session1,intra_session,train,pca_32,nn_erm,3,3,"[0.00047021920909173787, 1.2798165698768571e-05, 0.00570334866642952, 0.9938136339187622]"
A09,session1,intra_session,train,pca_32,nn_erm,1,1,"[0.006835694424808025, 0.9712035059928894, 0.015286164358258247, 0.006674639880657196]"
A09,session1,intra_session,train,pca_32,nn_erm,1,1,"[0.030900025740265846, 0.9474711418151855, 0.02098785899579525, 0.0006409913185052574]"
A09,session1,intra_session,train,pca_32,nn_erm,3,3,"[0.003199004800990224, 0.0060564191080629826, 0.0005981670692563057, 0.9901463389396667]"
A09,session1,intra_session,train,pca_32,nn_erm,0,0,"[0.9709054827690125, 0.012412493117153645, 0.014584374614059925, 0.0020975626539438963]"
A09,session1,intra_session,train,pca_32,nn_erm,3,3,"[0.0006776336231268942, 0.0018485554028302431, 0.012687916867434978, 0.9847859740257263]"
A09,session1,intra_session,train,pca_32,nn_erm,1,1,"[0.0020954578649252653, 0.9949225783348083, 0.002803926821798086, 0.000178039277670905]"
A09,session1,intra_session,train,pca_32,nn_erm,3,3,"[0.009014825336635113, 0.001322376192547381, 0.0074196164496243, 0.9822432994842529]"
A09,session1,intra_session,train,pca_32,nn_erm,0,0,"[0.9698132276535034, 0.018782468512654305, 0.009481947869062424, 0.0019223582930862904]"
A09,session1,intra_session,train,pca_32,nn_erm,1,1,"[0.004590220283716917, 0.9769775867462158, 0.016362152993679047, 0.002070098649710417]"
A09,session1,intra_session,train,pca_32,nn_erm,3,3,"[8.57958075357601e-05, 4.347199822340997e-10, 4.2683434003265575e-05, 0.9998714923858643]"
A09,session1,intra_session,train,pca_32,nn_erm,3,3,"[1.5925866847510406e-08, 2.3927346770591384e-09, 0.0003115636936854571, 0.9996883869171143]"
A09,session1,intra_session,train,pca_32,nn_erm,1,1,"[1.4350983292388264e-05, 0.9982251524925232, 0.0017482384573668242, 1.2305215932428837e-05]"
A09,session1,intra_session,train,pca_32,nn_erm,2,2,"[0.0439237505197525, 0.0008185614715330303, 0.9460422992706299, 0.00921548530459404]"
A09,session1,intra_session,train,pca_32,nn_erm,1,1,"[0.017619285732507706, 0.976960301399231, 0.003731634235009551, 0.0016888015670701861]"
A09,session1,intra_session,train,pca_32,nn_erm,0,0,"[0.9999996423721313, 1.4528808378599933e-07, 2.5753999466360256e-07, 2.220881967218702e-08]"
A09,session1,intra_session,train,pca_32,nn_erm,0,0,"[0.9514653086662292, 0.030506310984492302, 0.004208395257592201, 0.01382000744342804]"
A09,session1,intra_session,train,pca_32,nn_erm,1,1,"[0.0015857050893828273, 0.9809198975563049, 0.01688173972070217, 0.0006127750384621322]"
A09,session1,intra_session,train,pca_32,nn_erm,3,3,"[2.663308805495035e-05, 6.775276801818109e-07, 0.003314906731247902, 0.9966577291488647]"
A09,session1,intra_session,train,pca_32,nn_erm,0,0,"[0.9849177002906799, 0.00701071135699749, 0.007398286368697882, 0.0006732853362336755]"
A09,session1,intra_session,train,pca_32,nn_erm,3,3,"[0.0011089658364653587, 2.3542429516965058e-07, 0.001229696674272418, 0.9976611137390137]"
A09,session1,intra_session,train,pca_32,nn_erm,1,1,"[0.004723580554127693, 0.8829335570335388, 0.11031423509120941, 0.0020286079961806536]"
A09,session1,intra_session,train,pca_32,nn_erm,0,0,"[0.9854804873466492, 0.00038159219548106194, 0.0013004657812416553, 0.012837444432079792]"
A09,session1,intra_session,train,pca_32,nn_erm,2,2,"[3.697045394801535e-05, 0.0013288393383845687, 0.9870190620422363, 0.011615168303251266]"
A09,session1,intra_session,train,pca_32,nn_erm,2,2,"[0.00024135230341926217, 0.059249792248010635, 0.9224435091018677, 0.018065333366394043]"
A09,session1,intra_session,train,pca_32,nn_erm,0,0,"[0.9980944991111755, 0.0008008678560145199, 0.0009258733480237424, 0.00017866140115074813]"
A09,session1,intra_session,train,pca_32,nn_erm,1,1,"[0.00028752131038345397, 0.9876970648765564, 0.008231648243963718, 0.0037837333511561155]"
A09,session1,intra_session,train,pca_32,nn_erm,3,3,"[8.920334948925301e-06, 2.3776354396431998e-07, 0.0004396428703330457, 0.9995511174201965]"
A09,session1,intra_session,train,pca_32,nn_erm,2,2,"[0.0006971152615733445, 0.010599087923765182, 0.9884949326515198, 0.00020887076971121132]"
A09,session1,intra_session,train,pca_32,nn_erm,2,2,"[0.003699046093970537, 0.09648335725069046, 0.8887804746627808, 0.011037131771445274]"
A09,session1,intra_session,train,pca_32,nn_erm,2,2,"[0.00018775754142552614, 0.007322052959352732, 0.9917727112770081, 0.0007174688507802784]"
A09,session1,intra_session,train,pca_32,nn_erm,2,2,"[0.0010208295425400138, 0.002823689952492714, 0.9959927201271057, 0.00016276282258331776]"
A09,session1,intra_session,train,pca_32,nn_erm,0,0,"[0.9765710830688477, 0.008538445457816124, 0.0038157966919243336, 0.01107463613152504]"
A09,session1,intra_session,train,pca_32,nn_erm,2,2,"[0.00019464619981590658, 0.004518989939242601, 0.9946914315223694, 0.0005948192556388676]"
A09,session1,intra_session,train,pca_32,nn_erm,3,3,"[0.008924203924834728, 0.0004494060995057225, 0.011796965263783932, 0.9788295030593872]"
A09,session1,intra_session,train,pca_32,nn_erm,2,2,"[7.915628884802572e-06, 0.00809490866959095, 0.9856823086738586, 0.006214918568730354]"
A09,session1,intra_session,train,pca_32,nn_erm,0,0,"[0.9865620732307434, 0.011870665475726128, 0.0015545834321528673, 1.2783074453182053e-05]"
A09,session1,intra_session,train,pca_32,nn_erm,2,2,"[0.0021037831902503967, 0.00241196621209383, 0.994937539100647, 0.0005466642323881388]"
A09,session1,intra_session,train,pca_32,nn_erm,0,0,"[0.9988314509391785, 4.844090653932653e-06, 2.4328888684976846e-05, 0.0011394075118005276]"
A09,session1,intra_session,train,pca_32,nn_erm,3,3,"[3.188403070453205e-07, 6.730302993673831e-05, 0.005965320393443108, 0.9939670562744141]"
A09,session1,intra_session,train,pca_32,nn_erm,0,0,"[0.9907352924346924, 0.0004881590139120817, 0.008748925291001797, 2.7616291845333762e-05]"
A09,session1,intra_session,train,pca_32,nn_erm,1,1,"[0.0001726674527162686, 0.9979131817817688, 0.001908125588670373, 6.111495167715475e-06]"
A09,session1,intra_session,train,pca_32,nn_erm,2,2,"[0.003241362050175667, 0.0006697271019220352, 0.9941779375076294, 0.0019109942950308323]"
A09,session1,intra_session,train,pca_32,nn_erm,1,1,"[0.003460582345724106, 0.9903371334075928, 0.0045372904278337955, 0.0016649626195430756]"
A09,session1,intra_session,train,pca_32,nn_erm,0,0,"[0.9972575306892395, 4.491747313295491e-05, 0.002455645240843296, 0.00024195633886847645]"
A09,session1,intra_session,train,pca_32,nn_erm,1,1,"[0.002145983511582017, 0.9956939220428467, 0.0007137695793062449, 0.0014462950639426708]"
A09,session1,intra_session,train,pca_32,nn_erm,1,1,"[9.162257629213855e-05, 0.9684078097343445, 0.029931658878922462, 0.00156884896568954]"
A09,session1,intra_session,train,pca_32,nn_erm,3,3,"[0.00011998710397165269, 0.0004091232258360833, 0.010030635632574558, 0.9894402623176575]"
A09,session1,intra_session,train,pca_32,nn_erm,2,2,"[0.005998640786856413, 0.0014263164484873414, 0.9889445900917053, 0.003630443010479212]"
A09,session1,intra_session,train,pca_32,nn_erm,3,3,"[0.004463566467165947, 9.488185605732724e-05, 0.028014332056045532, 0.9674272537231445]"
A09,session1,intra_session,train,pca_32,nn_erm,0,0,"[0.9980766773223877, 0.001892027910798788, 3.121000554529019e-05, 1.2439096508387593e-07]"
A09,session1,intra_session,train,pca_32,nn_erm,0,0,"[0.9995620846748352, 0.00041337666334584355, 2.459923598507885e-05, 3.359616229658968e-08]"
A09,session1,intra_session,train,pca_32,nn_erm,1,1,"[0.00015185348456725478, 0.999258816242218, 0.0005714158760383725, 1.7919788660947233e-05]"
A09,session1,intra_session,train,pca_32,nn_erm,3,3,"[2.666878208401613e-05, 0.00022439438907895237, 0.016736755147576332, 0.9830121397972107]"
A09,session1,intra_session,train,pca_32,nn_erm,0,0,"[0.9976043105125427, 0.00096600700635463, 0.001331645529717207, 9.809152834350243e-05]"
A09,session1,intra_session,train,pca_32,nn_erm,3,3,"[0.00028282625135034323, 4.41426982433768e-06, 0.005834388080984354, 0.9938784241676331]"
A09,session1,intra_session,train,pca_32,nn_erm,3,3,"[2.5937757527572103e-05, 0.0001487530389567837, 0.0004604356363415718, 0.9993647933006287]"
A09,session1,intra_session,train,pca_32,nn_erm,3,3,"[0.0007315418333746493, 0.0015942968893796206, 0.0030043083243072033, 0.9946697354316711]"
A09,session1,intra_session,train,pca_32,nn_erm,0,0,"[0.9908604621887207, 0.006006068084388971, 0.0029130394104868174, 0.00022041767078917474]"
A09,session1,intra_session,train,pca_32,nn_erm,2,2,"[0.00025619033840484917, 0.0020356327295303345, 0.9973242282867432, 0.00038392635178752244]"
A09,session1,intra_session,train,pca_32,nn_erm,3,3,"[0.0002505241718608886, 2.4265521147981417e-08, 0.013289843685925007, 0.9864596128463745]"
A09,session1,intra_session,train,pca_32,nn_erm,3,3,"[2.8497534003690816e-06, 1.3034894941199582e-08, 0.0018493887037038803, 0.99814772605896]"
A09,session1,intra_session,train,pca_32,nn_erm,1,1,"[0.01352212019264698, 0.9605217576026917, 0.025955112650990486, 1.0768734455268714e-06]"
A09,session1,intra_session,train,pca_32,nn_erm,1,1,"[0.0007133031613193452, 0.9917586445808411, 0.007449345663189888, 7.874044240452349e-05]"
A09,session1,intra_session,train,pca_32,nn_erm,3,3,"[8.264456846518442e-05, 0.022859204560518265, 0.00469981599599123, 0.9723582863807678]"
A09,session1,intra_session,train,pca_32,nn_erm,0,0,"[0.9766457676887512, 0.002064883941784501, 0.02091207727789879, 0.0003772784548345953]"
A09,session1,intra_session,train,pca_32,nn_erm,3,3,"[2.6725205316324718e-05, 0.0019401584286242723, 0.0004126150452066213, 0.9976205229759216]"
A09,session1,intra_session,train,pca_32,nn_erm,2,2,"[6.279942317632958e-05, 0.003198710735887289, 0.9967352747917175, 3.1636777748644818e-06]"
A09,session1,intra_session,train,pca_32,nn_erm,1,1,"[3.555731018423103e-05, 0.9968463778495789, 0.001359707908704877, 0.001758358906954527]"
A09,session1,intra_session,train,pca_32,nn_erm,2,2,"[0.0015701804077252746, 0.07437827438116074, 0.9225383400917053, 0.0015131761319935322]"
A09,session1,intra_session,train,pca_32,nn_erm,1,1,"[5.205502475291723e-06, 0.9860299229621887, 0.008424739353358746, 0.005540177691727877]"
A09,session1,intra_session,train,pca_32,nn_erm,3,3,"[0.0002176708512706682, 2.5031013706211525e-07, 0.00023966480512171984, 0.9995424747467041]"
A09,session1,intra_session,train,pca_32,nn_erm,0,0,"[0.9931581616401672, 1.8700919099501334e-05, 0.0004567934665828943, 0.006366336718201637]"
A09,session1,intra_session,train,pca_32,nn_erm,0,0,"[0.9986853003501892, 0.0011310032568871975, 5.2278355724411085e-05, 0.00013142074749339372]"
A09,session1,intra_session,train,pca_32,nn_erm,1,1,"[0.001590245752595365, 0.979158341884613, 0.019101956859230995, 0.0001495038450229913]"
A09,session1,intra_session,train,pca_32,nn_erm,2,2,"[0.00019662479462567717, 0.05012676492333412, 0.9487539529800415, 0.0009227847913280129]"
A09,session1,intra_session,train,pca_32,nn_erm,0,0,"[0.9953200221061707, 0.003916766494512558, 0.0006804780568927526, 8.274375431938097e-05]"
A09,session1,intra_session,train,pca_32,nn_erm,3,3,"[0.0012810025364160538, 0.0072715203277766705, 0.006431169807910919, 0.9850163459777832]"
A09,session1,intra_session,train,pca_32,nn_erm,0,0,"[0.9717896580696106, 0.018684998154640198, 0.00790321920067072, 0.0016220251563936472]"
A09,session1,intra_session,train,pca_32,nn_erm,2,2,"[0.008056898601353168, 0.00024076430418062955, 0.9907557368278503, 0.0009465850307606161]"
A09,session1,intra_session,train,pca_32,nn_erm,2,2,"[0.0028625321574509144, 0.001195815741084516, 0.9938515424728394, 0.002090100198984146]"
A09,session1,intra_session,train,pca_32,nn_erm,2,2,"[0.0060944692231714725, 0.005254748277366161, 0.9848651885986328, 0.0037855245172977448]"
A09,session1,intra_session,train,pca_32,nn_erm,1,1,"[0.0001088657445507124, 0.9910203814506531, 0.005127370823174715, 0.0037433078978210688]"
A09,session1,intra_session,train,pca_32,nn_erm,1,1,"[0.00025844815536402166, 0.9747971296310425, 0.01970553584396839, 0.005238831043243408]"
A09,session1,intra_session,train,pca_32,nn_erm,1,1,"[0.0018329223385080695, 0.9607848525047302, 0.03456733003258705, 0.0028149590361863375]"
A09,session1,intra_session,train,pca_32,nn_erm,2,2,"[0.0001558075746288523, 0.00034466563374735415, 0.9920834302902222, 0.007416106760501862]"
A09,session1,intra_session,train,pca_32,nn_erm,0,0,"[0.96014803647995, 0.010431003756821156, 0.020805630832910538, 0.008615304715931416]"
A09,session1,intra_session,train,pca_32,nn_erm,1,1,"[5.910989784752019e-06, 0.9699174165725708, 0.015565255656838417, 0.01451138872653246]"
A09,session1,intra_session,train,pca_32,nn_erm,0,0,"[0.9885483980178833, 0.005907151848077774, 0.00496534863486886, 0.0005791654111817479]"
A09,session1,intra_session,train,pca_32,nn_erm,3,3,"[0.000288001581793651, 2.2026732040103525e-05, 0.002104179235175252, 0.9975857734680176]"
A09,session1,intra_session,train,pca_32,nn_erm,3,3,"[0.007958661764860153, 0.0054800016805529594, 0.004653886891901493, 0.9819074273109436]"
A09,session1,intra_session,train,pca_32,nn_erm,2,2,"[0.004801552277058363, 0.00923326425254345, 0.98594069480896, 2.445366590109188e-05]"
A09,session1,intra_session,train,pca_32,nn_erm,2,2,"[0.00014758030010852963, 0.013952256180346012, 0.9502294063568115, 0.035670798271894455]"
A09,session1,intra_session,train,pca_32,nn_erm,1,1,"[0.00029286459903232753, 0.9549806118011475, 0.04414640739560127, 0.0005801080842502415]"
A09,session1,intra_session,train,pca_32,nn_erm,1,1,"[0.008514025248587132, 0.9914502501487732, 3.080988608417101e-05, 4.922483185509918e-06]"
A09,session1,intra_session,train,pca_32,nn_erm,0,0,"[0.9734411835670471, 0.0005358942435123026, 0.00582521315664053, 0.020197613164782524]"
A09,session1,intra_session,train,pca_32,nn_erm,2,2,"[0.007258855737745762, 0.029808828607201576, 0.955984890460968, 0.006947416812181473]"
A09,session1,intra_session,train,pca_32,nn_erm,2,2,"[0.0013157280627638102, 0.004024734254926443, 0.9943355917930603, 0.0003239624493289739]"
A09,session1,intra_session,train,pca_32,nn_erm,3,3,"[7.383951015071943e-07, 1.139606098377044e-08, 1.1707823432516307e-05, 0.9999876022338867]"
A09,session1,intra_session,train,pca_32,nn_erm,0,0,"[0.996707558631897, 0.0027702562510967255, 2.694783870538231e-05, 0.0004952324670739472]"
A09,session1,intra_session,train,pca_32,nn_erm,2,2,"[0.00529631320387125, 0.01211728435009718, 0.9823269844055176, 0.00025935567100532353]"
A09,session1,intra_session,train,pca_32,nn_erm,3,3,"[0.00018263251695316285, 0.0010494241723790765, 0.0003148467803839594, 0.9984530210494995]"
A09,session1,intra_session,train,pca_32,nn_erm,1,1,"[0.0004668905748985708, 0.9723753333091736, 0.016318196430802345, 0.010839594528079033]"
A09,session1,intra_session,train,pca_32,nn_erm,1,1,"[0.0843048170208931, 0.901555597782135, 0.013286048546433449, 0.0008535963715985417]"
A09,session1,intra_session,train,pca_32,nn_erm,2,2,"[0.0018127958755940199, 0.0013384283520281315, 0.9366196393966675, 0.060229115188121796]"
A09,session1,intra_session,train,pca_32,nn_erm,2,2,"[1.0643069714433295e-07, 0.0013970439322292805, 0.995678722858429, 0.0029241396114230156]"
A09,session1,intra_session,train,pca_32,nn_erm,0,0,"[0.9701690077781677, 0.018548032268881798, 0.004276189487427473, 0.007006819825619459]"
A09,session1,intra_session,test,pca_32,nn_erm,0,3,"[0.01988220028579235, 5.424530284323364e-16, 6.971190941840177e-06, 0.9801108241081238]"
A09,session1,intra_session,test,pca_32,nn_erm,1,0,"[0.9998729228973389, 5.62732650930444e-20, 3.365221346030012e-08, 0.0001270192879019305]"
A09,session1,intra_session,test,pca_32,nn_erm,1,3,"[0.21807751059532166, 4.1053343124985986e-07, 0.03607846796512604, 0.7458435297012329]"
A09,session1,intra_session,test,pca_32,nn_erm,0,0,"[0.9985274076461792, 8.092338902248404e-16, 1.6264708690982843e-08, 0.0014725413639098406]"
A09,session1,intra_session,test,pca_32,nn_erm,3,3,"[3.1870981409554133e-09, 1.3764359891865752e-06, 0.006628789938986301, 0.9933698177337646]"
A09,session1,intra_session,test,pca_32,nn_erm,0,3,"[0.12149573117494583, 0.001284486148506403, 0.08910960704088211, 0.7881101369857788]"
A09,session1,intra_session,test,pca_32,nn_erm,1,0,"[0.647273063659668, 0.018840784206986427, 0.11005043983459473, 0.22383570671081543]"
A09,session1,intra_session,test,pca_32,nn_erm,2,3,"[0.049889154732227325, 0.02419479750096798, 0.274090439081192, 0.6518256068229675]"
A09,session1,intra_session,test,pca_32,nn_erm,0,0,"[0.9047091603279114, 0.0001694014499662444, 0.011850547976791859, 0.08327090740203857]"
A09,session1,intra_session,test,pca_32,nn_erm,3,3,"[0.010412510484457016, 0.0013841571053490043, 0.14073556661605835, 0.8474677801132202]"
A09,session1,intra_session,test,pca_32,nn_erm,1,1,"[0.20050682127475739, 0.6504623889923096, 0.03806889429688454, 0.11096197366714478]"
A09,session1,intra_session,test,pca_32,nn_erm,1,2,"[0.011343790218234062, 0.01083611510694027, 0.9752341508865356, 0.0025859891902655363]"
A09,session1,intra_session,test,pca_32,nn_erm,1,1,"[0.22992268204689026, 0.7636109590530396, 0.005579093471169472, 0.0008872291655279696]"
A09,session1,intra_session,test,pca_32,nn_erm,0,0,"[0.7157657146453857, 0.2793479859828949, 0.004706369712948799, 0.00017988872423302382]"
A09,session1,intra_session,test,pca_32,nn_erm,1,2,"[0.019532158970832825, 0.10079965740442276, 0.7265585064888, 0.15310965478420258]"
A09,session1,intra_session,test,pca_32,nn_erm,1,1,"[0.19862249493598938, 0.5576821565628052, 0.21347999572753906, 0.030215371400117874]"
A09,session1,intra_session,test,pca_32,nn_erm,0,2,"[0.2096843272447586, 0.03920675814151764, 0.6258118748664856, 0.12529708445072174]"
A09,session1,intra_session,test,pca_32,nn_erm,3,3,"[0.0016750202048569918, 0.000726464728359133, 0.09330054372549057, 0.904297947883606]"
A09,session1,intra_session,test,pca_32,nn_erm,3,3,"[0.00715051731094718, 0.0006252749590203166, 0.009870542213320732, 0.982353687286377]"
A09,session1,intra_session,test,pca_32,nn_erm,3,3,"[8.505326576369043e-08, 1.9013681254453907e-11, 6.014049631630769e-07, 0.9999992847442627]"
A09,session1,intra_session,test,pca_32,nn_erm,0,0,"[0.7243483066558838, 0.008620885200798512, 0.2523811161518097, 0.014649760909378529]"
A09,session1,intra_session,test,pca_32,nn_erm,0,0,"[0.9929666519165039, 0.006645724177360535, 0.00036834049387834966, 1.923144191096071e-05]"
A09,session1,intra_session,test,pca_32,nn_erm,2,0,"[0.8123332262039185, 0.03858330473303795, 0.006196278613060713, 0.1428872048854828]"
A09,session1,intra_session,test,pca_32,nn_erm,3,3,"[0.007652315776795149, 3.8779548049205914e-05, 0.003528471104800701, 0.9887804985046387]"
A09,session1,intra_session,test,pca_32,nn_erm,3,3,"[0.0005434915074147284, 1.5740544768050313e-05, 0.0017478623194620013, 0.9976929426193237]"
A09,session1,intra_session,test,pca_32,nn_erm,2,2,"[0.03551866114139557, 0.0010570490267127752, 0.9625363349914551, 0.0008879870292730629]"
A09,session1,intra_session,test,pca_32,nn_erm,1,2,"[0.007227457128465176, 0.01278244610875845, 0.7741110324859619, 0.2058790624141693]"
A09,session1,intra_session,test,pca_32,nn_erm,2,1,"[0.03545606881380081, 0.9110302329063416, 0.0317814014852047, 0.021732227876782417]"
A09,session1,intra_session,test,pca_32,nn_erm,3,3,"[0.00014734035357832909, 1.8290728576175752e-06, 0.014209131710231304, 0.9856416583061218]"
A09,session1,intra_session,test,pca_32,nn_erm,3,3,"[0.002943632658571005, 6.909486728545744e-06, 0.005678263492882252, 0.9913712739944458]"
A09,session1,intra_session,test,pca_32,nn_erm,0,0,"[0.949949324131012, 0.015674090012907982, 0.03320986405014992, 0.0011666431091725826]"
A09,session1,intra_session,test,pca_32,nn_erm,2,2,"[0.05711250752210617, 0.03455854579806328, 0.9069420099258423, 0.0013868716778233647]"
A09,session1,intra_session,test,pca_32,nn_erm,2,3,"[0.2948586642742157, 0.009694723412394524, 0.07594510912895203, 0.619501531124115]"
A09,session1,intra_session,test,pca_32,nn_erm,2,1,"[0.02878550998866558, 0.5400182008743286, 0.07403258979320526, 0.3571636974811554]"
A09,session1,intra_session,test,pca_32,nn_erm,2,0,"[0.9583395719528198, 0.006235409528017044, 0.03398284316062927, 0.001442192355170846]"
A09,session1,intra_session,test,pca_32,nn_erm,0,0,"[0.9986936450004578, 0.00113804975990206, 0.00015835788508411497, 9.931264685292263e-06]"
A09,session1,intra_session,test,pca_32,nn_erm,2,1,"[0.00012054308172082528, 0.5394476652145386, 0.38426461815834045, 0.07616707682609558]"
A09,session1,intra_session,test,pca_32,nn_erm,1,2,"[0.06643703579902649, 0.2141249030828476, 0.47017329931259155, 0.24926476180553436]"
A09,session1,intra_session,test,pca_32,nn_erm,3,2,"[0.0007363856420852244, 0.08676179498434067, 0.7836445569992065, 0.12885725498199463]"
A09,session1,intra_session,test,pca_32,nn_erm,0,0,"[0.9953331351280212, 0.0015343234408646822, 0.003101559355854988, 3.090702011832036e-05]"
A09,session1,intra_session,test,pca_32,nn_erm,0,0,"[0.9900610446929932, 0.007584331091493368, 0.0022536241449415684, 0.00010094186291098595]"
A09,session1,intra_session,test,pca_32,nn_erm,2,1,"[0.03615633025765419, 0.9110357761383057, 0.03792539983987808, 0.014882457442581654]"
A09,session1,intra_session,test,pca_32,nn_erm,2,3,"[0.0971079096198082, 0.12936030328273773, 0.21465596556663513, 0.5588757991790771]"
A09,session1,intra_session,test,pca_32,nn_erm,0,3,"[0.02073727920651436, 0.002735626883804798, 0.4529760181903839, 0.5235510468482971]"
A09,session1,intra_session,test,pca_32,nn_erm,2,2,"[0.3955923020839691, 0.02988034300506115, 0.5061319470405579, 0.06839542090892792]"
A09,session1,intra_session,test,pca_32,nn_erm,2,1,"[0.036008983850479126, 0.8285396695137024, 0.08940291404724121, 0.04604846239089966]"
A09,session1,intra_session,test,pca_32,nn_erm,3,3,"[0.011640326119959354, 0.0029367078095674515, 0.11646228283643723, 0.8689606189727783]"
A09,session1,intra_session,test,pca_32,nn_erm,1,2,"[0.009309758432209492, 0.4235345721244812, 0.5669963359832764, 0.0001592758926562965]"
A09,session1,intra_session,test,pca_32,nn_erm,1,1,"[0.26508915424346924, 0.6374906301498413, 0.0973527729511261, 6.738117372151464e-05]"
A09,session1,intra_session,test,pca_32,nn_erm,3,3,"[0.0033406298607587814, 4.4293074097367935e-06, 0.02876819111406803, 0.9678868055343628]"
A09,session1,intra_session,test,pca_32,nn_erm,1,1,"[0.13240888714790344, 0.69091796875, 0.1315641552209854, 0.04510892555117607]"
A09,session1,intra_session,test,pca_32,nn_erm,2,2,"[0.09177923202514648, 0.09750383347272873, 0.5088979601860046, 0.30181893706321716]"
A09,session1,intra_session,test,pca_32,nn_erm,3,3,"[0.0129154147580266, 0.0001778676378307864, 0.08744855970144272, 0.8994581699371338]"
A09,session1,intra_session,test,pca_32,nn_erm,2,2,"[0.04444441944360733, 0.010192472487688065, 0.9328970313072205, 0.012466159649193287]"
A09,session1,intra_session,test,pca_32,nn_erm,1,0,"[0.9688422083854675, 0.03063066489994526, 0.00016246976156253368, 0.0003646175900939852]"
A09,session1,intra_session,test,pca_32,nn_erm,0,2,"[0.004546785261482, 0.06805851310491562, 0.9047926664352417, 0.022601943463087082]"
A09,session1,intra_session,test,pca_32,nn_erm,1,0,"[0.9604370594024658, 0.03941038250923157, 0.00013795883569400758, 1.4605852811655495e-05]"
A09,session1,intra_session,test,pca_32,nn_erm,3,3,"[0.0013945067767053843, 0.0007104232208803296, 0.1674746572971344, 0.8304204940795898]"
A09,session1,intra_session,test,pca_32,nn_erm,0,0,"[0.9847499132156372, 0.011005224660038948, 0.004070081282407045, 0.00017481435497757047]"
A09,session1,intra_session,test,pca_32,nn_erm,2,3,"[0.03933475911617279, 0.09492773562669754, 0.1921176314353943, 0.67361980676651]"
A09,session1,intra_session,test,pca_32,nn_erm,1,1,"[0.006498777307569981, 0.8550991415977478, 0.13477182388305664, 0.0036302809603512287]"
A09,session1,intra_session,test,pca_32,nn_erm,2,3,"[0.00019265116134192795, 3.841769648715854e-05, 0.006858218461275101, 0.9929106831550598]"
A09,session1,intra_session,test,pca_32,nn_erm,3,2,"[0.27844545245170593, 0.06287534534931183, 0.6397744417190552, 0.018904775381088257]"
A09,session1,intra_session,test,pca_32,nn_erm,0,1,"[0.2226824164390564, 0.4630466103553772, 0.3073801100254059, 0.006890868302434683]"
A09,session1,intra_session,test,pca_32,nn_erm,0,0,"[0.9947878122329712, 0.0001614413340575993, 0.004818670451641083, 0.0002320294443052262]"
A09,session1,intra_session,test,pca_32,nn_erm,1,2,"[0.0026726045180112123, 0.014718149788677692, 0.698826789855957, 0.28378233313560486]"
A09,session1,intra_session,test,pca_32,nn_erm,3,3,"[4.770671148435213e-05, 3.925752878330968e-08, 0.0003537326992955059, 0.9995985627174377]"
A09,session1,intra_session,test,pca_32,nn_erm,0,2,"[0.19725099205970764, 0.0898134857416153, 0.6872041821479797, 0.025731341913342476]"
A09,session1,intra_session,test,pca_32,nn_erm,3,2,"[0.018365075811743736, 0.027897372841835022, 0.8416347503662109, 0.11210289597511292]"
A09,session1,intra_session,test,pca_32,nn_erm,1,2,"[0.005450154189020395, 0.4060812294483185, 0.5808269381523132, 0.00764168007299304]"
A09,session1,intra_session,test,pca_32,nn_erm,1,0,"[0.5802500247955322, 0.26997050642967224, 0.1478365808725357, 0.0019429398234933615]"
A09,session1,intra_session,test,pca_32,nn_erm,2,3,"[0.0002895329089369625, 2.016350845224224e-05, 0.0061506470665335655, 0.9935397505760193]"
A09,session1,intra_session,test,pca_32,nn_erm,2,2,"[0.1361784040927887, 0.0005018685478717089, 0.8241341710090637, 0.03918558731675148]"
A09,session1,intra_session,test,pca_32,nn_erm,3,1,"[0.05389987304806709, 0.6679954528808594, 0.22599513828754425, 0.052109625190496445]"
A09,session1,intra_session,test,pca_32,nn_erm,3,3,"[0.15937094390392303, 0.01676756702363491, 0.23809702694416046, 0.585764467716217]"
A09,session1,intra_session,test,pca_32,nn_erm,2,3,"[0.007424934767186642, 0.00011606595217017457, 0.3744279742240906, 0.6180310249328613]"
A09,session1,intra_session,test,pca_32,nn_erm,0,2,"[0.16959629952907562, 0.05812765657901764, 0.7718180418014526, 0.00045794493053108454]"
A09,session1,intra_session,test,pca_32,nn_erm,0,1,"[0.06611154973506927, 0.8387064933776855, 0.09504137933254242, 0.00014062215632293373]"
A09,session1,intra_session,test,pca_32,nn_erm,1,2,"[0.19291767477989197, 0.055237606167793274, 0.519744336605072, 0.23210035264492035]"
A09,session1,intra_session,test,pca_32,nn_erm,0,2,"[0.017425719648599625, 0.0021238033659756184, 0.9791308045387268, 0.0013197065563872457]"
A09,session1,intra_session,test,pca_32,nn_erm,3,3,"[0.00040747859748080373, 0.000998046132735908, 0.03787480667233467, 0.960719645023346]"
A09,session1,intra_session,test,pca_32,nn_erm,1,1,"[0.14926938712596893, 0.7475386261940002, 0.09072867780923843, 0.012463313527405262]"
A09,session1,intra_session,test,pca_32,nn_erm,3,3,"[0.009064888581633568, 0.0037158436607569456, 0.2821587026119232, 0.705060601234436]"
A09,session1,intra_session,test,pca_32,nn_erm,3,3,"[0.00396230211481452, 4.5049262098473264e-08, 0.0002469299070071429, 0.9957907795906067]"
A09,session1,intra_session,test,pca_32,nn_erm,0,0,"[0.9868039488792419, 0.002231084043160081, 0.010717177763581276, 0.0002478559035807848]"
A09,session1,intra_session,test,pca_32,nn_erm,1,1,"[0.028217187151312828, 0.5115594267845154, 0.45577871799468994, 0.004444568883627653]"
A09,session1,intra_session,test,pca_32,nn_erm,2,2,"[0.04822838678956032, 0.04538840427994728, 0.8394343852996826, 0.06694883108139038]"
A09,session2,intra_session,train,pca_32,nn_erm,0,0,"[0.9990277290344238, 0.0009704975527711213, 1.476257125432312e-06, 3.139136879326543e-07]"
A09,session2,intra_session,train,pca_32,nn_erm,1,1,"[1.455385881854454e-05, 0.9999550580978394, 7.267958153533982e-06, 2.3120443074731156e-05]"
A09,session2,intra_session,train,pca_32,nn_erm,1,1,"[0.0004720538854598999, 0.9960589408874512, 0.00346530438400805, 3.6339233702165075e-06]"
A09,session2,intra_session,train,pca_32,nn_erm,0,0,"[0.9972037076950073, 0.0027804099954664707, 1.1367583283572458e-05, 4.5355927795753814e-06]"
A09,session2,intra_session,train,pca_32,nn_erm,1,1,"[6.831516657257453e-05, 0.9990004897117615, 0.0002163769386243075, 0.0007147217984311283]"
A09,session2,intra_session,train,pca_32,nn_erm,0,0,"[0.9997766613960266, 0.00014478995581157506, 3.354937507538125e-05, 4.5105291064828634e-05]"
A09,session2,intra_session,train,pca_32,nn_erm,1,1,"[0.00022949617414269596, 0.9773551821708679, 0.022407134994864464, 8.261180482804775e-06]"
A09,session2,intra_session,train,pca_32,nn_erm,2,2,"[9.004181265481748e-06, 0.008627456612884998, 0.9913460612297058, 1.7466967619839124e-05]"
A09,session2,intra_session,train,pca_32,nn_erm,1,1,"[0.0219366904348135, 0.9772148728370667, 0.0007662350544705987, 8.226572390412912e-05]"
A09,session2,intra_session,train,pca_32,nn_erm,3,3,"[4.585819624480791e-06, 0.0013380121672526002, 0.0007533719181083143, 0.9979039430618286]"
A09,session2,intra_session,train,pca_32,nn_erm,0,0,"[0.9852840900421143, 0.0028653237968683243, 0.011816419661045074, 3.415926403249614e-05]"
A09,session2,intra_session,train,pca_32,nn_erm,2,2,"[0.02360464632511139, 0.020742392167448997, 0.9555405378341675, 0.00011249422095716]"
A09,session2,intra_session,train,pca_32,nn_erm,1,1,"[0.006931420881301165, 0.9750310182571411, 0.016604097560048103, 0.0014334945008158684]"
A09,session2,intra_session,train,pca_32,nn_erm,0,0,"[0.9999829530715942, 2.031400185842358e-07, 1.6801999663584866e-05, 1.0628449231830928e-08]"
A09,session2,intra_session,train,pca_32,nn_erm,3,3,"[2.1512292391889787e-07, 0.008044674061238766, 1.4980452760937624e-05, 0.9919400811195374]"
A09,session2,intra_session,train,pca_32,nn_erm,3,3,"[4.042919332647443e-09, 4.326591806602664e-05, 0.0044603412970900536, 0.995496392250061]"
A09,session2,intra_session,train,pca_32,nn_erm,3,3,"[7.78625690145418e-05, 0.001969096716493368, 0.013390419073402882, 0.9845625758171082]"
A09,session2,intra_session,train,pca_32,nn_erm,3,3,"[3.4030478435198575e-09, 0.0009585858788341284, 1.768123547662981e-05, 0.9990237951278687]"
A09,session2,intra_session,train,pca_32,nn_erm,3,3,"[4.890765481491144e-08, 0.0007124432013370097, 0.00041585348662920296, 0.9988716244697571]"
A09,session2,intra_session,train,pca_32,nn_erm,0,0,"[0.9986072182655334, 0.001351238344796002, 3.369883052073419e-05, 7.933073902677279e-06]"
A09,session2,intra_session,train,pca_32,nn_erm,2,2,"[0.0007888469262979925, 0.008505633100867271, 0.9906410574913025, 6.441540608648211e-05]"
A09,session2,intra_session,train,pca_32,nn_erm,1,1,"[0.005331439897418022, 0.9839157462120056, 0.010235476307570934, 0.0005173217505216599]"
A09,session2,intra_session,train,pca_32,nn_erm,0,0,"[0.9866034984588623, 0.000179512586328201, 0.012977547012269497, 0.00023947989393491298]"
A09,session2,intra_session,train,pca_32,nn_erm,0,0,"[0.998230516910553, 0.00019855931168422103, 0.0007159890374168754, 0.0008548832265660167]"
A09,session2,intra_session,train,pca_32,nn_erm,2,2,"[6.914273399161175e-05, 0.01468545664101839, 0.9660905599594116, 0.019154870882630348]"
A09,session2,intra_session,train,pca_32,nn_erm,3,3,"[1.3724614973398275e-06, 8.69554714881815e-05, 0.0006033285171724856, 0.9993083477020264]"
A09,session2,intra_session,train,pca_32,nn_erm,0,0,"[0.9968061447143555, 0.003181488486006856, 1.143381632573437e-05, 9.603987791706459e-07]"
A09,session2,intra_session,train,pca_32,nn_erm,2,2,"[4.618584625859512e-07, 0.009160314686596394, 0.987622857093811, 0.0032162766437977552]"
A09,session2,intra_session,train,pca_32,nn_erm,2,2,"[0.0009257275960408151, 0.0030429449398070574, 0.9954968690872192, 0.0005344480159692466]"
A09,session2,intra_session,train,pca_32,nn_erm,2,2,"[3.814696469817136e-07, 0.0009060669108293951, 0.9972051978111267, 0.0018884092569351196]"
A09,session2,intra_session,train,pca_32,nn_erm,0,0,"[0.9921283721923828, 0.007753782439976931, 2.2627275029662997e-05, 9.522850450593978e-05]"
A09,session2,intra_session,train,pca_32,nn_erm,1,1,"[2.3091159562227404e-07, 0.9847593903541565, 0.010514647699892521, 0.004725764971226454]"
A09,session2,intra_session,train,pca_32,nn_erm,0,0,"[0.9998714923858643, 0.0001222438586410135, 3.113447974101291e-06, 3.1757879241922637e-06]"
A09,session2,intra_session,train,pca_32,nn_erm,1,1,"[0.0036379459779709578, 0.9865856170654297, 0.005134569481015205, 0.004641856998205185]"
A09,session2,intra_session,train,pca_32,nn_erm,1,1,"[2.4238394757958304e-07, 0.9667789936065674, 0.03123691864311695, 0.0019837573636323214]"
A09,session2,intra_session,train,pca_32,nn_erm,0,0,"[0.9955592155456543, 0.0005955056403763592, 0.0038006140384823084, 4.469347550184466e-05]"
A09,session2,intra_session,train,pca_32,nn_erm,1,1,"[6.7279273935128e-05, 0.9887047410011292, 0.005219095852226019, 0.0060088420286774635]"
A09,session2,intra_session,train,pca_32,nn_erm,2,2,"[6.51058362564072e-05, 0.019075462594628334, 0.9440000057220459, 0.03685931861400604]"
A09,session2,intra_session,train,pca_32,nn_erm,1,1,"[0.0008782116346992552, 0.9927247762680054, 0.004228669218719006, 0.0021683028899133205]"
A09,session2,intra_session,train,pca_32,nn_erm,2,2,"[0.00018274641479365528, 0.00028430033125914633, 0.991218626499176, 0.008314240723848343]"
A09,session2,intra_session,train,pca_32,nn_erm,2,2,"[3.2512829761799367e-08, 8.728852662898134e-06, 0.999976634979248, 1.4625034964410588e-05]"
A09,session2,intra_session,train,pca_32,nn_erm,3,3,"[8.800795399110939e-07, 0.002773863496258855, 0.00036277520121075213, 0.996862530708313]"
A09,session2,intra_session,train,pca_32,nn_erm,2,2,"[1.3609892448585015e-05, 0.010908057913184166, 0.9850319623947144, 0.004046306014060974]"
A09,session2,intra_session,train,pca_32,nn_erm,2,2,"[0.00031131348805502057, 0.0031149093993008137, 0.9909892678260803, 0.005584515165537596]"
A09,session2,intra_session,train,pca_32,nn_erm,3,3,"[2.55610814292595e-07, 9.36852302402258e-06, 0.00395317142829299, 0.9960371851921082]"
A09,session2,intra_session,train,pca_32,nn_erm,3,3,"[0.0003630362334661186, 0.015104614198207855, 0.002516865497455001, 0.9820154905319214]"
A09,session2,intra_session,train,pca_32,nn_erm,3,3,"[2.19514650900976e-09, 9.424934432900045e-08, 0.0012213161680847406, 0.9987785220146179]"
A09,session2,intra_session,train,pca_32,nn_erm,3,3,"[4.52483982371632e-06, 2.3848583108332377e-09, 0.001958283595740795, 0.9980371594429016]"
A09,session2,intra_session,train,pca_32,nn_erm,3,3,"[5.564729121942946e-07, 0.007185688242316246, 0.0047043305821716785, 0.9881095290184021]"
A09,session2,intra_session,train,pca_32,nn_erm,2,2,"[9.565782966092229e-05, 0.007524512242525816, 0.986552894115448, 0.005827029701322317]"
A09,session2,intra_session,train,pca_32,nn_erm,1,1,"[0.009849261492490768, 0.9888131022453308, 0.0013226941227912903, 1.4968132745707408e-05]"
A09,session2,intra_session,train,pca_32,nn_erm,0,0,"[0.9928408861160278, 0.007003484293818474, 0.00015465792967006564, 9.531706837151432e-07]"
A09,session2,intra_session,train,pca_32,nn_erm,0,0,"[0.9990088939666748, 0.0009754592319950461, 1.3862979358236771e-05, 1.7914562704390846e-06]"
A09,session2,intra_session,train,pca_32,nn_erm,1,1,"[0.0004192192864138633, 0.9989303946495056, 0.00035714468685910106, 0.00029320488101802766]"
A09,session2,intra_session,train,pca_32,nn_erm,2,2,"[4.219105903757736e-05, 0.004875760525465012, 0.995055079460144, 2.6900261218543164e-05]"
A09,session2,intra_session,train,pca_32,nn_erm,3,3,"[2.341979052289389e-05, 0.0008372904849238694, 0.0009676648769527674, 0.9981715679168701]"
A09,session2,intra_session,train,pca_32,nn_erm,1,1,"[0.0010252314386889338, 0.9842911958694458, 0.014672008343040943, 1.1635487680905499e-05]"
A09,session2,intra_session,train,pca_32,nn_erm,2,2,"[9.63163620326668e-06, 0.0004855193546973169, 0.9991187453269958, 0.0003860722645185888]"
A09,session2,intra_session,train,pca_32,nn_erm,0,0,"[0.9865958094596863, 0.013402264565229416, 7.609193630742084e-08, 1.8049117898044642e-06]"
A09,session2,intra_session,train,pca_32,nn_erm,0,0,"[0.9845373630523682, 0.015280612744390965, 1.7968835891224444e-05, 0.00016400311142206192]"
A09,session2,intra_session,train,pca_32,nn_erm,0,0,"[0.9989797472953796, 0.000392923568142578, 0.0003079786547459662, 0.0003193410229869187]"
A09,session2,intra_session,train,pca_32,nn_erm,3,3,"[1.0720428711419316e-10, 2.0776239750830428e-07, 4.945743512507761e-06, 0.9999948740005493]"
A09,session2,intra_session,train,pca_32,nn_erm,1,1,"[0.0006671094452030957, 0.9894987344741821, 0.00942043773829937, 0.0004136311181355268]"
A09,session2,intra_session,train,pca_32,nn_erm,1,1,"[2.1111007299623452e-05, 0.9808439612388611, 0.0028799832798540592, 0.01625499315559864]"
A09,session2,intra_session,train,pca_32,nn_erm,0,0,"[0.9952619075775146, 0.0027791352476924658, 0.0018932934617623687, 6.554413994308561e-05]"
A09,session2,intra_session,train,pca_32,nn_erm,0,0,"[0.994358241558075, 0.0023594191297888756, 0.0032711478415876627, 1.123254969570553e-05]"
A09,session2,intra_session,train,pca_32,nn_erm,2,2,"[5.80399100726936e-05, 0.023835439234972, 0.961492121219635, 0.014614482410252094]"
A09,session2,intra_session,train,pca_32,nn_erm,0,0,"[0.9999498128890991, 4.005430673714727e-05, 5.394907930167392e-06, 4.725470716948621e-06]"
A09,session2,intra_session,train,pca_32,nn_erm,1,1,"[4.6688106522196904e-05, 0.9998093247413635, 0.00013480089546646923, 9.161312846117653e-06]"
A09,session2,intra_session,train,pca_32,nn_erm,3,3,"[3.936005725790892e-07, 0.0001065742108039558, 7.284835010068491e-05, 0.9998201727867126]"
A09,session2,intra_session,train,pca_32,nn_erm,3,3,"[1.0559786460362375e-05, 0.011100200936198235, 0.0015678968047723174, 0.9873213768005371]"
A09,session2,intra_session,train,pca_32,nn_erm,2,2,"[0.000295361562166363, 0.0027067542541772127, 0.9967241883277893, 0.00027367533766664565]"
A09,session2,intra_session,train,pca_32,nn_erm,0,0,"[0.9933481812477112, 0.006323716603219509, 0.0003043456526938826, 2.3761294869473204e-05]"
A09,session2,intra_session,train,pca_32,nn_erm,3,3,"[3.7984634104759607e-07, 0.001317604212090373, 0.00047638569958508015, 0.9982055425643921]"
A09,session2,intra_session,train,pca_32,nn_erm,3,3,"[1.0537255690223901e-07, 1.5613570667483145e-06, 4.101717081539391e-07, 0.9999979734420776]"
A09,session2,intra_session,train,pca_32,nn_erm,1,1,"[0.00018187920795753598, 0.9963594079017639, 0.003293456044048071, 0.00016526607214473188]"
A09,session2,intra_session,train,pca_32,nn_erm,3,3,"[0.00022448948584496975, 0.006607120856642723, 0.0004144824342802167, 0.9927539229393005]"
A09,session2,intra_session,train,pca_32,nn_erm,3,3,"[3.739843305083923e-05, 0.012677242048084736, 7.43502750992775e-05, 0.9872109889984131]"
A09,session2,intra_session,train,pca_32,nn_erm,1,1,"[0.009442944079637527, 0.983974039554596, 0.005584827158600092, 0.0009981876937672496]"
A09,session2,intra_session,train,pca_32,nn_erm,0,0,"[0.9992132186889648, 0.0007724727038294077, 1.0747532542154659e-05, 3.571538400137797e-06]"
A09,session2,intra_session,train,pca_32,nn_erm,1,1,"[5.275491639622487e-05, 0.9950568675994873, 0.004001897759735584, 0.0008884674170985818]"
A09,session2,intra_session,train,pca_32,nn_erm,2,2,"[0.001078740693628788, 0.012695590034127235, 0.9861302971839905, 9.547788795316592e-05]"
A09,session2,intra_session,train,pca_32,nn_erm,2,2,"[0.0002381010417593643, 0.0013814428821206093, 0.998348593711853, 3.180950807291083e-05]"
A09,session2,intra_session,train,pca_32,nn_erm,2,2,"[0.0037869582884013653, 0.009048950858414173, 0.9823503494262695, 0.00481379684060812]"
A09,session2,intra_session,train,pca_32,nn_erm,3,3,"[0.000706507998984307, 0.012966100126504898, 0.0010926550021395087, 0.9852346777915955]"
A09,session2,intra_session,train,pca_32,nn_erm,2,2,"[4.5244010493661335e-07, 0.0003885648329742253, 0.9947463870048523, 0.004864503163844347]"
A09,session2,intra_session,train,pca_32,nn_erm,0,0,"[0.9999926090240479, 3.571165407834087e-08, 6.900875632709358e-06, 4.0739539031164895e-07]"
A09,session2,intra_session,train,pca_32,nn_erm,3,3,"[0.00023947055160533637, 0.0027070173528045416, 0.001465118140913546, 0.9955884218215942]"
A09,session2,intra_session,train,pca_32,nn_erm,1,1,"[0.00016949529526755214, 0.9781807065010071, 0.0031372173689305782, 0.01851257123053074]"
A09,session2,intra_session,train,pca_32,nn_erm,2,2,"[1.413047471032769e-06, 0.0035571353510022163, 0.979037880897522, 0.017403604462742805]"
A09,session2,intra_session,train,pca_32,nn_erm,1,1,"[6.653629469610678e-08, 0.9873907566070557, 0.0060318391770124435, 0.0065774149261415005]"
A09,session2,intra_session,train,pca_32,nn_erm,2,2,"[3.6612550502468366e-06, 0.0006286082789301872, 0.9989861845970154, 0.0003814447845797986]"
A09,session2,intra_session,train,pca_32,nn_erm,3,3,"[1.4069400094740558e-05, 0.003616013564169407, 0.004601780790835619, 0.9917681217193604]"
A09,session2,intra_session,train,pca_32,nn_erm,1,1,"[0.00025464847567491233, 0.9838682413101196, 0.006761324126273394, 0.00911580491811037]"
A09,session2,intra_session,train,pca_32,nn_erm,2,2,"[2.238275556010194e-05, 9.238062193617225e-05, 0.9998458623886108, 3.93205918953754e-05]"
A09,session2,intra_session,train,pca_32,nn_erm,0,0,"[0.996955394744873, 0.001663342583924532, 0.001068843761458993, 0.0003124472568742931]"
A09,session2,intra_session,train,pca_32,nn_erm,0,0,"[0.9998708963394165, 0.00012742450053337961, 1.6741905710659921e-06, 3.330801590095689e-08]"
A09,session2,intra_session,train,pca_32,nn_erm,0,0,"[0.9968563318252563, 0.003073077881708741, 6.619798659812659e-05, 4.329501734900987e-06]"
A09,session2,intra_session,train,pca_32,nn_erm,3,3,"[7.134812676667934e-06, 0.009509129449725151, 0.039057228714227676, 0.9514264464378357]"
A09,session2,intra_session,train,pca_32,nn_erm,1,1,"[0.00066055275965482, 0.9988542795181274, 0.0003733908524736762, 0.00011179596913279966]"
A09,session2,intra_session,train,pca_32,nn_erm,0,0,"[0.9992475509643555, 0.0007514208555221558, 1.653380365951307e-07, 9.688861837275908e-07]"
A09,session2,intra_session,train,pca_32,nn_erm,2,2,"[9.113465466725756e-07, 0.0010739716235548258, 0.9936400055885315, 0.005285119637846947]"
A09,session2,intra_session,train,pca_32,nn_erm,0,0,"[0.9948602318763733, 0.004027691204100847, 0.0010934537276625633, 1.8556811482994817e-05]"
A09,session2,intra_session,train,pca_32,nn_erm,2,2,"[5.105830496177077e-05, 0.0037589308340102434, 0.9961767196655273, 1.3306988876138348e-05]"
A09,session2,intra_session,train,pca_32,nn_erm,1,1,"[1.0284487643730245e-06, 0.9975343942642212, 0.0005170165095478296, 0.0019475495209917426]"
A09,session2,intra_session,train,pca_32,nn_erm,3,3,"[2.928751859088141e-12, 1.7269607042180724e-06, 8.514596629538573e-06, 0.9999898672103882]"
A09,session2,intra_session,train,pca_32,nn_erm,0,0,"[0.9875832200050354, 0.006630945950746536, 0.00566466199234128, 0.00012122597399866208]"
A09,session2,intra_session,train,pca_32,nn_erm,2,2,"[2.758800474111922e-05, 0.0022110685240477324, 0.9847437739372253, 0.013017572462558746]"
A09,session2,intra_session,train,pca_32,nn_erm,2,2,"[0.0134821692481637, 0.01637497916817665, 0.9699768424034119, 0.00016599101945757866]"
A09,session2,intra_session,train,pca_32,nn_erm,0,0,"[0.9999489784240723, 4.1446113755228e-05, 9.399793270858936e-06, 1.8536483992193098e-07]"
A09,session2,intra_session,train,pca_32,nn_erm,2,2,"[0.0003135466540697962, 0.0036591377574950457, 0.9943945407867432, 0.0016327364137396216]"
A09,session2,intra_session,train,pca_32,nn_erm,1,1,"[5.550125479203416e-07, 0.999133288860321, 0.0005784795503132045, 0.0002876083890441805]"
A09,session2,intra_session,train,pca_32,nn_erm,3,3,"[4.197493126412155e-06, 0.0026137204840779305, 0.0015405707526952028, 0.9958414435386658]"
A09,session2,intra_session,train,pca_32,nn_erm,3,3,"[0.00026551695191301405, 0.01351489033550024, 0.0018419844564050436, 0.9843776226043701]"
A09,session2,intra_session,train,pca_32,nn_erm,3,3,"[9.32666353037348e-06, 0.004681516904383898, 7.673042273381725e-05, 0.9952324032783508]"
A09,session2,intra_session,train,pca_32,nn_erm,2,2,"[0.0028958541806787252, 0.0054527772590518, 0.9914590120315552, 0.00019236527441535145]"
A09,session2,intra_session,train,pca_32,nn_erm,0,0,"[0.9986979961395264, 0.001256154733709991, 4.054464079672471e-05, 5.186700491321972e-06]"
A09,session2,intra_session,train,pca_32,nn_erm,3,3,"[1.0043955667171645e-09, 5.167489192103858e-08, 3.072700201300904e-05, 0.9999692440032959]"
A09,session2,intra_session,train,pca_32,nn_erm,1,1,"[3.71979913325049e-05, 0.9931231141090393, 0.004830381833016872, 0.0020093354396522045]"
A09,session2,intra_session,train,pca_32,nn_erm,3,3,"[5.7230961829191074e-05, 0.0014449843438342214, 0.0007288983906619251, 0.9977688789367676]"
A09,session2,intra_session,train,pca_32,nn_erm,1,1,"[1.8938191715278663e-05, 0.9978047013282776, 0.0016463266219943762, 0.0005299863987602293]"
A09,session2,intra_session,train,pca_32,nn_erm,0,0,"[0.9915229082107544, 0.00834342185407877, 6.000472785672173e-05, 7.367852231254801e-05]"
A09,session2,intra_session,train,pca_32,nn_erm,2,2,"[0.00010079408093588427, 0.00021082794410176575, 0.998868465423584, 0.0008200400043278933]"
A09,session2,intra_session,train,pca_32,nn_erm,1,1,"[2.7610782126430422e-05, 0.9916889071464539, 0.008120560087263584, 0.00016291752399411052]"
A09,session2,intra_session,train,pca_32,nn_erm,0,0,"[0.9882738590240479, 0.011433200910687447, 0.00028402588213793933, 8.892910955182742e-06]"
A09,session2,intra_session,train,pca_32,nn_erm,2,2,"[3.565766779067836e-11, 0.00010396821016911417, 0.9947604537010193, 0.005135549698024988]"
A09,session2,intra_session,train,pca_32,nn_erm,2,2,"[9.961109753930941e-06, 4.092109520570375e-05, 0.9995517134666443, 0.00039729889249429107]"
A09,session2,intra_session,train,pca_32,nn_erm,0,0,"[0.9987188577651978, 1.8440203348291107e-05, 0.00126173987518996, 9.429599003851763e-07]"
A09,session2,intra_session,train,pca_32,nn_erm,2,2,"[1.0482232937647495e-05, 0.0023748448584228754, 0.9928228855133057, 0.004791726358234882]"
A09,session2,intra_session,train,pca_32,nn_erm,3,3,"[4.890199488727376e-05, 0.011260761879384518, 0.0004139530356042087, 0.9882763028144836]"
A09,session2,intra_session,train,pca_32,nn_erm,3,3,"[2.2059275579522364e-05, 0.0005416055209934711, 0.002578889951109886, 0.9968574047088623]"
A09,session2,intra_session,train,pca_32,nn_erm,1,1,"[0.0004963045939803123, 0.9810815453529358, 0.01711467280983925, 0.0013075958704575896]"
A09,session2,intra_session,train,pca_32,nn_erm,0,0,"[0.9929736852645874, 0.005638138856738806, 1.5733763575553894e-05, 0.0013724203454330564]"
A09,session2,intra_session,train,pca_32,nn_erm,1,1,"[0.008586188778281212, 0.9870558977127075, 0.0040307859890162945, 0.00032714568078517914]"
A09,session2,intra_session,train,pca_32,nn_erm,3,3,"[6.29725993572805e-10, 5.662018884322606e-05, 5.837819117004983e-05, 0.9998849630355835]"
A09,session2,intra_session,train,pca_32,nn_erm,1,1,"[0.0008936714148148894, 0.9872862696647644, 0.0029486012645065784, 0.00887148268520832]"
A09,session2,intra_session,train,pca_32,nn_erm,3,3,"[0.00021317621576599777, 0.023053418844938278, 0.0002964048180729151, 0.976436972618103]"
A09,session2,intra_session,train,pca_32,nn_erm,2,2,"[0.0030105591285973787, 0.00034137588227167726, 0.9963895678520203, 0.00025848689256235957]"
A09,session2,intra_session,train,pca_32,nn_erm,1,1,"[2.5918797774693303e-08, 0.9855623245239258, 4.331662239565048e-06, 0.014433273114264011]"
A09,session2,intra_session,train,pca_32,nn_erm,1,1,"[0.0007487492403015494, 0.9798439741134644, 0.019293980672955513, 0.00011334822193020955]"
A09,session2,intra_session,train,pca_32,nn_erm,1,1,"[8.829876605886966e-05, 0.9666043519973755, 0.022328060120344162, 0.010979284532368183]"
A09,session2,intra_session,train,pca_32,nn_erm,2,2,"[0.011379046365618706, 0.004701696336269379, 0.9838300347328186, 8.930841431720182e-05]"
A09,session2,intra_session,train,pca_32,nn_erm,3,3,"[1.2634041013370734e-06, 0.003791532013565302, 8.719911193111329e-07, 0.9962062835693359]"
A09,session2,intra_session,train,pca_32,nn_erm,0,0,"[0.9970837235450745, 0.0021545307245105505, 0.0007211045594885945, 4.0552175050834194e-05]"
A09,session2,intra_session,train,pca_32,nn_erm,1,1,"[0.05171062424778938, 0.94817054271698, 0.00010075948375742882, 1.8039769202005118e-05]"
A09,session2,intra_session,train,pca_32,nn_erm,3,3,"[0.0011826714035123587, 0.01625923626124859, 0.031810201704502106, 0.9507478475570679]"
A09,session2,intra_session,train,pca_32,nn_erm,0,0,"[0.9660029411315918, 0.0332915298640728, 0.0004150807508267462, 0.00029054065817035735]"
A09,session2,intra_session,train,pca_32,nn_erm,2,2,"[1.2381128726701718e-05, 0.0067339371889829636, 0.9927122592926025, 0.0005414437036961317]"
A09,session2,intra_session,train,pca_32,nn_erm,2,2,"[0.0006211849977262318, 0.00652359239757061, 0.9909148216247559, 0.001940351678058505]"
A09,session2,intra_session,train,pca_32,nn_erm,3,3,"[5.854712412656227e-07, 0.001762186293490231, 0.0011414894834160805, 0.9970958232879639]"
A09,session2,intra_session,train,pca_32,nn_erm,0,0,"[0.9999709129333496, 2.291558303113561e-05, 6.001100700814277e-06, 1.5312996026750625e-07]"
A09,session2,intra_session,train,pca_32,nn_erm,0,0,"[0.9995043277740479, 0.0004776196146849543, 1.7802469301386736e-05, 2.530626943553216e-07]"
A09,session2,intra_session,train,pca_32,nn_erm,2,2,"[2.762399162747897e-07, 0.0003065690689254552, 0.9963440299034119, 0.003349212696775794]"
A09,session2,intra_session,train,pca_32,nn_erm,1,1,"[4.67232457594946e-05, 0.9705789685249329, 0.015507528558373451, 0.013866777531802654]"
A09,session2,intra_session,train,pca_32,nn_erm,3,3,"[2.5332786535159357e-08, 1.0472756912349723e-05, 2.3523803349689842e-07, 0.9999892711639404]"
A09,session2,intra_session,train,pca_32,nn_erm,3,3,"[2.0951607382357906e-07, 2.3060829335008748e-06, 1.0655350706656463e-05, 0.9999868869781494]"
A09,session2,intra_session,train,pca_32,nn_erm,3,3,"[3.188380393037704e-10, 1.5511733408857253e-07, 9.574733894623932e-07, 0.999998927116394]"
A09,session2,intra_session,train,pca_32,nn_erm,1,1,"[0.012683913111686707, 0.9864200949668884, 0.00015103534678928554, 0.0007449340773746371]"
A09,session2,intra_session,train,pca_32,nn_erm,0,0,"[0.9959450364112854, 0.004040015861392021, 1.03281327028526e-05, 4.60220371678588e-06]"
A09,session2,intra_session,train,pca_32,nn_erm,2,2,"[3.577984671210288e-06, 0.009335440583527088, 0.9906489253044128, 1.2107549082429614e-05]"
A09,session2,intra_session,train,pca_32,nn_erm,1,1,"[0.0006187938270159066, 0.9927298426628113, 0.0064444816671311855, 0.00020683299226220697]"
A09,session2,intra_session,train,pca_32,nn_erm,3,3,"[4.800516035174951e-05, 0.005088882986456156, 0.002177230315282941, 0.9926859140396118]"
A09,session2,intra_session,train,pca_32,nn_erm,0,0,"[0.9828760027885437, 0.015437781810760498, 0.0016802882310003042, 5.920940566284116e-06]"
A09,session2,intra_session,train,pca_32,nn_erm,3,3,"[1.674997776035525e-07, 3.868290514219552e-05, 0.00030865430017001927, 0.9996525049209595]"
A09,session2,intra_session,train,pca_32,nn_erm,2,2,"[0.00038627939647994936, 0.04482653737068176, 0.9544715285301208, 0.0003155749582219869]"
A09,session2,intra_session,train,pca_32,nn_erm,1,1,"[2.747617884324427e-07, 0.986431896686554, 0.0018029117491096258, 0.011764963157474995]"
A09,session2,intra_session,train,pca_32,nn_erm,3,3,"[1.8230289811071998e-07, 3.4934677387354895e-05, 0.00011655803245957941, 0.9998483657836914]"
A09,session2,intra_session,train,pca_32,nn_erm,3,3,"[1.1883455108829821e-08, 1.3275962373882066e-05, 1.4661421801065444e-06, 0.9999853372573853]"
A09,session2,intra_session,train,pca_32,nn_erm,0,0,"[0.9978975057601929, 0.0012568775564432144, 0.0008139426354318857, 3.169262708979659e-05]"
A09,session2,intra_session,train,pca_32,nn_erm,1,1,"[0.005396050866693258, 0.9771867394447327, 0.014758540317416191, 0.002658643526956439]"
A09,session2,intra_session,train,pca_32,nn_erm,1,1,"[9.530378974886844e-07, 0.9922425746917725, 4.0157124203688e-06, 0.0077525051310658455]"
A09,session2,intra_session,train,pca_32,nn_erm,2,2,"[4.221768904244527e-05, 0.036972399801015854, 0.9625720977783203, 0.0004132789035793394]"
A09,session2,intra_session,train,pca_32,nn_erm,3,3,"[4.150214954279363e-05, 0.005578856915235519, 0.0020460684318095446, 0.9923336505889893]"
A09,session2,intra_session,train,pca_32,nn_erm,1,1,"[0.00030334058101288974, 0.9979405999183655, 0.000730815576389432, 0.0010251717176288366]"
A09,session2,intra_session,train,pca_32,nn_erm,0,0,"[0.9891313314437866, 0.006586264353245497, 0.0041518909856677055, 0.00013051029236521572]"
A09,session2,intra_session,train,pca_32,nn_erm,0,0,"[0.957571268081665, 0.04154041036963463, 0.0008762881625443697, 1.1932922461710405e-05]"
A09,session2,intra_session,train,pca_32,nn_erm,3,3,"[6.1352807279035915e-06, 0.00233601126819849, 0.00698437774553895, 0.9906734824180603]"
A09,session2,intra_session,train,pca_32,nn_erm,1,1,"[5.9203681303188205e-05, 0.9826061725616455, 0.011032428592443466, 0.006302208174020052]"
A09,session2,intra_session,train,pca_32,nn_erm,0,0,"[0.9944503307342529, 0.0008257855661213398, 0.00027834990760311484, 0.004445595201104879]"
A09,session2,intra_session,train,pca_32,nn_erm,2,2,"[2.645396364187036e-07, 0.004375449847429991, 0.9934606552124023, 0.0021636933088302612]"
A09,session2,intra_session,train,pca_32,nn_erm,1,1,"[0.0016643962590023875, 0.9877057671546936, 0.008994264528155327, 0.0016356147825717926]"
A09,session2,intra_session,train,pca_32,nn_erm,1,1,"[0.002595687983557582, 0.952273428440094, 0.04484784975647926, 0.00028305721934884787]"
A09,session2,intra_session,train,pca_32,nn_erm,2,2,"[0.007223690859973431, 0.0028975587338209152, 0.9863563776016235, 0.0035223171580582857]"
A09,session2,intra_session,train,pca_32,nn_erm,0,0,"[0.998826801776886, 0.00028085196390748024, 0.0008658613078296185, 2.6459660148248076e-05]"
A09,session2,intra_session,train,pca_32,nn_erm,3,3,"[0.0005877640214748681, 0.01312375906854868, 0.010109404101967812, 0.9761790037155151]"
A09,session2,intra_session,train,pca_32,nn_erm,2,2,"[0.001408941112458706, 0.01773560792207718, 0.9802718758583069, 0.0005835152696818113]"
A09,session2,intra_session,train,pca_32,nn_erm,2,2,"[2.2187788999872282e-05, 1.9469339473943137e-09, 0.999977707862854, 8.058961498136341e-08]"
A09,session2,intra_session,train,pca_32,nn_erm,2,2,"[0.00016703091387171298, 0.00015253337915055454, 0.9984874725341797, 0.0011929633328691125]"
A09,session2,intra_session,train,pca_32,nn_erm,2,2,"[0.00040215239278040826, 0.026567157357931137, 0.9728187322616577, 0.00021197873866185546]"
A09,session2,intra_session,train,pca_32,nn_erm,0,0,"[0.9987996816635132, 0.000255682913120836, 0.000543624977581203, 0.00040092747076414526]"
A09,session2,intra_session,train,pca_32,nn_erm,1,1,"[1.90403479791712e-05, 0.9917209148406982, 0.006392719689756632, 0.0018673483282327652]"
A09,session2,intra_session,train,pca_32,nn_erm,0,0,"[0.996574878692627, 3.0731077913515037e-06, 0.0030940903816372156, 0.0003280679229646921]"
A09,session2,intra_session,train,pca_32,nn_erm,1,1,"[0.0020109580364078283, 0.9851018190383911, 0.010208198800683022, 0.00267901923507452]"
A09,session2,intra_session,train,pca_32,nn_erm,0,0,"[0.9814121723175049, 0.018469614908099174, 1.8238034726891783e-06, 0.00011627934145508334]"
A09,session2,intra_session,train,pca_32,nn_erm,0,0,"[0.9995104074478149, 0.0004642329295165837, 1.2750611858791672e-05, 1.2667104783758987e-05]"
A09,session2,intra_session,train,pca_32,nn_erm,2,2,"[0.0060905092395842075, 0.04442734271287918, 0.9459006190299988, 0.0035815471783280373]"
A09,session2,intra_session,train,pca_32,nn_erm,2,2,"[2.17674801206158e-06, 0.015219952911138535, 0.9839513301849365, 0.0008264774805866182]"
A09,session2,intra_session,train,pca_32,nn_erm,1,1,"[0.03934074565768242, 0.960509181022644, 3.7350593629525974e-05, 0.00011271504627075046]"
A09,session2,intra_session,train,pca_32,nn_erm,2,2,"[3.594729787437245e-05, 0.008346471935510635, 0.9723262786865234, 0.01929132081568241]"
A09,session2,intra_session,train,pca_32,nn_erm,3,3,"[0.0008413507603108883, 0.01883791759610176, 0.023839358240365982, 0.9564813375473022]"
A09,session2,intra_session,train,pca_32,nn_erm,0,0,"[0.9983874559402466, 0.0015897934790700674, 9.950846106221434e-06, 1.2716381206701044e-05]"
A09,session2,intra_session,test,pca_32,nn_erm,3,1,"[0.0005347783444449306, 0.4872220456600189, 0.32641538977622986, 0.18582776188850403]"
A09,session2,intra_session,test,pca_32,nn_erm,0,0,"[0.9954034090042114, 0.004470984451472759, 3.414612001506612e-05, 9.141218470176682e-05]"
A09,session2,intra_session,test,pca_32,nn_erm,0,0,"[0.9939414262771606, 0.003997333347797394, 0.001967570511624217, 9.361431148136035e-05]"
A09,session2,intra_session,test,pca_32,nn_erm,1,1,"[0.034720003604888916, 0.8622034788131714, 0.09810037910938263, 0.004976166877895594]"
A09,session2,intra_session,test,pca_32,nn_erm,3,3,"[0.00010141705570276827, 0.24432161450386047, 0.00023559223336633295, 0.7553413510322571]"
A09,session2,intra_session,test,pca_32,nn_erm,2,2,"[0.004039175808429718, 0.026265528053045273, 0.5801604986190796, 0.38953477144241333]"
A09,session2,intra_session,test,pca_32,nn_erm,1,3,"[2.3005912225926295e-05, 0.02302907407283783, 0.014426296576857567, 0.9625216126441956]"
A09,session2,intra_session,test,pca_32,nn_erm,3,3,"[2.2964897539168305e-07, 0.00024040546850301325, 1.997985782509204e-05, 0.9997393488883972]"
A09,session2,intra_session,test,pca_32,nn_erm,2,3,"[0.0007710139616392553, 0.01169752050191164, 0.13424572348594666, 0.8532857894897461]"
A09,session2,intra_session,test,pca_32,nn_erm,3,3,"[4.082861323695397e-06, 0.0006029240903444588, 0.01313372328877449, 0.9862593412399292]"
A09,session2,intra_session,test,pca_32,nn_erm,2,1,"[0.0023589052725583315, 0.9647679328918457, 0.00017486706201452762, 0.032698340713977814]"
A09,session2,intra_session,test,pca_32,nn_erm,3,3,"[0.0003714575432240963, 0.05989846587181091, 0.08766662329435349, 0.8520635366439819]"
A09,session2,intra_session,test,pca_32,nn_erm,1,1,"[0.0004612226621247828, 0.9492939710617065, 0.0472787469625473, 0.0029660554137080908]"
A09,session2,intra_session,test,pca_32,nn_erm,1,1,"[0.2532799243927002, 0.5810205340385437, 0.1599501073360443, 0.005749402102082968]"
A09,session2,intra_session,test,pca_32,nn_erm,3,3,"[7.05097147335465e-10, 8.1749739422321e-08, 6.443666222821776e-08, 0.9999997615814209]"
A09,session2,intra_session,test,pca_32,nn_erm,0,0,"[0.9878425598144531, 0.012134614400565624, 1.2457232514861971e-05, 1.0309921890439e-05]"
A09,session2,intra_session,test,pca_32,nn_erm,1,2,"[3.0433850042754784e-05, 0.10878930240869522, 0.854464590549469, 0.03671560063958168]"
A09,session2,intra_session,test,pca_32,nn_erm,1,2,"[0.004361794795840979, 0.30581751465797424, 0.5864859819412231, 0.10333477705717087]"
A09,session2,intra_session,test,pca_32,nn_erm,1,1,"[0.032086003571748734, 0.6885757446289062, 0.22853632271289825, 0.05080193281173706]"
A09,session2,intra_session,test,pca_32,nn_erm,2,1,"[0.003225799649953842, 0.8404170870780945, 0.11381621658802032, 0.04254085198044777]"
A09,session2,intra_session,test,pca_32,nn_erm,3,2,"[0.012379252351820469, 0.30011096596717834, 0.37105438113212585, 0.3164553940296173]"
A09,session2,intra_session,test,pca_32,nn_erm,0,0,"[0.838675856590271, 0.15396039187908173, 0.007132439874112606, 0.00023129254986997694]"
A09,session2,intra_session,test,pca_32,nn_erm,3,3,"[2.6946318598675134e-07, 0.01570640690624714, 0.00830753892660141, 0.9759857058525085]"
A09,session2,intra_session,test,pca_32,nn_erm,0,0,"[0.9981731176376343, 0.0017870700685307384, 2.8262071282370016e-05, 1.1501041626615915e-05]"
A09,session2,intra_session,test,pca_32,nn_erm,2,2,"[0.0206771083176136, 0.237533301115036, 0.5504146218299866, 0.19137492775917053]"
A09,session2,intra_session,test,pca_32,nn_erm,0,0,"[0.790432870388031, 0.2094966024160385, 3.969477256760001e-05, 3.080616079387255e-05]"
A09,session2,intra_session,test,pca_32,nn_erm,3,3,"[2.2192813048604876e-05, 0.19724048674106598, 0.09565623849630356, 0.7070810198783875]"
A09,session2,intra_session,test,pca_32,nn_erm,0,2,"[0.04519107937812805, 0.19670921564102173, 0.7543038725852966, 0.00379580887965858]"
A09,session2,intra_session,test,pca_32,nn_erm,2,3,"[0.00011927026207558811, 0.01698889769613743, 0.006729083135724068, 0.9761627912521362]"
A09,session2,intra_session,test,pca_32,nn_erm,0,0,"[0.5547993183135986, 0.03405534103512764, 0.41033515334129333, 0.000810207100585103]"
A09,session2,intra_session,test,pca_32,nn_erm,1,2,"[0.0001141134271165356, 0.3764008581638336, 0.5264591574668884, 0.0970258116722107]"
A09,session2,intra_session,test,pca_32,nn_erm,2,3,"[7.196853857749375e-06, 0.3328721821308136, 0.012792162597179413, 0.654328465461731]"
A09,session2,intra_session,test,pca_32,nn_erm,2,1,"[0.04293897747993469, 0.6585493087768555, 0.20892572402954102, 0.0895860567688942]"
A09,session2,intra_session,test,pca_32,nn_erm,3,3,"[3.356603656357038e-06, 9.426436008652672e-05, 0.00011609175999183208, 0.9997863173484802]"
A09,session2,intra_session,test,pca_32,nn_erm,0,0,"[0.9114218354225159, 0.08542770892381668, 0.0016448916867375374, 0.0015056533738970757]"
A09,session2,intra_session,test,pca_32,nn_erm,1,1,"[0.000177803507540375, 0.9224070906639099, 0.0357627309858799, 0.04165247082710266]"
A09,session2,intra_session,test,pca_32,nn_erm,3,1,"[4.210817132843658e-05, 0.7949379086494446, 0.04204322025179863, 0.1629767119884491]"
A09,session2,intra_session,test,pca_32,nn_erm,1,1,"[2.239470268250443e-05, 0.810217022895813, 0.18970592319965363, 5.465413414640352e-05]"
A09,session2,intra_session,test,pca_32,nn_erm,2,1,"[1.4056190593692008e-05, 0.8501816391944885, 0.025701653212308884, 0.1241026222705841]"
A09,session2,intra_session,test,pca_32,nn_erm,2,0,"[0.6807397603988647, 0.2827390730381012, 0.03493227809667587, 0.0015888650668784976]"
A09,session2,intra_session,test,pca_32,nn_erm,0,0,"[0.8782829642295837, 0.12162353098392487, 1.684657036093995e-05, 7.663814903935418e-05]"
A09,session2,intra_session,test,pca_32,nn_erm,3,3,"[6.77455273034866e-06, 0.0006860844441689551, 0.004354778211563826, 0.9949524402618408]"
A09,session2,intra_session,test,pca_32,nn_erm,1,1,"[0.009307273663580418, 0.6147987842559814, 0.3159852921962738, 0.0599086694419384]"
A09,session2,intra_session,test,pca_32,nn_erm,3,3,"[1.8898980158610357e-07, 0.016471099108457565, 0.2489863634109497, 0.7345423698425293]"
A09,session2,intra_session,test,pca_32,nn_erm,0,0,"[0.9978299736976624, 0.0009923763573169708, 0.0011396525660529733, 3.7978457839926705e-05]"
A09,session2,intra_session,test,pca_32,nn_erm,0,1,"[0.16233985126018524, 0.8124715685844421, 0.024120982736349106, 0.001067626872099936]"
A09,session2,intra_session,test,pca_32,nn_erm,2,2,"[0.0025635126512497663, 0.19599318504333496, 0.7790789604187012, 0.0223644208163023]"
A09,session2,intra_session,test,pca_32,nn_erm,2,2,"[0.007299196906387806, 0.1458246260881424, 0.6641312837600708, 0.1827448308467865]"
A09,session2,intra_session,test,pca_32,nn_erm,1,1,"[0.05500977486371994, 0.5082905888557434, 0.3674905598163605, 0.06920914351940155]"
A09,session2,intra_session,test,pca_32,nn_erm,3,3,"[9.621368235457339e-08, 2.949135159724392e-05, 0.0023611043579876423, 0.9976092576980591]"
A09,session2,intra_session,test,pca_32,nn_erm,1,1,"[0.004957923665642738, 0.6315597891807556, 0.3450913429260254, 0.018390890210866928]"
A09,session2,intra_session,test,pca_32,nn_erm,1,1,"[0.0026865615509450436, 0.9037665128707886, 0.08489096909761429, 0.008655926212668419]"
A09,session2,intra_session,test,pca_32,nn_erm,0,0,"[0.9898820519447327, 0.010109292343258858, 5.412538030213909e-06, 3.2557079521211563e-06]"
A09,session2,intra_session,test,pca_32,nn_erm,1,2,"[0.009975570254027843, 0.167417973279953, 0.5870577692985535, 0.23554866015911102]"
A09,session2,intra_session,test,pca_32,nn_erm,3,3,"[4.5088121680691984e-08, 4.511694442044245e-06, 2.020375177380629e-06, 0.9999934434890747]"
A09,session2,intra_session,test,pca_32,nn_erm,3,2,"[0.0001339709124295041, 0.00714136241003871, 0.939241886138916, 0.05348271504044533]"
A09,session2,intra_session,test,pca_32,nn_erm,1,1,"[0.006456205155700445, 0.4112299680709839, 0.22943821549415588, 0.35287562012672424]"
A09,session2,intra_session,test,pca_32,nn_erm,1,2,"[0.0002018615632550791, 0.10107547044754028, 0.5239952206611633, 0.37472736835479736]"
A09,session2,intra_session,test,pca_32,nn_erm,1,1,"[0.20695710182189941, 0.6759825348854065, 0.10220595449209213, 0.014854385517537594]"
A09,session2,intra_session,test,pca_32,nn_erm,1,3,"[0.19646896421909332, 0.136688232421875, 0.32661187648773193, 0.34023094177246094]"
A09,session2,intra_session,test,pca_32,nn_erm,3,3,"[6.427970947697759e-05, 0.021529503166675568, 0.0002119486453011632, 0.9781941771507263]"
A09,session2,intra_session,test,pca_32,nn_erm,3,3,"[7.476038717868505e-06, 0.0007420665351673961, 0.022800307720899582, 0.9764501452445984]"
A09,session2,intra_session,test,pca_32,nn_erm,2,1,"[0.0573696494102478, 0.7006903290748596, 0.2330738604068756, 0.0088661415502429]"
A09,session2,intra_session,test,pca_32,nn_erm,3,3,"[0.0008576273685321212, 0.06045495346188545, 0.025347229093313217, 0.9133402109146118]"
A09,session2,intra_session,test,pca_32,nn_erm,0,2,"[0.3314361572265625, 0.0010193942580372095, 0.6657341122627258, 0.0018102922476828098]"
A09,session2,intra_session,test,pca_32,nn_erm,1,3,"[0.0003924029879271984, 0.012611922807991505, 0.004364343825727701, 0.982631266117096]"
A09,session2,intra_session,test,pca_32,nn_erm,2,2,"[0.0018996030557900667, 0.005764107685536146, 0.8912848234176636, 0.10105139017105103]"
A09,session2,intra_session,test,pca_32,nn_erm,1,3,"[0.00013425892393570393, 0.02988756075501442, 0.0032967792358249426, 0.9666814208030701]"
A09,session2,intra_session,test,pca_32,nn_erm,0,0,"[0.9736618399620056, 0.008973783813416958, 0.013708608224987984, 0.0036557631101459265]"
A09,session2,intra_session,test,pca_32,nn_erm,3,3,"[2.662144504839148e-09, 0.00012870339560322464, 2.8486518203862943e-05, 0.9998427629470825]"
A09,session2,intra_session,test,pca_32,nn_erm,0,1,"[0.4907797574996948, 0.5067609548568726, 0.0005856294883415103, 0.00187365070451051]"
A09,session2,intra_session,test,pca_32,nn_erm,3,3,"[1.0532692158449208e-06, 2.2751546566723846e-06, 0.00022740138228982687, 0.9997692704200745]"
A09,session2,intra_session,test,pca_32,nn_erm,0,0,"[0.734142541885376, 0.2639026939868927, 0.0016684203874319792, 0.0002863760746549815]"
A09,session2,intra_session,test,pca_32,nn_erm,0,2,"[0.15698987245559692, 0.13240893185138702, 0.45244893431663513, 0.25815218687057495]"
A09,session2,intra_session,test,pca_32,nn_erm,0,2,"[0.026919469237327576, 0.2275518923997879, 0.4137193262577057, 0.33180925250053406]"
A09,session2,intra_session,test,pca_32,nn_erm,0,1,"[0.014706270769238472, 0.6013032793998718, 0.27004918456077576, 0.11394119262695312]"
A09,session2,intra_session,test,pca_32,nn_erm,2,2,"[0.00011397362686693668, 0.021454745903611183, 0.9726245999336243, 0.005806660279631615]"
A09,session2,intra_session,test,pca_32,nn_erm,2,3,"[0.0263983067125082, 0.03271445259451866, 0.035547345876693726, 0.9053398966789246]"
A09,session2,intra_session,test,pca_32,nn_erm,3,3,"[1.1510156582517084e-05, 0.07085148990154266, 0.005296293180435896, 0.9238406419754028]"
A09,session2,intra_session,test,pca_32,nn_erm,1,1,"[0.18325595557689667, 0.7133408784866333, 0.07250414043664932, 0.030898980796337128]"
A09,session2,intra_session,test,pca_32,nn_erm,2,2,"[8.328613148478325e-06, 0.01433514803647995, 0.9739834666252136, 0.01167306862771511]"
A09,session2,intra_session,test,pca_32,nn_erm,2,2,"[0.010189409367740154, 0.07519257813692093, 0.6426520943641663, 0.2719659209251404]"
A09,session2,intra_session,test,pca_32,nn_erm,2,2,"[0.0001302086893701926, 0.400458425283432, 0.5689812898635864, 0.03043007105588913]"
A09,session2,intra_session,test,pca_32,nn_erm,3,2,"[0.0001230911148013547, 0.18927665054798126, 0.4870050251483917, 0.323595255613327]"
A09,session2,intra_session,test,pca_32,nn_erm,2,3,"[4.450196138350293e-05, 0.3287338614463806, 0.24146553874015808, 0.4297561049461365]"
A09,session2,intra_session,test,pca_32,nn_erm,0,2,"[0.00043581737554632127, 0.14609506726264954, 0.8505702018737793, 0.002898957347497344]"
A09,session2,intra_session,test,pca_32,nn_erm,2,1,"[0.21267534792423248, 0.7820757627487183, 0.005127036478370428, 0.00012185323430458084]"
